  0
SECTION
  2
HEADER
  9
$ACADVER
  1
AC1024
  9
$ACADMAINTVER
 70
6
  9
$DWGCODEPAGE
  3
ANSI_1252
  9
$LASTSAVEDBY
  1
ezdxf
  9
$INSBASE
 10
0.0
 20
0.0
 30
0.0
  9
$EXTMIN
 10
1e+20
 20
1e+20
 30
1e+20
  9
$EXTMAX
 10
-1e+20
 20
-1e+20
 30
-1e+20
  9
$LIMMIN
 10
0.0
 20
0.0
  9
$LIMMAX
 10
420.0
 20
297.0
  9
$ORTHOMODE
 70
0
  9
$REGENMODE
 70
1
  9
$FILLMODE
 70
1
  9
$QTEXTMODE
 70
0
  9
$MIRRTEXT
 70
1
  9
$LTSCALE
 40
1.0
  9
$ATTMODE
 70
1
  9
$TEXTSIZE
 40
2.5
  9
$TRACEWID
 40
1.0
  9
$TEXTSTYLE
  7
Standard
  9
$CLAYER
  8
0
  9
$CELTYPE
  6
ByLayer
  9
$CECOLOR
 62
256
  9
$CELTSCALE
 40
1.0
  9
$DISPSILH
 70
0
  9
$DIMSCALE
 40
1.0
  9
$DIMASZ
 40
2.5
  9
$DIMEXO
 40
0.625
  9
$DIMDLI
 40
3.75
  9
$DIMRND
 40
0.0
  9
$DIMDLE
 40
0.0
  9
$DIMEXE
 40
1.25
  9
$DIMTP
 40
0.0
  9
$DIMTM
 40
0.0
  9
$DIMTXT
 40
2.5
  9
$DIMCEN
 40
2.5
  9
$DIMTSZ
 40
0.0
  9
$DIMTOL
 70
0
  9
$DIMLIM
 70
0
  9
$DIMTIH
 70
0
  9
$DIMTOH
 70
0
  9
$DIMSE1
 70
0
  9
$DIMSE2
 70
0
  9
$DIMTAD
 70
1
  9
$DIMZIN
 70
8
  9
$DIMBLK
  1

  9
$DIMASO
 70
1
  9
$DIMSHO
 70
1
  9
$DIMPOST
  1

  9
$DIMAPOST
  1

  9
$DIMALT
 70
0
  9
$DIMALTD
 70
3
  9
$DIMALTF
 40
0.03937007874
  9
$DIMLFAC
 40
1.0
  9
$DIMTOFL
 70
1
  9
$DIMTVP
 40
0.0
  9
$DIMTIX
 70
0
  9
$DIMSOXD
 70
0
  9
$DIMSAH
 70
0
  9
$DIMBLK1
  1

  9
$DIMBLK2
  1

  9
$DIMSTYLE
  2
ISO-25
  9
$DIMCLRD
 70
0
  9
$DIMCLRE
 70
0
  9
$DIMCLRT
 70
0
  9
$DIMTFAC
 40
1.0
  9
$DIMGAP
 40
0.625
  9
$DIMJUST
 70
0
  9
$DIMSD1
 70
0
  9
$DIMSD2
 70
0
  9
$DIMTOLJ
 70
0
  9
$DIMTZIN
 70
8
  9
$DIMALTZ
 70
0
  9
$DIMALTTZ
 70
0
  9
$DIMUPT
 70
0
  9
$DIMDEC
 70
2
  9
$DIMTDEC
 70
2
  9
$DIMALTU
 70
2
  9
$DIMALTTD
 70
3
  9
$DIMTXSTY
  7
Standard
  9
$DIMAUNIT
 70
0
  9
$DIMADEC
 70
0
  9
$DIMALTRND
 40
0.0
  9
$DIMAZIN
 70
0
  9
$DIMDSEP
 70
44
  9
$DIMATFIT
 70
3
  9
$DIMFRAC
 70
0
  9
$DIMLDRBLK
  1

  9
$DIMLUNIT
 70
2
  9
$DIMLWD
 70
-2
  9
$DIMLWE
 70
-2
  9
$DIMTMOVE
 70
0
  9
$DIMFXL
 40
1.0
  9
$DIMFXLON
 70
0
  9
$DIMJOGANG
 40
0.785398163397
  9
$DIMTFILL
 70
0
  9
$DIMTFILLCLR
 70
0
  9
$DIMARCSYM
 70
0
  9
$DIMLTYPE
  6

  9
$DIMLTEX1
  6

  9
$DIMLTEX2
  6

  9
$DIMTXTDIRECTION
 70
0
  9
$LUNITS
 70
2
  9
$LUPREC
 70
4
  9
$SKETCHINC
 40
1.0
  9
$FILLETRAD
 40
10.0
  9
$AUNITS
 70
0
  9
$AUPREC
 70
2
  9
$MENU
  1
.
  9
$ELEVATION
 40
0.0
  9
$PELEVATION
 40
0.0
  9
$THICKNESS
 40
0.0
  9
$LIMCHECK
 70
0
  9
$CHAMFERA
 40
0.0
  9
$CHAMFERB
 40
0.0
  9
$CHAMFERC
 40
0.0
  9
$CHAMFERD
 40
0.0
  9
$SKPOLY
 70
0
  9
$TDCREATE
 40
2461322.466875
  9
$TDUCREATE
 40
2458532.153996898
  9
$TDUPDATE
 40
2461322.466886574
  9
$TDUUPDATE
 40
2458532.1544311
  9
$TDINDWG
 40
0.0
  9
$TDUSRTIMER
 40
0.0
  9
$USRTIMER
 70
1
  9
$ANGBASE
 50
0.0
  9
$ANGDIR
 70
0
  9
$PDMODE
 70
0
  9
$PDSIZE
 40
0.0
  9
$PLINEWID
 40
0.0
  9
$SPLFRAME
 70
0
  9
$SPLINETYPE
 70
6
  9
$SPLINESEGS
 70
8
  9
$HANDSEED
  5
66E
  9
$SURFTAB1
 70
6
  9
$SURFTAB2
 70
6
  9
$SURFTYPE
 70
6
  9
$SURFU
 70
6
  9
$SURFV
 70
6
  9
$UCSBASE
  2

  9
$UCSNAME
  2

  9
$UCSORG
 10
0.0
 20
0.0
 30
0.0
  9
$UCSXDIR
 10
1.0
 20
0.0
 30
0.0
  9
$UCSYDIR
 10
0.0
 20
1.0
 30
0.0
  9
$UCSORTHOREF
  2

  9
$UCSORTHOVIEW
 70
0
  9
$UCSORGTOP
 10
0.0
 20
0.0
 30
0.0
  9
$UCSORGBOTTOM
 10
0.0
 20
0.0
 30
0.0
  9
$UCSORGLEFT
 10
0.0
 20
0.0
 30
0.0
  9
$UCSORGRIGHT
 10
0.0
 20
0.0
 30
0.0
  9
$UCSORGFRONT
 10
0.0
 20
0.0
 30
0.0
  9
$UCSORGBACK
 10
0.0
 20
0.0
 30
0.0
  9
$PUCSBASE
  2

  9
$PUCSNAME
  2

  9
$PUCSORG
 10
0.0
 20
0.0
 30
0.0
  9
$PUCSXDIR
 10
1.0
 20
0.0
 30
0.0
  9
$PUCSYDIR
 10
0.0
 20
1.0
 30
0.0
  9
$PUCSORTHOREF
  2

  9
$PUCSORTHOVIEW
 70
0
  9
$PUCSORGTOP
 10
0.0
 20
0.0
 30
0.0
  9
$PUCSORGBOTTOM
 10
0.0
 20
0.0
 30
0.0
  9
$PUCSORGLEFT
 10
0.0
 20
0.0
 30
0.0
  9
$PUCSORGRIGHT
 10
0.0
 20
0.0
 30
0.0
  9
$PUCSORGFRONT
 10
0.0
 20
0.0
 30
0.0
  9
$PUCSORGBACK
 10
0.0
 20
0.0
 30
0.0
  9
$USERI1
 70
0
  9
$USERI2
 70
0
  9
$USERI3
 70
0
  9
$USERI4
 70
0
  9
$USERI5
 70
0
  9
$USERR1
 40
0.0
  9
$USERR2
 40
0.0
  9
$USERR3
 40
0.0
  9
$USERR4
 40
0.0
  9
$USERR5
 40
0.0
  9
$WORLDVIEW
 70
1
  9
$SHADEDGE
 70
3
  9
$SHADEDIF
 70
70
  9
$TILEMODE
 70
1
  9
$MAXACTVP
 70
64
  9
$PINSBASE
 10
0.0
 20
0.0
 30
0.0
  9
$PLIMCHECK
 70
0
  9
$PEXTMIN
 10
1e+20
 20
1e+20
 30
1e+20
  9
$PEXTMAX
 10
-1e+20
 20
-1e+20
 30
-1e+20
  9
$PLIMMIN
 10
0.0
 20
0.0
  9
$PLIMMAX
 10
420.0
 20
297.0
  9
$UNITMODE
 70
0
  9
$VISRETAIN
 70
1
  9
$PLINEGEN
 70
0
  9
$PSLTSCALE
 70
1
  9
$TREEDEPTH
 70
3020
  9
$CMLSTYLE
  2
Standard
  9
$CMLJUST
 70
0
  9
$CMLSCALE
 40
20.0
  9
$PROXYGRAPHICS
 70
1
  9
$MEASUREMENT
 70
1
  9
$CELWEIGHT
370
-1
  9
$ENDCAPS
280
0
  9
$JOINSTYLE
280
0
  9
$LWDISPLAY
290
0
  9
$INSUNITS
 70
4
  9
$HYPERLINKBASE
  1

  9
$STYLESHEET
  1

  9
$XEDIT
290
1
  9
$CEPSNTYPE
380
0
  9
$PSTYLEMODE
290
1
  9
$FINGERPRINTGUID
  2
{DB214EE3-BC88-4BA0-999F-3AAC596CCDC8}
  9
$VERSIONGUID
  2
{082009E6-4401-48B2-8422-5CACA6E5F696}
  9
$EXTNAMES
290
1
  9
$PSVPSCALE
 40
0.0
  9
$OLESTARTUP
290
0
  9
$SORTENTS
280
127
  9
$INDEXCTL
280
0
  9
$HIDETEXT
280
1
  9
$XCLIPFRAME
280
1
  9
$HALOGAP
280
0
  9
$OBSCOLOR
 70
257
  9
$OBSLTYPE
280
0
  9
$INTERSECTIONDISPLAY
280
0
  9
$INTERSECTIONCOLOR
 70
257
  9
$DIMASSOC
280
2
  9
$PROJECTNAME
  1

  9
$CAMERADISPLAY
290
0
  9
$LENSLENGTH
 40
50.0
  9
$CAMERAHEIGHT
 40
0.0
  9
$STEPSPERSEC
 40
24.0
  9
$STEPSIZE
 40
100.0
  9
$3DDWFPREC
 40
2.0
  9
$PSOLWIDTH
 40
0.005
  9
$PSOLHEIGHT
 40
0.08
  9
$LOFTANG1
 40
1.570796326795
  9
$LOFTANG2
 40
1.570796326795
  9
$LOFTMAG1
 40
0.0
  9
$LOFTMAG2
 40
0.0
  9
$LOFTPARAM
 70
7
  9
$LOFTNORMALS
280
1
  9
$LATITUDE
 40
37.795
  9
$LONGITUDE
 40
-122.394
  9
$NORTHDIRECTION
 40
0.0
  9
$TIMEZONE
 70
-8000
  9
$LIGHTGLYPHDISPLAY
280
1
  9
$TILEMODELIGHTSYNCH
280
1
  9
$CMATERIAL
347
20
  9
$SOLIDHIST
280
0
  9
$SHOWHIST
280
1
  9
$DWFFRAME
280
2
  9
$DGNFRAME
280
2
  9
$REALWORLDSCALE
290
1
  9
$INTERFERECOLOR
 62
256
  9
$CSHADOW
280
0
  9
$SHADOWPLANELOCATION
 40
0.0
  0
ENDSEC
  0
SECTION
  2
CLASSES
  0
CLASS
  1
ACDBDICTIONARYWDFLT
  2
AcDbDictionaryWithDefault
  3
ObjectDBX Classes
 90
0
 91
0
280
0
281
0
  0
CLASS
  1
SUN
  2
AcDbSun
  3
SCENEOE
 90
1153
 91
0
280
0
281
0
  0
CLASS
  1
VISUALSTYLE
  2
AcDbVisualStyle
  3
ObjectDBX Classes
 90
4095
 91
0
280
0
281
0
  0
CLASS
  1
MATERIAL
  2
AcDbMaterial
  3
ObjectDBX Classes
 90
1153
 91
0
280
0
281
0
  0
CLASS
  1
SCALE
  2
AcDbScale
  3
ObjectDBX Classes
 90
1153
 91
0
280
0
281
0
  0
CLASS
  1
TABLESTYLE
  2
AcDbTableStyle
  3
ObjectDBX Classes
 90
4095
 91
0
280
0
281
0
  0
CLASS
  1
MLEADERSTYLE
  2
AcDbMLeaderStyle
  3
ACDB_MLEADERSTYLE_CLASS
 90
4095
 91
0
280
0
281
0
  0
CLASS
  1
DICTIONARYVAR
  2
AcDbDictionaryVar
  3
ObjectDBX Classes
 90
0
 91
0
280
0
281
0
  0
CLASS
  1
CELLSTYLEMAP
  2
AcDbCellStyleMap
  3
ObjectDBX Classes
 90
1152
 91
0
280
0
281
0
  0
CLASS
  1
MENTALRAYRENDERSETTINGS
  2
AcDbMentalRayRenderSettings
  3
SCENEOE
 90
1024
 91
0
280
0
281
0
  0
CLASS
  1
ACDBDETAILVIEWSTYLE
  2
AcDbDetailViewStyle
  3
ObjectDBX Classes
 90
1025
 91
0
280
0
281
0
  0
CLASS
  1
ACDBSECTIONVIEWSTYLE
  2
AcDbSectionViewStyle
  3
ObjectDBX Classes
 90
1025
 91
0
280
0
281
0
  0
CLASS
  1
RASTERVARIABLES
  2
AcDbRasterVariables
  3
ISM
 90
0
 91
0
280
0
281
0
  0
CLASS
  1
LAYOUT
  2
AcDbLayout
  3
ObjectDBX Classes
 90
0
 91
0
280
0
281
0
  0
CLASS
  1
ACDBPLACEHOLDER
  2
AcDbPlaceHolder
  3
ObjectDBX Classes
 90
0
 91
0
280
0
281
0
  0
ENDSEC
  0
SECTION
  2
TABLES
  0
TABLE
  2
VPORT
  5
8
330
0
100
AcDbSymbolTable
 70
1
  0
VPORT
  5
23
330
8
100
AcDbSymbolTableRecord
100
AcDbViewportTableRecord
  2
*Active
 70
0
 10
0.0
 20
0.0
 11
1.0
 21
1.0
 12
0.0
 22
0.0
 13
0.0
 23
0.0
 14
0.5
 24
0.5
 15
0.5
 25
0.5
 16
0.0
 26
0.0
 36
1.0
 17
0.0
 27
0.0
 37
0.0
 40
1000.0
 41
1.34
 42
50.0
 43
0.0
 44
0.0
 50
0.0
 51
0.0
 71
0
 72
1000
 73
1
 74
3
 75
0
 76
0
 77
0
 78
0
281
0
 65
0
146
0.0
  0
ENDTAB
  0
TABLE
  2
LTYPE
  5
2
330
0
100
AcDbSymbolTable
 70
3
  0
LTYPE
  5
24
330
2
100
AcDbSymbolTableRecord
100
AcDbLinetypeTableRecord
  2
ByBlock
 70
0
  3

 72
65
 73
0
 40
0.0
  0
LTYPE
  5
25
330
2
100
AcDbSymbolTableRecord
100
AcDbLinetypeTableRecord
  2
ByLayer
 70
0
  3

 72
65
 73
0
 40
0.0
  0
LTYPE
  5
26
330
2
100
AcDbSymbolTableRecord
100
AcDbLinetypeTableRecord
  2
Continuous
 70
0
  3

 72
65
 73
0
 40
0.0
  0
ENDTAB
  0
TABLE
  2
LAYER
  5
1
330
0
100
AcDbSymbolTable
 70
7
  0
LAYER
  5
27
330
1
100
AcDbSymbolTableRecord
100
AcDbLayerTableRecord
  2
0
 70
0
 62
7
  6
Continuous
370
-3
390
13
347
21
  0
LAYER
  5
28
330
1
100
AcDbSymbolTableRecord
100
AcDbLayerTableRecord
  2
Defpoints
 70
0
 62
7
  6
Continuous
290
0
370
-3
390
13
347
21
  0
LAYER
  5
2F
330
1
100
AcDbSymbolTableRecord
100
AcDbLayerTableRecord
  2
LOWER
 70
0
 62
4
  6
Continuous
370
-3
390
13
347
21
  0
LAYER
  5
30
330
1
100
AcDbSymbolTableRecord
100
AcDbLayerTableRecord
  2
MIDDLE
 70
0
 62
30
  6
Continuous
370
-3
390
13
347
21
  0
LAYER
  5
31
330
1
100
AcDbSymbolTableRecord
100
AcDbLayerTableRecord
  2
UPPER
 70
0
 62
3
  6
Continuous
370
-3
390
13
347
21
  0
LAYER
  5
32
330
1
100
AcDbSymbolTableRecord
100
AcDbLayerTableRecord
  2
FLOOR
 70
0
 62
8
  6
Continuous
370
-3
390
13
347
21
  0
LAYER
  5
33
330
1
100
AcDbSymbolTableRecord
100
AcDbLayerTableRecord
  2
CVS2_GUIDES
 70
0
 62
2
  6
Continuous
370
-3
390
13
347
21
  0
ENDTAB
  0
TABLE
  2
STYLE
  5
5
330
0
100
AcDbSymbolTable
 70
1
  0
STYLE
  5
29
330
5
100
AcDbSymbolTableRecord
100
AcDbTextStyleTableRecord
  2
Standard
 70
0
 40
0.0
 41
1.0
 50
0.0
 71
0
 42
2.5
  3
txt
  4

  0
ENDTAB
  0
TABLE
  2
VIEW
  5
7
330
0
100
AcDbSymbolTable
 70
0
  0
ENDTAB
  0
TABLE
  2
UCS
  5
6
330
0
100
AcDbSymbolTable
 70
0
  0
ENDTAB
  0
TABLE
  2
APPID
  5
3
330
0
100
AcDbSymbolTable
 70
3
  0
APPID
  5
2A
330
3
100
AcDbSymbolTableRecord
100
AcDbRegAppTableRecord
  2
ACAD
 70
0
  0
APPID
  5
66B
330
3
100
AcDbSymbolTableRecord
100
AcDbRegAppTableRecord
  2
HATCHBACKGROUNDCOLOR
 70
0
  0
APPID
  5
66C
330
3
100
AcDbSymbolTableRecord
100
AcDbRegAppTableRecord
  2
EZDXF
 70
0
  0
ENDTAB
  0
TABLE
  2
DIMSTYLE
  5
4
330
0
100
AcDbSymbolTable
 70
1
100
AcDbDimStyleTable
  0
DIMSTYLE
105
2B
330
4
100
AcDbSymbolTableRecord
100
AcDbDimStyleTableRecord
  2
Standard
 70
0
 40
1.0
 41
2.5
 42
0.625
 43
3.75
 44
1.25
 45
0.0
 46
0.0
 47
0.0
 48
0.0
 49
2.5
140
2.5
141
2.5
142
0.0
143
0.03937007874
144
1.0
145
0.0
146
1.0
147
0.625
148
0.0
 69
0
 70
0
 71
0
 72
0
 73
0
 74
0
 75
0
 76
0
 77
1
 78
8
 79
3
170
0
171
3
172
1
173
0
174
0
175
0
176
0
177
0
178
0
179
2
271
2
272
2
273
2
274
3
275
0
276
0
277
2
278
44
279
0
280
0
281
0
282
0
283
0
284
8
285
0
286
0
288
0
289
3
290
0
371
-2
372
-2
  0
ENDTAB
  0
TABLE
  2
BLOCK_RECORD
  5
9
330
0
100
AcDbSymbolTable
 70
2
  0
BLOCK_RECORD
  5
17
330
9
100
AcDbSymbolTableRecord
100
AcDbBlockTableRecord
  2
*Model_Space
340
1A
 70
0
280
1
281
0
  0
BLOCK_RECORD
  5
1B
330
9
100
AcDbSymbolTableRecord
100
AcDbBlockTableRecord
  2
*Paper_Space
340
1E
 70
0
280
1
281
0
  0
ENDTAB
  0
ENDSEC
  0
SECTION
  2
BLOCKS
  0
BLOCK
  5
18
330
17
100
AcDbEntity
  8
0
100
AcDbBlockBegin
  2
*Model_Space
 70
0
 10
0.0
 20
0.0
 30
0.0
  3
*Model_Space
  1

  0
ENDBLK
  5
19
330
17
100
AcDbEntity
  8
0
100
AcDbBlockEnd
  0
BLOCK
  5
1C
330
1B
100
AcDbEntity
  8
0
100
AcDbBlockBegin
  2
*Paper_Space
 70
0
 10
0.0
 20
0.0
 30
0.0
  3
*Paper_Space
  1

  0
ENDBLK
  5
1D
330
1B
100
AcDbEntity
  8
0
100
AcDbBlockEnd
  0
ENDSEC
  0
SECTION
  2
ENTITIES
  0
LINE
  5
34
330
17
100
AcDbEntity
  8
LOWER
100
AcDbLine
 10
298673.76207875076
 20
34000.0
 30
350.0
 11
299320.1629383779
 21
34029.90918791776
 31
350.0
  0
LINE
  5
35
330
17
100
AcDbEntity
  8
LOWER
100
AcDbLine
 10
299320.1629383779
 20
34029.90918791776
 30
350.0
 11
299961.0399909248
 21
34119.381163236205
 31
350.0
  0
LINE
  5
36
330
17
100
AcDbEntity
  8
LOWER
100
AcDbLine
 10
299961.0399909248
 20
34119.381163236205
 30
350.0
 11
300590.9166329067
 21
34267.65134477729
 31
350.0
  0
LINE
  5
37
330
17
100
AcDbEntity
  8
LOWER
100
AcDbLine
 10
300590.9166329067
 20
34267.65134477729
 30
350.0
 11
301204.41026465216
 21
34473.45269233464
 31
350.0
  0
LINE
  5
38
330
17
100
AcDbEntity
  8
LOWER
100
AcDbLine
 10
301204.41026465216
 20
34473.45269233464
 30
350.0
 11
301796.27828721306
 21
34735.02653414316
 31
350.0
  0
LINE
  5
39
330
17
100
AcDbEntity
  8
LOWER
100
AcDbLine
 10
301796.27828721306
 20
34735.02653414316
 30
350.0
 11
302361.46290290105
 21
35050.13759557743
 31
350.0
  0
LINE
  5
3A
330
17
100
AcDbEntity
  8
LOWER
100
AcDbLine
 10
302361.46290290105
 20
35050.13759557743
 30
350.0
 11
302895.1343366079
 21
35416.093100651306
 31
350.0
  0
LINE
  5
3B
330
17
100
AcDbEntity
  8
LOWER
100
AcDbLine
 10
302895.1343366079
 20
35416.093100651306
 30
350.0
 11
303392.732108563
 21
35829.76578308744
 31
350.0
  0
LINE
  5
3C
330
17
100
AcDbEntity
  8
LOWER
100
AcDbLine
 10
303392.732108563
 20
35829.76578308744
 30
350.0
 11
303850.0040058325
 21
36287.62061031572
 31
350.0
  0
LINE
  5
3D
330
17
100
AcDbEntity
  8
LOWER
100
AcDbLine
 10
303850.0040058325
 20
36287.62061031572
 30
350.0
 11
304263.0424195291
 21
36785.74499203136
 31
350.0
  0
LINE
  5
3E
330
17
100
AcDbEntity
  8
LOWER
100
AcDbLine
 10
304263.0424195291
 20
36785.74499203136
 30
350.0
 11
304628.317737215
 21
37319.882215166064
 31
350.0
  0
LINE
  5
3F
330
17
100
AcDbEntity
  8
LOWER
100
AcDbLine
 10
304628.317737215
 20
37319.882215166064
 30
350.0
 11
304942.70850514213
 21
37885.46781955394
 31
350.0
  0
LINE
  5
40
330
17
100
AcDbEntity
  8
LOWER
100
AcDbLine
 10
304942.70850514213
 20
37885.46781955394
 30
350.0
 11
305203.5281025798
 21
38477.66860344491
 31
350.0
  0
LINE
  5
41
330
17
100
AcDbEntity
  8
LOWER
100
AcDbLine
 10
305203.5281025798
 20
38477.66860344491
 30
350.0
 11
305408.5477002844
 21
39091.42392554458
 31
350.0
  0
LINE
  5
42
330
17
100
AcDbEntity
  8
LOWER
100
AcDbLine
 10
305408.5477002844
 20
39091.42392554458
 30
350.0
 11
305556.0153069203
 21
39721.4889506346
 31
350.0
  0
LINE
  5
43
330
17
100
AcDbEntity
  8
LOWER
100
AcDbLine
 10
305556.0153069203
 20
39721.4889506346
 30
350.0
 11
305644.6707406709
 21
40362.479469219026
 31
350.0
  0
LINE
  5
44
330
17
100
AcDbEntity
  8
LOWER
100
AcDbLine
 10
305644.6707406709
 20
40362.479469219026
 30
350.0
 11
305673.75639809936
 21
41008.91790819103
 31
350.0
  0
LINE
  5
45
330
17
100
AcDbEntity
  8
LOWER
100
AcDbLine
 10
305673.75639809936
 20
41008.91790819103
 30
350.0
 11
305643.0237282364
 21
41655.28013933678
 31
350.0
  0
LINE
  5
46
330
17
100
AcDbEntity
  8
LOWER
100
AcDbLine
 10
305643.0237282364
 20
41655.28013933678
 30
350.0
 11
305552.73535656685
 21
42296.042685675035
 31
350.0
  0
LINE
  5
47
330
17
100
AcDbEntity
  8
LOWER
100
AcDbLine
 10
305552.73535656685
 20
42296.042685675035
 30
350.0
 11
305403.6628407695
 21
42925.72992223178
 31
350.0
  0
LINE
  5
48
330
17
100
AcDbEntity
  8
LOWER
100
AcDbLine
 10
305403.6628407695
 20
42925.72992223178
 30
350.0
 11
305197.08007738396
 21
43538.960867896276
 31
350.0
  0
LINE
  5
49
330
17
100
AcDbEntity
  8
LOWER
100
AcDbLine
 10
305197.08007738396
 20
43538.960867896276
 30
350.0
 11
304934.7524157502
 21
44130.49516849971
 31
350.0
  0
LINE
  5
4A
330
17
100
AcDbEntity
  8
LOWER
100
AcDbLine
 10
304934.7524157502
 20
44130.49516849971
 30
350.0
 11
304672.01610083936
 21
44655.96779832132
 31
350.0
  0
LINE
  5
4B
330
17
100
AcDbEntity
  8
LOWER
100
AcDbLine
 10
304672.01610083936
 20
44655.96779832132
 30
350.0
 11
304409.27978592855
 21
45181.440428142945
 31
350.0
  0
LINE
  5
4C
330
17
100
AcDbEntity
  8
LOWER
100
AcDbLine
 10
304409.27978592855
 20
45181.440428142945
 30
350.0
 11
304146.54347101774
 21
45706.91305796456
 31
350.0
  0
LINE
  5
4D
330
17
100
AcDbEntity
  8
LOWER
100
AcDbLine
 10
304146.54347101774
 20
45706.91305796456
 30
350.0
 11
303883.8071561069
 21
46232.38568778617
 31
350.0
  0
LINE
  5
4E
330
17
100
AcDbEntity
  8
LOWER
100
AcDbLine
 10
303883.8071561069
 20
46232.38568778617
 30
350.0
 11
303621.0708411961
 21
46757.85831760778
 31
350.0
  0
LINE
  5
4F
330
17
100
AcDbEntity
  8
LOWER
100
AcDbLine
 10
303621.0708411961
 20
46757.85831760778
 30
350.0
 11
303358.3345262853
 21
47283.33094742941
 31
350.0
  0
LINE
  5
50
330
17
100
AcDbEntity
  8
LOWER
100
AcDbLine
 10
303358.3345262853
 20
47283.33094742941
 30
350.0
 11
303095.59821137454
 21
47808.80357725103
 31
350.0
  0
LINE
  5
51
330
17
100
AcDbEntity
  8
LOWER
100
AcDbLine
 10
303095.59821137454
 20
47808.80357725103
 30
350.0
 11
302838.7202997927
 21
48369.86116765348
 31
350.0
  0
LINE
  5
52
330
17
100
AcDbEntity
  8
LOWER
100
AcDbLine
 10
302838.7202997927
 20
48369.86116765348
 30
350.0
 11
302620.89135614556
 21
48947.201996381555
 31
350.0
  0
LINE
  5
53
330
17
100
AcDbEntity
  8
LOWER
100
AcDbLine
 10
302620.89135614556
 20
48947.201996381555
 30
350.0
 11
302443.13536977454
 21
49538.11204919509
 31
350.0
  0
LINE
  5
54
330
17
100
AcDbEntity
  8
LOWER
100
AcDbLine
 10
302443.13536977454
 20
49538.11204919509
 30
350.0
 11
302306.28795156017
 21
50139.81352445912
 31
350.0
  0
LINE
  5
55
330
17
100
AcDbEntity
  8
LOWER
100
AcDbLine
 10
302306.28795156017
 20
50139.81352445912
 30
350.0
 11
302210.9924058095
 21
50749.47789127657
 31
350.0
  0
LINE
  5
56
330
17
100
AcDbEntity
  8
LOWER
100
AcDbLine
 10
302210.9924058095
 20
50749.47789127657
 30
350.0
 11
302157.696706155
 21
51364.239186093655
 31
350.0
  0
LINE
  5
57
330
17
100
AcDbEntity
  8
LOWER
100
AcDbLine
 10
302157.696706155
 20
51364.239186093655
 30
350.0
 11
302146.65138968086
 21
51981.20748527184
 31
350.0
  0
LINE
  5
58
330
17
100
AcDbEntity
  8
LOWER
100
AcDbLine
 10
302146.65138968086
 20
51981.20748527184
 30
350.0
 11
302177.9083791763
 21
52597.482490293565
 31
350.0
  0
LINE
  5
59
330
17
100
AcDbEntity
  8
LOWER
100
AcDbLine
 10
302177.9083791763
 20
52597.482490293565
 30
350.0
 11
302251.3207390525
 21
53210.16716173903
 31
350.0
  0
LINE
  5
5A
330
17
100
AcDbEntity
  8
LOWER
100
AcDbLine
 10
302251.3207390525
 20
53210.16716173903
 30
350.0
 11
302366.54336607043
 21
53816.3813379424
 31
350.0
  0
LINE
  5
5B
330
17
100
AcDbEntity
  8
LOWER
100
AcDbLine
 10
302366.54336607043
 20
53816.3813379424
 30
350.0
 11
302523.0346116318
 21
54413.275274307554
 31
350.0
  0
LINE
  5
5C
330
17
100
AcDbEntity
  8
LOWER
100
AcDbLine
 10
302523.0346116318
 20
54413.275274307554
 30
350.0
 11
302720.0588280088
 21
54998.043039636555
 31
350.0
  0
LINE
  5
5D
330
17
100
AcDbEntity
  8
LOWER
100
AcDbLine
 10
302720.0588280088
 20
54998.043039636555
 30
350.0
 11
302956.6898265407
 21
55567.93570649641
 31
350.0
  0
LINE
  5
5E
330
17
100
AcDbEntity
  8
LOWER
100
AcDbLine
 10
302956.6898265407
 20
55567.93570649641
 30
350.0
 11
303231.8152315428
 21
56120.27427361741
 31
350.0
  0
LINE
  5
5F
330
17
100
AcDbEntity
  8
LOWER
100
AcDbLine
 10
303231.8152315428
 20
56120.27427361741
 30
350.0
 11
303533.456625646
 21
56677.15069350016
 31
350.0
  0
LINE
  5
60
330
17
100
AcDbEntity
  8
LOWER
100
AcDbLine
 10
303533.456625646
 20
56677.15069350016
 30
350.0
 11
303835.09801974904
 21
57234.0271133829
 31
350.0
  0
LINE
  5
61
330
17
100
AcDbEntity
  8
LOWER
100
AcDbLine
 10
303835.09801974904
 20
57234.0271133829
 30
350.0
 11
304136.7394138522
 21
57790.90353326565
 31
350.0
  0
LINE
  5
62
330
17
100
AcDbEntity
  8
LOWER
100
AcDbLine
 10
304136.7394138522
 20
57790.90353326565
 30
350.0
 11
304438.38080795534
 21
58347.77995314839
 31
350.0
  0
LINE
  5
63
330
17
100
AcDbEntity
  8
LOWER
100
AcDbLine
 10
304438.38080795534
 20
58347.77995314839
 30
350.0
 11
304740.0222020585
 21
58904.65637303114
 31
350.0
  0
LINE
  5
64
330
17
100
AcDbEntity
  8
LOWER
100
AcDbLine
 10
304740.0222020585
 20
58904.65637303114
 30
350.0
 11
305041.6635961617
 21
59461.53279291388
 31
350.0
  0
LINE
  5
65
330
17
100
AcDbEntity
  8
LOWER
100
AcDbLine
 10
305041.6635961617
 20
59461.53279291388
 30
350.0
 11
305343.3049902649
 21
60018.40921279663
 31
350.0
  0
LINE
  5
66
330
17
100
AcDbEntity
  8
LOWER
100
AcDbLine
 10
305343.3049902649
 20
60018.40921279663
 30
350.0
 11
305644.946384368
 21
60575.28563267938
 31
350.0
  0
LINE
  5
67
330
17
100
AcDbEntity
  8
LOWER
100
AcDbLine
 10
305644.946384368
 20
60575.28563267938
 30
350.0
 11
305946.5877784712
 21
61132.16205256212
 31
350.0
  0
LINE
  5
68
330
17
100
AcDbEntity
  8
LOWER
100
AcDbLine
 10
305946.5877784712
 20
61132.16205256212
 30
350.0
 11
306248.2291725743
 21
61689.03847244487
 31
350.0
  0
LINE
  5
69
330
17
100
AcDbEntity
  8
LOWER
100
AcDbLine
 10
306248.2291725743
 20
61689.03847244487
 30
350.0
 11
306549.8705666774
 21
62245.91489232761
 31
350.0
  0
LINE
  5
6A
330
17
100
AcDbEntity
  8
LOWER
100
AcDbLine
 10
306549.8705666774
 20
62245.91489232761
 30
350.0
 11
306851.5119607806
 21
62802.79131221035
 31
350.0
  0
LINE
  5
6B
330
17
100
AcDbEntity
  8
LOWER
100
AcDbLine
 10
306851.5119607806
 20
62802.79131221035
 30
350.0
 11
307153.1533548838
 21
63359.66773209309
 31
350.0
  0
LINE
  5
6C
330
17
100
AcDbEntity
  8
LOWER
100
AcDbLine
 10
307153.1533548838
 20
63359.66773209309
 30
350.0
 11
307454.7947489869
 21
63916.54415197584
 31
350.0
  0
LINE
  5
6D
330
17
100
AcDbEntity
  8
LOWER
100
AcDbLine
 10
307454.7947489869
 20
63916.54415197584
 30
350.0
 11
307737.6909191432
 21
64492.908091691956
 31
350.0
  0
LINE
  5
6E
330
17
100
AcDbEntity
  8
LOWER
100
AcDbLine
 10
307737.6909191432
 20
64492.908091691956
 30
350.0
 11
307973.456611787
 21
65090.10167192069
 31
350.0
  0
LINE
  5
6F
330
17
100
AcDbEntity
  8
LOWER
100
AcDbLine
 10
307973.456611787
 20
65090.10167192069
 30
350.0
 11
308160.57325407217
 21
65704.27835356379
 31
350.0
  0
LINE
  5
70
330
17
100
AcDbEntity
  8
LOWER
100
AcDbLine
 10
308160.57325407217
 20
65704.27835356379
 30
350.0
 11
308297.8356229282
 21
66331.48220893317
 31
350.0
  0
LINE
  5
71
330
17
100
AcDbEntity
  8
LOWER
100
AcDbLine
 10
308297.8356229282
 20
66331.48220893317
 30
350.0
 11
308384.3596079326
 21
66967.6734019822
 31
350.0
  0
LINE
  5
72
330
17
100
AcDbEntity
  8
LOWER
100
AcDbLine
 10
308384.3596079326
 20
66967.6734019822
 30
350.0
 11
308419.5879058888
 21
67608.75420899276
 31
350.0
  0
LINE
  5
73
330
17
100
AcDbEntity
  8
LOWER
100
AcDbLine
 10
308419.5879058888
 20
67608.75420899276
 30
350.0
 11
308403.2936104302
 21
68250.59541211835
 31
350.0
  0
LINE
  5
74
330
17
100
AcDbEntity
  8
LOWER
100
AcDbLine
 10
308403.2936104302
 20
68250.59541211835
 30
350.0
 11
308335.58167352976
 21
68889.06289578168
 31
350.0
  0
LINE
  5
75
330
17
100
AcDbEntity
  8
LOWER
100
AcDbLine
 10
308335.58167352976
 20
68889.06289578168
 30
350.0
 11
308216.888229502
 21
69520.04427461867
 31
350.0
  0
LINE
  5
76
330
17
100
AcDbEntity
  8
LOWER
100
AcDbLine
 10
308216.888229502
 20
69520.04427461867
 30
350.0
 11
308047.97778585047
 21
70139.47538145755
 31
350.0
  0
LINE
  5
77
330
17
100
AcDbEntity
  8
LOWER
100
AcDbLine
 10
308047.97778585047
 20
70139.47538145755
 30
350.0
 11
307829.9382990555
 21
70743.36644472343
 31
350.0
  0
LINE
  5
78
330
17
100
AcDbEntity
  8
LOWER
100
AcDbLine
 10
307829.9382990555
 20
70743.36644472343
 30
350.0
 11
307564.1741670187
 21
71327.82778665882
 31
350.0
  0
LINE
  5
79
330
17
100
AcDbEntity
  8
LOWER
100
AcDbLine
 10
307564.1741670187
 20
71327.82778665882
 30
350.0
 11
307252.3971833001
 21
71889.09487683741
 31
350.0
  0
LINE
  5
7A
330
17
100
AcDbEntity
  8
LOWER
100
AcDbLine
 10
307252.3971833001
 20
71889.09487683741
 30
350.0
 11
306896.61551141244
 21
72423.5525796007
 31
350.0
  0
LINE
  5
7B
330
17
100
AcDbEntity
  8
LOWER
100
AcDbLine
 10
306896.61551141244
 20
72423.5525796007
 30
350.0
 11
306499.1207501884
 21
72927.75843923903
 31
350.0
  0
LINE
  5
7C
330
17
100
AcDbEntity
  8
LOWER
100
AcDbLine
 10
306499.1207501884
 20
72927.75843923903
 30
350.0
 11
306062.4731735341
 21
73398.46485293671
 31
350.0
  0
LINE
  5
7D
330
17
100
AcDbEntity
  8
LOWER
100
AcDbLine
 10
306062.4731735341
 20
73398.46485293671
 30
350.0
 11
305589.48523963965
 21
73832.63998866471
 31
350.0
  0
LINE
  5
7E
330
17
100
AcDbEntity
  8
LOWER
100
AcDbLine
 10
305589.48523963965
 20
73832.63998866471
 30
350.0
 11
305083.20347586385
 21
74227.48731328813
 31
350.0
  0
LINE
  5
7F
330
17
100
AcDbEntity
  8
LOWER
100
AcDbLine
 10
305083.20347586385
 20
74227.48731328813
 30
350.0
 11
304546.88885597396
 21
74580.46360510755
 31
350.0
  0
LINE
  5
80
330
17
100
AcDbEntity
  8
LOWER
100
AcDbLine
 10
304546.88885597396
 20
74580.46360510755
 30
350.0
 11
303983.99579613033
 21
74889.2953348149
 31
350.0
  0
LINE
  5
81
330
17
100
AcDbEntity
  8
LOWER
100
AcDbLine
 10
303983.99579613033
 20
74889.2953348149
 30
350.0
 11
303398.1499049035
 21
75151.99330935384
 31
350.0
  0
LINE
  5
82
330
17
100
AcDbEntity
  8
LOWER
100
AcDbLine
 10
303398.1499049035
 20
75151.99330935384
 30
350.0
 11
302793.1246306372
 21
75366.86548436295
 31
350.0
  0
LINE
  5
83
330
17
100
AcDbEntity
  8
LOWER
100
AcDbLine
 10
302793.1246306372
 20
75366.86548436295
 30
350.0
 11
302172.8169565708
 21
75532.52786267672
 31
350.0
  0
LINE
  5
84
330
17
100
AcDbEntity
  8
LOWER
100
AcDbLine
 10
302172.8169565708
 20
75532.52786267672
 30
350.0
 11
301541.2223002712
 21
75647.91340868667
 31
350.0
  0
LINE
  5
85
330
17
100
AcDbEntity
  8
LOWER
100
AcDbLine
 10
301541.2223002712
 20
75647.91340868667
 30
350.0
 11
300902.408779046
 21
75712.27892114477
 31
350.0
  0
LINE
  5
86
330
17
100
AcDbEntity
  8
LOWER
100
AcDbLine
 10
300902.408779046
 20
75712.27892114477
 30
350.0
 11
300260.49100709596
 21
75725.20982014191
 31
350.0
  0
LINE
  5
87
330
17
100
AcDbEntity
  8
LOWER
100
AcDbLine
 10
300260.49100709596
 20
75725.20982014191
 30
350.0
 11
299615.716554803
 21
75712.31433109606
 31
350.0
  0
LINE
  5
88
330
17
100
AcDbEntity
  8
LOWER
100
AcDbLine
 10
299615.716554803
 20
75712.31433109606
 30
350.0
 11
298970.9421025102
 21
75699.41884205019
 31
350.0
  0
LINE
  5
89
330
17
100
AcDbEntity
  8
LOWER
100
AcDbLine
 10
298970.9421025102
 20
75699.41884205019
 30
350.0
 11
298326.16765021737
 21
75686.52335300435
 31
350.0
  0
LINE
  5
8A
330
17
100
AcDbEntity
  8
LOWER
100
AcDbLine
 10
298326.16765021737
 20
75686.52335300435
 30
350.0
 11
297681.39319792454
 21
75673.62786395849
 31
350.0
  0
LINE
  5
8B
330
17
100
AcDbEntity
  8
LOWER
100
AcDbLine
 10
297681.39319792454
 20
75673.62786395849
 30
350.0
 11
297036.6187456317
 21
75660.73237491262
 31
350.0
  0
LINE
  5
8C
330
17
100
AcDbEntity
  8
LOWER
100
AcDbLine
 10
297036.6187456317
 20
75660.73237491262
 30
350.0
 11
296391.8442933389
 21
75647.83688586677
 31
350.0
  0
LINE
  5
8D
330
17
100
AcDbEntity
  8
LOWER
100
AcDbLine
 10
296391.8442933389
 20
75647.83688586677
 30
350.0
 11
295747.069841046
 21
75634.94139682093
 31
350.0
  0
LINE
  5
8E
330
17
100
AcDbEntity
  8
LOWER
100
AcDbLine
 10
295747.069841046
 20
75634.94139682093
 30
350.0
 11
295102.2953887532
 21
75622.04590777506
 31
350.0
  0
LINE
  5
8F
330
17
100
AcDbEntity
  8
LOWER
100
AcDbLine
 10
295102.2953887532
 20
75622.04590777506
 30
350.0
 11
294457.5209364603
 21
75609.1504187292
 31
350.0
  0
LINE
  5
90
330
17
100
AcDbEntity
  8
LOWER
100
AcDbLine
 10
294457.5209364603
 20
75609.1504187292
 30
350.0
 11
293812.74648416747
 21
75596.25492968335
 31
350.0
  0
LINE
  5
91
330
17
100
AcDbEntity
  8
LOWER
100
AcDbLine
 10
293812.74648416747
 20
75596.25492968335
 30
350.0
 11
293167.97203187464
 21
75583.35944063749
 31
350.0
  0
LINE
  5
92
330
17
100
AcDbEntity
  8
LOWER
100
AcDbLine
 10
293167.97203187464
 20
75583.35944063749
 30
350.0
 11
292523.1975795818
 21
75570.46395159164
 31
350.0
  0
LINE
  5
93
330
17
100
AcDbEntity
  8
LOWER
100
AcDbLine
 10
292523.1975795818
 20
75570.46395159164
 30
350.0
 11
291878.4231272889
 21
75557.56846254578
 31
350.0
  0
LINE
  5
94
330
17
100
AcDbEntity
  8
LOWER
100
AcDbLine
 10
291878.4231272889
 20
75557.56846254578
 30
350.0
 11
291233.64867499605
 21
75544.67297349991
 31
350.0
  0
LINE
  5
95
330
17
100
AcDbEntity
  8
LOWER
100
AcDbLine
 10
291233.64867499605
 20
75544.67297349991
 30
350.0
 11
290588.8742227032
 21
75531.77748445407
 31
350.0
  0
LINE
  5
96
330
17
100
AcDbEntity
  8
LOWER
100
AcDbLine
 10
290588.8742227032
 20
75531.77748445407
 30
350.0
 11
289944.0997704104
 21
75518.88199540821
 31
350.0
  0
LINE
  5
97
330
17
100
AcDbEntity
  8
LOWER
100
AcDbLine
 10
289944.0997704104
 20
75518.88199540821
 30
350.0
 11
289299.32531811757
 21
75505.98650636234
 31
350.0
  0
LINE
  5
98
330
17
100
AcDbEntity
  8
LOWER
100
AcDbLine
 10
289299.32531811757
 20
75505.98650636234
 30
350.0
 11
288654.55086582474
 21
75493.09101731649
 31
350.0
  0
LINE
  5
99
330
17
100
AcDbEntity
  8
LOWER
100
AcDbLine
 10
288654.55086582474
 20
75493.09101731649
 30
350.0
 11
288009.77641353186
 21
75480.19552827065
 31
350.0
  0
LINE
  5
9A
330
17
100
AcDbEntity
  8
LOWER
100
AcDbLine
 10
288009.77641353186
 20
75480.19552827065
 30
350.0
 11
287365.001961239
 21
75467.30003922478
 31
350.0
  0
LINE
  5
9B
330
17
100
AcDbEntity
  8
LOWER
100
AcDbLine
 10
287365.001961239
 20
75467.30003922478
 30
350.0
 11
286720.22750894615
 21
75454.40455017892
 31
350.0
  0
LINE
  5
9C
330
17
100
AcDbEntity
  8
LOWER
100
AcDbLine
 10
286720.22750894615
 20
75454.40455017892
 30
350.0
 11
286075.4530566533
 21
75441.50906113307
 31
350.0
  0
LINE
  5
9D
330
17
100
AcDbEntity
  8
LOWER
100
AcDbLine
 10
286075.4530566533
 20
75441.50906113307
 30
350.0
 11
285430.6786043605
 21
75428.6135720872
 31
350.0
  0
LINE
  5
9E
330
17
100
AcDbEntity
  8
LOWER
100
AcDbLine
 10
285430.6786043605
 20
75428.6135720872
 30
350.0
 11
284785.9041520676
 21
75415.71808304136
 31
350.0
  0
LINE
  5
9F
330
17
100
AcDbEntity
  8
LOWER
100
AcDbLine
 10
284785.9041520676
 20
75415.71808304136
 30
350.0
 11
284141.1296997747
 21
75402.8225939955
 31
350.0
  0
LINE
  5
A0
330
17
100
AcDbEntity
  8
LOWER
100
AcDbLine
 10
284141.1296997747
 20
75402.8225939955
 30
350.0
 11
283496.3552474819
 21
75389.92710494963
 31
350.0
  0
LINE
  5
A1
330
17
100
AcDbEntity
  8
LOWER
100
AcDbLine
 10
283496.3552474819
 20
75389.92710494963
 30
350.0
 11
282851.5807951891
 21
75377.03161590378
 31
350.0
  0
LINE
  5
A2
330
17
100
AcDbEntity
  8
LOWER
100
AcDbLine
 10
282851.5807951891
 20
75377.03161590378
 30
350.0
 11
282206.80634289625
 21
75364.13612685793
 31
350.0
  0
LINE
  5
A3
330
17
100
AcDbEntity
  8
LOWER
100
AcDbLine
 10
282206.80634289625
 20
75364.13612685793
 30
350.0
 11
281562.0318906034
 21
75351.24063781206
 31
350.0
  0
LINE
  5
A4
330
17
100
AcDbEntity
  8
LOWER
100
AcDbLine
 10
281562.0318906034
 20
75351.24063781206
 30
350.0
 11
280917.2574383106
 21
75338.34514876621
 31
350.0
  0
LINE
  5
A5
330
17
100
AcDbEntity
  8
LOWER
100
AcDbLine
 10
280917.2574383106
 20
75338.34514876621
 30
350.0
 11
280272.4829860177
 21
75325.44965972035
 31
350.0
  0
LINE
  5
A6
330
17
100
AcDbEntity
  8
LOWER
100
AcDbLine
 10
280272.4829860177
 20
75325.44965972035
 30
350.0
 11
279627.7085337248
 21
75312.5541706745
 31
350.0
  0
LINE
  5
A7
330
17
100
AcDbEntity
  8
LOWER
100
AcDbLine
 10
279627.7085337248
 20
75312.5541706745
 30
350.0
 11
278982.934081432
 21
75299.65868162864
 31
350.0
  0
LINE
  5
A8
330
17
100
AcDbEntity
  8
LOWER
100
AcDbLine
 10
278982.934081432
 20
75299.65868162864
 30
350.0
 11
278338.1596291392
 21
75286.76319258279
 31
350.0
  0
LINE
  5
A9
330
17
100
AcDbEntity
  8
LOWER
100
AcDbLine
 10
278338.1596291392
 20
75286.76319258279
 30
350.0
 11
277693.38517684635
 21
75273.86770353692
 31
350.0
  0
LINE
  5
AA
330
17
100
AcDbEntity
  8
LOWER
100
AcDbLine
 10
277693.38517684635
 20
75273.86770353692
 30
350.0
 11
277048.61072455347
 21
75260.97221449108
 31
350.0
  0
LINE
  5
AB
330
17
100
AcDbEntity
  8
LOWER
100
AcDbLine
 10
277048.61072455347
 20
75260.97221449108
 30
350.0
 11
276403.8362722606
 21
75248.07672544522
 31
350.0
  0
LINE
  5
AC
330
17
100
AcDbEntity
  8
LOWER
100
AcDbLine
 10
276403.8362722606
 20
75248.07672544522
 30
350.0
 11
275759.06181996776
 21
75235.18123639935
 31
350.0
  0
LINE
  5
AD
330
17
100
AcDbEntity
  8
LOWER
100
AcDbLine
 10
275759.06181996776
 20
75235.18123639935
 30
350.0
 11
275114.28736767493
 21
75222.2857473535
 31
350.0
  0
LINE
  5
AE
330
17
100
AcDbEntity
  8
LOWER
100
AcDbLine
 10
275114.28736767493
 20
75222.2857473535
 30
350.0
 11
274469.5129153821
 21
75209.39025830766
 31
350.0
  0
LINE
  5
AF
330
17
100
AcDbEntity
  8
LOWER
100
AcDbLine
 10
274469.5129153821
 20
75209.39025830766
 30
350.0
 11
273824.7384630893
 21
75196.49476926179
 31
350.0
  0
LINE
  5
B0
330
17
100
AcDbEntity
  8
LOWER
100
AcDbLine
 10
273824.7384630893
 20
75196.49476926179
 30
350.0
 11
273179.96401079645
 21
75183.59928021593
 31
350.0
  0
LINE
  5
B1
330
17
100
AcDbEntity
  8
LOWER
100
AcDbLine
 10
273179.96401079645
 20
75183.59928021593
 30
350.0
 11
272557.6697988763
 21
75192.67617013698
 31
350.0
  0
LINE
  5
B2
330
17
100
AcDbEntity
  8
LOWER
100
AcDbLine
 10
272557.6697988763
 20
75192.67617013698
 30
350.0
 11
271937.4907579694
 21
75244.73799242177
 31
350.0
  0
LINE
  5
B3
330
17
100
AcDbEntity
  8
LOWER
100
AcDbLine
 10
271937.4907579694
 20
75244.73799242177
 30
350.0
 11
271322.39251132926
 21
75339.53579355749
 31
350.0
  0
LINE
  5
B4
330
17
100
AcDbEntity
  8
LOWER
100
AcDbLine
 10
271322.39251132926
 20
75339.53579355749
 30
350.0
 11
270715.316386449
 21
75476.61626160533
 31
350.0
  0
LINE
  5
B5
330
17
100
AcDbEntity
  8
LOWER
100
AcDbLine
 10
270715.316386449
 20
75476.61626160533
 30
350.0
 11
270119.16534997843
 21
75655.32389388484
 31
350.0
  0
LINE
  5
B6
330
17
100
AcDbEntity
  8
LOWER
100
AcDbLine
 10
270119.16534997843
 20
75655.32389388484
 30
350.0
 11
269536.7901260793
 21
75874.80413151068
 31
350.0
  0
LINE
  5
B7
330
17
100
AcDbEntity
  8
LOWER
100
AcDbLine
 10
269536.7901260793
 20
75874.80413151068
 30
350.0
 11
268970.9755645973
 21
76134.00744579274
 31
350.0
  0
LINE
  5
B8
330
17
100
AcDbEntity
  8
LOWER
100
AcDbLine
 10
268970.9755645973
 20
76134.00744579274
 30
350.0
 11
268424.42732423765
 21
76431.69435695895
 31
350.0
  0
LINE
  5
B9
330
17
100
AcDbEntity
  8
LOWER
100
AcDbLine
 10
268424.42732423765
 20
76431.69435695895
 30
350.0
 11
267899.75893442327
 21
76766.44136120171
 31
350.0
  0
LINE
  5
BA
330
17
100
AcDbEntity
  8
LOWER
100
AcDbLine
 10
267899.75893442327
 20
76766.44136120171
 30
350.0
 11
267399.47929770447
 21
77136.64773770595
 31
350.0
  0
LINE
  5
BB
330
17
100
AcDbEntity
  8
LOWER
100
AcDbLine
 10
267399.47929770447
 20
77136.64773770595
 30
350.0
 11
266925.98069248174
 21
77540.54320310756
 31
350.0
  0
LINE
  5
BC
330
17
100
AcDbEntity
  8
LOWER
100
AcDbLine
 10
266925.98069248174
 20
77540.54320310756
 30
350.0
 11
266481.52733341185
 21
77976.19637678057
 31
350.0
  0
LINE
  5
BD
330
17
100
AcDbEntity
  8
LOWER
100
AcDbLine
 10
266481.52733341185
 20
77976.19637678057
 30
350.0
 11
266068.2445441996
 21
78441.52401647205
 31
350.0
  0
LINE
  5
BE
330
17
100
AcDbEntity
  8
LOWER
100
AcDbLine
 10
266068.2445441996
 20
78441.52401647205
 30
350.0
 11
265688.10859454976
 21
78934.30098012161
 31
350.0
  0
LINE
  5
BF
330
17
100
AcDbEntity
  8
LOWER
100
AcDbLine
 10
265688.10859454976
 20
78934.30098012161
 30
350.0
 11
265342.9372498776
 21
79452.17086622918
 31
350.0
  0
LINE
  5
C0
330
17
100
AcDbEntity
  8
LOWER
100
AcDbLine
 10
265342.9372498776
 20
79452.17086622918
 30
350.0
 11
265034.3810789685
 21
79992.65728188993
 31
350.0
  0
LINE
  5
C1
330
17
100
AcDbEntity
  8
LOWER
100
AcDbLine
 10
265034.3810789685
 20
79992.65728188993
 30
350.0
 11
264763.91556115216
 21
80553.17568461387
 31
350.0
  0
LINE
  5
C2
330
17
100
AcDbEntity
  8
LOWER
100
AcDbLine
 10
264763.91556115216
 20
80553.17568461387
 30
350.0
 11
264532.8340307337
 21
81131.04574130426
 31
350.0
  0
LINE
  5
C3
330
17
100
AcDbEntity
  8
LOWER
100
AcDbLine
 10
264532.8340307337
 20
81131.04574130426
 30
350.0
 11
264342.2414924213
 21
81723.50414529524
 31
350.0
  0
LINE
  5
C4
330
17
100
AcDbEntity
  8
LOWER
100
AcDbLine
 10
264342.2414924213
 20
81723.50414529524
 30
350.0
 11
264193.04933732364
 21
82327.71783015944
 31
350.0
  0
LINE
  5
C5
330
17
100
AcDbEntity
  8
LOWER
100
AcDbLine
 10
264193.04933732364
 20
82327.71783015944
 30
350.0
 11
264085.9709847845
 21
82940.79751709857
 31
350.0
  0
LINE
  5
C6
330
17
100
AcDbEntity
  8
LOWER
100
AcDbLine
 10
264085.9709847845
 20
82940.79751709857
 30
350.0
 11
264021.51847089553
 21
83559.81153113482
 31
350.0
  0
LINE
  5
C7
330
17
100
AcDbEntity
  8
LOWER
100
AcDbLine
 10
264021.51847089553
 20
83559.81153113482
 30
350.0
 11
264000.0
 21
84181.79982003599
 31
350.0
  0
LINE
  5
C8
330
17
100
AcDbEntity
  8
LOWER
100
AcDbLine
 10
264000.0
 20
84181.79982003599
 30
350.0
 11
264000.0
 21
84787.86654669067
 31
350.0
  0
LINE
  5
C9
330
17
100
AcDbEntity
  8
LOWER
100
AcDbLine
 10
264000.0
 20
84787.86654669067
 30
350.0
 11
264000.0
 21
85393.93327334532
 31
350.0
  0
LINE
  5
CA
330
17
100
AcDbEntity
  8
LOWER
100
AcDbLine
 10
264000.0
 20
85393.93327334532
 30
350.0
 11
264000.0
 21
86000.0
 31
350.0
  0
LINE
  5
CB
330
17
100
AcDbEntity
  8
LOWER
100
AcDbLine
 10
264000.0
 20
86000.0
 30
350.0
 11
264032.86862779036
 21
86627.17077960592
 31
350.0
  0
LINE
  5
CC
330
17
100
AcDbEntity
  8
LOWER
100
AcDbLine
 10
264032.86862779036
 20
86627.17077960592
 30
350.0
 11
264131.11439559713
 21
87247.47014490656
 31
350.0
  0
LINE
  5
CD
330
17
100
AcDbEntity
  8
LOWER
100
AcDbLine
 10
264131.11439559713
 20
87247.47014490656
 30
350.0
 11
264293.6609022291
 21
87854.10196624968
 31
350.0
  0
LINE
  5
CE
330
17
100
AcDbEntity
  8
LOWER
100
AcDbLine
 10
264293.6609022291
 20
87854.10196624968
 30
350.0
 11
264518.7272541444
 21
88440.4198584548
 31
350.0
  0
LINE
  5
CF
330
17
100
AcDbEntity
  8
LOWER
100
AcDbLine
 10
264518.7272541444
 20
88440.4198584548
 30
350.0
 11
264803.84757729335
 21
89000.0
 31
350.0
  0
LINE
  5
D0
330
17
100
AcDbEntity
  8
LOWER
100
AcDbLine
 10
264803.84757729335
 20
89000.0
 30
350.0
 11
265145.8980337503
 21
89526.71151375484
 31
350.0
  0
LINE
  5
D1
330
17
100
AcDbEntity
  8
LOWER
100
AcDbLine
 10
265145.8980337503
 20
89526.71151375484
 30
350.0
 11
265541.1310471356
 21
90014.78363815315
 31
350.0
  0
LINE
  5
D2
330
17
100
AcDbEntity
  8
LOWER
100
AcDbLine
 10
265541.1310471356
 20
90014.78363815315
 30
350.0
 11
265985.21636184683
 21
90458.86895286436
 31
350.0
  0
LINE
  5
D3
330
17
100
AcDbEntity
  8
LOWER
100
AcDbLine
 10
265985.21636184683
 20
90458.86895286436
 30
350.0
 11
266473.28848624515
 21
90854.10196624968
 31
350.0
  0
LINE
  5
D4
330
17
100
AcDbEntity
  8
LOWER
100
AcDbLine
 10
266473.28848624515
 20
90854.10196624968
 30
350.0
 11
267000.0
 21
91196.15242270663
 31
350.0
  0
LINE
  5
D5
330
17
100
AcDbEntity
  8
LOWER
100
AcDbLine
 10
267000.0
 20
91196.15242270663
 30
350.0
 11
267559.5801415452
 21
91481.2727458556
 31
350.0
  0
LINE
  5
D6
330
17
100
AcDbEntity
  8
LOWER
100
AcDbLine
 10
267559.5801415452
 20
91481.2727458556
 30
350.0
 11
268145.8980337503
 21
91706.33909777092
 31
350.0
  0
LINE
  5
D7
330
17
100
AcDbEntity
  8
LOWER
100
AcDbLine
 10
268145.8980337503
 20
91706.33909777092
 30
350.0
 11
268752.52985509345
 21
91868.88560440284
 31
350.0
  0
LINE
  5
D8
330
17
100
AcDbEntity
  8
LOWER
100
AcDbLine
 10
268752.52985509345
 20
91868.88560440284
 30
350.0
 11
269372.8292203941
 21
91967.13137220964
 31
350.0
  0
LINE
  5
D9
330
17
100
AcDbEntity
  8
LOWER
100
AcDbLine
 10
269372.8292203941
 20
91967.13137220964
 30
350.0
 11
270000.0
 21
92000.0
 31
350.0
  0
LINE
  5
DA
330
17
100
AcDbEntity
  8
LOWER
100
AcDbLine
 10
270000.0
 20
92000.0
 30
350.0
 11
270645.16129032255
 21
92000.0
 31
350.0
  0
LINE
  5
DB
330
17
100
AcDbEntity
  8
LOWER
100
AcDbLine
 10
270645.16129032255
 20
92000.0
 30
350.0
 11
271290.3225806452
 21
92000.0
 31
350.0
  0
LINE
  5
DC
330
17
100
AcDbEntity
  8
LOWER
100
AcDbLine
 10
271290.3225806452
 20
92000.0
 30
350.0
 11
271935.48387096776
 21
92000.0
 31
350.0
  0
LINE
  5
DD
330
17
100
AcDbEntity
  8
LOWER
100
AcDbLine
 10
271935.48387096776
 20
92000.0
 30
350.0
 11
272580.6451612903
 21
92000.0
 31
350.0
  0
LINE
  5
DE
330
17
100
AcDbEntity
  8
LOWER
100
AcDbLine
 10
272580.6451612903
 20
92000.0
 30
350.0
 11
273225.8064516129
 21
92000.0
 31
350.0
  0
LINE
  5
DF
330
17
100
AcDbEntity
  8
LOWER
100
AcDbLine
 10
273225.8064516129
 20
92000.0
 30
350.0
 11
273870.9677419355
 21
92000.0
 31
350.0
  0
LINE
  5
E0
330
17
100
AcDbEntity
  8
LOWER
100
AcDbLine
 10
273870.9677419355
 20
92000.0
 30
350.0
 11
274516.12903225806
 21
92000.0
 31
350.0
  0
LINE
  5
E1
330
17
100
AcDbEntity
  8
LOWER
100
AcDbLine
 10
274516.12903225806
 20
92000.0
 30
350.0
 11
275161.2903225806
 21
92000.0
 31
350.0
  0
LINE
  5
E2
330
17
100
AcDbEntity
  8
LOWER
100
AcDbLine
 10
275161.2903225806
 20
92000.0
 30
350.0
 11
275806.4516129032
 21
92000.0
 31
350.0
  0
LINE
  5
E3
330
17
100
AcDbEntity
  8
LOWER
100
AcDbLine
 10
275806.4516129032
 20
92000.0
 30
350.0
 11
276451.6129032258
 21
92000.0
 31
350.0
  0
LINE
  5
E4
330
17
100
AcDbEntity
  8
LOWER
100
AcDbLine
 10
276451.6129032258
 20
92000.0
 30
350.0
 11
277096.7741935484
 21
92000.0
 31
350.0
  0
LINE
  5
E5
330
17
100
AcDbEntity
  8
LOWER
100
AcDbLine
 10
277096.7741935484
 20
92000.0
 30
350.0
 11
277741.93548387097
 21
92000.0
 31
350.0
  0
LINE
  5
E6
330
17
100
AcDbEntity
  8
LOWER
100
AcDbLine
 10
277741.93548387097
 20
92000.0
 30
350.0
 11
278387.0967741935
 21
92000.0
 31
350.0
  0
LINE
  5
E7
330
17
100
AcDbEntity
  8
LOWER
100
AcDbLine
 10
278387.0967741935
 20
92000.0
 30
350.0
 11
279032.2580645161
 21
92000.0
 31
350.0
  0
LINE
  5
E8
330
17
100
AcDbEntity
  8
LOWER
100
AcDbLine
 10
279032.2580645161
 20
92000.0
 30
350.0
 11
279677.4193548387
 21
92000.0
 31
350.0
  0
LINE
  5
E9
330
17
100
AcDbEntity
  8
LOWER
100
AcDbLine
 10
279677.4193548387
 20
92000.0
 30
350.0
 11
280322.5806451613
 21
92000.0
 31
350.0
  0
LINE
  5
EA
330
17
100
AcDbEntity
  8
LOWER
100
AcDbLine
 10
280322.5806451613
 20
92000.0
 30
350.0
 11
280967.7419354839
 21
92000.0
 31
350.0
  0
LINE
  5
EB
330
17
100
AcDbEntity
  8
LOWER
100
AcDbLine
 10
280967.7419354839
 20
92000.0
 30
350.0
 11
281612.9032258065
 21
92000.0
 31
350.0
  0
LINE
  5
EC
330
17
100
AcDbEntity
  8
LOWER
100
AcDbLine
 10
281612.9032258065
 20
92000.0
 30
350.0
 11
282258.06451612903
 21
92000.0
 31
350.0
  0
LINE
  5
ED
330
17
100
AcDbEntity
  8
LOWER
100
AcDbLine
 10
282258.06451612903
 20
92000.0
 30
350.0
 11
282903.2258064516
 21
92000.0
 31
350.0
  0
LINE
  5
EE
330
17
100
AcDbEntity
  8
LOWER
100
AcDbLine
 10
282903.2258064516
 20
92000.0
 30
350.0
 11
283548.3870967742
 21
92000.0
 31
350.0
  0
LINE
  5
EF
330
17
100
AcDbEntity
  8
LOWER
100
AcDbLine
 10
283548.3870967742
 20
92000.0
 30
350.0
 11
284193.5483870968
 21
92000.0
 31
350.0
  0
LINE
  5
F0
330
17
100
AcDbEntity
  8
LOWER
100
AcDbLine
 10
284193.5483870968
 20
92000.0
 30
350.0
 11
284838.7096774194
 21
92000.0
 31
350.0
  0
LINE
  5
F1
330
17
100
AcDbEntity
  8
LOWER
100
AcDbLine
 10
284838.7096774194
 20
92000.0
 30
350.0
 11
285483.87096774194
 21
92000.0
 31
350.0
  0
LINE
  5
F2
330
17
100
AcDbEntity
  8
LOWER
100
AcDbLine
 10
285483.87096774194
 20
92000.0
 30
350.0
 11
286129.0322580645
 21
92000.0
 31
350.0
  0
LINE
  5
F3
330
17
100
AcDbEntity
  8
LOWER
100
AcDbLine
 10
286129.0322580645
 20
92000.0
 30
350.0
 11
286774.1935483871
 21
92000.0
 31
350.0
  0
LINE
  5
F4
330
17
100
AcDbEntity
  8
LOWER
100
AcDbLine
 10
286774.1935483871
 20
92000.0
 30
350.0
 11
287419.3548387097
 21
92000.0
 31
350.0
  0
LINE
  5
F5
330
17
100
AcDbEntity
  8
LOWER
100
AcDbLine
 10
287419.3548387097
 20
92000.0
 30
350.0
 11
288064.51612903224
 21
92000.0
 31
350.0
  0
LINE
  5
F6
330
17
100
AcDbEntity
  8
LOWER
100
AcDbLine
 10
288064.51612903224
 20
92000.0
 30
350.0
 11
288709.67741935485
 21
92000.0
 31
350.0
  0
LINE
  5
F7
330
17
100
AcDbEntity
  8
LOWER
100
AcDbLine
 10
288709.67741935485
 20
92000.0
 30
350.0
 11
289354.83870967745
 21
92000.0
 31
350.0
  0
LINE
  5
F8
330
17
100
AcDbEntity
  8
LOWER
100
AcDbLine
 10
289354.83870967745
 20
92000.0
 30
350.0
 11
290000.0
 21
92000.0
 31
350.0
  0
LINE
  5
F9
330
17
100
AcDbEntity
  8
LOWER
100
AcDbLine
 10
290000.0
 20
92000.0
 30
350.0
 11
290645.16129032255
 21
92000.0
 31
350.0
  0
LINE
  5
FA
330
17
100
AcDbEntity
  8
LOWER
100
AcDbLine
 10
290645.16129032255
 20
92000.0
 30
350.0
 11
291290.32258064515
 21
92000.0
 31
350.0
  0
LINE
  5
FB
330
17
100
AcDbEntity
  8
LOWER
100
AcDbLine
 10
291290.32258064515
 20
92000.0
 30
350.0
 11
291935.48387096776
 21
92000.0
 31
350.0
  0
LINE
  5
FC
330
17
100
AcDbEntity
  8
LOWER
100
AcDbLine
 10
291935.48387096776
 20
92000.0
 30
350.0
 11
292580.6451612903
 21
92000.0
 31
350.0
  0
LINE
  5
FD
330
17
100
AcDbEntity
  8
LOWER
100
AcDbLine
 10
292580.6451612903
 20
92000.0
 30
350.0
 11
293225.8064516129
 21
92000.0
 31
350.0
  0
LINE
  5
FE
330
17
100
AcDbEntity
  8
LOWER
100
AcDbLine
 10
293225.8064516129
 20
92000.0
 30
350.0
 11
293870.9677419355
 21
92000.0
 31
350.0
  0
LINE
  5
FF
330
17
100
AcDbEntity
  8
LOWER
100
AcDbLine
 10
293870.9677419355
 20
92000.0
 30
350.0
 11
294516.12903225806
 21
92000.0
 31
350.0
  0
LINE
  5
100
330
17
100
AcDbEntity
  8
LOWER
100
AcDbLine
 10
294516.12903225806
 20
92000.0
 30
350.0
 11
295161.2903225806
 21
92000.0
 31
350.0
  0
LINE
  5
101
330
17
100
AcDbEntity
  8
LOWER
100
AcDbLine
 10
295161.2903225806
 20
92000.0
 30
350.0
 11
295806.4516129032
 21
92000.0
 31
350.0
  0
LINE
  5
102
330
17
100
AcDbEntity
  8
LOWER
100
AcDbLine
 10
295806.4516129032
 20
92000.0
 30
350.0
 11
296451.6129032258
 21
92000.0
 31
350.0
  0
LINE
  5
103
330
17
100
AcDbEntity
  8
LOWER
100
AcDbLine
 10
296451.6129032258
 20
92000.0
 30
350.0
 11
297096.7741935484
 21
92000.0
 31
350.0
  0
LINE
  5
104
330
17
100
AcDbEntity
  8
LOWER
100
AcDbLine
 10
297096.7741935484
 20
92000.0
 30
350.0
 11
297741.93548387097
 21
92000.0
 31
350.0
  0
LINE
  5
105
330
17
100
AcDbEntity
  8
LOWER
100
AcDbLine
 10
297741.93548387097
 20
92000.0
 30
350.0
 11
298387.0967741935
 21
92000.0
 31
350.0
  0
LINE
  5
106
330
17
100
AcDbEntity
  8
LOWER
100
AcDbLine
 10
298387.0967741935
 20
92000.0
 30
350.0
 11
299032.2580645161
 21
92000.0
 31
350.0
  0
LINE
  5
107
330
17
100
AcDbEntity
  8
LOWER
100
AcDbLine
 10
299032.2580645161
 20
92000.0
 30
350.0
 11
299677.4193548387
 21
92000.0
 31
350.0
  0
LINE
  5
108
330
17
100
AcDbEntity
  8
LOWER
100
AcDbLine
 10
299677.4193548387
 20
92000.0
 30
350.0
 11
300322.5806451613
 21
92000.0
 31
350.0
  0
LINE
  5
109
330
17
100
AcDbEntity
  8
LOWER
100
AcDbLine
 10
300322.5806451613
 20
92000.0
 30
350.0
 11
300967.7419354839
 21
92000.0
 31
350.0
  0
LINE
  5
10A
330
17
100
AcDbEntity
  8
LOWER
100
AcDbLine
 10
300967.7419354839
 20
92000.0
 30
350.0
 11
301612.9032258065
 21
92000.0
 31
350.0
  0
LINE
  5
10B
330
17
100
AcDbEntity
  8
LOWER
100
AcDbLine
 10
301612.9032258065
 20
92000.0
 30
350.0
 11
302258.06451612903
 21
92000.0
 31
350.0
  0
LINE
  5
10C
330
17
100
AcDbEntity
  8
LOWER
100
AcDbLine
 10
302258.06451612903
 20
92000.0
 30
350.0
 11
302903.2258064516
 21
92000.0
 31
350.0
  0
LINE
  5
10D
330
17
100
AcDbEntity
  8
LOWER
100
AcDbLine
 10
302903.2258064516
 20
92000.0
 30
350.0
 11
303548.3870967742
 21
92000.0
 31
350.0
  0
LINE
  5
10E
330
17
100
AcDbEntity
  8
LOWER
100
AcDbLine
 10
303548.3870967742
 20
92000.0
 30
350.0
 11
304193.5483870968
 21
92000.0
 31
350.0
  0
LINE
  5
10F
330
17
100
AcDbEntity
  8
LOWER
100
AcDbLine
 10
304193.5483870968
 20
92000.0
 30
350.0
 11
304838.7096774194
 21
92000.0
 31
350.0
  0
LINE
  5
110
330
17
100
AcDbEntity
  8
LOWER
100
AcDbLine
 10
304838.7096774194
 20
92000.0
 30
350.0
 11
305483.87096774194
 21
92000.0
 31
350.0
  0
LINE
  5
111
330
17
100
AcDbEntity
  8
LOWER
100
AcDbLine
 10
305483.87096774194
 20
92000.0
 30
350.0
 11
306129.0322580645
 21
92000.0
 31
350.0
  0
LINE
  5
112
330
17
100
AcDbEntity
  8
LOWER
100
AcDbLine
 10
306129.0322580645
 20
92000.0
 30
350.0
 11
306774.1935483871
 21
92000.0
 31
350.0
  0
LINE
  5
113
330
17
100
AcDbEntity
  8
LOWER
100
AcDbLine
 10
306774.1935483871
 20
92000.0
 30
350.0
 11
307419.3548387097
 21
92000.0
 31
350.0
  0
LINE
  5
114
330
17
100
AcDbEntity
  8
LOWER
100
AcDbLine
 10
307419.3548387097
 20
92000.0
 30
350.0
 11
308064.51612903224
 21
92000.0
 31
350.0
  0
LINE
  5
115
330
17
100
AcDbEntity
  8
LOWER
100
AcDbLine
 10
308064.51612903224
 20
92000.0
 30
350.0
 11
308709.67741935485
 21
92000.0
 31
350.0
  0
LINE
  5
116
330
17
100
AcDbEntity
  8
LOWER
100
AcDbLine
 10
308709.67741935485
 20
92000.0
 30
350.0
 11
309354.83870967745
 21
92000.0
 31
350.0
  0
LINE
  5
117
330
17
100
AcDbEntity
  8
LOWER
100
AcDbLine
 10
309354.83870967745
 20
92000.0
 30
350.0
 11
310000.0
 21
92000.0
 31
350.0
  0
LINE
  5
118
330
17
100
AcDbEntity
  8
LOWER
100
AcDbLine
 10
310000.0
 20
92000.0
 30
350.0
 11
310627.67276582273
 21
92024.66133013497
 31
350.0
  0
LINE
  5
119
330
17
100
AcDbEntity
  8
LOWER
100
AcDbLine
 10
310627.67276582273
 20
92024.66133013497
 30
350.0
 11
311251.4757203219
 21
92098.4932752389
 31
350.0
  0
LINE
  5
11A
330
17
100
AcDbEntity
  8
LOWER
100
AcDbLine
 10
311251.4757203219
 20
92098.4932752389
 30
350.0
 11
311867.56291084725
 21
92221.04063681858
 31
350.0
  0
LINE
  5
11B
330
17
100
AcDbEntity
  8
LOWER
100
AcDbLine
 10
311867.56291084725
 20
92221.04063681858
 30
350.0
 11
312472.13595499954
 21
92391.54786963877
 31
350.0
  0
LINE
  5
11C
330
17
100
AcDbEntity
  8
LOWER
100
AcDbLine
 10
312472.13595499954
 20
92391.54786963877
 30
350.0
 11
313061.4674589207
 21
92608.96373990971
 31
350.0
  0
LINE
  5
11D
330
17
100
AcDbEntity
  8
LOWER
100
AcDbLine
 10
313061.4674589207
 20
92608.96373990971
 30
350.0
 11
313631.9239979164
 21
92871.94780649306
 31
350.0
  0
LINE
  5
11E
330
17
100
AcDbEntity
  8
LOWER
100
AcDbLine
 10
313631.9239979164
 20
92871.94780649306
 30
350.0
 11
314179.9885177276
 21
93178.87868516726
 31
350.0
  0
LINE
  5
11F
330
17
100
AcDbEntity
  8
LOWER
100
AcDbLine
 10
314179.9885177276
 20
93178.87868516726
 30
350.0
 11
314702.28201833984
 21
93527.86404500043
 31
350.0
  0
LINE
  5
120
330
17
100
AcDbEntity
  8
LOWER
100
AcDbLine
 10
314702.28201833984
 20
93527.86404500043
 30
350.0
 11
315195.5843866415
 21
93916.75227519976
 31
350.0
  0
LINE
  5
121
330
17
100
AcDbEntity
  8
LOWER
100
AcDbLine
 10
315195.5843866415
 20
93916.75227519976
 30
350.0
 11
315656.85424949235
 21
94343.14575050761
 31
350.0
  0
LINE
  5
122
330
17
100
AcDbEntity
  8
LOWER
100
AcDbLine
 10
315656.85424949235
 20
94343.14575050761
 30
350.0
 11
316083.24772480025
 21
94804.41561335853
 31
350.0
  0
LINE
  5
123
330
17
100
AcDbEntity
  8
LOWER
100
AcDbLine
 10
316083.24772480025
 20
94804.41561335853
 30
350.0
 11
316472.13595499954
 21
95297.71798166021
 31
350.0
  0
LINE
  5
124
330
17
100
AcDbEntity
  8
LOWER
100
AcDbLine
 10
316472.13595499954
 20
95297.71798166021
 30
350.0
 11
316821.12131483277
 21
95820.0114822724
 31
350.0
  0
LINE
  5
125
330
17
100
AcDbEntity
  8
LOWER
100
AcDbLine
 10
316821.12131483277
 20
95820.0114822724
 30
350.0
 11
317128.05219350697
 21
96368.07600208363
 31
350.0
  0
LINE
  5
126
330
17
100
AcDbEntity
  8
LOWER
100
AcDbLine
 10
317128.05219350697
 20
96368.07600208363
 30
350.0
 11
317391.0362600903
 21
96938.53254107929
 31
350.0
  0
LINE
  5
127
330
17
100
AcDbEntity
  8
LOWER
100
AcDbLine
 10
317391.0362600903
 20
96938.53254107929
 30
350.0
 11
317608.4521303612
 21
97527.86404500043
 31
350.0
  0
LINE
  5
128
330
17
100
AcDbEntity
  8
LOWER
100
AcDbLine
 10
317608.4521303612
 20
97527.86404500043
 30
350.0
 11
317778.9593631814
 21
98132.43708915277
 31
350.0
  0
LINE
  5
129
330
17
100
AcDbEntity
  8
LOWER
100
AcDbLine
 10
317778.9593631814
 20
98132.43708915277
 30
350.0
 11
317901.50672476116
 21
98748.52427967815
 31
350.0
  0
LINE
  5
12A
330
17
100
AcDbEntity
  8
LOWER
100
AcDbLine
 10
317901.50672476116
 20
98748.52427967815
 30
350.0
 11
317975.338669865
 21
99372.32723417724
 31
350.0
  0
LINE
  5
12B
330
17
100
AcDbEntity
  8
LOWER
100
AcDbLine
 10
317975.338669865
 20
99372.32723417724
 30
350.0
 11
318000.0
 21
100000.0
 31
350.0
  0
LINE
  5
12C
330
17
100
AcDbEntity
  8
LOWER
100
AcDbLine
 10
318000.0
 20
100000.0
 30
350.0
 11
318000.0
 21
100645.16129032258
 31
350.0
  0
LINE
  5
12D
330
17
100
AcDbEntity
  8
LOWER
100
AcDbLine
 10
318000.0
 20
100645.16129032258
 30
350.0
 11
318000.0
 21
101290.32258064517
 31
350.0
  0
LINE
  5
12E
330
17
100
AcDbEntity
  8
LOWER
100
AcDbLine
 10
318000.0
 20
101290.32258064517
 30
350.0
 11
318000.0
 21
101935.48387096774
 31
350.0
  0
LINE
  5
12F
330
17
100
AcDbEntity
  8
LOWER
100
AcDbLine
 10
318000.0
 20
101935.48387096774
 30
350.0
 11
318000.0
 21
102580.64516129032
 31
350.0
  0
LINE
  5
130
330
17
100
AcDbEntity
  8
LOWER
100
AcDbLine
 10
318000.0
 20
102580.64516129032
 30
350.0
 11
318000.0
 21
103225.8064516129
 31
350.0
  0
LINE
  5
131
330
17
100
AcDbEntity
  8
LOWER
100
AcDbLine
 10
318000.0
 20
103225.8064516129
 30
350.0
 11
318000.0
 21
103870.96774193548
 31
350.0
  0
LINE
  5
132
330
17
100
AcDbEntity
  8
LOWER
100
AcDbLine
 10
318000.0
 20
103870.96774193548
 30
350.0
 11
318000.0
 21
104516.12903225806
 31
350.0
  0
LINE
  5
133
330
17
100
AcDbEntity
  8
LOWER
100
AcDbLine
 10
318000.0
 20
104516.12903225806
 30
350.0
 11
318000.0
 21
105161.29032258064
 31
350.0
  0
LINE
  5
134
330
17
100
AcDbEntity
  8
LOWER
100
AcDbLine
 10
318000.0
 20
105161.29032258064
 30
350.0
 11
318000.0
 21
105806.45161290323
 31
350.0
  0
LINE
  5
135
330
17
100
AcDbEntity
  8
LOWER
100
AcDbLine
 10
318000.0
 20
105806.45161290323
 30
350.0
 11
318000.0
 21
106451.6129032258
 31
350.0
  0
LINE
  5
136
330
17
100
AcDbEntity
  8
LOWER
100
AcDbLine
 10
318000.0
 20
106451.6129032258
 30
350.0
 11
318000.0
 21
107096.77419354838
 31
350.0
  0
LINE
  5
137
330
17
100
AcDbEntity
  8
LOWER
100
AcDbLine
 10
318000.0
 20
107096.77419354838
 30
350.0
 11
318000.0
 21
107741.93548387097
 31
350.0
  0
LINE
  5
138
330
17
100
AcDbEntity
  8
LOWER
100
AcDbLine
 10
318000.0
 20
107741.93548387097
 30
350.0
 11
318000.0
 21
108387.09677419355
 31
350.0
  0
LINE
  5
139
330
17
100
AcDbEntity
  8
LOWER
100
AcDbLine
 10
318000.0
 20
108387.09677419355
 30
350.0
 11
318000.0
 21
109032.25806451612
 31
350.0
  0
LINE
  5
13A
330
17
100
AcDbEntity
  8
LOWER
100
AcDbLine
 10
318000.0
 20
109032.25806451612
 30
350.0
 11
318000.0
 21
109677.4193548387
 31
350.0
  0
LINE
  5
13B
330
17
100
AcDbEntity
  8
LOWER
100
AcDbLine
 10
318000.0
 20
109677.4193548387
 30
350.0
 11
318000.0
 21
110322.5806451613
 31
350.0
  0
LINE
  5
13C
330
17
100
AcDbEntity
  8
LOWER
100
AcDbLine
 10
318000.0
 20
110322.5806451613
 30
350.0
 11
318000.0
 21
110967.74193548388
 31
350.0
  0
LINE
  5
13D
330
17
100
AcDbEntity
  8
LOWER
100
AcDbLine
 10
318000.0
 20
110967.74193548388
 30
350.0
 11
318000.0
 21
111612.90322580645
 31
350.0
  0
LINE
  5
13E
330
17
100
AcDbEntity
  8
LOWER
100
AcDbLine
 10
318000.0
 20
111612.90322580645
 30
350.0
 11
318000.0
 21
112258.06451612903
 31
350.0
  0
LINE
  5
13F
330
17
100
AcDbEntity
  8
LOWER
100
AcDbLine
 10
318000.0
 20
112258.06451612903
 30
350.0
 11
318000.0
 21
112903.22580645162
 31
350.0
  0
LINE
  5
140
330
17
100
AcDbEntity
  8
LOWER
100
AcDbLine
 10
318000.0
 20
112903.22580645162
 30
350.0
 11
318000.0
 21
113548.3870967742
 31
350.0
  0
LINE
  5
141
330
17
100
AcDbEntity
  8
LOWER
100
AcDbLine
 10
318000.0
 20
113548.3870967742
 30
350.0
 11
318000.0
 21
114193.54838709677
 31
350.0
  0
LINE
  5
142
330
17
100
AcDbEntity
  8
LOWER
100
AcDbLine
 10
318000.0
 20
114193.54838709677
 30
350.0
 11
318000.0
 21
114838.70967741936
 31
350.0
  0
LINE
  5
143
330
17
100
AcDbEntity
  8
LOWER
100
AcDbLine
 10
318000.0
 20
114838.70967741936
 30
350.0
 11
318000.0
 21
115483.87096774194
 31
350.0
  0
LINE
  5
144
330
17
100
AcDbEntity
  8
LOWER
100
AcDbLine
 10
318000.0
 20
115483.87096774194
 30
350.0
 11
318000.0
 21
116129.03225806452
 31
350.0
  0
LINE
  5
145
330
17
100
AcDbEntity
  8
LOWER
100
AcDbLine
 10
318000.0
 20
116129.03225806452
 30
350.0
 11
318000.0
 21
116774.1935483871
 31
350.0
  0
LINE
  5
146
330
17
100
AcDbEntity
  8
LOWER
100
AcDbLine
 10
318000.0
 20
116774.1935483871
 30
350.0
 11
318000.0
 21
117419.35483870968
 31
350.0
  0
LINE
  5
147
330
17
100
AcDbEntity
  8
LOWER
100
AcDbLine
 10
318000.0
 20
117419.35483870968
 30
350.0
 11
318000.0
 21
118064.51612903226
 31
350.0
  0
LINE
  5
148
330
17
100
AcDbEntity
  8
LOWER
100
AcDbLine
 10
318000.0
 20
118064.51612903226
 30
350.0
 11
318000.0
 21
118709.67741935485
 31
350.0
  0
LINE
  5
149
330
17
100
AcDbEntity
  8
LOWER
100
AcDbLine
 10
318000.0
 20
118709.67741935485
 30
350.0
 11
318000.0
 21
119354.83870967742
 31
350.0
  0
LINE
  5
14A
330
17
100
AcDbEntity
  8
LOWER
100
AcDbLine
 10
318000.0
 20
119354.83870967742
 30
350.0
 11
318000.0
 21
120000.0
 31
350.0
  0
LINE
  5
14B
330
17
100
AcDbEntity
  8
LOWER
100
AcDbLine
 10
318000.0
 20
120000.0
 30
350.0
 11
317982.4009662135
 21
120649.666903025
 31
350.93100373119023
  0
LINE
  5
14C
330
17
100
AcDbEntity
  8
LOWER
100
AcDbLine
 10
317982.4009662135
 20
120649.666903025
 30
350.93100373119023
 11
317929.65548585233
 21
121297.4282210873
 31
353.7024888269301
  0
LINE
  5
14D
330
17
100
AcDbEntity
  8
LOWER
100
AcDbLine
 10
317929.65548585233
 20
121297.4282210873
 30
353.7024888269301
 11
317841.91827049834
 21
121941.38395863319
 31
358.282166140473
  0
LINE
  5
14E
330
17
100
AcDbEntity
  8
LOWER
100
AcDbLine
 10
317841.91827049834
 20
121941.38395863319
 30
358.282166140473
 11
317719.4466685211
 21
122579.64528253228
 31
364.63774652507294
  0
LINE
  5
14F
330
17
100
AcDbEntity
  8
LOWER
100
AcDbLine
 10
317719.4466685211
 20
122579.64528253228
 30
364.63774652507294
 11
317562.59991023067
 21
123210.34006235065
 31
372.7369408339826
  0
LINE
  5
150
330
17
100
AcDbEntity
  8
LOWER
100
AcDbLine
 10
317562.59991023067
 20
123210.34006235065
 30
372.7369408339826
 11
317371.83805419365
 21
123831.61836163176
 31
382.54745992045605
  0
LINE
  5
151
330
17
100
AcDbEntity
  8
LOWER
100
AcDbLine
 10
317371.83805419365
 20
123831.61836163176
 30
382.54745992045605
 11
317147.7206378015
 21
124441.65786407898
 31
394.03701463774655
  0
LINE
  5
152
330
17
100
AcDbEntity
  8
LOWER
100
AcDbLine
 10
317147.7206378015
 20
124441.65786407898
 30
394.03701463774655
 11
316890.90503605147
 21
125038.66921872317
 31
407.1733158391077
  0
LINE
  5
153
330
17
100
AcDbEntity
  8
LOWER
100
AcDbLine
 10
316890.90503605147
 20
125038.66921872317
 30
407.1733158391077
 11
316602.14453335234
 21
125620.90128839748
 31
421.92407437779303
  0
LINE
  5
154
330
17
100
AcDbEntity
  8
LOWER
100
AcDbLine
 10
316602.14453335234
 20
125620.90128839748
 30
421.92407437779303
 11
316282.2861140111
 21
126186.64628612426
 31
438.2570011070561
  0
LINE
  5
155
330
17
100
AcDbEntity
  8
LOWER
100
AcDbLine
 10
316282.2861140111
 20
126186.64628612426
 30
438.2570011070561
 11
315932.2679778827
 21
126734.24478434859
 31
456.13980688015124
  0
LINE
  5
156
330
17
100
AcDbEntity
  8
LOWER
100
AcDbLine
 10
315932.2679778827
 20
126734.24478434859
 30
456.13980688015124
 11
315553.11678846774
 21
127262.09058232518
 31
475.5402025503304
  0
LINE
  5
157
330
17
100
AcDbEntity
  8
LOWER
100
AcDbLine
 10
315553.11678846774
 20
127262.09058232518
 30
475.5402025503304
 11
315145.94466153166
 21
127768.63541738193
 31
496.42589897084764
  0
LINE
  5
158
330
17
100
AcDbEntity
  8
LOWER
100
AcDbLine
 10
315145.94466153166
 20
127768.63541738193
 30
496.42589897084764
 11
314711.94590307755
 21
128252.39350624107
 31
518.7646069949567
  0
LINE
  5
159
330
17
100
AcDbEntity
  8
LOWER
100
AcDbLine
 10
314711.94590307755
 20
128252.39350624107
 30
518.7646069949567
 11
314252.3935062411
 21
128711.94590307758
 31
542.5240374759113
  0
LINE
  5
15A
330
17
100
AcDbEntity
  8
LOWER
100
AcDbLine
 10
314252.3935062411
 20
128711.94590307758
 30
542.5240374759113
 11
313768.63541738194
 21
129145.94466153164
 31
567.6719012669645
  0
LINE
  5
15B
330
17
100
AcDbEntity
  8
LOWER
100
AcDbLine
 10
313768.63541738194
 20
129145.94466153164
 30
567.6719012669645
 11
313262.0905823252
 21
129553.11678846771
 31
594.1759092213699
  0
LINE
  5
15C
330
17
100
AcDbEntity
  8
LOWER
100
AcDbLine
 10
313262.0905823252
 20
129553.11678846771
 30
594.1759092213699
 11
312734.2447843486
 21
129932.26797788267
 31
622.0037721923824
  0
LINE
  5
15D
330
17
100
AcDbEntity
  8
LOWER
100
AcDbLine
 10
312734.2447843486
 20
129932.26797788267
 30
622.0037721923824
 11
312186.6462861243
 21
130282.28611401108
 31
651.123201033253
  0
LINE
  5
15E
330
17
100
AcDbEntity
  8
LOWER
100
AcDbLine
 10
312186.6462861243
 20
130282.28611401108
 30
651.123201033253
 11
311620.9012883975
 21
130602.14453335229
 31
681.5019065972367
  0
LINE
  5
15F
330
17
100
AcDbEntity
  8
LOWER
100
AcDbLine
 10
311620.9012883975
 20
130602.14453335229
 30
681.5019065972367
 11
311038.66921872314
 21
130890.9050360515
 31
713.1075997375866
  0
LINE
  5
160
330
17
100
AcDbEntity
  8
LOWER
100
AcDbLine
 10
311038.66921872314
 20
130890.9050360515
 30
713.1075997375866
 11
310441.65786407894
 21
131147.72063780148
 31
745.9079913075566
  0
LINE
  5
161
330
17
100
AcDbEntity
  8
LOWER
100
AcDbLine
 10
310441.65786407894
 20
131147.72063780148
 30
745.9079913075566
 11
309831.61836163176
 21
131371.83805419362
 31
779.8707921603998
  0
LINE
  5
162
330
17
100
AcDbEntity
  8
LOWER
100
AcDbLine
 10
309831.61836163176
 20
131371.83805419362
 30
779.8707921603998
 11
309210.3400623506
 21
131562.5999102307
 31
814.9637131493716
  0
LINE
  5
163
330
17
100
AcDbEntity
  8
LOWER
100
AcDbLine
 10
309210.3400623506
 20
131562.5999102307
 30
814.9637131493716
 11
308579.64528253226
 21
131719.44666852104
 31
851.1544651277225
  0
LINE
  5
164
330
17
100
AcDbEntity
  8
LOWER
100
AcDbLine
 10
308579.64528253226
 20
131719.44666852104
 30
851.1544651277225
 11
307941.3839586332
 21
131841.91827049834
 31
888.410758948707
  0
LINE
  5
165
330
17
100
AcDbEntity
  8
LOWER
100
AcDbLine
 10
307941.3839586332
 20
131841.91827049834
 30
888.410758948707
 11
307297.4282210873
 21
131929.65548585233
 31
926.7003054655793
  0
LINE
  5
166
330
17
100
AcDbEntity
  8
LOWER
100
AcDbLine
 10
307297.4282210873
 20
131929.65548585233
 30
926.7003054655793
 11
306649.66690302506
 21
131982.40096621346
 31
965.9908155315924
  0
LINE
  5
167
330
17
100
AcDbEntity
  8
LOWER
100
AcDbLine
 10
306649.66690302506
 20
131982.40096621346
 30
965.9908155315924
 11
306000.0
 21
132000.0
 31
1006.2500000000001
  0
LINE
  5
168
330
17
100
AcDbEntity
  8
LOWER
100
AcDbLine
 10
306000.0
 20
132000.0
 30
1006.2500000000001
 11
305350.33309697494
 21
131982.40096621346
 31
1047.4455697240558
  0
LINE
  5
169
330
17
100
AcDbEntity
  8
LOWER
100
AcDbLine
 10
305350.33309697494
 20
131982.40096621346
 30
1047.4455697240558
 11
304702.5717789127
 21
131929.65548585233
 31
1089.5452355570133
  0
LINE
  5
16A
330
17
100
AcDbEntity
  8
LOWER
100
AcDbLine
 10
304702.5717789127
 20
131929.65548585233
 30
1089.5452355570133
 11
304058.6160413668
 21
131841.91827049834
 31
1132.5167083521253
  0
LINE
  5
16B
330
17
100
AcDbEntity
  8
LOWER
100
AcDbLine
 10
304058.6160413668
 20
131841.91827049834
 30
1132.5167083521253
 11
303420.35471746774
 21
131719.44666852104
 31
1176.327698962648
  0
LINE
  5
16C
330
17
100
AcDbEntity
  8
LOWER
100
AcDbLine
 10
303420.35471746774
 20
131719.44666852104
 30
1176.327698962648
 11
302789.6599376493
 21
131562.5999102307
 31
1220.9459182418311
  0
LINE
  5
16D
330
17
100
AcDbEntity
  8
LOWER
100
AcDbLine
 10
302789.6599376493
 20
131562.5999102307
 30
1220.9459182418311
 11
302168.38163836824
 21
131371.83805419362
 31
1266.3390770429296
  0
LINE
  5
16E
330
17
100
AcDbEntity
  8
LOWER
100
AcDbLine
 10
302168.38163836824
 20
131371.83805419362
 30
1266.3390770429296
 11
301558.342135921
 21
131147.7206378015
 31
1312.4748862191975
  0
LINE
  5
16F
330
17
100
AcDbEntity
  8
LOWER
100
AcDbLine
 10
301558.342135921
 20
131147.7206378015
 30
1312.4748862191975
 11
300961.33078127686
 21
130890.9050360515
 31
1359.321056623888
  0
LINE
  5
170
330
17
100
AcDbEntity
  8
LOWER
100
AcDbLine
 10
300961.33078127686
 20
130890.9050360515
 30
1359.321056623888
 11
300379.0987116025
 21
130602.14453335229
 31
1406.8452991102545
  0
LINE
  5
171
330
17
100
AcDbEntity
  8
LOWER
100
AcDbLine
 10
300379.0987116025
 20
130602.14453335229
 30
1406.8452991102545
 11
299813.35371387575
 21
130282.28611401108
 31
1455.01532453155
  0
LINE
  5
172
330
17
100
AcDbEntity
  8
LOWER
100
AcDbLine
 10
299813.35371387575
 20
130282.28611401108
 30
1455.01532453155
 11
299265.7552156514
 21
129932.26797788267
 31
1503.798843741032
  0
LINE
  5
173
330
17
100
AcDbEntity
  8
LOWER
100
AcDbLine
 10
299265.7552156514
 20
129932.26797788267
 30
1503.798843741032
 11
298737.9094176748
 21
129553.11678846771
 31
1553.163567591948
  0
LINE
  5
174
330
17
100
AcDbEntity
  8
LOWER
100
AcDbLine
 10
298737.9094176748
 20
129553.11678846771
 30
1553.163567591948
 11
298231.36458261806
 21
129145.94466153164
 31
1603.0772069375541
  0
LINE
  5
175
330
17
100
AcDbEntity
  8
LOWER
100
AcDbLine
 10
298231.36458261806
 20
129145.94466153164
 30
1603.0772069375541
 11
297747.6064937589
 21
128711.94590307758
 31
1653.5074726311043
  0
LINE
  5
176
330
17
100
AcDbEntity
  8
LOWER
100
AcDbLine
 10
297747.6064937589
 20
128711.94590307758
 30
1653.5074726311043
 11
297288.05409692245
 21
128252.39350624107
 31
1704.4220755258514
  0
LINE
  5
177
330
17
100
AcDbEntity
  8
LOWER
100
AcDbLine
 10
297288.05409692245
 20
128252.39350624107
 30
1704.4220755258514
 11
296854.05533846834
 21
127768.63541738193
 31
1755.7887264750498
  0
LINE
  5
178
330
17
100
AcDbEntity
  8
LOWER
100
AcDbLine
 10
296854.05533846834
 20
127768.63541738193
 30
1755.7887264750498
 11
296446.88321153226
 21
127262.09058232518
 31
1807.5751363319523
  0
LINE
  5
179
330
17
100
AcDbEntity
  8
LOWER
100
AcDbLine
 10
296446.88321153226
 20
127262.09058232518
 30
1807.5751363319523
 11
296067.7320221173
 21
126734.24478434859
 31
1859.7490159498147
  0
LINE
  5
17A
330
17
100
AcDbEntity
  8
LOWER
100
AcDbLine
 10
296067.7320221173
 20
126734.24478434859
 30
1859.7490159498147
 11
295717.7138859889
 21
126186.64628612426
 31
1912.2780761818863
  0
LINE
  5
17B
330
17
100
AcDbEntity
  8
LOWER
100
AcDbLine
 10
295717.7138859889
 20
126186.64628612426
 30
1912.2780761818863
 11
295397.8554666477
 21
125620.90128839748
 31
1965.1300278814224
  0
LINE
  5
17C
330
17
100
AcDbEntity
  8
LOWER
100
AcDbLine
 10
295397.8554666477
 20
125620.90128839748
 30
1965.1300278814224
 11
295109.09496394853
 21
125038.66921872317
 31
2018.272581901677
  0
LINE
  5
17D
330
17
100
AcDbEntity
  8
LOWER
100
AcDbLine
 10
295109.09496394853
 20
125038.66921872317
 30
2018.272581901677
 11
294852.2793621985
 21
124441.65786407898
 31
2071.6734490959043
  0
LINE
  5
17E
330
17
100
AcDbEntity
  8
LOWER
100
AcDbLine
 10
294852.2793621985
 20
124441.65786407898
 30
2071.6734490959043
 11
294628.16194580635
 21
123831.61836163177
 31
2125.3003403173557
  0
LINE
  5
17F
330
17
100
AcDbEntity
  8
LOWER
100
AcDbLine
 10
294628.16194580635
 20
123831.61836163177
 30
2125.3003403173557
 11
294437.40008976933
 21
123210.34006235065
 31
2179.1209664192893
  0
LINE
  5
180
330
17
100
AcDbEntity
  8
LOWER
100
AcDbLine
 10
294437.40008976933
 20
123210.34006235065
 30
2179.1209664192893
 11
294280.5533314789
 21
122579.64528253229
 31
2233.1030382549525
  0
LINE
  5
181
330
17
100
AcDbEntity
  8
LOWER
100
AcDbLine
 10
294280.5533314789
 20
122579.64528253229
 30
2233.1030382549525
 11
294158.0817295017
 21
121941.38395863319
 31
2287.2142666776017
  0
LINE
  5
182
330
17
100
AcDbEntity
  8
LOWER
100
AcDbLine
 10
294158.0817295017
 20
121941.38395863319
 30
2287.2142666776017
 11
294070.34451414767
 21
121297.4282210873
 31
2341.42236254049
  0
LINE
  5
183
330
17
100
AcDbEntity
  8
LOWER
100
AcDbLine
 10
294070.34451414767
 20
121297.4282210873
 30
2341.42236254049
 11
294017.5990337865
 21
120649.66690302502
 31
2395.695036696872
  0
LINE
  5
184
330
17
100
AcDbEntity
  8
LOWER
100
AcDbLine
 10
294017.5990337865
 20
120649.66690302502
 30
2395.695036696872
 11
294000.0
 21
120000.0
 31
2450.0
  0
LINE
  5
185
330
17
100
AcDbEntity
  8
MIDDLE
100
AcDbLine
 10
294000.0
 20
120000.0
 30
2450.0
 11
294017.5990337865
 21
119350.333096975
 31
2504.3049633031283
  0
LINE
  5
186
330
17
100
AcDbEntity
  8
MIDDLE
100
AcDbLine
 10
294017.5990337865
 20
119350.333096975
 30
2504.3049633031283
 11
294070.34451414767
 21
118702.5717789127
 31
2558.5776374595107
  0
LINE
  5
187
330
17
100
AcDbEntity
  8
MIDDLE
100
AcDbLine
 10
294070.34451414767
 20
118702.5717789127
 30
2558.5776374595107
 11
294158.0817295017
 21
118058.61604136683
 31
2612.7857333223988
  0
LINE
  5
188
330
17
100
AcDbEntity
  8
MIDDLE
100
AcDbLine
 10
294158.0817295017
 20
118058.61604136683
 30
2612.7857333223988
 11
294280.5533314789
 21
117420.35471746772
 31
2666.8969617450502
  0
LINE
  5
189
330
17
100
AcDbEntity
  8
MIDDLE
100
AcDbLine
 10
294280.5533314789
 20
117420.35471746772
 30
2666.8969617450502
 11
294437.40008976933
 21
116789.65993764935
 31
2720.879033580714
  0
LINE
  5
18A
330
17
100
AcDbEntity
  8
MIDDLE
100
AcDbLine
 10
294437.40008976933
 20
116789.65993764935
 30
2720.879033580714
 11
294628.16194580635
 21
116168.38163836824
 31
2774.6996596826443
  0
LINE
  5
18B
330
17
100
AcDbEntity
  8
MIDDLE
100
AcDbLine
 10
294628.16194580635
 20
116168.38163836824
 30
2774.6996596826443
 11
294852.2793621985
 21
115558.34213592102
 31
2828.326550904096
  0
LINE
  5
18C
330
17
100
AcDbEntity
  8
MIDDLE
100
AcDbLine
 10
294852.2793621985
 20
115558.34213592102
 30
2828.326550904096
 11
295109.09496394853
 21
114961.33078127683
 31
2881.7274180983222
  0
LINE
  5
18D
330
17
100
AcDbEntity
  8
MIDDLE
100
AcDbLine
 10
295109.09496394853
 20
114961.33078127683
 30
2881.7274180983222
 11
295397.8554666477
 21
114379.09871160252
 31
2934.869972118577
  0
LINE
  5
18E
330
17
100
AcDbEntity
  8
MIDDLE
100
AcDbLine
 10
295397.8554666477
 20
114379.09871160252
 30
2934.869972118577
 11
295717.7138859889
 21
113813.35371387574
 31
2987.721923818114
  0
LINE
  5
18F
330
17
100
AcDbEntity
  8
MIDDLE
100
AcDbLine
 10
295717.7138859889
 20
113813.35371387574
 30
2987.721923818114
 11
296067.7320221173
 21
113265.75521565141
 31
3040.2509840501875
  0
LINE
  5
190
330
17
100
AcDbEntity
  8
MIDDLE
100
AcDbLine
 10
296067.7320221173
 20
113265.75521565141
 30
3040.2509840501875
 11
296446.88321153226
 21
112737.90941767482
 31
3092.424863668048
  0
LINE
  5
191
330
17
100
AcDbEntity
  8
MIDDLE
100
AcDbLine
 10
296446.88321153226
 20
112737.90941767482
 30
3092.424863668048
 11
296854.05533846834
 21
112231.36458261807
 31
3144.2112735249502
  0
LINE
  5
192
330
17
100
AcDbEntity
  8
MIDDLE
100
AcDbLine
 10
296854.05533846834
 20
112231.36458261807
 30
3144.2112735249502
 11
297288.05409692245
 21
111747.60649375893
 31
3195.5779244741484
  0
LINE
  5
193
330
17
100
AcDbEntity
  8
MIDDLE
100
AcDbLine
 10
297288.05409692245
 20
111747.60649375893
 30
3195.5779244741484
 11
297747.6064937589
 21
111288.05409692242
 31
3246.492527368896
  0
LINE
  5
194
330
17
100
AcDbEntity
  8
MIDDLE
100
AcDbLine
 10
297747.6064937589
 20
111288.05409692242
 30
3246.492527368896
 11
298231.36458261806
 21
110854.05533846836
 31
3296.922793062446
  0
LINE
  5
195
330
17
100
AcDbEntity
  8
MIDDLE
100
AcDbLine
 10
298231.36458261806
 20
110854.05533846836
 30
3296.922793062446
 11
298737.9094176748
 21
110446.88321153229
 31
3346.8364324080526
  0
LINE
  5
196
330
17
100
AcDbEntity
  8
MIDDLE
100
AcDbLine
 10
298737.9094176748
 20
110446.88321153229
 30
3346.8364324080526
 11
299265.7552156514
 21
110067.73202211731
 31
3396.20115625897
  0
LINE
  5
197
330
17
100
AcDbEntity
  8
MIDDLE
100
AcDbLine
 10
299265.7552156514
 20
110067.73202211731
 30
3396.20115625897
 11
299813.35371387575
 21
109717.71388598892
 31
3444.98467546845
  0
LINE
  5
198
330
17
100
AcDbEntity
  8
MIDDLE
100
AcDbLine
 10
299813.35371387575
 20
109717.71388598892
 30
3444.98467546845
 11
300379.0987116025
 21
109397.85546664773
 31
3493.154700889746
  0
LINE
  5
199
330
17
100
AcDbEntity
  8
MIDDLE
100
AcDbLine
 10
300379.0987116025
 20
109397.85546664773
 30
3493.154700889746
 11
300961.33078127686
 21
109109.09496394852
 31
3540.678943376113
  0
LINE
  5
19A
330
17
100
AcDbEntity
  8
MIDDLE
100
AcDbLine
 10
300961.33078127686
 20
109109.09496394852
 30
3540.678943376113
 11
301558.342135921
 21
108852.2793621985
 31
3587.5251137808023
  0
LINE
  5
19B
330
17
100
AcDbEntity
  8
MIDDLE
100
AcDbLine
 10
301558.342135921
 20
108852.2793621985
 30
3587.5251137808023
 11
302168.38163836824
 21
108628.16194580637
 31
3633.660922957071
  0
LINE
  5
19C
330
17
100
AcDbEntity
  8
MIDDLE
100
AcDbLine
 10
302168.38163836824
 20
108628.16194580637
 30
3633.660922957071
 11
302789.6599376494
 21
108437.40008976933
 31
3679.054081758172
  0
LINE
  5
19D
330
17
100
AcDbEntity
  8
MIDDLE
100
AcDbLine
 10
302789.6599376494
 20
108437.40008976933
 30
3679.054081758172
 11
303420.35471746774
 21
108280.55333147895
 31
3723.6723010373544
  0
LINE
  5
19E
330
17
100
AcDbEntity
  8
MIDDLE
100
AcDbLine
 10
303420.35471746774
 20
108280.55333147895
 30
3723.6723010373544
 11
304058.6160413668
 21
108158.08172950169
 31
3767.4832916478745
  0
LINE
  5
19F
330
17
100
AcDbEntity
  8
MIDDLE
100
AcDbLine
 10
304058.6160413668
 20
108158.08172950169
 30
3767.4832916478745
 11
304702.5717789127
 21
108070.3445141477
 31
3810.454764442987
  0
LINE
  5
1A0
330
17
100
AcDbEntity
  8
MIDDLE
100
AcDbLine
 10
304702.5717789127
 20
108070.3445141477
 30
3810.454764442987
 11
305350.33309697494
 21
108017.59903378651
 31
3852.5544302759445
  0
LINE
  5
1A1
330
17
100
AcDbEntity
  8
MIDDLE
100
AcDbLine
 10
305350.33309697494
 20
108017.59903378651
 30
3852.5544302759445
 11
306000.0
 21
108000.0
 31
3893.7500000000005
  0
LINE
  5
1A2
330
17
100
AcDbEntity
  8
MIDDLE
100
AcDbLine
 10
306000.0
 20
108000.0
 30
3893.7500000000005
 11
306649.66690302506
 21
108017.59903378651
 31
3934.009184468408
  0
LINE
  5
1A3
330
17
100
AcDbEntity
  8
MIDDLE
100
AcDbLine
 10
306649.66690302506
 20
108017.59903378651
 30
3934.009184468408
 11
307297.4282210873
 21
108070.34451414768
 31
3973.2996945344216
  0
LINE
  5
1A4
330
17
100
AcDbEntity
  8
MIDDLE
100
AcDbLine
 10
307297.4282210873
 20
108070.34451414768
 30
3973.2996945344216
 11
307941.3839586332
 21
108158.08172950169
 31
4011.5892410512934
  0
LINE
  5
1A5
330
17
100
AcDbEntity
  8
MIDDLE
100
AcDbLine
 10
307941.3839586332
 20
108158.08172950169
 30
4011.5892410512934
 11
308579.64528253226
 21
108280.55333147895
 31
4048.845534872279
  0
LINE
  5
1A6
330
17
100
AcDbEntity
  8
MIDDLE
100
AcDbLine
 10
308579.64528253226
 20
108280.55333147895
 30
4048.845534872279
 11
309210.3400623506
 21
108437.40008976933
 31
4085.03628685063
  0
LINE
  5
1A7
330
17
100
AcDbEntity
  8
MIDDLE
100
AcDbLine
 10
309210.3400623506
 20
108437.40008976933
 30
4085.03628685063
 11
309831.61836163176
 21
108628.16194580637
 31
4120.1292078396
  0
LINE
  5
1A8
330
17
100
AcDbEntity
  8
MIDDLE
100
AcDbLine
 10
309831.61836163176
 20
108628.16194580637
 30
4120.1292078396
 11
310441.65786407894
 21
108852.2793621985
 31
4154.092008692443
  0
LINE
  5
1A9
330
17
100
AcDbEntity
  8
MIDDLE
100
AcDbLine
 10
310441.65786407894
 20
108852.2793621985
 30
4154.092008692443
 11
311038.66921872314
 21
109109.09496394852
 31
4186.892400262413
  0
LINE
  5
1AA
330
17
100
AcDbEntity
  8
MIDDLE
100
AcDbLine
 10
311038.66921872314
 20
109109.09496394852
 30
4186.892400262413
 11
311620.9012883975
 21
109397.85546664773
 31
4218.4980934027635
  0
LINE
  5
1AB
330
17
100
AcDbEntity
  8
MIDDLE
100
AcDbLine
 10
311620.9012883975
 20
109397.85546664773
 30
4218.4980934027635
 11
312186.6462861243
 21
109717.71388598892
 31
4248.876798966746
  0
LINE
  5
1AC
330
17
100
AcDbEntity
  8
MIDDLE
100
AcDbLine
 10
312186.6462861243
 20
109717.71388598892
 30
4248.876798966746
 11
312734.2447843486
 21
110067.73202211731
 31
4277.996227807618
  0
LINE
  5
1AD
330
17
100
AcDbEntity
  8
MIDDLE
100
AcDbLine
 10
312734.2447843486
 20
110067.73202211731
 30
4277.996227807618
 11
313262.0905823252
 21
110446.88321153229
 31
4305.82409077863
  0
LINE
  5
1AE
330
17
100
AcDbEntity
  8
MIDDLE
100
AcDbLine
 10
313262.0905823252
 20
110446.88321153229
 30
4305.82409077863
 11
313768.63541738194
 21
110854.05533846836
 31
4332.328098733035
  0
LINE
  5
1AF
330
17
100
AcDbEntity
  8
MIDDLE
100
AcDbLine
 10
313768.63541738194
 20
110854.05533846836
 30
4332.328098733035
 11
314252.3935062411
 21
111288.05409692242
 31
4357.475962524089
  0
LINE
  5
1B0
330
17
100
AcDbEntity
  8
MIDDLE
100
AcDbLine
 10
314252.3935062411
 20
111288.05409692242
 30
4357.475962524089
 11
314711.94590307755
 21
111747.60649375893
 31
4381.235393005044
  0
LINE
  5
1B1
330
17
100
AcDbEntity
  8
MIDDLE
100
AcDbLine
 10
314711.94590307755
 20
111747.60649375893
 30
4381.235393005044
 11
315145.94466153166
 21
112231.36458261807
 31
4403.574101029152
  0
LINE
  5
1B2
330
17
100
AcDbEntity
  8
MIDDLE
100
AcDbLine
 10
315145.94466153166
 20
112231.36458261807
 30
4403.574101029152
 11
315553.11678846774
 21
112737.90941767482
 31
4424.459797449669
  0
LINE
  5
1B3
330
17
100
AcDbEntity
  8
MIDDLE
100
AcDbLine
 10
315553.11678846774
 20
112737.90941767482
 30
4424.459797449669
 11
315932.2679778827
 21
113265.75521565141
 31
4443.86019311985
  0
LINE
  5
1B4
330
17
100
AcDbEntity
  8
MIDDLE
100
AcDbLine
 10
315932.2679778827
 20
113265.75521565141
 30
4443.86019311985
 11
316282.2861140111
 21
113813.35371387574
 31
4461.742998892943
  0
LINE
  5
1B5
330
17
100
AcDbEntity
  8
MIDDLE
100
AcDbLine
 10
316282.2861140111
 20
113813.35371387574
 30
4461.742998892943
 11
316602.14453335234
 21
114379.09871160252
 31
4478.075925622207
  0
LINE
  5
1B6
330
17
100
AcDbEntity
  8
MIDDLE
100
AcDbLine
 10
316602.14453335234
 20
114379.09871160252
 30
4478.075925622207
 11
316890.90503605147
 21
114961.33078127683
 31
4492.826684160892
  0
LINE
  5
1B7
330
17
100
AcDbEntity
  8
MIDDLE
100
AcDbLine
 10
316890.90503605147
 20
114961.33078127683
 30
4492.826684160892
 11
317147.7206378015
 21
115558.34213592102
 31
4505.962985362254
  0
LINE
  5
1B8
330
17
100
AcDbEntity
  8
MIDDLE
100
AcDbLine
 10
317147.7206378015
 20
115558.34213592102
 30
4505.962985362254
 11
317371.83805419365
 21
116168.38163836823
 31
4517.452540079545
  0
LINE
  5
1B9
330
17
100
AcDbEntity
  8
MIDDLE
100
AcDbLine
 10
317371.83805419365
 20
116168.38163836823
 30
4517.452540079545
 11
317562.59991023067
 21
116789.65993764935
 31
4527.263059166017
  0
LINE
  5
1BA
330
17
100
AcDbEntity
  8
MIDDLE
100
AcDbLine
 10
317562.59991023067
 20
116789.65993764935
 30
4527.263059166017
 11
317719.4466685211
 21
117420.35471746772
 31
4535.3622534749275
  0
LINE
  5
1BB
330
17
100
AcDbEntity
  8
MIDDLE
100
AcDbLine
 10
317719.4466685211
 20
117420.35471746772
 30
4535.3622534749275
 11
317841.91827049834
 21
118058.61604136683
 31
4541.717833859527
  0
LINE
  5
1BC
330
17
100
AcDbEntity
  8
MIDDLE
100
AcDbLine
 10
317841.91827049834
 20
118058.61604136683
 30
4541.717833859527
 11
317929.65548585233
 21
118702.5717789127
 31
4546.297511173069
  0
LINE
  5
1BD
330
17
100
AcDbEntity
  8
MIDDLE
100
AcDbLine
 10
317929.65548585233
 20
118702.5717789127
 30
4546.297511173069
 11
317982.4009662135
 21
119350.333096975
 31
4549.068996268809
  0
LINE
  5
1BE
330
17
100
AcDbEntity
  8
MIDDLE
100
AcDbLine
 10
317982.4009662135
 20
119350.333096975
 30
4549.068996268809
 11
318000.0
 21
120000.0
 31
4550.0
  0
LINE
  5
1BF
330
17
100
AcDbEntity
  8
MIDDLE
100
AcDbLine
 10
318000.0
 20
120000.0
 30
4550.0
 11
318000.0
 21
120642.85714285714
 31
4550.0
  0
LINE
  5
1C0
330
17
100
AcDbEntity
  8
MIDDLE
100
AcDbLine
 10
318000.0
 20
120642.85714285714
 30
4550.0
 11
318000.0
 21
121285.71428571429
 31
4550.0
  0
LINE
  5
1C1
330
17
100
AcDbEntity
  8
MIDDLE
100
AcDbLine
 10
318000.0
 20
121285.71428571429
 30
4550.0
 11
318000.0
 21
121928.57142857143
 31
4550.0
  0
LINE
  5
1C2
330
17
100
AcDbEntity
  8
MIDDLE
100
AcDbLine
 10
318000.0
 20
121928.57142857143
 30
4550.0
 11
318000.0
 21
122571.42857142857
 31
4550.0
  0
LINE
  5
1C3
330
17
100
AcDbEntity
  8
MIDDLE
100
AcDbLine
 10
318000.0
 20
122571.42857142857
 30
4550.0
 11
318000.0
 21
123214.28571428571
 31
4550.0
  0
LINE
  5
1C4
330
17
100
AcDbEntity
  8
MIDDLE
100
AcDbLine
 10
318000.0
 20
123214.28571428571
 30
4550.0
 11
318000.0
 21
123857.14285714286
 31
4550.0
  0
LINE
  5
1C5
330
17
100
AcDbEntity
  8
MIDDLE
100
AcDbLine
 10
318000.0
 20
123857.14285714286
 30
4550.0
 11
318000.0
 21
124500.0
 31
4550.0
  0
LINE
  5
1C6
330
17
100
AcDbEntity
  8
MIDDLE
100
AcDbLine
 10
318000.0
 20
124500.0
 30
4550.0
 11
318000.0
 21
125142.85714285714
 31
4550.0
  0
LINE
  5
1C7
330
17
100
AcDbEntity
  8
MIDDLE
100
AcDbLine
 10
318000.0
 20
125142.85714285714
 30
4550.0
 11
318000.0
 21
125785.71428571429
 31
4550.0
  0
LINE
  5
1C8
330
17
100
AcDbEntity
  8
MIDDLE
100
AcDbLine
 10
318000.0
 20
125785.71428571429
 30
4550.0
 11
318000.0
 21
126428.57142857143
 31
4550.0
  0
LINE
  5
1C9
330
17
100
AcDbEntity
  8
MIDDLE
100
AcDbLine
 10
318000.0
 20
126428.57142857143
 30
4550.0
 11
318000.0
 21
127071.42857142857
 31
4550.0
  0
LINE
  5
1CA
330
17
100
AcDbEntity
  8
MIDDLE
100
AcDbLine
 10
318000.0
 20
127071.42857142857
 30
4550.0
 11
318000.0
 21
127714.28571428571
 31
4550.0
  0
LINE
  5
1CB
330
17
100
AcDbEntity
  8
MIDDLE
100
AcDbLine
 10
318000.0
 20
127714.28571428571
 30
4550.0
 11
318000.0
 21
128357.14285714286
 31
4550.0
  0
LINE
  5
1CC
330
17
100
AcDbEntity
  8
MIDDLE
100
AcDbLine
 10
318000.0
 20
128357.14285714286
 30
4550.0
 11
318000.0
 21
129000.0
 31
4550.0
  0
LINE
  5
1CD
330
17
100
AcDbEntity
  8
MIDDLE
100
AcDbLine
 10
318000.0
 20
129000.0
 30
4550.0
 11
318000.0
 21
129642.85714285714
 31
4550.0
  0
LINE
  5
1CE
330
17
100
AcDbEntity
  8
MIDDLE
100
AcDbLine
 10
318000.0
 20
129642.85714285714
 30
4550.0
 11
318000.0
 21
130285.71428571428
 31
4550.0
  0
LINE
  5
1CF
330
17
100
AcDbEntity
  8
MIDDLE
100
AcDbLine
 10
318000.0
 20
130285.71428571428
 30
4550.0
 11
318000.0
 21
130928.57142857142
 31
4550.0
  0
LINE
  5
1D0
330
17
100
AcDbEntity
  8
MIDDLE
100
AcDbLine
 10
318000.0
 20
130928.57142857142
 30
4550.0
 11
318000.0
 21
131571.42857142858
 31
4550.0
  0
LINE
  5
1D1
330
17
100
AcDbEntity
  8
MIDDLE
100
AcDbLine
 10
318000.0
 20
131571.42857142858
 30
4550.0
 11
318000.0
 21
132214.2857142857
 31
4550.0
  0
LINE
  5
1D2
330
17
100
AcDbEntity
  8
MIDDLE
100
AcDbLine
 10
318000.0
 20
132214.2857142857
 30
4550.0
 11
318000.0
 21
132857.14285714287
 31
4550.0
  0
LINE
  5
1D3
330
17
100
AcDbEntity
  8
MIDDLE
100
AcDbLine
 10
318000.0
 20
132857.14285714287
 30
4550.0
 11
318000.0
 21
133500.0
 31
4550.0
  0
LINE
  5
1D4
330
17
100
AcDbEntity
  8
MIDDLE
100
AcDbLine
 10
318000.0
 20
133500.0
 30
4550.0
 11
318000.0
 21
134142.85714285713
 31
4550.0
  0
LINE
  5
1D5
330
17
100
AcDbEntity
  8
MIDDLE
100
AcDbLine
 10
318000.0
 20
134142.85714285713
 30
4550.0
 11
318000.0
 21
134785.7142857143
 31
4550.0
  0
LINE
  5
1D6
330
17
100
AcDbEntity
  8
MIDDLE
100
AcDbLine
 10
318000.0
 20
134785.7142857143
 30
4550.0
 11
318000.0
 21
135428.57142857142
 31
4550.0
  0
LINE
  5
1D7
330
17
100
AcDbEntity
  8
MIDDLE
100
AcDbLine
 10
318000.0
 20
135428.57142857142
 30
4550.0
 11
318000.0
 21
136071.42857142858
 31
4550.0
  0
LINE
  5
1D8
330
17
100
AcDbEntity
  8
MIDDLE
100
AcDbLine
 10
318000.0
 20
136071.42857142858
 30
4550.0
 11
318000.0
 21
136714.2857142857
 31
4550.0
  0
LINE
  5
1D9
330
17
100
AcDbEntity
  8
MIDDLE
100
AcDbLine
 10
318000.0
 20
136714.2857142857
 30
4550.0
 11
318000.0
 21
137357.14285714287
 31
4550.0
  0
LINE
  5
1DA
330
17
100
AcDbEntity
  8
MIDDLE
100
AcDbLine
 10
318000.0
 20
137357.14285714287
 30
4550.0
 11
318000.0
 21
138000.0
 31
4550.0
  0
LINE
  5
1DB
330
17
100
AcDbEntity
  8
MIDDLE
100
AcDbLine
 10
318000.0
 20
138000.0
 30
4550.0
 11
317975.338669865
 21
138627.67276582276
 31
4550.0
  0
LINE
  5
1DC
330
17
100
AcDbEntity
  8
MIDDLE
100
AcDbLine
 10
317975.338669865
 20
138627.67276582276
 30
4550.0
 11
317901.50672476116
 21
139251.47572032185
 31
4550.0
  0
LINE
  5
1DD
330
17
100
AcDbEntity
  8
MIDDLE
100
AcDbLine
 10
317901.50672476116
 20
139251.47572032185
 30
4550.0
 11
317778.9593631814
 21
139867.56291084725
 31
4550.0
  0
LINE
  5
1DE
330
17
100
AcDbEntity
  8
MIDDLE
100
AcDbLine
 10
317778.9593631814
 20
139867.56291084725
 30
4550.0
 11
317608.4521303612
 21
140472.13595499957
 31
4550.0
  0
LINE
  5
1DF
330
17
100
AcDbEntity
  8
MIDDLE
100
AcDbLine
 10
317608.4521303612
 20
140472.13595499957
 30
4550.0
 11
317391.0362600903
 21
141061.46745892073
 31
4550.0
  0
LINE
  5
1E0
330
17
100
AcDbEntity
  8
MIDDLE
100
AcDbLine
 10
317391.0362600903
 20
141061.46745892073
 30
4550.0
 11
317128.05219350697
 21
141631.92399791637
 31
4550.0
  0
LINE
  5
1E1
330
17
100
AcDbEntity
  8
MIDDLE
100
AcDbLine
 10
317128.05219350697
 20
141631.92399791637
 30
4550.0
 11
316821.12131483277
 21
142179.9885177276
 31
4550.0
  0
LINE
  5
1E2
330
17
100
AcDbEntity
  8
MIDDLE
100
AcDbLine
 10
316821.12131483277
 20
142179.9885177276
 30
4550.0
 11
316472.13595499954
 21
142702.28201833979
 31
4550.0
  0
LINE
  5
1E3
330
17
100
AcDbEntity
  8
MIDDLE
100
AcDbLine
 10
316472.13595499954
 20
142702.28201833979
 30
4550.0
 11
316083.24772480025
 21
143195.58438664145
 31
4550.0
  0
LINE
  5
1E4
330
17
100
AcDbEntity
  8
MIDDLE
100
AcDbLine
 10
316083.24772480025
 20
143195.58438664145
 30
4550.0
 11
315656.85424949235
 21
143656.85424949237
 31
4550.0
  0
LINE
  5
1E5
330
17
100
AcDbEntity
  8
MIDDLE
100
AcDbLine
 10
315656.85424949235
 20
143656.85424949237
 30
4550.0
 11
315195.5843866415
 21
144083.24772480025
 31
4550.0
  0
LINE
  5
1E6
330
17
100
AcDbEntity
  8
MIDDLE
100
AcDbLine
 10
315195.5843866415
 20
144083.24772480025
 30
4550.0
 11
314702.28201833984
 21
144472.13595499957
 31
4550.0
  0
LINE
  5
1E7
330
17
100
AcDbEntity
  8
MIDDLE
100
AcDbLine
 10
314702.28201833984
 20
144472.13595499957
 30
4550.0
 11
314179.9885177276
 21
144821.12131483274
 31
4550.0
  0
LINE
  5
1E8
330
17
100
AcDbEntity
  8
MIDDLE
100
AcDbLine
 10
314179.9885177276
 20
144821.12131483274
 30
4550.0
 11
313631.9239979164
 21
145128.05219350694
 31
4550.0
  0
LINE
  5
1E9
330
17
100
AcDbEntity
  8
MIDDLE
100
AcDbLine
 10
313631.9239979164
 20
145128.05219350694
 30
4550.0
 11
313061.4674589207
 21
145391.0362600903
 31
4550.0
  0
LINE
  5
1EA
330
17
100
AcDbEntity
  8
MIDDLE
100
AcDbLine
 10
313061.4674589207
 20
145391.0362600903
 30
4550.0
 11
312472.13595499954
 21
145608.45213036123
 31
4550.0
  0
LINE
  5
1EB
330
17
100
AcDbEntity
  8
MIDDLE
100
AcDbLine
 10
312472.13595499954
 20
145608.45213036123
 30
4550.0
 11
311867.56291084725
 21
145778.9593631814
 31
4550.0
  0
LINE
  5
1EC
330
17
100
AcDbEntity
  8
MIDDLE
100
AcDbLine
 10
311867.56291084725
 20
145778.9593631814
 30
4550.0
 11
311251.4757203219
 21
145901.5067247611
 31
4550.0
  0
LINE
  5
1ED
330
17
100
AcDbEntity
  8
MIDDLE
100
AcDbLine
 10
311251.4757203219
 20
145901.5067247611
 30
4550.0
 11
310627.67276582273
 21
145975.338669865
 31
4550.0
  0
LINE
  5
1EE
330
17
100
AcDbEntity
  8
MIDDLE
100
AcDbLine
 10
310627.67276582273
 20
145975.338669865
 30
4550.0
 11
310000.0
 21
146000.0
 31
4550.0
  0
LINE
  5
1EF
330
17
100
AcDbEntity
  8
MIDDLE
100
AcDbLine
 10
310000.0
 20
146000.0
 30
4550.0
 11
309355.47299191245
 21
146000.0
 31
4550.0
  0
LINE
  5
1F0
330
17
100
AcDbEntity
  8
MIDDLE
100
AcDbLine
 10
309355.47299191245
 20
146000.0
 30
4550.0
 11
308710.9459838249
 21
146000.0
 31
4550.0
  0
LINE
  5
1F1
330
17
100
AcDbEntity
  8
MIDDLE
100
AcDbLine
 10
308710.9459838249
 20
146000.0
 30
4550.0
 11
308066.41897573735
 21
146000.0
 31
4550.0
  0
LINE
  5
1F2
330
17
100
AcDbEntity
  8
MIDDLE
100
AcDbLine
 10
308066.41897573735
 20
146000.0
 30
4550.0
 11
307421.8919676498
 21
146000.0
 31
4550.0
  0
LINE
  5
1F3
330
17
100
AcDbEntity
  8
MIDDLE
100
AcDbLine
 10
307421.8919676498
 20
146000.0
 30
4550.0
 11
306777.36495956226
 21
146000.0
 31
4550.0
  0
LINE
  5
1F4
330
17
100
AcDbEntity
  8
MIDDLE
100
AcDbLine
 10
306777.36495956226
 20
146000.0
 30
4550.0
 11
306132.8379514747
 21
146000.0
 31
4550.0
  0
LINE
  5
1F5
330
17
100
AcDbEntity
  8
MIDDLE
100
AcDbLine
 10
306132.8379514747
 20
146000.0
 30
4550.0
 11
305488.3109433872
 21
146000.0
 31
4550.0
  0
LINE
  5
1F6
330
17
100
AcDbEntity
  8
MIDDLE
100
AcDbLine
 10
305488.3109433872
 20
146000.0
 30
4550.0
 11
304843.7839352996
 21
146000.0
 31
4550.0
  0
LINE
  5
1F7
330
17
100
AcDbEntity
  8
MIDDLE
100
AcDbLine
 10
304843.7839352996
 20
146000.0
 30
4550.0
 11
304199.2569272121
 21
146000.0
 31
4550.0
  0
LINE
  5
1F8
330
17
100
AcDbEntity
  8
MIDDLE
100
AcDbLine
 10
304199.2569272121
 20
146000.0
 30
4550.0
 11
303554.7299191245
 21
146000.0
 31
4550.0
  0
LINE
  5
1F9
330
17
100
AcDbEntity
  8
MIDDLE
100
AcDbLine
 10
303554.7299191245
 20
146000.0
 30
4550.0
 11
302910.202911037
 21
146000.0
 31
4550.0
  0
LINE
  5
1FA
330
17
100
AcDbEntity
  8
MIDDLE
100
AcDbLine
 10
302910.202911037
 20
146000.0
 30
4550.0
 11
302265.6759029495
 21
146000.0
 31
4550.0
  0
LINE
  5
1FB
330
17
100
AcDbEntity
  8
MIDDLE
100
AcDbLine
 10
302265.6759029495
 20
146000.0
 30
4550.0
 11
301621.1488948619
 21
146000.0
 31
4550.0
  0
LINE
  5
1FC
330
17
100
AcDbEntity
  8
MIDDLE
100
AcDbLine
 10
301621.1488948619
 20
146000.0
 30
4550.0
 11
300976.6218867744
 21
146000.0
 31
4550.0
  0
LINE
  5
1FD
330
17
100
AcDbEntity
  8
MIDDLE
100
AcDbLine
 10
300976.6218867744
 20
146000.0
 30
4550.0
 11
300332.0948786868
 21
146000.0
 31
4550.0
  0
LINE
  5
1FE
330
17
100
AcDbEntity
  8
MIDDLE
100
AcDbLine
 10
300332.0948786868
 20
146000.0
 30
4550.0
 11
299687.5678705993
 21
146000.0
 31
4550.0
  0
LINE
  5
1FF
330
17
100
AcDbEntity
  8
MIDDLE
100
AcDbLine
 10
299687.5678705993
 20
146000.0
 30
4550.0
 11
299043.0408625117
 21
146000.0
 31
4550.0
  0
LINE
  5
200
330
17
100
AcDbEntity
  8
MIDDLE
100
AcDbLine
 10
299043.0408625117
 20
146000.0
 30
4550.0
 11
298398.5138544242
 21
146000.0
 31
4550.0
  0
LINE
  5
201
330
17
100
AcDbEntity
  8
MIDDLE
100
AcDbLine
 10
298398.5138544242
 20
146000.0
 30
4550.0
 11
297753.98684633663
 21
146000.0
 31
4550.0
  0
LINE
  5
202
330
17
100
AcDbEntity
  8
MIDDLE
100
AcDbLine
 10
297753.98684633663
 20
146000.0
 30
4550.0
 11
297109.4598382491
 21
146000.0
 31
4550.0
  0
LINE
  5
203
330
17
100
AcDbEntity
  8
MIDDLE
100
AcDbLine
 10
297109.4598382491
 20
146000.0
 30
4550.0
 11
296464.9328301615
 21
146000.0
 31
4550.0
  0
LINE
  5
204
330
17
100
AcDbEntity
  8
MIDDLE
100
AcDbLine
 10
296464.9328301615
 20
146000.0
 30
4550.0
 11
295820.4058220739
 21
146000.0
 31
4550.0
  0
LINE
  5
205
330
17
100
AcDbEntity
  8
MIDDLE
100
AcDbLine
 10
295820.4058220739
 20
146000.0
 30
4550.0
 11
295175.8788139864
 21
146000.0
 31
4550.0
  0
LINE
  5
206
330
17
100
AcDbEntity
  8
MIDDLE
100
AcDbLine
 10
295175.8788139864
 20
146000.0
 30
4550.0
 11
294531.3518058989
 21
146000.0
 31
4550.0
  0
LINE
  5
207
330
17
100
AcDbEntity
  8
MIDDLE
100
AcDbLine
 10
294531.3518058989
 20
146000.0
 30
4550.0
 11
293886.8247978113
 21
146000.0
 31
4550.0
  0
LINE
  5
208
330
17
100
AcDbEntity
  8
MIDDLE
100
AcDbLine
 10
293886.8247978113
 20
146000.0
 30
4550.0
 11
293242.2977897238
 21
146000.0
 31
4550.0
  0
LINE
  5
209
330
17
100
AcDbEntity
  8
MIDDLE
100
AcDbLine
 10
293242.2977897238
 20
146000.0
 30
4550.0
 11
292597.7707816362
 21
146000.0
 31
4550.0
  0
LINE
  5
20A
330
17
100
AcDbEntity
  8
MIDDLE
100
AcDbLine
 10
292597.7707816362
 20
146000.0
 30
4550.0
 11
291953.2437735487
 21
146000.0
 31
4550.0
  0
LINE
  5
20B
330
17
100
AcDbEntity
  8
MIDDLE
100
AcDbLine
 10
291953.2437735487
 20
146000.0
 30
4550.0
 11
291308.7167654611
 21
146000.0
 31
4550.0
  0
LINE
  5
20C
330
17
100
AcDbEntity
  8
MIDDLE
100
AcDbLine
 10
291308.7167654611
 20
146000.0
 30
4550.0
 11
290664.1897573736
 21
146000.0
 31
4550.0
  0
LINE
  5
20D
330
17
100
AcDbEntity
  8
MIDDLE
100
AcDbLine
 10
290664.1897573736
 20
146000.0
 30
4550.0
 11
290019.66274928604
 21
146000.0
 31
4550.0
  0
LINE
  5
20E
330
17
100
AcDbEntity
  8
MIDDLE
100
AcDbLine
 10
290019.66274928604
 20
146000.0
 30
4550.0
 11
289375.1357411985
 21
146000.0
 31
4550.0
  0
LINE
  5
20F
330
17
100
AcDbEntity
  8
MIDDLE
100
AcDbLine
 10
289375.1357411985
 20
146000.0
 30
4550.0
 11
288730.60873311094
 21
146000.0
 31
4550.0
  0
LINE
  5
210
330
17
100
AcDbEntity
  8
MIDDLE
100
AcDbLine
 10
288730.60873311094
 20
146000.0
 30
4550.0
 11
288086.0817250234
 21
146000.0
 31
4550.0
  0
LINE
  5
211
330
17
100
AcDbEntity
  8
MIDDLE
100
AcDbLine
 10
288086.0817250234
 20
146000.0
 30
4550.0
 11
287441.55471693585
 21
146000.0
 31
4550.0
  0
LINE
  5
212
330
17
100
AcDbEntity
  8
MIDDLE
100
AcDbLine
 10
287441.55471693585
 20
146000.0
 30
4550.0
 11
286832.43552252074
 21
145984.5306043664
 31
4550.0
  0
LINE
  5
213
330
17
100
AcDbEntity
  8
MIDDLE
100
AcDbLine
 10
286832.43552252074
 20
145984.5306043664
 30
4550.0
 11
286224.88677907345
 21
145938.16230116584
 31
4550.0
  0
LINE
  5
214
330
17
100
AcDbEntity
  8
MIDDLE
100
AcDbLine
 10
286224.88677907345
 20
145938.16230116584
 30
4550.0
 11
285620.47488857375
 21
145861.01463866953
 31
4550.0
  0
LINE
  5
215
330
17
100
AcDbEntity
  8
MIDDLE
100
AcDbLine
 10
285620.47488857375
 20
145861.01463866953
 30
4550.0
 11
285020.7581654649
 21
145753.28652149628
 31
4550.0
  0
LINE
  5
216
330
17
100
AcDbEntity
  8
MIDDLE
100
AcDbLine
 10
285020.7581654649
 20
145753.28652149628
 30
4550.0
 11
284427.28281895653
 21
145615.2556977904
 31
4550.0
  0
LINE
  5
217
330
17
100
AcDbEntity
  8
MIDDLE
100
AcDbLine
 10
284427.28281895653
 20
145615.2556977904
 30
4550.0
 11
283841.5789665377
 21
145447.27804312212
 31
4550.0
  0
LINE
  5
218
330
17
100
AcDbEntity
  8
MIDDLE
100
AcDbLine
 10
283841.5789665377
 20
145447.27804312212
 30
4550.0
 11
283265.1566889779
 21
145249.78664295768
 31
4550.0
  0
LINE
  5
219
330
17
100
AcDbEntity
  8
MIDDLE
100
AcDbLine
 10
283265.1566889779
 20
145249.78664295768
 30
4550.0
 11
282699.50213698775
 21
145023.29067606435
 31
4550.0
  0
LINE
  5
21A
330
17
100
AcDbEntity
  8
MIDDLE
100
AcDbLine
 10
282699.50213698775
 20
145023.29067606435
 30
4550.0
 11
282146.07369957666
 21
144768.37410172904
 31
4550.0
  0
LINE
  5
21B
330
17
100
AcDbEntity
  8
MIDDLE
100
AcDbLine
 10
282146.07369957666
 20
144768.37410172904
 30
4550.0
 11
281606.2982439869
 21
144485.69415417535
 31
4550.0
  0
LINE
  5
21C
330
17
100
AcDbEntity
  8
MIDDLE
100
AcDbLine
 10
281606.2982439869
 20
144485.69415417535
 30
4550.0
 11
281081.56743689766
 21
144175.97964806107
 31
4550.0
  0
LINE
  5
21D
330
17
100
AcDbEntity
  8
MIDDLE
100
AcDbLine
 10
281081.56743689766
 20
144175.97964806107
 30
4550.0
 11
280572.8920178815
 21
143858.05751117595
 31
4550.0
  0
LINE
  5
21E
330
17
100
AcDbEntity
  8
MIDDLE
100
AcDbLine
 10
280572.8920178815
 20
143858.05751117595
 30
4550.0
 11
280064.21659886534
 21
143540.13537429087
 31
4550.0
  0
LINE
  5
21F
330
17
100
AcDbEntity
  8
MIDDLE
100
AcDbLine
 10
280064.21659886534
 20
143540.13537429087
 30
4550.0
 11
279555.5411798492
 21
143222.21323740575
 31
4550.0
  0
LINE
  5
220
330
17
100
AcDbEntity
  8
MIDDLE
100
AcDbLine
 10
279555.5411798492
 20
143222.21323740575
 30
4550.0
 11
279046.865760833
 21
142904.29110052064
 31
4550.0
  0
LINE
  5
221
330
17
100
AcDbEntity
  8
MIDDLE
100
AcDbLine
 10
279046.865760833
 20
142904.29110052064
 30
4550.0
 11
278538.19034181687
 21
142586.36896363556
 31
4550.0
  0
LINE
  5
222
330
17
100
AcDbEntity
  8
MIDDLE
100
AcDbLine
 10
278538.19034181687
 20
142586.36896363556
 30
4550.0
 11
278029.51492280065
 21
142268.44682675044
 31
4550.0
  0
LINE
  5
223
330
17
100
AcDbEntity
  8
MIDDLE
100
AcDbLine
 10
278029.51492280065
 20
142268.44682675044
 30
4550.0
 11
277520.8395037845
 21
141950.52468986533
 31
4550.0
  0
LINE
  5
224
330
17
100
AcDbEntity
  8
MIDDLE
100
AcDbLine
 10
277520.8395037845
 20
141950.52468986533
 30
4550.0
 11
277012.16408476833
 21
141632.6025529802
 31
4550.0
  0
LINE
  5
225
330
17
100
AcDbEntity
  8
MIDDLE
100
AcDbLine
 10
277012.16408476833
 20
141632.6025529802
 30
4550.0
 11
276503.4886657522
 21
141314.68041609513
 31
4550.0
  0
LINE
  5
226
330
17
100
AcDbEntity
  8
MIDDLE
100
AcDbLine
 10
276503.4886657522
 20
141314.68041609513
 30
4550.0
 11
275994.81324673607
 21
140996.75827921001
 31
4550.0
  0
LINE
  5
227
330
17
100
AcDbEntity
  8
MIDDLE
100
AcDbLine
 10
275994.81324673607
 20
140996.75827921001
 30
4550.0
 11
275486.13782771985
 21
140678.8361423249
 31
4550.0
  0
LINE
  5
228
330
17
100
AcDbEntity
  8
MIDDLE
100
AcDbLine
 10
275486.13782771985
 20
140678.8361423249
 30
4550.0
 11
274977.4624087037
 21
140360.91400543982
 31
4550.0
  0
LINE
  5
229
330
17
100
AcDbEntity
  8
MIDDLE
100
AcDbLine
 10
274977.4624087037
 20
140360.91400543982
 30
4550.0
 11
274437.16987003153
 21
140042.55455485743
 31
4550.0
  0
LINE
  5
22A
330
17
100
AcDbEntity
  8
MIDDLE
100
AcDbLine
 10
274437.16987003153
 20
140042.55455485743
 30
4550.0
 11
273880.9835523598
 21
139752.8554917685
 31
4550.0
  0
LINE
  5
22B
330
17
100
AcDbEntity
  8
MIDDLE
100
AcDbLine
 10
273880.9835523598
 20
139752.8554917685
 30
4550.0
 11
273310.4224189344
 21
139492.60799390488
 31
4550.0
  0
LINE
  5
22C
330
17
100
AcDbEntity
  8
MIDDLE
100
AcDbLine
 10
273310.4224189344
 20
139492.60799390488
 30
4550.0
 11
272727.0446910994
 21
139262.52280579865
 31
4550.0
  0
LINE
  5
22D
330
17
100
AcDbEntity
  8
MIDDLE
100
AcDbLine
 10
272727.0446910994
 20
139262.52280579865
 30
4550.0
 11
272132.44359274197
 21
139063.22829771557
 31
4550.0
  0
LINE
  5
22E
330
17
100
AcDbEntity
  8
MIDDLE
100
AcDbLine
 10
272132.44359274197
 20
139063.22829771557
 30
4550.0
 11
271528.24299914617
 21
138895.2687495548
 31
4550.0
  0
LINE
  5
22F
330
17
100
AcDbEntity
  8
MIDDLE
100
AcDbLine
 10
271528.24299914617
 20
138895.2687495548
 30
4550.0
 11
270916.0930021351
 21
138759.10286440267
 31
4550.0
  0
LINE
  5
230
330
17
100
AcDbEntity
  8
MIDDLE
100
AcDbLine
 10
270916.0930021351
 20
138759.10286440267
 30
4550.0
 11
270297.66540361586
 21
138655.10251579934
 31
4550.0
  0
LINE
  5
231
330
17
100
AcDbEntity
  8
MIDDLE
100
AcDbLine
 10
270297.66540361586
 20
138655.10251579934
 30
4550.0
 11
269674.6491498331
 21
138583.55173213978
 31
4550.0
  0
LINE
  5
232
330
17
100
AcDbEntity
  8
MIDDLE
100
AcDbLine
 10
269674.6491498331
 20
138583.55173213978
 30
4550.0
 11
269048.74571880064
 21
138544.64592098282
 31
4550.0
  0
LINE
  5
233
330
17
100
AcDbEntity
  8
MIDDLE
100
AcDbLine
 10
269048.74571880064
 20
138544.64592098282
 30
4550.0
 11
268421.6644735094
 21
138538.4913353867
 31
4550.0
  0
LINE
  5
234
330
17
100
AcDbEntity
  8
MIDDLE
100
AcDbLine
 10
268421.6644735094
 20
138538.4913353867
 30
4550.0
 11
267795.1179935997
 21
138565.1047837285
 31
4550.0
  0
LINE
  5
235
330
17
100
AcDbEntity
  8
MIDDLE
100
AcDbLine
 10
267795.1179935997
 20
138565.1047837285
 30
4550.0
 11
267170.8173982499
 21
138624.41358379964
 31
4550.0
  0
LINE
  5
236
330
17
100
AcDbEntity
  8
MIDDLE
100
AcDbLine
 10
267170.8173982499
 20
138624.41358379964
 30
4550.0
 11
266550.4676730536
 21
138716.25576130382
 31
4550.0
  0
LINE
  5
237
330
17
100
AcDbEntity
  8
MIDDLE
100
AcDbLine
 10
266550.4676730536
 20
138716.25576130382
 30
4550.0
 11
265935.7630136468
 21
138840.3804922138
 31
4550.0
  0
LINE
  5
238
330
17
100
AcDbEntity
  8
MIDDLE
100
AcDbLine
 10
265935.7630136468
 20
138840.3804922138
 30
4550.0
 11
265328.38219880423
 21
138996.4487877803
 31
4550.0
  0
LINE
  5
239
330
17
100
AcDbEntity
  8
MIDDLE
100
AcDbLine
 10
265328.38219880423
 20
138996.4487877803
 30
4550.0
 11
264729.98400563846
 21
139184.0344203215
 31
4550.0
  0
LINE
  5
23A
330
17
100
AcDbEntity
  8
MIDDLE
100
AcDbLine
 10
264729.98400563846
 20
139184.0344203215
 30
4550.0
 11
264142.2026794251
 21
139402.62508726493
 31
4550.0
  0
LINE
  5
23B
330
17
100
AcDbEntity
  8
MIDDLE
100
AcDbLine
 10
264142.2026794251
 20
139402.62508726493
 30
4550.0
 11
263566.6434704245
 21
139651.62381026268
 31
4550.0
  0
LINE
  5
23C
330
17
100
AcDbEntity
  8
MIDDLE
100
AcDbLine
 10
263566.6434704245
 20
139651.62381026268
 30
4550.0
 11
263004.8782498904
 21
139930.3505655592
 31
4550.0
  0
LINE
  5
23D
330
17
100
AcDbEntity
  8
MIDDLE
100
AcDbLine
 10
263004.8782498904
 20
139930.3505655592
 30
4550.0
 11
262458.44121723715
 21
140238.04414115843
 31
4550.0
  0
LINE
  5
23E
330
17
100
AcDbEntity
  8
MIDDLE
100
AcDbLine
 10
262458.44121723715
 20
140238.04414115843
 30
4550.0
 11
261928.8247100909
 21
140573.86421571934
 31
4550.0
  0
LINE
  5
23F
330
17
100
AcDbEntity
  8
MIDDLE
100
AcDbLine
 10
261928.8247100909
 20
140573.86421571934
 30
4550.0
 11
261417.4751286655
 21
140936.89365350085
 31
4550.0
  0
LINE
  5
240
330
17
100
AcDbEntity
  8
MIDDLE
100
AcDbLine
 10
261417.4751286655
 20
140936.89365350085
 30
4550.0
 11
260973.98010293243
 21
141269.51492280068
 31
4550.0
  0
LINE
  5
241
330
17
100
AcDbEntity
  8
MIDDLE
100
AcDbLine
 10
260973.98010293243
 20
141269.51492280068
 30
4550.0
 11
260530.48507719932
 21
141602.13619210053
 31
4550.0
  0
LINE
  5
242
330
17
100
AcDbEntity
  8
MIDDLE
100
AcDbLine
 10
260530.48507719932
 20
141602.13619210053
 30
4550.0
 11
260086.99005146621
 21
141934.75746140032
 31
4550.0
  0
LINE
  5
243
330
17
100
AcDbEntity
  8
MIDDLE
100
AcDbLine
 10
260086.99005146621
 20
141934.75746140032
 30
4550.0
 11
259643.4950257331
 21
142267.37873070015
 31
4550.0
  0
LINE
  5
244
330
17
100
AcDbEntity
  8
MIDDLE
100
AcDbLine
 10
259643.4950257331
 20
142267.37873070015
 30
4550.0
 11
259200.0
 21
142600.0
 31
4550.0
  0
LINE
  5
245
330
17
100
AcDbEntity
  8
MIDDLE
100
AcDbLine
 10
259200.0
 20
142600.0
 30
4550.0
 11
258675.09594737977
 21
142972.11582831218
 31
4550.0
  0
LINE
  5
246
330
17
100
AcDbEntity
  8
MIDDLE
100
AcDbLine
 10
258675.09594737977
 20
142972.11582831218
 30
4550.0
 11
258131.00125098834
 21
143315.56220767339
 31
4550.0
  0
LINE
  5
247
330
17
100
AcDbEntity
  8
MIDDLE
100
AcDbLine
 10
258131.00125098834
 20
143315.56220767339
 30
4550.0
 11
257569.28016212312
 21
143629.35174297012
 31
4550.0
  0
LINE
  5
248
330
17
100
AcDbEntity
  8
MIDDLE
100
AcDbLine
 10
257569.28016212312
 20
143629.35174297012
 30
4550.0
 11
256991.54760728113
 21
143912.58230137333
 31
4550.0
  0
LINE
  5
249
330
17
100
AcDbEntity
  8
MIDDLE
100
AcDbLine
 10
256991.54760728113
 20
143912.58230137333
 30
4550.0
 11
256399.4645453073
 21
144164.43960593562
 31
4550.0
  0
LINE
  5
24A
330
17
100
AcDbEntity
  8
MIDDLE
100
AcDbLine
 10
256399.4645453073
 20
144164.43960593562
 30
4550.0
 11
255794.73319220205
 21
144384.19957660616
 31
4550.0
  0
LINE
  5
24B
330
17
100
AcDbEntity
  8
MIDDLE
100
AcDbLine
 10
255794.73319220205
 20
144384.19957660616
 30
4550.0
 11
255179.09212731553
 21
144571.23041193286
 31
4550.0
  0
LINE
  5
24C
330
17
100
AcDbEntity
  8
MIDDLE
100
AcDbLine
 10
255179.09212731553
 20
144571.23041193286
 30
4550.0
 11
254554.31129499915
 21
144724.99440546733
 31
4550.0
  0
LINE
  5
24D
330
17
100
AcDbEntity
  8
MIDDLE
100
AcDbLine
 10
254554.31129499915
 20
144724.99440546733
 30
4550.0
 11
253922.1869160836
 21
144845.04949164996
 31
4550.0
  0
LINE
  5
24E
330
17
100
AcDbEntity
  8
MIDDLE
100
AcDbLine
 10
253922.1869160836
 20
144845.04949164996
 30
4550.0
 11
253284.53632381343
 21
144931.05051673172
 31
4550.0
  0
LINE
  5
24F
330
17
100
AcDbEntity
  8
MIDDLE
100
AcDbLine
 10
253284.53632381343
 20
144931.05051673172
 30
4550.0
 11
252643.19273908352
 21
144982.7502310776
 31
4550.0
  0
LINE
  5
250
330
17
100
AcDbEntity
  8
MIDDLE
100
AcDbLine
 10
252643.19273908352
 20
144982.7502310776
 30
4550.0
 11
252000.0
 21
145000.0
 31
4550.0
  0
LINE
  5
251
330
17
100
AcDbEntity
  8
MIDDLE
100
AcDbLine
 10
252000.0
 20
145000.0
 30
4550.0
 11
251356.80726091648
 21
144982.7502310776
 31
4550.0
  0
LINE
  5
252
330
17
100
AcDbEntity
  8
MIDDLE
100
AcDbLine
 10
251356.80726091648
 20
144982.7502310776
 30
4550.0
 11
250715.46367618657
 21
144931.05051673172
 31
4550.0
  0
LINE
  5
253
330
17
100
AcDbEntity
  8
MIDDLE
100
AcDbLine
 10
250715.46367618657
 20
144931.05051673172
 30
4550.0
 11
250077.8130839164
 21
144845.04949164996
 31
4550.0
  0
LINE
  5
254
330
17
100
AcDbEntity
  8
MIDDLE
100
AcDbLine
 10
250077.8130839164
 20
144845.04949164996
 30
4550.0
 11
249445.68870500088
 21
144724.99440546733
 31
4550.0
  0
LINE
  5
255
330
17
100
AcDbEntity
  8
MIDDLE
100
AcDbLine
 10
249445.68870500088
 20
144724.99440546733
 30
4550.0
 11
248820.90787268447
 21
144571.2304119329
 31
4550.0
  0
LINE
  5
256
330
17
100
AcDbEntity
  8
MIDDLE
100
AcDbLine
 10
248820.90787268447
 20
144571.2304119329
 30
4550.0
 11
248205.26680779795
 21
144384.19957660616
 31
4550.0
  0
LINE
  5
257
330
17
100
AcDbEntity
  8
MIDDLE
100
AcDbLine
 10
248205.26680779795
 20
144384.19957660616
 30
4550.0
 11
247600.5354546927
 21
144164.43960593562
 31
4550.0
  0
LINE
  5
258
330
17
100
AcDbEntity
  8
MIDDLE
100
AcDbLine
 10
247600.5354546927
 20
144164.43960593562
 30
4550.0
 11
247008.4523927189
 21
143912.58230137333
 31
4550.0
  0
LINE
  5
259
330
17
100
AcDbEntity
  8
MIDDLE
100
AcDbLine
 10
247008.4523927189
 20
143912.58230137333
 30
4550.0
 11
246430.7198378769
 21
143629.35174297012
 31
4550.0
  0
LINE
  5
25A
330
17
100
AcDbEntity
  8
MIDDLE
100
AcDbLine
 10
246430.7198378769
 20
143629.35174297012
 30
4550.0
 11
245868.99874901172
 21
143315.5622076734
 31
4550.0
  0
LINE
  5
25B
330
17
100
AcDbEntity
  8
MIDDLE
100
AcDbLine
 10
245868.99874901172
 20
143315.5622076734
 30
4550.0
 11
245324.90405262026
 21
142972.1158283122
 31
4550.0
  0
LINE
  5
25C
330
17
100
AcDbEntity
  8
MIDDLE
100
AcDbLine
 10
245324.90405262026
 20
142972.1158283122
 30
4550.0
 11
244800.0
 21
142600.0
 31
4550.0
  0
LINE
  5
25D
330
17
100
AcDbEntity
  8
MIDDLE
100
AcDbLine
 10
244800.0
 20
142600.0
 30
4550.0
 11
244356.5049742669
 21
142267.37873070015
 31
4550.0
  0
LINE
  5
25E
330
17
100
AcDbEntity
  8
MIDDLE
100
AcDbLine
 10
244356.5049742669
 20
142267.37873070015
 30
4550.0
 11
243913.00994853379
 21
141934.75746140032
 31
4550.0
  0
LINE
  5
25F
330
17
100
AcDbEntity
  8
MIDDLE
100
AcDbLine
 10
243913.00994853379
 20
141934.75746140032
 30
4550.0
 11
243469.51492280068
 21
141602.13619210053
 31
4550.0
  0
LINE
  5
260
330
17
100
AcDbEntity
  8
MIDDLE
100
AcDbLine
 10
243469.51492280068
 20
141602.13619210053
 30
4550.0
 11
243026.01989706757
 21
141269.51492280068
 31
4550.0
  0
LINE
  5
261
330
17
100
AcDbEntity
  8
MIDDLE
100
AcDbLine
 10
243026.01989706757
 20
141269.51492280068
 30
4550.0
 11
242582.5248713345
 21
140936.89365350085
 31
4550.0
  0
LINE
  5
262
330
17
100
AcDbEntity
  8
MIDDLE
100
AcDbLine
 10
242582.5248713345
 20
140936.89365350085
 30
4550.0
 11
242071.1752899091
 21
140573.8642157193
 31
4550.0
  0
LINE
  5
263
330
17
100
AcDbEntity
  8
MIDDLE
100
AcDbLine
 10
242071.1752899091
 20
140573.8642157193
 30
4550.0
 11
241541.55878276282
 21
140238.0441411584
 31
4550.0
  0
LINE
  5
264
330
17
100
AcDbEntity
  8
MIDDLE
100
AcDbLine
 10
241541.55878276282
 20
140238.0441411584
 30
4550.0
 11
240995.12175010963
 21
139930.35056555917
 31
4550.0
  0
LINE
  5
265
330
17
100
AcDbEntity
  8
MIDDLE
100
AcDbLine
 10
240995.12175010963
 20
139930.35056555917
 30
4550.0
 11
240433.35652957545
 21
139651.62381026265
 31
4550.0
  0
LINE
  5
266
330
17
100
AcDbEntity
  8
MIDDLE
100
AcDbLine
 10
240433.35652957545
 20
139651.62381026265
 30
4550.0
 11
239857.7973205749
 21
139402.6250872649
 31
4550.0
  0
LINE
  5
267
330
17
100
AcDbEntity
  8
MIDDLE
100
AcDbLine
 10
239857.7973205749
 20
139402.6250872649
 30
4550.0
 11
239270.01599436154
 21
139184.0344203215
 31
4550.0
  0
LINE
  5
268
330
17
100
AcDbEntity
  8
MIDDLE
100
AcDbLine
 10
239270.01599436154
 20
139184.0344203215
 30
4550.0
 11
238671.6178011958
 21
138996.44878778027
 31
4550.0
  0
LINE
  5
269
330
17
100
AcDbEntity
  8
MIDDLE
100
AcDbLine
 10
238671.6178011958
 20
138996.44878778027
 30
4550.0
 11
238064.2369863532
 21
138840.38049221376
 31
4550.0
  0
LINE
  5
26A
330
17
100
AcDbEntity
  8
MIDDLE
100
AcDbLine
 10
238064.2369863532
 20
138840.38049221376
 30
4550.0
 11
237449.5323269464
 21
138716.2557613038
 31
4550.0
  0
LINE
  5
26B
330
17
100
AcDbEntity
  8
MIDDLE
100
AcDbLine
 10
237449.5323269464
 20
138716.2557613038
 30
4550.0
 11
236829.18260175007
 21
138624.41358379961
 31
4550.0
  0
LINE
  5
26C
330
17
100
AcDbEntity
  8
MIDDLE
100
AcDbLine
 10
236829.18260175007
 20
138624.41358379961
 30
4550.0
 11
236204.88200640035
 21
138565.10478372843
 31
4550.0
  0
LINE
  5
26D
330
17
100
AcDbEntity
  8
MIDDLE
100
AcDbLine
 10
236204.88200640035
 20
138565.10478372843
 30
4550.0
 11
235578.33552649064
 21
138538.49133538667
 31
4550.0
  0
LINE
  5
26E
330
17
100
AcDbEntity
  8
MIDDLE
100
AcDbLine
 10
235578.33552649064
 20
138538.49133538667
 30
4550.0
 11
234951.25428119936
 21
138544.6459209828
 31
4550.0
  0
LINE
  5
26F
330
17
100
AcDbEntity
  8
MIDDLE
100
AcDbLine
 10
234951.25428119936
 20
138544.6459209828
 30
4550.0
 11
234325.350850167
 21
138583.55173213975
 31
4550.0
  0
LINE
  5
270
330
17
100
AcDbEntity
  8
MIDDLE
100
AcDbLine
 10
234325.350850167
 20
138583.55173213975
 30
4550.0
 11
233702.33459638417
 21
138655.1025157993
 31
4550.0
  0
LINE
  5
271
330
17
100
AcDbEntity
  8
MIDDLE
100
AcDbLine
 10
233702.33459638417
 20
138655.1025157993
 30
4550.0
 11
233083.90699786492
 21
138759.10286440264
 31
4550.0
  0
LINE
  5
272
330
17
100
AcDbEntity
  8
MIDDLE
100
AcDbLine
 10
233083.90699786492
 20
138759.10286440264
 30
4550.0
 11
232471.75700085386
 21
138895.26874955476
 31
4550.0
  0
LINE
  5
273
330
17
100
AcDbEntity
  8
MIDDLE
100
AcDbLine
 10
232471.75700085386
 20
138895.26874955476
 30
4550.0
 11
231867.55640725806
 21
139063.2282977155
 31
4550.0
  0
LINE
  5
274
330
17
100
AcDbEntity
  8
MIDDLE
100
AcDbLine
 10
231867.55640725806
 20
139063.2282977155
 30
4550.0
 11
231272.95530890065
 21
139262.52280579862
 31
4550.0
  0
LINE
  5
275
330
17
100
AcDbEntity
  8
MIDDLE
100
AcDbLine
 10
231272.95530890065
 20
139262.52280579862
 30
4550.0
 11
230689.5775810656
 21
139492.60799390485
 31
4550.0
  0
LINE
  5
276
330
17
100
AcDbEntity
  8
MIDDLE
100
AcDbLine
 10
230689.5775810656
 20
139492.60799390485
 30
4550.0
 11
230119.01644764023
 21
139752.85549176848
 31
4550.0
  0
LINE
  5
277
330
17
100
AcDbEntity
  8
MIDDLE
100
AcDbLine
 10
230119.01644764023
 20
139752.85549176848
 30
4550.0
 11
229562.83012996847
 21
140042.5545548574
 31
4550.0
  0
LINE
  5
278
330
17
100
AcDbEntity
  8
MIDDLE
100
AcDbLine
 10
229562.83012996847
 20
140042.5545548574
 30
4550.0
 11
229022.53759129634
 21
140360.91400543982
 31
4550.0
  0
LINE
  5
279
330
17
100
AcDbEntity
  8
MIDDLE
100
AcDbLine
 10
229022.53759129634
 20
140360.91400543982
 30
4550.0
 11
228513.86217228015
 21
140678.8361423249
 31
4550.0
  0
LINE
  5
27A
330
17
100
AcDbEntity
  8
MIDDLE
100
AcDbLine
 10
228513.86217228015
 20
140678.8361423249
 30
4550.0
 11
228005.186753264
 21
140996.75827921001
 31
4550.0
  0
LINE
  5
27B
330
17
100
AcDbEntity
  8
MIDDLE
100
AcDbLine
 10
228005.186753264
 20
140996.75827921001
 30
4550.0
 11
227496.51133424783
 21
141314.68041609513
 31
4550.0
  0
LINE
  5
27C
330
17
100
AcDbEntity
  8
MIDDLE
100
AcDbLine
 10
227496.51133424783
 20
141314.68041609513
 30
4550.0
 11
226987.83591523164
 21
141632.6025529802
 31
4550.0
  0
LINE
  5
27D
330
17
100
AcDbEntity
  8
MIDDLE
100
AcDbLine
 10
226987.83591523164
 20
141632.6025529802
 30
4550.0
 11
226479.16049621548
 21
141950.52468986533
 31
4550.0
  0
LINE
  5
27E
330
17
100
AcDbEntity
  8
MIDDLE
100
AcDbLine
 10
226479.16049621548
 20
141950.52468986533
 30
4550.0
 11
225970.48507719932
 21
142268.44682675044
 31
4550.0
  0
LINE
  5
27F
330
17
100
AcDbEntity
  8
MIDDLE
100
AcDbLine
 10
225970.48507719932
 20
142268.44682675044
 30
4550.0
 11
225461.80965818313
 21
142586.36896363556
 31
4550.0
  0
LINE
  5
280
330
17
100
AcDbEntity
  8
MIDDLE
100
AcDbLine
 10
225461.80965818313
 20
142586.36896363556
 30
4550.0
 11
224953.13423916698
 21
142904.29110052064
 31
4550.0
  0
LINE
  5
281
330
17
100
AcDbEntity
  8
MIDDLE
100
AcDbLine
 10
224953.13423916698
 20
142904.29110052064
 30
4550.0
 11
224444.45882015082
 21
143222.21323740575
 31
4550.0
  0
LINE
  5
282
330
17
100
AcDbEntity
  8
MIDDLE
100
AcDbLine
 10
224444.45882015082
 20
143222.21323740575
 30
4550.0
 11
223935.78340113466
 21
143540.13537429087
 31
4550.0
  0
LINE
  5
283
330
17
100
AcDbEntity
  8
MIDDLE
100
AcDbLine
 10
223935.78340113466
 20
143540.13537429087
 30
4550.0
 11
223427.10798211847
 21
143858.05751117595
 31
4550.0
  0
LINE
  5
284
330
17
100
AcDbEntity
  8
MIDDLE
100
AcDbLine
 10
223427.10798211847
 20
143858.05751117595
 30
4550.0
 11
222918.4325631023
 21
144175.97964806107
 31
4550.0
  0
LINE
  5
285
330
17
100
AcDbEntity
  8
MIDDLE
100
AcDbLine
 10
222918.4325631023
 20
144175.97964806107
 30
4550.0
 11
222393.70175601312
 21
144485.69415417535
 31
4550.0
  0
LINE
  5
286
330
17
100
AcDbEntity
  8
MIDDLE
100
AcDbLine
 10
222393.70175601312
 20
144485.69415417535
 30
4550.0
 11
221853.92630042334
 21
144768.37410172904
 31
4550.0
  0
LINE
  5
287
330
17
100
AcDbEntity
  8
MIDDLE
100
AcDbLine
 10
221853.92630042334
 20
144768.37410172904
 30
4550.0
 11
221300.49786301225
 21
145023.29067606435
 31
4550.0
  0
LINE
  5
288
330
17
100
AcDbEntity
  8
MIDDLE
100
AcDbLine
 10
221300.49786301225
 20
145023.29067606435
 30
4550.0
 11
220734.84331102206
 21
145249.78664295768
 31
4550.0
  0
LINE
  5
289
330
17
100
AcDbEntity
  8
MIDDLE
100
AcDbLine
 10
220734.84331102206
 20
145249.78664295768
 30
4550.0
 11
220158.42103346228
 21
145447.27804312212
 31
4550.0
  0
LINE
  5
28A
330
17
100
AcDbEntity
  8
MIDDLE
100
AcDbLine
 10
220158.42103346228
 20
145447.27804312212
 30
4550.0
 11
219572.71718104347
 21
145615.2556977904
 31
4550.0
  0
LINE
  5
28B
330
17
100
AcDbEntity
  8
MIDDLE
100
AcDbLine
 10
219572.71718104347
 20
145615.2556977904
 30
4550.0
 11
218979.24183453512
 21
145753.28652149628
 31
4550.0
  0
LINE
  5
28C
330
17
100
AcDbEntity
  8
MIDDLE
100
AcDbLine
 10
218979.24183453512
 20
145753.28652149628
 30
4550.0
 11
218379.52511142625
 21
145861.01463866953
 31
4550.0
  0
LINE
  5
28D
330
17
100
AcDbEntity
  8
MIDDLE
100
AcDbLine
 10
218379.52511142625
 20
145861.01463866953
 30
4550.0
 11
217775.11322092652
 21
145938.16230116584
 31
4550.0
  0
LINE
  5
28E
330
17
100
AcDbEntity
  8
MIDDLE
100
AcDbLine
 10
217775.11322092652
 20
145938.16230116584
 30
4550.0
 11
217167.5644774792
 21
145984.5306043664
 31
4550.0
  0
LINE
  5
28F
330
17
100
AcDbEntity
  8
MIDDLE
100
AcDbLine
 10
217167.5644774792
 20
145984.5306043664
 30
4550.0
 11
216558.44528306415
 21
146000.0
 31
4550.0
  0
LINE
  5
290
330
17
100
AcDbEntity
  8
MIDDLE
100
AcDbLine
 10
216558.44528306415
 20
146000.0
 30
4550.0
 11
215931.35795152615
 21
146000.0
 31
4550.0
  0
LINE
  5
291
330
17
100
AcDbEntity
  8
MIDDLE
100
AcDbLine
 10
215931.35795152615
 20
146000.0
 30
4550.0
 11
215304.27061998812
 21
146000.0
 31
4550.0
  0
LINE
  5
292
330
17
100
AcDbEntity
  8
MIDDLE
100
AcDbLine
 10
215304.27061998812
 20
146000.0
 30
4550.0
 11
214677.18328845012
 21
146000.0
 31
4550.0
  0
LINE
  5
293
330
17
100
AcDbEntity
  8
MIDDLE
100
AcDbLine
 10
214677.18328845012
 20
146000.0
 30
4550.0
 11
214050.09595691212
 21
146000.0
 31
4550.0
  0
LINE
  5
294
330
17
100
AcDbEntity
  8
MIDDLE
100
AcDbLine
 10
214050.09595691212
 20
146000.0
 30
4550.0
 11
213423.00862537412
 21
146000.0
 31
4550.0
  0
LINE
  5
295
330
17
100
AcDbEntity
  8
MIDDLE
100
AcDbLine
 10
213423.00862537412
 20
146000.0
 30
4550.0
 11
212795.92129383612
 21
146000.0
 31
4550.0
  0
LINE
  5
296
330
17
100
AcDbEntity
  8
MIDDLE
100
AcDbLine
 10
212795.92129383612
 20
146000.0
 30
4550.0
 11
212168.83396229811
 21
146000.0
 31
4550.0
  0
LINE
  5
297
330
17
100
AcDbEntity
  8
MIDDLE
100
AcDbLine
 10
212168.83396229811
 20
146000.0
 30
4550.0
 11
211541.7466307601
 21
146000.0
 31
4550.0
  0
LINE
  5
298
330
17
100
AcDbEntity
  8
MIDDLE
100
AcDbLine
 10
211541.7466307601
 20
146000.0
 30
4550.0
 11
210914.6592992221
 21
146000.0
 31
4550.0
  0
LINE
  5
299
330
17
100
AcDbEntity
  8
MIDDLE
100
AcDbLine
 10
210914.6592992221
 20
146000.0
 30
4550.0
 11
210287.5719676841
 21
146000.0
 31
4550.0
  0
LINE
  5
29A
330
17
100
AcDbEntity
  8
MIDDLE
100
AcDbLine
 10
210287.5719676841
 20
146000.0
 30
4550.0
 11
209660.48463614608
 21
146000.0
 31
4550.0
  0
LINE
  5
29B
330
17
100
AcDbEntity
  8
MIDDLE
100
AcDbLine
 10
209660.48463614608
 20
146000.0
 30
4550.0
 11
209033.39730460808
 21
146000.0
 31
4550.0
  0
LINE
  5
29C
330
17
100
AcDbEntity
  8
MIDDLE
100
AcDbLine
 10
209033.39730460808
 20
146000.0
 30
4550.0
 11
208406.30997307008
 21
146000.0
 31
4550.0
  0
LINE
  5
29D
330
17
100
AcDbEntity
  8
MIDDLE
100
AcDbLine
 10
208406.30997307008
 20
146000.0
 30
4550.0
 11
207779.22264153208
 21
146000.0
 31
4550.0
  0
LINE
  5
29E
330
17
100
AcDbEntity
  8
MIDDLE
100
AcDbLine
 10
207779.22264153208
 20
146000.0
 30
4550.0
 11
207152.13530999408
 21
146000.0
 31
4550.0
  0
LINE
  5
29F
330
17
100
AcDbEntity
  8
MIDDLE
100
AcDbLine
 10
207152.13530999408
 20
146000.0
 30
4550.0
 11
206525.04797845604
 21
146000.0
 31
4550.0
  0
LINE
  5
2A0
330
17
100
AcDbEntity
  8
MIDDLE
100
AcDbLine
 10
206525.04797845604
 20
146000.0
 30
4550.0
 11
205897.96064691804
 21
146000.0
 31
4550.0
  0
LINE
  5
2A1
330
17
100
AcDbEntity
  8
MIDDLE
100
AcDbLine
 10
205897.96064691804
 20
146000.0
 30
4550.0
 11
205270.87331538004
 21
146000.0
 31
4550.0
  0
LINE
  5
2A2
330
17
100
AcDbEntity
  8
MIDDLE
100
AcDbLine
 10
205270.87331538004
 20
146000.0
 30
4550.0
 11
204643.78598384207
 21
146000.0
 31
4550.0
  0
LINE
  5
2A3
330
17
100
AcDbEntity
  8
MIDDLE
100
AcDbLine
 10
204643.78598384207
 20
146000.0
 30
4550.0
 11
204016.69865230407
 21
146000.0
 31
4550.0
  0
LINE
  5
2A4
330
17
100
AcDbEntity
  8
MIDDLE
100
AcDbLine
 10
204016.69865230407
 20
146000.0
 30
4550.0
 11
203389.61132076604
 21
146000.0
 31
4550.0
  0
LINE
  5
2A5
330
17
100
AcDbEntity
  8
MIDDLE
100
AcDbLine
 10
203389.61132076604
 20
146000.0
 30
4550.0
 11
202762.52398922804
 21
146000.0
 31
4550.0
  0
LINE
  5
2A6
330
17
100
AcDbEntity
  8
MIDDLE
100
AcDbLine
 10
202762.52398922804
 20
146000.0
 30
4550.0
 11
202135.43665769004
 21
146000.0
 31
4550.0
  0
LINE
  5
2A7
330
17
100
AcDbEntity
  8
MIDDLE
100
AcDbLine
 10
202135.43665769004
 20
146000.0
 30
4550.0
 11
201508.34932615203
 21
146000.0
 31
4550.0
  0
LINE
  5
2A8
330
17
100
AcDbEntity
  8
MIDDLE
100
AcDbLine
 10
201508.34932615203
 20
146000.0
 30
4550.0
 11
200881.26199461403
 21
146000.0
 31
4550.0
  0
LINE
  5
2A9
330
17
100
AcDbEntity
  8
MIDDLE
100
AcDbLine
 10
200881.26199461403
 20
146000.0
 30
4550.0
 11
200254.174663076
 21
146000.0
 31
4550.0
  0
LINE
  5
2AA
330
17
100
AcDbEntity
  8
MIDDLE
100
AcDbLine
 10
200254.174663076
 20
146000.0
 30
4550.0
 11
199627.087331538
 21
146000.0
 31
4550.0
  0
LINE
  5
2AB
330
17
100
AcDbEntity
  8
MIDDLE
100
AcDbLine
 10
199627.087331538
 20
146000.0
 30
4550.0
 11
199000.0
 21
146000.0
 31
4550.0
  0
LINE
  5
2AC
330
17
100
AcDbEntity
  8
MIDDLE
100
AcDbLine
 10
199000.0
 20
146000.0
 30
4550.0
 11
198357.9473512069
 21
145977.06903149228
 31
4550.0
  0
LINE
  5
2AD
330
17
100
AcDbEntity
  8
MIDDLE
100
AcDbLine
 10
198357.9473512069
 20
145977.06903149228
 30
4550.0
 11
197719.16645554043
 21
145908.3929769284
 31
4550.0
  0
LINE
  5
2AE
330
17
100
AcDbEntity
  8
MIDDLE
100
AcDbLine
 10
197719.16645554043
 20
145908.3929769284
 30
4550.0
 11
197086.9123940232
 21
145794.32179374044
 31
4550.0
  0
LINE
  5
2AF
330
17
100
AcDbEntity
  8
MIDDLE
100
AcDbLine
 10
197086.9123940232
 20
145794.32179374044
 30
4550.0
 11
196464.40698842713
 21
145635.43676253047
 31
4550.0
  0
LINE
  5
2B0
330
17
100
AcDbEntity
  8
MIDDLE
100
AcDbLine
 10
196464.40698842713
 20
145635.43676253047
 30
4550.0
 11
195854.82238360812
 21
145432.54752499785
 31
4550.0
  0
LINE
  5
2B1
330
17
100
AcDbEntity
  8
MIDDLE
100
AcDbLine
 10
195854.82238360812
 20
145432.54752499785
 30
4550.0
 11
195261.26488298303
 21
145186.68795819068
 31
4550.0
  0
LINE
  5
2B2
330
17
100
AcDbEntity
  8
MIDDLE
100
AcDbLine
 10
195261.26488298303
 20
145186.68795819068
 30
4550.0
 11
194686.75911951947
 21
144899.1109061053
 31
4550.0
  0
LINE
  5
2B3
330
17
100
AcDbEntity
  8
MIDDLE
100
AcDbLine
 10
194686.75911951947
 20
144899.1109061053
 30
4550.0
 11
194134.23264289965
 21
144571.2817954806
 31
4550.0
  0
LINE
  5
2B4
330
17
100
AcDbEntity
  8
MIDDLE
100
AcDbLine
 10
194134.23264289965
 20
144571.2817954806
 30
4550.0
 11
193606.50100139788
 21
144204.87116831925
 31
4550.0
  0
LINE
  5
2B5
330
17
100
AcDbEntity
  8
MIDDLE
100
AcDbLine
 10
193606.50100139788
 20
144204.87116831925
 30
4550.0
 11
193106.25339449244
 21
143801.74616918832
 31
4550.0
  0
LINE
  5
2B6
330
17
100
AcDbEntity
  8
MIDDLE
100
AcDbLine
 10
193106.25339449244
 20
143801.74616918832
 30
4550.0
 11
192636.0389693211
 21
143363.9610306789
 31
4550.0
  0
LINE
  5
2B7
330
17
100
AcDbEntity
  8
MIDDLE
100
AcDbLine
 10
192636.0389693211
 20
143363.9610306789
 30
4550.0
 11
192198.25383081168
 21
142893.74660550756
 31
4550.0
  0
LINE
  5
2B8
330
17
100
AcDbEntity
  8
MIDDLE
100
AcDbLine
 10
192198.25383081168
 20
142893.74660550756
 30
4550.0
 11
191795.12883168075
 21
142393.49899860212
 31
4550.0
  0
LINE
  5
2B9
330
17
100
AcDbEntity
  8
MIDDLE
100
AcDbLine
 10
191795.12883168075
 20
142393.49899860212
 30
4550.0
 11
191428.7182045194
 21
141865.76735710035
 31
4550.0
  0
LINE
  5
2BA
330
17
100
AcDbEntity
  8
MIDDLE
100
AcDbLine
 10
191428.7182045194
 20
141865.76735710035
 30
4550.0
 11
191100.8890938947
 21
141313.24088048053
 31
4550.0
  0
LINE
  5
2BB
330
17
100
AcDbEntity
  8
MIDDLE
100
AcDbLine
 10
191100.8890938947
 20
141313.24088048053
 30
4550.0
 11
190813.31204180932
 21
140738.73511701697
 31
4550.0
  0
LINE
  5
2BC
330
17
100
AcDbEntity
  8
MIDDLE
100
AcDbLine
 10
190813.31204180932
 20
140738.73511701697
 30
4550.0
 11
190567.45247500215
 21
140145.17761639188
 31
4550.0
  0
LINE
  5
2BD
330
17
100
AcDbEntity
  8
MIDDLE
100
AcDbLine
 10
190567.45247500215
 20
140145.17761639188
 30
4550.0
 11
190364.56323746953
 21
139535.59301157287
 31
4550.0
  0
LINE
  5
2BE
330
17
100
AcDbEntity
  8
MIDDLE
100
AcDbLine
 10
190364.56323746953
 20
139535.59301157287
 30
4550.0
 11
190205.67820625956
 21
138913.0876059768
 31
4550.0
  0
LINE
  5
2BF
330
17
100
AcDbEntity
  8
MIDDLE
100
AcDbLine
 10
190205.67820625956
 20
138913.0876059768
 30
4550.0
 11
190091.6070230716
 21
138280.83354445957
 31
4550.0
  0
LINE
  5
2C0
330
17
100
AcDbEntity
  8
MIDDLE
100
AcDbLine
 10
190091.6070230716
 20
138280.83354445957
 30
4550.0
 11
190022.93096850772
 21
137642.0526487931
 31
4550.0
  0
LINE
  5
2C1
330
17
100
AcDbEntity
  8
MIDDLE
100
AcDbLine
 10
190022.93096850772
 20
137642.0526487931
 30
4550.0
 11
190000.0
 21
137000.0
 31
4550.0
  0
LINE
  5
2C2
330
17
100
AcDbEntity
  8
MIDDLE
100
AcDbLine
 10
190000.0
 20
137000.0
 30
4550.0
 11
190000.0
 21
136400.0
 31
4550.0
  0
LINE
  5
2C3
330
17
100
AcDbEntity
  8
MIDDLE
100
AcDbLine
 10
190000.0
 20
136400.0
 30
4550.0
 11
190000.0
 21
135800.0
 31
4550.0
  0
LINE
  5
2C4
330
17
100
AcDbEntity
  8
MIDDLE
100
AcDbLine
 10
190000.0
 20
135800.0
 30
4550.0
 11
190000.0
 21
135200.0
 31
4550.0
  0
LINE
  5
2C5
330
17
100
AcDbEntity
  8
MIDDLE
100
AcDbLine
 10
190000.0
 20
135200.0
 30
4550.0
 11
190000.0
 21
134600.0
 31
4550.0
  0
LINE
  5
2C6
330
17
100
AcDbEntity
  8
MIDDLE
100
AcDbLine
 10
190000.0
 20
134600.0
 30
4550.0
 11
190000.0
 21
134000.0
 31
4550.0
  0
LINE
  5
2C7
330
17
100
AcDbEntity
  8
MIDDLE
100
AcDbLine
 10
190000.0
 20
134000.0
 30
4550.0
 11
190024.66133013496
 21
133372.32723417724
 31
4550.0
  0
LINE
  5
2C8
330
17
100
AcDbEntity
  8
MIDDLE
100
AcDbLine
 10
190024.66133013496
 20
133372.32723417724
 30
4550.0
 11
190098.4932752389
 21
132748.52427967815
 31
4550.0
  0
LINE
  5
2C9
330
17
100
AcDbEntity
  8
MIDDLE
100
AcDbLine
 10
190098.4932752389
 20
132748.52427967815
 30
4550.0
 11
190221.0406368186
 21
132132.43708915275
 31
4550.0
  0
LINE
  5
2CA
330
17
100
AcDbEntity
  8
MIDDLE
100
AcDbLine
 10
190221.0406368186
 20
132132.43708915275
 30
4550.0
 11
190391.54786963877
 21
131527.86404500043
 31
4550.0
  0
LINE
  5
2CB
330
17
100
AcDbEntity
  8
MIDDLE
100
AcDbLine
 10
190391.54786963877
 20
131527.86404500043
 30
4550.0
 11
190608.9637399097
 21
130938.53254107927
 31
4550.0
  0
LINE
  5
2CC
330
17
100
AcDbEntity
  8
MIDDLE
100
AcDbLine
 10
190608.9637399097
 20
130938.53254107927
 30
4550.0
 11
190871.94780649306
 21
130368.07600208363
 31
4550.0
  0
LINE
  5
2CD
330
17
100
AcDbEntity
  8
MIDDLE
100
AcDbLine
 10
190871.94780649306
 20
130368.07600208363
 30
4550.0
 11
191178.87868516726
 21
129820.0114822724
 31
4550.0
  0
LINE
  5
2CE
330
17
100
AcDbEntity
  8
MIDDLE
100
AcDbLine
 10
191178.87868516726
 20
129820.0114822724
 30
4550.0
 11
191527.86404500043
 21
129297.71798166021
 31
4550.0
  0
LINE
  5
2CF
330
17
100
AcDbEntity
  8
MIDDLE
100
AcDbLine
 10
191527.86404500043
 20
129297.71798166021
 30
4550.0
 11
191916.75227519975
 21
128804.41561335855
 31
4550.0
  0
LINE
  5
2D0
330
17
100
AcDbEntity
  8
MIDDLE
100
AcDbLine
 10
191916.75227519975
 20
128804.41561335855
 30
4550.0
 11
192343.14575050763
 21
128343.14575050763
 31
4550.0
  0
LINE
  5
2D1
330
17
100
AcDbEntity
  8
MIDDLE
100
AcDbLine
 10
192343.14575050763
 20
128343.14575050763
 30
4550.0
 11
192804.41561335852
 21
127916.75227519976
 31
4550.0
  0
LINE
  5
2D2
330
17
100
AcDbEntity
  8
MIDDLE
100
AcDbLine
 10
192804.41561335852
 20
127916.75227519976
 30
4550.0
 11
193297.71798166021
 21
127527.86404500043
 31
4550.0
  0
LINE
  5
2D3
330
17
100
AcDbEntity
  8
MIDDLE
100
AcDbLine
 10
193297.71798166021
 20
127527.86404500043
 30
4550.0
 11
193820.0114822724
 21
127178.87868516726
 31
4550.0
  0
LINE
  5
2D4
330
17
100
AcDbEntity
  8
MIDDLE
100
AcDbLine
 10
193820.0114822724
 20
127178.87868516726
 30
4550.0
 11
194368.07600208363
 21
126871.94780649306
 31
4550.0
  0
LINE
  5
2D5
330
17
100
AcDbEntity
  8
MIDDLE
100
AcDbLine
 10
194368.07600208363
 20
126871.94780649306
 30
4550.0
 11
194938.53254107927
 21
126608.96373990971
 31
4550.0
  0
LINE
  5
2D6
330
17
100
AcDbEntity
  8
MIDDLE
100
AcDbLine
 10
194938.53254107927
 20
126608.96373990971
 30
4550.0
 11
195527.86404500043
 21
126391.54786963877
 31
4550.0
  0
LINE
  5
2D7
330
17
100
AcDbEntity
  8
MIDDLE
100
AcDbLine
 10
195527.86404500043
 20
126391.54786963877
 30
4550.0
 11
196132.43708915275
 21
126221.04063681858
 31
4550.0
  0
LINE
  5
2D8
330
17
100
AcDbEntity
  8
MIDDLE
100
AcDbLine
 10
196132.43708915275
 20
126221.04063681858
 30
4550.0
 11
196748.52427967815
 21
126098.4932752389
 31
4550.0
  0
LINE
  5
2D9
330
17
100
AcDbEntity
  8
MIDDLE
100
AcDbLine
 10
196748.52427967815
 20
126098.4932752389
 30
4550.0
 11
197372.32723417724
 21
126024.66133013497
 31
4550.0
  0
LINE
  5
2DA
330
17
100
AcDbEntity
  8
MIDDLE
100
AcDbLine
 10
197372.32723417724
 20
126024.66133013497
 30
4550.0
 11
198000.0
 21
126000.0
 31
4550.0
  0
LINE
  5
2DB
330
17
100
AcDbEntity
  8
MIDDLE
100
AcDbLine
 10
198000.0
 20
126000.0
 30
4550.0
 11
198629.6296296296
 21
126000.0
 31
4550.0
  0
LINE
  5
2DC
330
17
100
AcDbEntity
  8
MIDDLE
100
AcDbLine
 10
198629.6296296296
 20
126000.0
 30
4550.0
 11
199259.25925925927
 21
126000.0
 31
4550.0
  0
LINE
  5
2DD
330
17
100
AcDbEntity
  8
MIDDLE
100
AcDbLine
 10
199259.25925925927
 20
126000.0
 30
4550.0
 11
199888.88888888888
 21
126000.0
 31
4550.0
  0
LINE
  5
2DE
330
17
100
AcDbEntity
  8
MIDDLE
100
AcDbLine
 10
199888.88888888888
 20
126000.0
 30
4550.0
 11
200518.51851851854
 21
126000.0
 31
4550.0
  0
LINE
  5
2DF
330
17
100
AcDbEntity
  8
MIDDLE
100
AcDbLine
 10
200518.51851851854
 20
126000.0
 30
4550.0
 11
201148.14814814815
 21
126000.0
 31
4550.0
  0
LINE
  5
2E0
330
17
100
AcDbEntity
  8
MIDDLE
100
AcDbLine
 10
201148.14814814815
 20
126000.0
 30
4550.0
 11
201777.77777777778
 21
126000.0
 31
4550.0
  0
LINE
  5
2E1
330
17
100
AcDbEntity
  8
MIDDLE
100
AcDbLine
 10
201777.77777777778
 20
126000.0
 30
4550.0
 11
202407.40740740742
 21
126000.0
 31
4550.0
  0
LINE
  5
2E2
330
17
100
AcDbEntity
  8
MIDDLE
100
AcDbLine
 10
202407.40740740742
 20
126000.0
 30
4550.0
 11
203037.03703703705
 21
126000.0
 31
4550.0
  0
LINE
  5
2E3
330
17
100
AcDbEntity
  8
MIDDLE
100
AcDbLine
 10
203037.03703703705
 20
126000.0
 30
4550.0
 11
203666.66666666666
 21
126000.0
 31
4550.0
  0
LINE
  5
2E4
330
17
100
AcDbEntity
  8
MIDDLE
100
AcDbLine
 10
203666.66666666666
 20
126000.0
 30
4550.0
 11
204296.2962962963
 21
126000.0
 31
4550.0
  0
LINE
  5
2E5
330
17
100
AcDbEntity
  8
MIDDLE
100
AcDbLine
 10
204296.2962962963
 20
126000.0
 30
4550.0
 11
204925.92592592593
 21
126000.0
 31
4550.0
  0
LINE
  5
2E6
330
17
100
AcDbEntity
  8
MIDDLE
100
AcDbLine
 10
204925.92592592593
 20
126000.0
 30
4550.0
 11
205555.55555555553
 21
126000.0
 31
4550.0
  0
LINE
  5
2E7
330
17
100
AcDbEntity
  8
MIDDLE
100
AcDbLine
 10
205555.55555555553
 20
126000.0
 30
4550.0
 11
206185.1851851852
 21
126000.0
 31
4550.0
  0
LINE
  5
2E8
330
17
100
AcDbEntity
  8
MIDDLE
100
AcDbLine
 10
206185.1851851852
 20
126000.0
 30
4550.0
 11
206814.8148148148
 21
126000.0
 31
4550.0
  0
LINE
  5
2E9
330
17
100
AcDbEntity
  8
MIDDLE
100
AcDbLine
 10
206814.8148148148
 20
126000.0
 30
4550.0
 11
207444.44444444447
 21
126000.0
 31
4550.0
  0
LINE
  5
2EA
330
17
100
AcDbEntity
  8
MIDDLE
100
AcDbLine
 10
207444.44444444447
 20
126000.0
 30
4550.0
 11
208074.07407407407
 21
126000.0
 31
4550.0
  0
LINE
  5
2EB
330
17
100
AcDbEntity
  8
MIDDLE
100
AcDbLine
 10
208074.07407407407
 20
126000.0
 30
4550.0
 11
208703.7037037037
 21
126000.0
 31
4550.0
  0
LINE
  5
2EC
330
17
100
AcDbEntity
  8
MIDDLE
100
AcDbLine
 10
208703.7037037037
 20
126000.0
 30
4550.0
 11
209333.33333333334
 21
126000.0
 31
4550.0
  0
LINE
  5
2ED
330
17
100
AcDbEntity
  8
MIDDLE
100
AcDbLine
 10
209333.33333333334
 20
126000.0
 30
4550.0
 11
209962.96296296295
 21
126000.0
 31
4550.0
  0
LINE
  5
2EE
330
17
100
AcDbEntity
  8
MIDDLE
100
AcDbLine
 10
209962.96296296295
 20
126000.0
 30
4550.0
 11
210592.5925925926
 21
126000.0
 31
4550.0
  0
LINE
  5
2EF
330
17
100
AcDbEntity
  8
MIDDLE
100
AcDbLine
 10
210592.5925925926
 20
126000.0
 30
4550.0
 11
211222.22222222222
 21
126000.0
 31
4550.0
  0
LINE
  5
2F0
330
17
100
AcDbEntity
  8
MIDDLE
100
AcDbLine
 10
211222.22222222222
 20
126000.0
 30
4550.0
 11
211851.85185185185
 21
126000.0
 31
4550.0
  0
LINE
  5
2F1
330
17
100
AcDbEntity
  8
MIDDLE
100
AcDbLine
 10
211851.85185185185
 20
126000.0
 30
4550.0
 11
212481.48148148146
 21
126000.0
 31
4550.0
  0
LINE
  5
2F2
330
17
100
AcDbEntity
  8
MIDDLE
100
AcDbLine
 10
212481.48148148146
 20
126000.0
 30
4550.0
 11
213111.11111111112
 21
126000.0
 31
4550.0
  0
LINE
  5
2F3
330
17
100
AcDbEntity
  8
MIDDLE
100
AcDbLine
 10
213111.11111111112
 20
126000.0
 30
4550.0
 11
213740.74074074073
 21
126000.0
 31
4550.0
  0
LINE
  5
2F4
330
17
100
AcDbEntity
  8
MIDDLE
100
AcDbLine
 10
213740.74074074073
 20
126000.0
 30
4550.0
 11
214370.3703703704
 21
126000.0
 31
4550.0
  0
LINE
  5
2F5
330
17
100
AcDbEntity
  8
MIDDLE
100
AcDbLine
 10
214370.3703703704
 20
126000.0
 30
4550.0
 11
215000.0
 21
126000.0
 31
4550.0
  0
LINE
  5
2F6
330
17
100
AcDbEntity
  8
MIDDLE
100
AcDbLine
 10
215000.0
 20
126000.0
 30
4550.0
 11
215645.8785162431
 21
125970.13923406524
 31
4550.0
  0
LINE
  5
2F7
330
17
100
AcDbEntity
  8
MIDDLE
100
AcDbLine
 10
215645.8785162431
 20
125970.13923406524
 30
4550.0
 11
216286.246624716
 21
125880.81169778731
 31
4550.0
  0
LINE
  5
2F8
330
17
100
AcDbEntity
  8
MIDDLE
100
AcDbLine
 10
216286.246624716
 20
125880.81169778731
 30
4550.0
 11
216915.6409305046
 21
125732.77950220974
 31
4550.0
  0
LINE
  5
2F9
330
17
100
AcDbEntity
  8
MIDDLE
100
AcDbLine
 10
216915.6409305046
 20
125732.77950220974
 30
4550.0
 11
217528.69166331008
 21
125527.3056058305
 31
4550.0
  0
LINE
  5
2FA
330
17
100
AcDbEntity
  8
MIDDLE
100
AcDbLine
 10
217528.69166331008
 20
125527.3056058305
 30
4550.0
 11
218120.16849043575
 21
125266.14303948544
 31
4550.0
  0
LINE
  5
2FB
330
17
100
AcDbEntity
  8
MIDDLE
100
AcDbLine
 10
218120.16849043575
 20
125266.14303948544
 30
4550.0
 11
218685.0251401415
 21
124951.5199501073
 31
4550.0
  0
LINE
  5
2FC
330
17
100
AcDbEntity
  8
MIDDLE
100
AcDbLine
 10
218685.0251401415
 20
124951.5199501073
 30
4550.0
 11
219218.44245465478
 21
124586.12059096167
 31
4550.0
  0
LINE
  5
2FD
330
17
100
AcDbEntity
  8
MIDDLE
100
AcDbLine
 10
219218.44245465478
 20
124586.12059096167
 30
4550.0
 11
219715.86950552592
 21
124173.06242054461
 31
4550.0
  0
LINE
  5
2FE
330
17
100
AcDbEntity
  8
MIDDLE
100
AcDbLine
 10
219715.86950552592
 20
124173.06242054461
 30
4550.0
 11
220173.06242054462
 21
123715.8695055259
 31
4550.0
  0
LINE
  5
2FF
330
17
100
AcDbEntity
  8
MIDDLE
100
AcDbLine
 10
220173.06242054462
 20
123715.8695055259
 30
4550.0
 11
220586.12059096168
 21
123218.4424546548
 31
4550.0
  0
LINE
  5
300
330
17
100
AcDbEntity
  8
MIDDLE
100
AcDbLine
 10
220586.12059096168
 20
123218.4424546548
 30
4550.0
 11
220951.5199501073
 21
122685.02514014149
 31
4550.0
  0
LINE
  5
301
330
17
100
AcDbEntity
  8
MIDDLE
100
AcDbLine
 10
220951.5199501073
 20
122685.02514014149
 30
4550.0
 11
221266.14303948544
 21
122120.16849043577
 31
4550.0
  0
LINE
  5
302
330
17
100
AcDbEntity
  8
MIDDLE
100
AcDbLine
 10
221266.14303948544
 20
122120.16849043577
 30
4550.0
 11
221527.30560583048
 21
121528.69166331008
 31
4550.0
  0
LINE
  5
303
330
17
100
AcDbEntity
  8
MIDDLE
100
AcDbLine
 10
221527.30560583048
 20
121528.69166331008
 30
4550.0
 11
221732.7795022097
 21
120915.64093050458
 31
4550.0
  0
LINE
  5
304
330
17
100
AcDbEntity
  8
MIDDLE
100
AcDbLine
 10
221732.7795022097
 20
120915.64093050458
 30
4550.0
 11
221880.8116977873
 21
120286.246624716
 31
4550.0
  0
LINE
  5
305
330
17
100
AcDbEntity
  8
MIDDLE
100
AcDbLine
 10
221880.8116977873
 20
120286.246624716
 30
4550.0
 11
221970.13923406525
 21
119645.87851624312
 31
4550.0
  0
LINE
  5
306
330
17
100
AcDbEntity
  8
MIDDLE
100
AcDbLine
 10
221970.13923406525
 20
119645.87851624312
 30
4550.0
 11
222000.0
 21
119000.0
 31
4550.0
  0
LINE
  5
307
330
17
100
AcDbEntity
  8
MIDDLE
100
AcDbLine
 10
222000.0
 20
119000.0
 30
4550.0
 11
221970.13923406525
 21
118354.12148375688
 31
4550.0
  0
LINE
  5
308
330
17
100
AcDbEntity
  8
MIDDLE
100
AcDbLine
 10
221970.13923406525
 20
118354.12148375688
 30
4550.0
 11
221880.8116977873
 21
117713.75337528401
 31
4550.0
  0
LINE
  5
309
330
17
100
AcDbEntity
  8
MIDDLE
100
AcDbLine
 10
221880.8116977873
 20
117713.75337528401
 30
4550.0
 11
221732.7795022097
 21
117084.35906949542
 31
4550.0
  0
LINE
  5
30A
330
17
100
AcDbEntity
  8
MIDDLE
100
AcDbLine
 10
221732.7795022097
 20
117084.35906949542
 30
4550.0
 11
221527.30560583048
 21
116471.30833668992
 31
4550.0
  0
LINE
  5
30B
330
17
100
AcDbEntity
  8
MIDDLE
100
AcDbLine
 10
221527.30560583048
 20
116471.30833668992
 30
4550.0
 11
221266.14303948544
 21
115879.83150956423
 31
4550.0
  0
LINE
  5
30C
330
17
100
AcDbEntity
  8
MIDDLE
100
AcDbLine
 10
221266.14303948544
 20
115879.83150956423
 30
4550.0
 11
220951.5199501073
 21
115314.97485985851
 31
4550.0
  0
LINE
  5
30D
330
17
100
AcDbEntity
  8
MIDDLE
100
AcDbLine
 10
220951.5199501073
 20
115314.97485985851
 30
4550.0
 11
220586.12059096168
 21
114781.5575453452
 31
4550.0
  0
LINE
  5
30E
330
17
100
AcDbEntity
  8
MIDDLE
100
AcDbLine
 10
220586.12059096168
 20
114781.5575453452
 30
4550.0
 11
220173.06242054462
 21
114284.1304944741
 31
4550.0
  0
LINE
  5
30F
330
17
100
AcDbEntity
  8
MIDDLE
100
AcDbLine
 10
220173.06242054462
 20
114284.1304944741
 30
4550.0
 11
219715.86950552592
 21
113826.93757945539
 31
4550.371689818294
  0
LINE
  5
310
330
17
100
AcDbEntity
  8
MIDDLE
100
AcDbLine
 10
219715.86950552592
 20
113826.93757945539
 30
4550.371689818294
 11
219218.44245465478
 21
113413.87940903833
 31
4553.320850772894
  0
LINE
  5
311
330
17
100
AcDbEntity
  8
MIDDLE
100
AcDbLine
 10
219218.44245465478
 20
113413.87940903833
 30
4553.320850772894
 11
218685.0251401415
 21
113048.4800498927
 31
4559.1569255031645
  0
LINE
  5
312
330
17
100
AcDbEntity
  8
MIDDLE
100
AcDbLine
 10
218685.0251401415
 20
113048.4800498927
 30
4559.1569255031645
 11
218120.16849043575
 21
112733.85696051456
 31
4567.814960431097
  0
LINE
  5
313
330
17
100
AcDbEntity
  8
MIDDLE
100
AcDbLine
 10
218120.16849043575
 20
112733.85696051456
 30
4567.814960431097
 11
217528.69166331008
 21
112472.6943941695
 31
4579.230001978677
  0
LINE
  5
314
330
17
100
AcDbEntity
  8
MIDDLE
100
AcDbLine
 10
217528.69166331008
 20
112472.6943941695
 30
4579.230001978677
 11
216915.6409305046
 21
112267.22049779026
 31
4593.337096567892
  0
LINE
  5
315
330
17
100
AcDbEntity
  8
MIDDLE
100
AcDbLine
 10
216915.6409305046
 20
112267.22049779026
 30
4593.337096567892
 11
216286.246624716
 21
112119.18830221269
 31
4610.071290620735
  0
LINE
  5
316
330
17
100
AcDbEntity
  8
MIDDLE
100
AcDbLine
 10
216286.246624716
 20
112119.18830221269
 30
4610.071290620735
 11
215645.8785162431
 21
112029.86076593476
 31
4629.36763055919
  0
LINE
  5
317
330
17
100
AcDbEntity
  8
MIDDLE
100
AcDbLine
 10
215645.8785162431
 20
112029.86076593476
 30
4629.36763055919
 11
215000.0
 21
112000.0
 31
4651.161162805248
  0
LINE
  5
318
330
17
100
AcDbEntity
  8
MIDDLE
100
AcDbLine
 10
215000.0
 20
112000.0
 30
4651.161162805248
 11
214363.63636363638
 21
112000.0
 31
4674.977135172285
  0
LINE
  5
319
330
17
100
AcDbEntity
  8
MIDDLE
100
AcDbLine
 10
214363.63636363638
 20
112000.0
 30
4674.977135172285
 11
213727.2727272727
 21
112000.0
 31
4701.085640004131
  0
LINE
  5
31A
330
17
100
AcDbEntity
  8
MIDDLE
100
AcDbLine
 10
213727.2727272727
 20
112000.0
 30
4701.085640004131
 11
213090.9090909091
 21
112000.0
 31
4729.424816981533
  0
LINE
  5
31B
330
17
100
AcDbEntity
  8
MIDDLE
100
AcDbLine
 10
213090.9090909091
 20
112000.0
 30
4729.424816981533
 11
212454.54545454544
 21
112000.0
 31
4759.932805785225
  0
LINE
  5
31C
330
17
100
AcDbEntity
  8
MIDDLE
100
AcDbLine
 10
212454.54545454544
 20
112000.0
 30
4759.932805785225
 11
211818.18181818182
 21
112000.0
 31
4792.547746095954
  0
LINE
  5
31D
330
17
100
AcDbEntity
  8
MIDDLE
100
AcDbLine
 10
211818.18181818182
 20
112000.0
 30
4792.547746095954
 11
211181.81818181818
 21
112000.0
 31
4827.207777594462
  0
LINE
  5
31E
330
17
100
AcDbEntity
  8
MIDDLE
100
AcDbLine
 10
211181.81818181818
 20
112000.0
 30
4827.207777594462
 11
210545.45454545456
 21
112000.0
 31
4863.851039961491
  0
LINE
  5
31F
330
17
100
AcDbEntity
  8
MIDDLE
100
AcDbLine
 10
210545.45454545456
 20
112000.0
 30
4863.851039961491
 11
209909.0909090909
 21
112000.0
 31
4902.4156728777825
  0
LINE
  5
320
330
17
100
AcDbEntity
  8
MIDDLE
100
AcDbLine
 10
209909.0909090909
 20
112000.0
 30
4902.4156728777825
 11
209272.7272727273
 21
112000.0
 31
4942.839816024084
  0
LINE
  5
321
330
17
100
AcDbEntity
  8
MIDDLE
100
AcDbLine
 10
209272.7272727273
 20
112000.0
 30
4942.839816024084
 11
208636.36363636362
 21
112000.0
 31
4985.06160908113
  0
LINE
  5
322
330
17
100
AcDbEntity
  8
MIDDLE
100
AcDbLine
 10
208636.36363636362
 20
112000.0
 30
4985.06160908113
 11
208000.0
 21
112000.0
 31
5029.019191729668
  0
LINE
  5
323
330
17
100
AcDbEntity
  8
MIDDLE
100
AcDbLine
 10
208000.0
 20
112000.0
 30
5029.019191729668
 11
207363.63636363638
 21
112000.0
 31
5074.650703650437
  0
LINE
  5
324
330
17
100
AcDbEntity
  8
MIDDLE
100
AcDbLine
 10
207363.63636363638
 20
112000.0
 30
5074.650703650437
 11
206727.2727272727
 21
112000.0
 31
5121.894284524182
  0
LINE
  5
325
330
17
100
AcDbEntity
  8
MIDDLE
100
AcDbLine
 10
206727.2727272727
 20
112000.0
 30
5121.894284524182
 11
206090.9090909091
 21
112000.0
 31
5170.688074031649
  0
LINE
  5
326
330
17
100
AcDbEntity
  8
MIDDLE
100
AcDbLine
 10
206090.9090909091
 20
112000.0
 30
5170.688074031649
 11
205454.54545454544
 21
112000.0
 31
5220.970211853572
  0
LINE
  5
327
330
17
100
AcDbEntity
  8
MIDDLE
100
AcDbLine
 10
205454.54545454544
 20
112000.0
 30
5220.970211853572
 11
204818.18181818182
 21
112000.0
 31
5272.678837670698
  0
LINE
  5
328
330
17
100
AcDbEntity
  8
MIDDLE
100
AcDbLine
 10
204818.18181818182
 20
112000.0
 30
5272.678837670698
 11
204181.81818181818
 21
112000.0
 31
5325.7520911637685
  0
LINE
  5
329
330
17
100
AcDbEntity
  8
MIDDLE
100
AcDbLine
 10
204181.81818181818
 20
112000.0
 30
5325.7520911637685
 11
203545.45454545456
 21
112000.0
 31
5380.128112013525
  0
LINE
  5
32A
330
17
100
AcDbEntity
  8
MIDDLE
100
AcDbLine
 10
203545.45454545456
 20
112000.0
 30
5380.128112013525
 11
202909.0909090909
 21
112000.0
 31
5435.745039900713
  0
LINE
  5
32B
330
17
100
AcDbEntity
  8
MIDDLE
100
AcDbLine
 10
202909.0909090909
 20
112000.0
 30
5435.745039900713
 11
202272.7272727273
 21
112000.0
 31
5492.541014506076
  0
LINE
  5
32C
330
17
100
AcDbEntity
  8
MIDDLE
100
AcDbLine
 10
202272.7272727273
 20
112000.0
 30
5492.541014506076
 11
201636.36363636362
 21
112000.0
 31
5550.454175510349
  0
LINE
  5
32D
330
17
100
AcDbEntity
  8
MIDDLE
100
AcDbLine
 10
201636.36363636362
 20
112000.0
 30
5550.454175510349
 11
201000.0
 21
112000.0
 31
5609.422662594278
  0
LINE
  5
32E
330
17
100
AcDbEntity
  8
MIDDLE
100
AcDbLine
 10
201000.0
 20
112000.0
 30
5609.422662594278
 11
200357.9473512069
 21
111977.06903149228
 31
5669.976810470915
  0
LINE
  5
32F
330
17
100
AcDbEntity
  8
MIDDLE
100
AcDbLine
 10
200357.9473512069
 20
111977.06903149228
 30
5669.976810470915
 11
199719.16645554043
 21
111908.3929769284
 31
5731.480290264287
  0
LINE
  5
330
330
17
100
AcDbEntity
  8
MIDDLE
100
AcDbLine
 10
199719.16645554043
 20
111908.3929769284
 30
5731.480290264287
 11
199086.9123940232
 21
111794.32179374044
 31
5793.86940552718
  0
LINE
  5
331
330
17
100
AcDbEntity
  8
MIDDLE
100
AcDbLine
 10
199086.9123940232
 20
111794.32179374044
 30
5793.86940552718
 11
198464.40698842713
 21
111635.43676253047
 31
5857.080459812394
  0
LINE
  5
332
330
17
100
AcDbEntity
  8
MIDDLE
100
AcDbLine
 10
198464.40698842713
 20
111635.43676253047
 30
5857.080459812394
 11
197854.82238360812
 21
111432.54752499786
 31
5921.049756672714
  0
LINE
  5
333
330
17
100
AcDbEntity
  8
MIDDLE
100
AcDbLine
 10
197854.82238360812
 20
111432.54752499786
 30
5921.049756672714
 11
197261.26488298303
 21
111186.68795819065
 31
5985.7135996609295
  0
LINE
  5
334
330
17
100
AcDbEntity
  8
MIDDLE
100
AcDbLine
 10
197261.26488298303
 20
111186.68795819065
 30
5985.7135996609295
 11
196686.75911951947
 21
110899.11090610531
 31
6051.008292329829
  0
LINE
  5
335
330
17
100
AcDbEntity
  8
MIDDLE
100
AcDbLine
 10
196686.75911951947
 20
110899.11090610531
 30
6051.008292329829
 11
196134.23264289965
 21
110571.28179548062
 31
6116.870138232196
  0
LINE
  5
336
330
17
100
AcDbEntity
  8
MIDDLE
100
AcDbLine
 10
196134.23264289965
 20
110571.28179548062
 30
6116.870138232196
 11
195606.50100139788
 21
110204.87116831924
 31
6183.235440920834
  0
LINE
  5
337
330
17
100
AcDbEntity
  8
MIDDLE
100
AcDbLine
 10
195606.50100139788
 20
110204.87116831924
 30
6183.235440920834
 11
195106.25339449244
 21
109801.74616918832
 31
6250.040503948525
  0
LINE
  5
338
330
17
100
AcDbEntity
  8
MIDDLE
100
AcDbLine
 10
195106.25339449244
 20
109801.74616918832
 30
6250.040503948525
 11
194636.0389693211
 21
109363.96103067893
 31
6317.221630868059
  0
LINE
  5
339
330
17
100
AcDbEntity
  8
MIDDLE
100
AcDbLine
 10
194636.0389693211
 20
109363.96103067893
 30
6317.221630868059
 11
194198.25383081168
 21
108893.74660550758
 31
6384.715125232226
  0
LINE
  5
33A
330
17
100
AcDbEntity
  8
MIDDLE
100
AcDbLine
 10
194198.25383081168
 20
108893.74660550758
 30
6384.715125232226
 11
193795.12883168075
 21
108393.49899860212
 31
6452.457290593815
  0
LINE
  5
33B
330
17
100
AcDbEntity
  8
MIDDLE
100
AcDbLine
 10
193795.12883168075
 20
108393.49899860212
 30
6452.457290593815
 11
193428.7182045194
 21
107865.76735710038
 31
6520.38443050561
  0
LINE
  5
33C
330
17
100
AcDbEntity
  8
MIDDLE
100
AcDbLine
 10
193428.7182045194
 20
107865.76735710038
 30
6520.38443050561
 11
193100.8890938947
 21
107313.24088048052
 31
6588.432848520412
  0
LINE
  5
33D
330
17
100
AcDbEntity
  8
MIDDLE
100
AcDbLine
 10
193100.8890938947
 20
107313.24088048052
 30
6588.432848520412
 11
192813.31204180932
 21
106738.73511701697
 31
6656.538848191008
  0
LINE
  5
33E
330
17
100
AcDbEntity
  8
UPPER
100
AcDbLine
 10
192813.31204180932
 20
106738.73511701697
 30
6656.538848191008
 11
192567.45247500215
 21
106145.17761639188
 31
6724.638733070181
  0
LINE
  5
33F
330
17
100
AcDbEntity
  8
UPPER
100
AcDbLine
 10
192567.45247500215
 20
106145.17761639188
 30
6724.638733070181
 11
192364.56323746953
 21
105535.59301157287
 31
6792.668806710726
  0
LINE
  5
340
330
17
100
AcDbEntity
  8
UPPER
100
AcDbLine
 10
192364.56323746953
 20
105535.59301157287
 30
6792.668806710726
 11
192205.67820625956
 21
104913.0876059768
 31
6860.565372665425
  0
LINE
  5
341
330
17
100
AcDbEntity
  8
UPPER
100
AcDbLine
 10
192205.67820625956
 20
104913.0876059768
 30
6860.565372665425
 11
192091.6070230716
 21
104280.83354445957
 31
6928.26473448708
  0
LINE
  5
342
330
17
100
AcDbEntity
  8
UPPER
100
AcDbLine
 10
192091.6070230716
 20
104280.83354445957
 30
6928.26473448708
 11
192022.93096850772
 21
103642.05264879309
 31
6995.703195728474
  0
LINE
  5
343
330
17
100
AcDbEntity
  8
UPPER
100
AcDbLine
 10
192022.93096850772
 20
103642.05264879309
 30
6995.703195728474
 11
192000.0
 21
103000.0
 31
7062.817059942397
  0
LINE
  5
344
330
17
100
AcDbEntity
  8
UPPER
100
AcDbLine
 10
192000.0
 20
103000.0
 30
7062.817059942397
 11
192000.0
 21
102384.07410273034
 31
7126.781576200715
  0
LINE
  5
345
330
17
100
AcDbEntity
  8
UPPER
100
AcDbLine
 10
192000.0
 20
102384.07410273034
 30
7126.781576200715
 11
192000.0
 21
101768.14820546066
 31
7190.333274631403
  0
LINE
  5
346
330
17
100
AcDbEntity
  8
UPPER
100
AcDbLine
 10
192000.0
 20
101768.14820546066
 30
7190.333274631403
 11
192000.0
 21
101152.222308191
 31
7253.416065744986
  0
LINE
  5
347
330
17
100
AcDbEntity
  8
UPPER
100
AcDbLine
 10
192000.0
 20
101152.222308191
 30
7253.416065744986
 11
192018.64351428676
 21
100541.87592693671
 31
7315.448071333219
  0
LINE
  5
348
330
17
100
AcDbEntity
  8
UPPER
100
AcDbLine
 10
192018.64351428676
 20
100541.87592693671
 30
7315.448071333219
 11
192074.50454102203
 21
99933.80534597818
 31
7376.909226381625
  0
LINE
  5
349
330
17
100
AcDbEntity
  8
UPPER
100
AcDbLine
 10
192074.50454102203
 20
99933.80534597818
 30
7376.909226381625
 11
192167.37479103587
 21
99330.2778798281
 31
7437.744850041772
  0
LINE
  5
34A
330
17
100
AcDbEntity
  8
UPPER
100
AcDbLine
 10
192167.37479103587
 20
99330.2778798281
 30
7437.744850041772
 11
192296.90797876156
 21
98733.543903074
 31
7497.900261465249
  0
LINE
  5
34B
330
17
100
AcDbEntity
  8
UPPER
100
AcDbLine
 10
192296.90797876156
 20
98733.543903074
 30
7497.900261465249
 11
192462.62111343205
 21
98145.82845940006
 31
7557.320779803638
  0
LINE
  5
34C
330
17
100
AcDbEntity
  8
UPPER
100
AcDbLine
 10
192462.62111343205
 20
98145.82845940006
 30
7557.320779803638
 11
192663.89630000852
 21
97569.32296506043
 31
7615.951724208511
  0
LINE
  5
34D
330
17
100
AcDbEntity
  8
UPPER
100
AcDbLine
 10
192663.89630000852
 20
97569.32296506043
 30
7615.951724208511
 11
192899.98304312766
 21
97006.17703773915
 31
7673.738413831453
  0
LINE
  5
34E
330
17
100
AcDbEntity
  8
UPPER
100
AcDbLine
 10
192899.98304312766
 20
97006.17703773915
 30
7673.738413831453
 11
193170.00104547586
 21
96458.49048126451
 31
7730.626167824047
  0
LINE
  5
34F
330
17
100
AcDbEntity
  8
UPPER
100
AcDbLine
 10
193170.00104547586
 20
96458.49048126451
 30
7730.626167824047
 11
193472.9434901562
 21
95928.30545606457
 31
7786.560305337867
  0
LINE
  5
350
330
17
100
AcDbEntity
  8
UPPER
100
AcDbLine
 10
193472.9434901562
 20
95928.30545606457
 30
7786.560305337867
 11
193807.6807948096
 21
95417.59886455772
 31
7841.486145524496
  0
LINE
  5
351
330
17
100
AcDbEntity
  8
UPPER
100
AcDbLine
 10
193807.6807948096
 20
95417.59886455772
 30
7841.486145524496
 11
194178.39557846627
 21
94888.00631647672
 31
7898.465620730407
  0
LINE
  5
352
330
17
100
AcDbEntity
  8
UPPER
100
AcDbLine
 10
194178.39557846627
 20
94888.00631647672
 30
7898.465620730407
 11
194549.110362123
 21
94358.41376839572
 31
7954.18927518635
  0
LINE
  5
353
330
17
100
AcDbEntity
  8
UPPER
100
AcDbLine
 10
194549.110362123
 20
94358.41376839572
 30
7954.18927518635
 11
194919.8251457797
 21
93828.82122031473
 31
8008.592260219624
  0
LINE
  5
354
330
17
100
AcDbEntity
  8
UPPER
100
AcDbLine
 10
194919.8251457797
 20
93828.82122031473
 30
8008.592260219624
 11
195290.5399294364
 21
93299.22867223373
 31
8061.60972715751
  0
LINE
  5
355
330
17
100
AcDbEntity
  8
UPPER
100
AcDbLine
 10
195290.5399294364
 20
93299.22867223373
 30
8061.60972715751
 11
195661.25471309308
 21
92769.63612415272
 31
8113.1768273273065
  0
LINE
  5
356
330
17
100
AcDbEntity
  8
UPPER
100
AcDbLine
 10
195661.25471309308
 20
92769.63612415272
 30
8113.1768273273065
 11
196031.96949674978
 21
92240.04357607172
 31
8163.228712056302
  0
LINE
  5
357
330
17
100
AcDbEntity
  8
UPPER
100
AcDbLine
 10
196031.96949674978
 20
92240.04357607172
 30
8163.228712056302
 11
196402.68428040648
 21
91710.45102799073
 31
8211.700532671779
  0
LINE
  5
358
330
17
100
AcDbEntity
  8
UPPER
100
AcDbLine
 10
196402.68428040648
 20
91710.45102799073
 30
8211.700532671779
 11
196753.6123434529
 21
91168.76900197355
 31
8258.464173116152
  0
LINE
  5
359
330
17
100
AcDbEntity
  8
UPPER
100
AcDbLine
 10
196753.6123434529
 20
91168.76900197355
 30
8258.464173116152
 11
197064.81704258983
 21
90603.32974088646
 31
8303.522842613791
  0
LINE
  5
35A
330
17
100
AcDbEntity
  8
UPPER
100
AcDbLine
 10
197064.81704258983
 20
90603.32974088646
 30
8303.522842613791
 11
197334.69790229283
 21
90017.04120756047
 31
8346.811959791206
  0
LINE
  5
35B
330
17
100
AcDbEntity
  8
UPPER
100
AcDbLine
 10
197334.69790229283
 20
90017.04120756047
 30
8346.811959791206
 11
197561.86696887208
 21
89412.91858926756
 31
8388.266943274935
  0
LINE
  5
35C
330
17
100
AcDbEntity
  8
UPPER
100
AcDbLine
 10
197561.86696887208
 20
89412.91858926756
 30
8388.266943274935
 11
197745.15594849412
 21
88794.06879109945
 31
8427.823211691486
  0
LINE
  5
35D
330
17
100
AcDbEntity
  8
UPPER
100
AcDbLine
 10
197745.15594849412
 20
88794.06879109945
 30
8427.823211691486
 11
197883.6222155283
 21
88163.6744576563
 31
8465.416183667397
  0
LINE
  5
35E
330
17
100
AcDbEntity
  8
UPPER
100
AcDbLine
 10
197883.6222155283
 20
88163.6744576563
 30
8465.416183667397
 11
197976.55366031828
 21
87524.97760521939
 31
8500.981277829178
  0
LINE
  5
35F
330
17
100
AcDbEntity
  8
UPPER
100
AcDbLine
 10
197976.55366031828
 20
87524.97760521939
 30
8500.981277829178
 11
198023.47235144707
 21
86881.26294858467
 31
8534.453912803363
  0
LINE
  5
360
330
17
100
AcDbEntity
  8
UPPER
100
AcDbLine
 10
198023.47235144707
 20
86881.26294858467
 30
8534.453912803363
 11
198024.13699366112
 21
86235.84100830504
 31
8565.76950721647
  0
LINE
  5
361
330
17
100
AcDbEntity
  8
UPPER
100
AcDbLine
 10
198024.13699366112
 20
86235.84100830504
 30
8565.76950721647
 11
197978.54416881278
 21
85592.03108521755
 31
8594.863479695012
  0
LINE
  5
362
330
17
100
AcDbEntity
  8
UPPER
100
AcDbLine
 10
197978.54416881278
 20
85592.03108521755
 30
8594.863479695012
 11
197886.9283534395
 21
84953.14418981502
 31
8621.671248865528
  0
LINE
  5
363
330
17
100
AcDbEntity
  8
UPPER
100
AcDbLine
 10
197886.9283534395
 20
84953.14418981502
 30
8621.671248865528
 11
197749.76071288847
 21
84322.46601425378
 31
8646.128233354531
  0
LINE
  5
364
330
17
100
AcDbEntity
  8
UPPER
100
AcDbLine
 10
197749.76071288847
 20
84322.46601425378
 30
8646.128233354531
 11
197567.74667818972
 21
83703.24003456923
 31
8668.16985178855
  0
LINE
  5
365
330
17
100
AcDbEntity
  8
UPPER
100
AcDbLine
 10
197567.74667818972
 20
83703.24003456923
 30
8668.16985178855
 11
197386.49341464444
 21
83159.48024393329
 31
8685.66352041204
  0
LINE
  5
366
330
17
100
AcDbEntity
  8
UPPER
100
AcDbLine
 10
197386.49341464444
 20
83159.48024393329
 30
8685.66352041204
 11
197205.24015109913
 21
82615.72045329736
 31
8701.157017799394
  0
LINE
  5
367
330
17
100
AcDbEntity
  8
UPPER
100
AcDbLine
 10
197205.24015109913
 20
82615.72045329736
 30
8701.157017799394
 11
197023.9868875538
 21
82071.96066266141
 31
8714.605142372511
  0
LINE
  5
368
330
17
100
AcDbEntity
  8
UPPER
100
AcDbLine
 10
197023.9868875538
 20
82071.96066266141
 30
8714.605142372511
 11
196842.7336240085
 21
81528.20087202548
 31
8725.962692553288
  0
LINE
  5
369
330
17
100
AcDbEntity
  8
UPPER
100
AcDbLine
 10
196842.7336240085
 20
81528.20087202548
 30
8725.962692553288
 11
196661.48036046317
 21
80984.44108138954
 31
8735.18446676362
  0
LINE
  5
36A
330
17
100
AcDbEntity
  8
UPPER
100
AcDbLine
 10
196661.48036046317
 20
80984.44108138954
 30
8735.18446676362
 11
196491.74003961874
 21
80420.35357509034
 31
8742.389919302113
  0
LINE
  5
36B
330
17
100
AcDbEntity
  8
UPPER
100
AcDbLine
 10
196491.74003961874
 20
80420.35357509034
 30
8742.389919302113
 11
196355.50865496555
 21
79847.25018030134
 31
8747.241962287877
  0
LINE
  5
36C
330
17
100
AcDbEntity
  8
UPPER
100
AcDbLine
 10
196355.50865496555
 20
79847.25018030134
 30
8747.241962287877
 11
196253.25893825144
 21
79267.11960300422
 31
8749.691505958555
  0
LINE
  5
36D
330
17
100
AcDbEntity
  8
UPPER
100
AcDbLine
 10
196253.25893825144
 20
79267.11960300422
 30
8749.691505958555
 11
196185.34570263073
 21
78681.97493396011
 31
8750.0
  0
LINE
  5
36E
330
17
100
AcDbEntity
  8
UPPER
100
AcDbLine
 10
196185.34570263073
 20
78681.97493396011
 30
8750.0
 11
196152.00461143957
 21
78093.84666315399
 31
8750.0
  0
LINE
  5
36F
330
17
100
AcDbEntity
  8
UPPER
100
AcDbLine
 10
196152.00461143957
 20
78093.84666315399
 30
8750.0
 11
196153.35136042853
 21
77504.77563386265
 31
8750.0
  0
LINE
  5
370
330
17
100
AcDbEntity
  8
UPPER
100
AcDbLine
 10
196153.35136042853
 20
77504.77563386265
 30
8750.0
 11
196189.38127629127
 21
76916.80596079597
 31
8750.0
  0
LINE
  5
371
330
17
100
AcDbEntity
  8
UPPER
100
AcDbLine
 10
196189.38127629127
 20
76916.80596079597
 30
8750.0
 11
196246.07586894452
 21
76293.16544161008
 31
8750.0
  0
LINE
  5
372
330
17
100
AcDbEntity
  8
UPPER
100
AcDbLine
 10
196246.07586894452
 20
76293.16544161008
 30
8750.0
 11
196302.7704615978
 21
75669.52492242421
 31
8750.0
  0
LINE
  5
373
330
17
100
AcDbEntity
  8
UPPER
100
AcDbLine
 10
196302.7704615978
 20
75669.52492242421
 30
8750.0
 11
196359.46505425108
 21
75045.88440323833
 31
8750.0
  0
LINE
  5
374
330
17
100
AcDbEntity
  8
UPPER
100
AcDbLine
 10
196359.46505425108
 20
75045.88440323833
 30
8750.0
 11
196416.15964690433
 21
74422.24388405246
 31
8750.0
  0
LINE
  5
375
330
17
100
AcDbEntity
  8
UPPER
100
AcDbLine
 10
196416.15964690433
 20
74422.24388405246
 30
8750.0
 11
196472.85423955758
 21
73798.60336486656
 31
8750.0
  0
LINE
  5
376
330
17
100
AcDbEntity
  8
UPPER
100
AcDbLine
 10
196472.85423955758
 20
73798.60336486656
 30
8750.0
 11
196529.54883221086
 21
73174.9628456807
 31
8750.0
  0
LINE
  5
377
330
17
100
AcDbEntity
  8
UPPER
100
AcDbLine
 10
196529.54883221086
 20
73174.9628456807
 30
8750.0
 11
196586.2434248641
 21
72551.32232649482
 31
8750.0
  0
LINE
  5
378
330
17
100
AcDbEntity
  8
UPPER
100
AcDbLine
 10
196586.2434248641
 20
72551.32232649482
 30
8750.0
 11
196661.0790238038
 21
71951.9860504435
 31
8750.0
  0
LINE
  5
379
330
17
100
AcDbEntity
  8
UPPER
100
AcDbLine
 10
196661.0790238038
 20
71951.9860504435
 30
8750.0
 11
196775.94493276655
 21
71359.01879871887
 31
8750.0
  0
LINE
  5
37A
330
17
100
AcDbEntity
  8
UPPER
100
AcDbLine
 10
196775.94493276655
 20
71359.01879871887
 30
8750.0
 11
196930.32382358017
 21
70775.0911518902
 31
8750.0
  0
LINE
  5
37B
330
17
100
AcDbEntity
  8
UPPER
100
AcDbLine
 10
196930.32382358017
 20
70775.0911518902
 30
8750.0
 11
197123.52041119317
 21
70202.83297834052
 31
8750.0
  0
LINE
  5
37C
330
17
100
AcDbEntity
  8
UPPER
100
AcDbLine
 10
197123.52041119317
 20
70202.83297834052
 30
8750.0
 11
197354.66458507004
 21
69644.82158997783
 31
8750.0
  0
LINE
  5
37D
330
17
100
AcDbEntity
  8
UPPER
100
AcDbLine
 10
197354.66458507004
 20
69644.82158997783
 30
8750.0
 11
197622.71532795794
 21
69103.57013464771
 31
8750.0
  0
LINE
  5
37E
330
17
100
AcDbEntity
  8
UPPER
100
AcDbLine
 10
197622.71532795794
 20
69103.57013464771
 30
8750.0
 11
197926.46540437549
 21
68581.51627752562
 31
8750.0
  0
LINE
  5
37F
330
17
100
AcDbEntity
  8
UPPER
100
AcDbLine
 10
197926.46540437549
 20
68581.51627752562
 30
8750.0
 11
198264.54679770852
 21
68081.01122246456
 31
8750.0
  0
LINE
  5
380
330
17
100
AcDbEntity
  8
UPPER
100
AcDbLine
 10
198264.54679770852
 20
68081.01122246456
 30
8750.0
 11
198635.43687142493
 21
67604.3091227436
 31
8750.0
  0
LINE
  5
381
330
17
100
AcDbEntity
  8
UPPER
100
AcDbLine
 10
198635.43687142493
 20
67604.3091227436
 30
8750.0
 11
199037.46522665973
 21
67153.55692890879
 31
8750.0
  0
LINE
  5
382
330
17
100
AcDbEntity
  8
UPPER
100
AcDbLine
 10
199037.46522665973
 20
67153.55692890879
 30
8750.0
 11
199468.82122528637
 21
66730.78471942886
 31
8750.0
  0
LINE
  5
383
330
17
100
AcDbEntity
  8
UPPER
100
AcDbLine
 10
199468.82122528637
 20
66730.78471942886
 30
8750.0
 11
199927.56214459118
 21
66337.89655771478
 31
8750.0
  0
LINE
  5
384
330
17
100
AcDbEntity
  8
UPPER
100
AcDbLine
 10
199927.56214459118
 20
66337.89655771478
 30
8750.0
 11
200411.62192682497
 21
65976.66191668007
 31
8750.0
  0
LINE
  5
385
330
17
100
AcDbEntity
  8
UPPER
100
AcDbLine
 10
200411.62192682497
 20
65976.66191668007
 30
8750.0
 11
200918.8204842257
 21
65648.70770946458
 31
8750.0
  0
LINE
  5
386
330
17
100
AcDbEntity
  8
UPPER
100
AcDbLine
 10
200918.8204842257
 20
65648.70770946458
 30
8750.0
 11
201411.7671594085
 21
65352.939704354896
 31
8750.0
  0
LINE
  5
387
330
17
100
AcDbEntity
  8
UPPER
100
AcDbLine
 10
201411.7671594085
 20
65352.939704354896
 30
8750.0
 11
201904.71383459133
 21
65057.171699245206
 31
8750.0
  0
LINE
  5
388
330
17
100
AcDbEntity
  8
UPPER
100
AcDbLine
 10
201904.71383459133
 20
65057.171699245206
 30
8750.0
 11
202397.66050977414
 21
64761.40369413552
 31
8750.0
  0
LINE
  5
389
330
17
100
AcDbEntity
  8
UPPER
100
AcDbLine
 10
202397.66050977414
 20
64761.40369413552
 30
8750.0
 11
202890.60718495693
 21
64465.63568902585
 31
8750.0
  0
LINE
  5
38A
330
17
100
AcDbEntity
  8
UPPER
100
AcDbLine
 10
202890.60718495693
 20
64465.63568902585
 30
8750.0
 11
203383.55386013974
 21
64169.86768391615
 31
8750.0
  0
LINE
  5
38B
330
17
100
AcDbEntity
  8
UPPER
100
AcDbLine
 10
203383.55386013974
 20
64169.86768391615
 30
8750.0
 11
203876.50053532256
 21
63874.09967880647
 31
8750.0
  0
LINE
  5
38C
330
17
100
AcDbEntity
  8
UPPER
100
AcDbLine
 10
203876.50053532256
 20
63874.09967880647
 30
8750.0
 11
204369.44721050537
 21
63578.33167369679
 31
8750.0
  0
LINE
  5
38D
330
17
100
AcDbEntity
  8
UPPER
100
AcDbLine
 10
204369.44721050537
 20
63578.33167369679
 30
8750.0
 11
204862.39388568816
 21
63282.5636685871
 31
8750.0
  0
LINE
  5
38E
330
17
100
AcDbEntity
  8
UPPER
100
AcDbLine
 10
204862.39388568816
 20
63282.5636685871
 30
8750.0
 11
205393.89026004646
 21
62987.60445005115
 31
8750.0
  0
LINE
  5
38F
330
17
100
AcDbEntity
  8
UPPER
100
AcDbLine
 10
205393.89026004646
 20
62987.60445005115
 30
8750.0
 11
205944.08446175363
 21
62729.1945489963
 31
8750.0
  0
LINE
  5
390
330
17
100
AcDbEntity
  8
UPPER
100
AcDbLine
 10
205944.08446175363
 20
62729.1945489963
 30
8750.0
 11
206510.46672672863
 21
62508.51272718676
 31
8750.0
  0
LINE
  5
391
330
17
100
AcDbEntity
  8
UPPER
100
AcDbLine
 10
206510.46672672863
 20
62508.51272718676
 30
8750.0
 11
207090.4534474736
 21
62326.56564610315
 31
8750.0
  0
LINE
  5
392
330
17
100
AcDbEntity
  8
UPPER
100
AcDbLine
 10
207090.4534474736
 20
62326.56564610315
 30
8750.0
 11
207681.3989584496
 21
62184.18327495877
 31
8750.0
  0
LINE
  5
393
330
17
100
AcDbEntity
  8
UPPER
100
AcDbLine
 10
207681.3989584496
 20
62184.18327495877
 30
8750.0
 11
208280.6076045357
 21
62082.01510471476
 31
8750.0
  0
LINE
  5
394
330
17
100
AcDbEntity
  8
UPPER
100
AcDbLine
 10
208280.6076045357
 20
62082.01510471476
 30
8750.0
 11
208885.34603752082
 21
62020.52718536419
 31
8750.0
  0
LINE
  5
395
330
17
100
AcDbEntity
  8
UPPER
100
AcDbLine
 10
208885.34603752082
 20
62020.52718536419
 30
8750.0
 11
209492.8556845359
 21
62000.0
 31
8750.0
  0
LINE
  5
396
330
17
100
AcDbEntity
  8
UPPER
100
AcDbLine
 10
209492.8556845359
 20
62000.0
 30
8750.0
 11
210127.7458505153
 21
62000.0
 31
8750.0
  0
LINE
  5
397
330
17
100
AcDbEntity
  8
UPPER
100
AcDbLine
 10
210127.7458505153
 20
62000.0
 30
8750.0
 11
210762.63601649468
 21
62000.0
 31
8750.0
  0
LINE
  5
398
330
17
100
AcDbEntity
  8
UPPER
100
AcDbLine
 10
210762.63601649468
 20
62000.0
 30
8750.0
 11
211397.52618247407
 21
62000.0
 31
8750.0
  0
LINE
  5
399
330
17
100
AcDbEntity
  8
UPPER
100
AcDbLine
 10
211397.52618247407
 20
62000.0
 30
8750.0
 11
212032.41634845347
 21
62000.0
 31
8750.0
  0
LINE
  5
39A
330
17
100
AcDbEntity
  8
UPPER
100
AcDbLine
 10
212032.41634845347
 20
62000.0
 30
8750.0
 11
212667.30651443286
 21
62000.0
 31
8750.0
  0
LINE
  5
39B
330
17
100
AcDbEntity
  8
UPPER
100
AcDbLine
 10
212667.30651443286
 20
62000.0
 30
8750.0
 11
213302.19668041225
 21
62000.0
 31
8750.0
  0
LINE
  5
39C
330
17
100
AcDbEntity
  8
UPPER
100
AcDbLine
 10
213302.19668041225
 20
62000.0
 30
8750.0
 11
213937.0868463916
 21
62000.0
 31
8750.0
  0
LINE
  5
39D
330
17
100
AcDbEntity
  8
UPPER
100
AcDbLine
 10
213937.0868463916
 20
62000.0
 30
8750.0
 11
214571.977012371
 21
62000.0
 31
8750.0
  0
LINE
  5
39E
330
17
100
AcDbEntity
  8
UPPER
100
AcDbLine
 10
214571.977012371
 20
62000.0
 30
8750.0
 11
215206.8671783504
 21
62000.0
 31
8750.0
  0
LINE
  5
39F
330
17
100
AcDbEntity
  8
UPPER
100
AcDbLine
 10
215206.8671783504
 20
62000.0
 30
8750.0
 11
215841.7573443298
 21
62000.0
 31
8750.0
  0
LINE
  5
3A0
330
17
100
AcDbEntity
  8
UPPER
100
AcDbLine
 10
215841.7573443298
 20
62000.0
 30
8750.0
 11
216476.64751030918
 21
62000.0
 31
8750.0
  0
LINE
  5
3A1
330
17
100
AcDbEntity
  8
UPPER
100
AcDbLine
 10
216476.64751030918
 20
62000.0
 30
8750.0
 11
217111.53767628854
 21
62000.0
 31
8750.0
  0
LINE
  5
3A2
330
17
100
AcDbEntity
  8
UPPER
100
AcDbLine
 10
217111.53767628854
 20
62000.0
 30
8750.0
 11
217746.42784226796
 21
62000.0
 31
8750.0
  0
LINE
  5
3A3
330
17
100
AcDbEntity
  8
UPPER
100
AcDbLine
 10
217746.42784226796
 20
62000.0
 30
8750.0
 11
218381.31800824736
 21
62000.0
 31
8750.0
  0
LINE
  5
3A4
330
17
100
AcDbEntity
  8
UPPER
100
AcDbLine
 10
218381.31800824736
 20
62000.0
 30
8750.0
 11
219016.20817422675
 21
62000.0
 31
8750.0
  0
LINE
  5
3A5
330
17
100
AcDbEntity
  8
UPPER
100
AcDbLine
 10
219016.20817422675
 20
62000.0
 30
8750.0
 11
219651.0983402061
 21
62000.0
 31
8750.0
  0
LINE
  5
3A6
330
17
100
AcDbEntity
  8
UPPER
100
AcDbLine
 10
219651.0983402061
 20
62000.0
 30
8750.0
 11
220285.9885061855
 21
62000.0
 31
8750.0
  0
LINE
  5
3A7
330
17
100
AcDbEntity
  8
UPPER
100
AcDbLine
 10
220285.9885061855
 20
62000.0
 30
8750.0
 11
220920.8786721649
 21
62000.0
 31
8750.0
  0
LINE
  5
3A8
330
17
100
AcDbEntity
  8
UPPER
100
AcDbLine
 10
220920.8786721649
 20
62000.0
 30
8750.0
 11
221555.7688381443
 21
62000.0
 31
8750.0
  0
LINE
  5
3A9
330
17
100
AcDbEntity
  8
UPPER
100
AcDbLine
 10
221555.7688381443
 20
62000.0
 30
8750.0
 11
222190.65900412368
 21
62000.0
 31
8750.0
  0
LINE
  5
3AA
330
17
100
AcDbEntity
  8
UPPER
100
AcDbLine
 10
222190.65900412368
 20
62000.0
 30
8750.0
 11
222825.54917010304
 21
62000.0
 31
8750.0
  0
LINE
  5
3AB
330
17
100
AcDbEntity
  8
UPPER
100
AcDbLine
 10
222825.54917010304
 20
62000.0
 30
8750.0
 11
223460.43933608246
 21
62000.0
 31
8750.0
  0
LINE
  5
3AC
330
17
100
AcDbEntity
  8
UPPER
100
AcDbLine
 10
223460.43933608246
 20
62000.0
 30
8750.0
 11
224095.32950206185
 21
62000.0
 31
8750.0
  0
LINE
  5
3AD
330
17
100
AcDbEntity
  8
UPPER
100
AcDbLine
 10
224095.32950206185
 20
62000.0
 30
8750.0
 11
224730.21966804122
 21
62000.0
 31
8750.0
  0
LINE
  5
3AE
330
17
100
AcDbEntity
  8
UPPER
100
AcDbLine
 10
224730.21966804122
 20
62000.0
 30
8750.0
 11
225365.1098340206
 21
62000.0
 31
8750.0
  0
LINE
  5
3AF
330
17
100
AcDbEntity
  8
UPPER
100
AcDbLine
 10
225365.1098340206
 20
62000.0
 30
8750.0
 11
226000.0
 21
62000.0
 31
8750.0
  0
LINE
  5
3B0
330
17
100
AcDbEntity
  8
UPPER
100
AcDbLine
 10
226000.0
 20
62000.0
 30
8750.0
 11
226642.46200910164
 21
62011.46913817415
 31
8750.0
  0
LINE
  5
3B1
330
17
100
AcDbEntity
  8
UPPER
100
AcDbLine
 10
226642.46200910164
 20
62011.46913817415
 30
8750.0
 11
227284.10529758615
 21
62045.86193701544
 31
8750.0
  0
LINE
  5
3B2
330
17
100
AcDbEntity
  8
UPPER
100
AcDbLine
 10
227284.10529758615
 20
62045.86193701544
 30
8750.0
 11
227924.11218817203
 21
62103.134568105845
 31
8750.0
  0
LINE
  5
3B3
330
17
100
AcDbEntity
  8
UPPER
100
AcDbLine
 10
227924.11218817203
 20
62103.134568105845
 30
8750.0
 11
228561.66708891914
 21
62183.21404614321
 31
8750.0
  0
LINE
  5
3B4
330
17
100
AcDbEntity
  8
UPPER
100
AcDbLine
 10
228561.66708891914
 20
62183.21404614321
 30
8750.0
 11
229195.95753257748
 21
62285.99832194991
 31
8750.0
  0
LINE
  5
3B5
330
17
100
AcDbEntity
  8
UPPER
100
AcDbLine
 10
229195.95753257748
 20
62285.99832194991
 30
8750.0
 11
229826.17521195358
 21
62411.356412519126
 31
8750.0
  0
LINE
  5
3B6
330
17
100
AcDbEntity
  8
UPPER
100
AcDbLine
 10
229826.17521195358
 20
62411.356412519126
 30
8750.0
 11
230451.51700997588
 21
62559.12856793287
 31
8750.0
  0
LINE
  5
3B7
330
17
100
AcDbEntity
  8
UPPER
100
AcDbLine
 10
230451.51700997588
 20
62559.12856793287
 30
8750.0
 11
231071.18602314574
 21
62729.126474939054
 31
8750.0
  0
LINE
  5
3B8
330
17
100
AcDbEntity
  8
UPPER
100
AcDbLine
 10
231071.18602314574
 20
62729.126474939054
 30
8750.0
 11
231684.39257707048
 21
62921.13349692825
 31
8750.0
  0
LINE
  5
3B9
330
17
100
AcDbEntity
  8
UPPER
100
AcDbLine
 10
231684.39257707048
 20
62921.13349692825
 30
8750.0
 11
232290.35523278377
 21
63134.90495000429
 31
8750.0
  0
LINE
  5
3BA
330
17
100
AcDbEntity
  8
UPPER
100
AcDbLine
 10
232290.35523278377
 20
63134.90495000429
 30
8750.0
 11
232888.3017825716
 21
63370.16841479683
 31
8750.0
  0
LINE
  5
3BB
330
17
100
AcDbEntity
  8
UPPER
100
AcDbLine
 10
232888.3017825716
 20
63370.16841479683
 30
8750.0
 11
233477.47023403394
 21
63626.62408361866
 31
8750.0
  0
LINE
  5
3BC
330
17
100
AcDbEntity
  8
UPPER
100
AcDbLine
 10
233477.47023403394
 20
63626.62408361866
 30
8750.0
 11
234057.10978112882
 21
63903.9451425252
 31
8750.0
  0
LINE
  5
3BD
330
17
100
AcDbEntity
  8
UPPER
100
AcDbLine
 10
234057.10978112882
 20
63903.9451425252
 30
8750.0
 11
234626.481760961
 21
64201.7781877894
 31
8750.0
  0
LINE
  5
3BE
330
17
100
AcDbEntity
  8
UPPER
100
AcDbLine
 10
234626.481760961
 20
64201.7781877894
 30
8750.0
 11
235184.86059509622
 21
64519.74367626139
 31
8750.0
  0
LINE
  5
3BF
330
17
100
AcDbEntity
  8
UPPER
100
AcDbLine
 10
235184.86059509622
 20
64519.74367626139
 30
8750.0
 11
235731.53471420077
 21
64857.43640903874
 31
8750.0
  0
LINE
  5
3C0
330
17
100
AcDbEntity
  8
UPPER
100
AcDbLine
 10
235731.53471420077
 20
64857.43640903874
 30
8750.0
 11
236265.80746482936
 21
65214.426047831155
 31
8750.0
  0
LINE
  5
3C1
330
17
100
AcDbEntity
  8
UPPER
100
AcDbLine
 10
236265.80746482936
 20
65214.426047831155
 30
8750.0
 11
236786.99799720425
 21
65590.25766336151
 31
8750.0
  0
LINE
  5
3C2
330
17
100
AcDbEntity
  8
UPPER
100
AcDbLine
 10
236786.99799720425
 20
65590.25766336151
 30
8750.0
 11
237294.44213285536
 21
65984.45231510441
 31
8750.0
  0
LINE
  5
3C3
330
17
100
AcDbEntity
  8
UPPER
100
AcDbLine
 10
237294.44213285536
 20
65984.45231510441
 30
8750.0
 11
237787.49321101516
 21
66396.50766162334
 31
8750.0
  0
LINE
  5
3C4
330
17
100
AcDbEntity
  8
UPPER
100
AcDbLine
 10
237787.49321101516
 20
66396.50766162334
 30
8750.0
 11
238265.52291269004
 21
66825.89860072895
 31
8750.0
  0
LINE
  5
3C5
330
17
100
AcDbEntity
  8
UPPER
100
AcDbLine
 10
238265.52291269004
 20
66825.89860072895
 30
8750.0
 11
238727.92206135785
 21
67272.07793864213
 31
8750.0
  0
LINE
  5
3C6
330
17
100
AcDbEntity
  8
UPPER
100
AcDbLine
 10
238727.92206135785
 20
67272.07793864213
 30
8750.0
 11
239174.10139927105
 21
67734.47708730995
 31
8750.0
  0
LINE
  5
3C7
330
17
100
AcDbEntity
  8
UPPER
100
AcDbLine
 10
239174.10139927105
 20
67734.47708730995
 30
8750.0
 11
239603.49233837664
 21
68212.50678898487
 31
8750.0
  0
LINE
  5
3C8
330
17
100
AcDbEntity
  8
UPPER
100
AcDbLine
 10
239603.49233837664
 20
68212.50678898487
 30
8750.0
 11
240015.54768489557
 21
68705.55786714466
 31
8750.0
  0
LINE
  5
3C9
330
17
100
AcDbEntity
  8
UPPER
100
AcDbLine
 10
240015.54768489557
 20
68705.55786714466
 30
8750.0
 11
240409.74233663848
 21
69213.00200279577
 31
8750.0
  0
LINE
  5
3CA
330
17
100
AcDbEntity
  8
UPPER
100
AcDbLine
 10
240409.74233663848
 20
69213.00200279577
 30
8750.0
 11
240785.57395216884
 21
69734.19253517064
 31
8750.0
  0
LINE
  5
3CB
330
17
100
AcDbEntity
  8
UPPER
100
AcDbLine
 10
240785.57395216884
 20
69734.19253517064
 30
8750.0
 11
241142.56359096125
 21
70268.46528579923
 31
8750.0
  0
LINE
  5
3CC
330
17
100
AcDbEntity
  8
UPPER
100
AcDbLine
 10
241142.56359096125
 20
70268.46528579923
 30
8750.0
 11
241480.2563237386
 21
70815.1394049038
 31
8750.0
  0
LINE
  5
3CD
330
17
100
AcDbEntity
  8
UPPER
100
AcDbLine
 10
241480.2563237386
 20
70815.1394049038
 30
8750.0
 11
241798.22181221063
 21
71373.51823903897
 31
8750.0
  0
LINE
  5
3CE
330
17
100
AcDbEntity
  8
UPPER
100
AcDbLine
 10
241798.22181221063
 20
71373.51823903897
 30
8750.0
 11
242096.0548574748
 21
71942.89021887117
 31
8750.0
  0
LINE
  5
3CF
330
17
100
AcDbEntity
  8
UPPER
100
AcDbLine
 10
242096.0548574748
 20
71942.89021887117
 30
8750.0
 11
242373.37591638134
 21
72522.52976596604
 31
8750.0
  0
LINE
  5
3D0
330
17
100
AcDbEntity
  8
UPPER
100
AcDbLine
 10
242373.37591638134
 20
72522.52976596604
 30
8750.0
 11
242629.83158520315
 21
73111.69821742838
 31
8750.0
  0
LINE
  5
3D1
330
17
100
AcDbEntity
  8
UPPER
100
AcDbLine
 10
242629.83158520315
 20
73111.69821742838
 30
8750.0
 11
242865.09504999573
 21
73709.64476721623
 31
8750.0
  0
LINE
  5
3D2
330
17
100
AcDbEntity
  8
UPPER
100
AcDbLine
 10
242865.09504999573
 20
73709.64476721623
 30
8750.0
 11
243078.86650307177
 21
74315.60742292955
 31
8750.0
  0
LINE
  5
3D3
330
17
100
AcDbEntity
  8
UPPER
100
AcDbLine
 10
243078.86650307177
 20
74315.60742292955
 30
8750.0
 11
243270.87352506095
 21
74928.81397685426
 31
8750.0
  0
LINE
  5
3D4
330
17
100
AcDbEntity
  8
UPPER
100
AcDbLine
 10
243270.87352506095
 20
74928.81397685426
 30
8750.0
 11
243440.87143206713
 21
75548.48299002413
 31
8750.0
  0
LINE
  5
3D5
330
17
100
AcDbEntity
  8
UPPER
100
AcDbLine
 10
243440.87143206713
 20
75548.48299002413
 30
8750.0
 11
243588.64358748088
 21
76173.82478804642
 31
8750.0
  0
LINE
  5
3D6
330
17
100
AcDbEntity
  8
UPPER
100
AcDbLine
 10
243588.64358748088
 20
76173.82478804642
 30
8750.0
 11
243714.0016780501
 21
76804.04246742254
 31
8750.0
  0
LINE
  5
3D7
330
17
100
AcDbEntity
  8
UPPER
100
AcDbLine
 10
243714.0016780501
 20
76804.04246742254
 30
8750.0
 11
243816.7859538568
 21
77438.33291108087
 31
8750.0
  0
LINE
  5
3D8
330
17
100
AcDbEntity
  8
UPPER
100
AcDbLine
 10
243816.7859538568
 20
77438.33291108087
 30
8750.0
 11
243896.86543189417
 21
78075.88781182797
 31
8750.0
  0
LINE
  5
3D9
330
17
100
AcDbEntity
  8
UPPER
100
AcDbLine
 10
243896.86543189417
 20
78075.88781182797
 30
8750.0
 11
243954.13806298457
 21
78715.89470241382
 31
8750.0
  0
LINE
  5
3DA
330
17
100
AcDbEntity
  8
UPPER
100
AcDbLine
 10
243954.13806298457
 20
78715.89470241382
 30
8750.0
 11
243988.53086182583
 21
79357.53799089835
 31
8750.0
  0
LINE
  5
3DB
330
17
100
AcDbEntity
  8
UPPER
100
AcDbLine
 10
243988.53086182583
 20
79357.53799089835
 30
8750.0
 11
244000.0
 21
80000.0
 31
8750.0
  0
LINE
  5
3DC
330
17
100
AcDbEntity
  8
UPPER
100
AcDbLine
 10
244000.0
 20
80000.0
 30
8750.0
 11
244000.0
 21
80500.0
 31
8750.0
  0
LINE
  5
3DD
330
17
100
AcDbEntity
  8
UPPER
100
AcDbLine
 10
244000.0
 20
80500.0
 30
8750.0
 11
244000.0
 21
81000.0
 31
8750.0
  0
LINE
  5
3DE
330
17
100
AcDbEntity
  8
UPPER
100
AcDbLine
 10
244000.0
 20
81000.0
 30
8750.0
 11
244000.0
 21
81500.0
 31
8750.0
  0
LINE
  5
3DF
330
17
100
AcDbEntity
  8
UPPER
100
AcDbLine
 10
244000.0
 20
81500.0
 30
8750.0
 11
244000.0
 21
82000.0
 31
8750.0
  0
LINE
  5
3E0
330
17
100
AcDbEntity
  8
UPPER
100
AcDbLine
 10
244000.0
 20
82000.0
 30
8750.0
 11
243975.33866986504
 21
82627.67276582276
 31
8750.0
  0
LINE
  5
3E1
330
17
100
AcDbEntity
  8
UPPER
100
AcDbLine
 10
243975.33866986504
 20
82627.67276582276
 30
8750.0
 11
243901.5067247611
 21
83251.47572032185
 31
8750.0
  0
LINE
  5
3E2
330
17
100
AcDbEntity
  8
UPPER
100
AcDbLine
 10
243901.5067247611
 20
83251.47572032185
 30
8750.0
 11
243778.9593631814
 21
83867.56291084723
 31
8750.0
  0
LINE
  5
3E3
330
17
100
AcDbEntity
  8
UPPER
100
AcDbLine
 10
243778.9593631814
 20
83867.56291084723
 30
8750.0
 11
243608.45213036123
 21
84472.13595499957
 31
8750.0
  0
LINE
  5
3E4
330
17
100
AcDbEntity
  8
UPPER
100
AcDbLine
 10
243608.45213036123
 20
84472.13595499957
 30
8750.0
 11
243391.0362600903
 21
85061.46745892071
 31
8750.0
  0
LINE
  5
3E5
330
17
100
AcDbEntity
  8
UPPER
100
AcDbLine
 10
243391.0362600903
 20
85061.46745892071
 30
8750.0
 11
243128.05219350697
 21
85631.92399791637
 31
8750.0
  0
LINE
  5
3E6
330
17
100
AcDbEntity
  8
UPPER
100
AcDbLine
 10
243128.05219350697
 20
85631.92399791637
 30
8750.0
 11
242821.12131483274
 21
86179.9885177276
 31
8750.0
  0
LINE
  5
3E7
330
17
100
AcDbEntity
  8
UPPER
100
AcDbLine
 10
242821.12131483274
 20
86179.9885177276
 30
8750.0
 11
242472.13595499957
 21
86702.28201833979
 31
8750.0
  0
LINE
  5
3E8
330
17
100
AcDbEntity
  8
UPPER
100
AcDbLine
 10
242472.13595499957
 20
86702.28201833979
 30
8750.0
 11
242083.24772480023
 21
87195.58438664147
 31
8750.0
  0
LINE
  5
3E9
330
17
100
AcDbEntity
  8
UPPER
100
AcDbLine
 10
242083.24772480023
 20
87195.58438664147
 30
8750.0
 11
241656.85424949237
 21
87656.85424949239
 31
8750.0
  0
LINE
  5
3EA
330
17
100
AcDbEntity
  8
UPPER
100
AcDbLine
 10
241656.85424949237
 20
87656.85424949239
 30
8750.0
 11
241195.58438664148
 21
88083.24772480024
 31
8750.0
  0
LINE
  5
3EB
330
17
100
AcDbEntity
  8
UPPER
100
AcDbLine
 10
241195.58438664148
 20
88083.24772480024
 30
8750.0
 11
240702.28201833979
 21
88472.13595499957
 31
8750.0
  0
LINE
  5
3EC
330
17
100
AcDbEntity
  8
UPPER
100
AcDbLine
 10
240702.28201833979
 20
88472.13595499957
 30
8750.0
 11
240179.9885177276
 21
88821.12131483274
 31
8750.0
  0
LINE
  5
3ED
330
17
100
AcDbEntity
  8
UPPER
100
AcDbLine
 10
240179.9885177276
 20
88821.12131483274
 30
8750.0
 11
239631.92399791637
 21
89128.05219350694
 31
8750.0
  0
LINE
  5
3EE
330
17
100
AcDbEntity
  8
UPPER
100
AcDbLine
 10
239631.92399791637
 20
89128.05219350694
 30
8750.0
 11
239061.46745892073
 21
89391.03626009029
 31
8750.0
  0
LINE
  5
3EF
330
17
100
AcDbEntity
  8
UPPER
100
AcDbLine
 10
239061.46745892073
 20
89391.03626009029
 30
8750.0
 11
238472.13595499957
 21
89608.45213036123
 31
8750.0
  0
LINE
  5
3F0
330
17
100
AcDbEntity
  8
UPPER
100
AcDbLine
 10
238472.13595499957
 20
89608.45213036123
 30
8750.0
 11
237867.56291084725
 21
89778.95936318142
 31
8750.0
  0
LINE
  5
3F1
330
17
100
AcDbEntity
  8
UPPER
100
AcDbLine
 10
237867.56291084725
 20
89778.95936318142
 30
8750.0
 11
237251.47572032185
 21
89901.5067247611
 31
8750.0
  0
LINE
  5
3F2
330
17
100
AcDbEntity
  8
UPPER
100
AcDbLine
 10
237251.47572032185
 20
89901.5067247611
 30
8750.0
 11
236627.67276582276
 21
89975.33866986503
 31
8750.0
  0
LINE
  5
3F3
330
17
100
AcDbEntity
  8
UPPER
100
AcDbLine
 10
236627.67276582276
 20
89975.33866986503
 30
8750.0
 11
236000.0
 21
90000.0
 31
8750.0
  0
LINE
  5
3F4
330
17
100
AcDbEntity
  8
UPPER
100
AcDbLine
 10
236000.0
 20
90000.0
 30
8750.0
 11
235366.6666666667
 21
90000.0
 31
8750.0
  0
LINE
  5
3F5
330
17
100
AcDbEntity
  8
UPPER
100
AcDbLine
 10
235366.6666666667
 20
90000.0
 30
8750.0
 11
234733.33333333334
 21
90000.0
 31
8750.0
  0
LINE
  5
3F6
330
17
100
AcDbEntity
  8
UPPER
100
AcDbLine
 10
234733.33333333334
 20
90000.0
 30
8750.0
 11
234100.0
 21
90000.0
 31
8750.0
  0
LINE
  5
3F7
330
17
100
AcDbEntity
  8
UPPER
100
AcDbLine
 10
234100.0
 20
90000.0
 30
8750.0
 11
233466.66666666666
 21
90000.0
 31
8750.0
  0
LINE
  5
3F8
330
17
100
AcDbEntity
  8
UPPER
100
AcDbLine
 10
233466.66666666666
 20
90000.0
 30
8750.0
 11
232833.33333333334
 21
90000.0
 31
8750.0
  0
LINE
  5
3F9
330
17
100
AcDbEntity
  8
UPPER
100
AcDbLine
 10
232833.33333333334
 20
90000.0
 30
8750.0
 11
232200.0
 21
90000.0
 31
8750.0
  0
LINE
  5
3FA
330
17
100
AcDbEntity
  8
UPPER
100
AcDbLine
 10
232200.0
 20
90000.0
 30
8750.0
 11
231566.66666666666
 21
90000.0
 31
8750.0
  0
LINE
  5
3FB
330
17
100
AcDbEntity
  8
UPPER
100
AcDbLine
 10
231566.66666666666
 20
90000.0
 30
8750.0
 11
230933.33333333334
 21
90000.0
 31
8750.0
  0
LINE
  5
3FC
330
17
100
AcDbEntity
  8
UPPER
100
AcDbLine
 10
230933.33333333334
 20
90000.0
 30
8750.0
 11
230300.0
 21
90000.0
 31
8750.0
  0
LINE
  5
3FD
330
17
100
AcDbEntity
  8
UPPER
100
AcDbLine
 10
230300.0
 20
90000.0
 30
8750.0
 11
229666.66666666666
 21
90000.0
 31
8750.0
  0
LINE
  5
3FE
330
17
100
AcDbEntity
  8
UPPER
100
AcDbLine
 10
229666.66666666666
 20
90000.0
 30
8750.0
 11
229033.33333333334
 21
90000.0
 31
8750.0
  0
LINE
  5
3FF
330
17
100
AcDbEntity
  8
UPPER
100
AcDbLine
 10
229033.33333333334
 20
90000.0
 30
8750.0
 11
228400.0
 21
90000.0
 31
8750.0
  0
LINE
  5
400
330
17
100
AcDbEntity
  8
UPPER
100
AcDbLine
 10
228400.0
 20
90000.0
 30
8750.0
 11
227766.66666666666
 21
90000.0
 31
8750.0
  0
LINE
  5
401
330
17
100
AcDbEntity
  8
UPPER
100
AcDbLine
 10
227766.66666666666
 20
90000.0
 30
8750.0
 11
227133.3333333333
 21
90000.0
 31
8750.0
  0
LINE
  5
402
330
17
100
AcDbEntity
  8
UPPER
100
AcDbLine
 10
227133.3333333333
 20
90000.0
 30
8750.0
 11
226500.0
 21
90000.0
 31
8750.0
  0
LINE
  5
403
330
17
100
AcDbEntity
  8
UPPER
100
AcDbLine
 10
226500.0
 20
90000.0
 30
8750.0
 11
225862.88858785786
 21
90031.29927663071
 31
8750.0
  0
LINE
  5
404
330
17
100
AcDbEntity
  8
UPPER
100
AcDbLine
 10
225862.88858785786
 20
90031.29927663071
 30
8750.0
 11
225231.91290689516
 21
90124.895677379
 31
8750.0
  0
LINE
  5
405
330
17
100
AcDbEntity
  8
UPPER
100
AcDbLine
 10
225231.91290689516
 20
90124.895677379
 30
8750.0
 11
224613.149597846
 21
90279.88781774064
 31
8750.0
  0
LINE
  5
406
330
17
100
AcDbEntity
  8
UPPER
100
AcDbLine
 10
224613.149597846
 20
90279.88781774064
 30
8750.0
 11
224012.55768962693
 21
90494.78303867663
 31
8750.0
  0
LINE
  5
407
330
17
100
AcDbEntity
  8
UPPER
100
AcDbLine
 10
224012.55768962693
 20
90494.78303867663
 30
8750.0
 11
223435.92121063103
 21
90767.5117817357
 31
8750.0
  0
LINE
  5
408
330
17
100
AcDbEntity
  8
UPPER
100
AcDbLine
 10
223435.92121063103
 20
90767.5117817357
 30
8750.0
 11
222888.7934853726
 21
91095.44752003346
 31
8750.0
  0
LINE
  5
409
330
17
100
AcDbEntity
  8
UPPER
100
AcDbLine
 10
222888.7934853726
 20
91095.44752003346
 30
8750.0
 11
222376.44365293632
 21
91475.43205314221
 31
8750.0
  0
LINE
  5
40A
330
17
100
AcDbEntity
  8
UPPER
100
AcDbLine
 10
222376.44365293632
 20
91475.43205314221
 30
8750.0
 11
221903.80592228743
 21
91903.80592228744
 31
8750.0
  0
LINE
  5
40B
330
17
100
AcDbEntity
  8
UPPER
100
AcDbLine
 10
221903.80592228743
 20
91903.80592228744
 30
8750.0
 11
221475.43205314223
 21
92376.4436529363
 31
8750.0
  0
LINE
  5
40C
330
17
100
AcDbEntity
  8
UPPER
100
AcDbLine
 10
221475.43205314223
 20
92376.4436529363
 30
8750.0
 11
221095.44752003346
 21
92888.79348537259
 31
8750.0
  0
LINE
  5
40D
330
17
100
AcDbEntity
  8
UPPER
100
AcDbLine
 10
221095.44752003346
 20
92888.79348537259
 30
8750.0
 11
220767.5117817357
 21
93435.92121063102
 31
8750.0
  0
LINE
  5
40E
330
17
100
AcDbEntity
  8
UPPER
100
AcDbLine
 10
220767.5117817357
 20
93435.92121063102
 30
8750.0
 11
220494.78303867666
 21
94012.55768962692
 31
8750.0
  0
LINE
  5
40F
330
17
100
AcDbEntity
  8
UPPER
100
AcDbLine
 10
220494.78303867666
 20
94012.55768962692
 30
8750.0
 11
220279.88781774064
 21
94613.14959784599
 31
8750.0
  0
LINE
  5
410
330
17
100
AcDbEntity
  8
UPPER
100
AcDbLine
 10
220279.88781774064
 20
94613.14959784599
 30
8750.0
 11
220124.895677379
 21
95231.91290689516
 31
8750.0
  0
LINE
  5
411
330
17
100
AcDbEntity
  8
UPPER
100
AcDbLine
 10
220124.895677379
 20
95231.91290689516
 30
8750.0
 11
220031.2992766307
 21
95862.88858785786
 31
8750.0
  0
LINE
  5
412
330
17
100
AcDbEntity
  8
UPPER
100
AcDbLine
 10
220031.2992766307
 20
95862.88858785786
 30
8750.0
 11
220000.0
 21
96500.0
 31
8750.0
  0
LINE
  5
413
330
17
100
AcDbEntity
  8
UPPER
100
AcDbLine
 10
220000.0
 20
96500.0
 30
8750.0
 11
220031.2992766307
 21
97137.11141214214
 31
8750.0
  0
LINE
  5
414
330
17
100
AcDbEntity
  8
UPPER
100
AcDbLine
 10
220031.2992766307
 20
97137.11141214214
 30
8750.0
 11
220124.895677379
 21
97768.08709310484
 31
8750.0
  0
LINE
  5
415
330
17
100
AcDbEntity
  8
UPPER
100
AcDbLine
 10
220124.895677379
 20
97768.08709310484
 30
8750.0
 11
220279.88781774064
 21
98386.85040215401
 31
8750.0
  0
LINE
  5
416
330
17
100
AcDbEntity
  8
UPPER
100
AcDbLine
 10
220279.88781774064
 20
98386.85040215401
 30
8750.0
 11
220494.78303867666
 21
98987.44231037308
 31
8750.0
  0
LINE
  5
417
330
17
100
AcDbEntity
  8
UPPER
100
AcDbLine
 10
220494.78303867666
 20
98987.44231037308
 30
8750.0
 11
220767.5117817357
 21
99564.07878936898
 31
8750.0
  0
LINE
  5
418
330
17
100
AcDbEntity
  8
UPPER
100
AcDbLine
 10
220767.5117817357
 20
99564.07878936898
 30
8750.0
 11
221095.44752003346
 21
100111.20651462741
 31
8750.0
  0
LINE
  5
419
330
17
100
AcDbEntity
  8
UPPER
100
AcDbLine
 10
221095.44752003346
 20
100111.20651462741
 30
8750.0
 11
221475.43205314223
 21
100623.5563470637
 31
8750.0
  0
LINE
  5
41A
330
17
100
AcDbEntity
  8
UPPER
100
AcDbLine
 10
221475.43205314223
 20
100623.5563470637
 30
8750.0
 11
221903.80592228743
 21
101096.19407771256
 31
8750.0
  0
LINE
  5
41B
330
17
100
AcDbEntity
  8
UPPER
100
AcDbLine
 10
221903.80592228743
 20
101096.19407771256
 30
8750.0
 11
222376.44365293632
 21
101524.56794685779
 31
8750.0
  0
LINE
  5
41C
330
17
100
AcDbEntity
  8
UPPER
100
AcDbLine
 10
222376.44365293632
 20
101524.56794685779
 30
8750.0
 11
222888.7934853726
 21
101904.55247996654
 31
8750.0
  0
LINE
  5
41D
330
17
100
AcDbEntity
  8
UPPER
100
AcDbLine
 10
222888.7934853726
 20
101904.55247996654
 30
8750.0
 11
223435.92121063103
 21
102232.4882182643
 31
8750.0
  0
LINE
  5
41E
330
17
100
AcDbEntity
  8
UPPER
100
AcDbLine
 10
223435.92121063103
 20
102232.4882182643
 30
8750.0
 11
224012.55768962693
 21
102505.21696132337
 31
8750.0
  0
LINE
  5
41F
330
17
100
AcDbEntity
  8
UPPER
100
AcDbLine
 10
224012.55768962693
 20
102505.21696132337
 30
8750.0
 11
224613.149597846
 21
102720.11218225936
 31
8750.0
  0
LINE
  5
420
330
17
100
AcDbEntity
  8
UPPER
100
AcDbLine
 10
224613.149597846
 20
102720.11218225936
 30
8750.0
 11
225231.91290689516
 21
102875.104322621
 31
8750.0
  0
LINE
  5
421
330
17
100
AcDbEntity
  8
UPPER
100
AcDbLine
 10
225231.91290689516
 20
102875.104322621
 30
8750.0
 11
225862.88858785786
 21
102968.70072336929
 31
8750.0
  0
LINE
  5
422
330
17
100
AcDbEntity
  8
UPPER
100
AcDbLine
 10
225862.88858785786
 20
102968.70072336929
 30
8750.0
 11
226500.0
 21
103000.0
 31
8750.0
  0
LINE
  5
423
330
17
100
AcDbEntity
  8
UPPER
100
AcDbLine
 10
226500.0
 20
103000.0
 30
8750.0
 11
227074.3277643119
 21
103000.0
 31
8750.0
  0
LINE
  5
424
330
17
100
AcDbEntity
  8
UPPER
100
AcDbLine
 10
227074.3277643119
 20
103000.0
 30
8750.0
 11
227648.6555286238
 21
103000.0
 31
8750.0
  0
LINE
  5
425
330
17
100
AcDbEntity
  8
UPPER
100
AcDbLine
 10
227648.6555286238
 20
103000.0
 30
8750.0
 11
228222.9832929357
 21
103000.0
 31
8750.0
  0
LINE
  5
426
330
17
100
AcDbEntity
  8
UPPER
100
AcDbLine
 10
228222.9832929357
 20
103000.0
 30
8750.0
 11
228847.0808088942
 21
103024.38075817467
 31
8750.0
  0
LINE
  5
427
330
17
100
AcDbEntity
  8
UPPER
100
AcDbLine
 10
228847.0808088942
 20
103024.38075817467
 30
8750.0
 11
229467.37433219922
 21
103097.3744273564
 31
8750.0
  0
LINE
  5
428
330
17
100
AcDbEntity
  8
UPPER
100
AcDbLine
 10
229467.37433219922
 20
103097.3744273564
 30
8750.0
 11
230080.08305625347
 21
103218.53609729602
 31
8750.0
  0
LINE
  5
429
330
17
100
AcDbEntity
  8
UPPER
100
AcDbLine
 10
230080.08305625347
 20
103218.53609729602
 30
8750.0
 11
230681.4724052488
 21
103387.12726464984
 31
8750.0
  0
LINE
  5
42A
330
17
100
AcDbEntity
  8
UPPER
100
AcDbLine
 10
230681.4724052488
 20
103387.12726464984
 30
8750.0
 11
231267.87679711357
 21
103602.12033429742
 31
8750.0
  0
LINE
  5
42B
330
17
100
AcDbEntity
  8
UPPER
100
AcDbLine
 10
231267.87679711357
 20
103602.12033429742
 30
8750.0
 11
231835.72198593002
 21
103862.20488272874
 31
8750.0
  0
LINE
  5
42C
330
17
100
AcDbEntity
  8
UPPER
100
AcDbLine
 10
231835.72198593002
 20
103862.20488272874
 30
8750.0
 11
232381.54684764097
 21
104165.79564532367
 31
8750.0
  0
LINE
  5
42D
330
17
100
AcDbEntity
  8
UPPER
100
AcDbLine
 10
232381.54684764097
 20
104165.79564532367
 30
8750.0
 11
232902.0244762566
 21
104511.04217884051
 31
8750.0
  0
LINE
  5
42E
330
17
100
AcDbEntity
  8
UPPER
100
AcDbLine
 10
232902.0244762566
 20
104511.04217884051
 30
8750.0
 11
233393.98246197726
 21
104895.84014021819
 31
8750.0
  0
LINE
  5
42F
330
17
100
AcDbEntity
  8
UPPER
100
AcDbLine
 10
233393.98246197726
 20
104895.84014021819
 30
8750.0
 11
233854.4222276325
 21
105317.84411294608
 31
8750.0
  0
LINE
  5
430
330
17
100
AcDbEntity
  8
UPPER
100
AcDbLine
 10
233854.4222276325
 20
105317.84411294608
 30
8750.0
 11
234280.53730557713
 21
105774.48190282226
 31
8750.0
  0
LINE
  5
431
330
17
100
AcDbEntity
  8
UPPER
100
AcDbLine
 10
234280.53730557713
 20
105774.48190282226
 30
8750.0
 11
234669.7304436437
 21
106262.97021596458
 31
8750.0
  0
LINE
  5
432
330
17
100
AcDbEntity
  8
UPPER
100
AcDbLine
 10
234669.7304436437
 20
106262.97021596458
 30
8750.0
 11
235019.6294358866
 21
106780.33162351463
 31
8750.0
  0
LINE
  5
433
330
17
100
AcDbEntity
  8
UPPER
100
AcDbLine
 10
235019.6294358866
 20
106780.33162351463
 30
8750.0
 11
235328.10158162698
 21
107323.41270963075
 31
8750.0
  0
LINE
  5
434
330
17
100
AcDbEntity
  8
UPPER
100
AcDbLine
 10
235328.10158162698
 20
107323.41270963075
 30
8750.0
 11
235593.26668466761
 21
107888.90329215552
 31
8750.0
  0
LINE
  5
435
330
17
100
AcDbEntity
  8
UPPER
100
AcDbLine
 10
235593.26668466761
 20
107888.90329215552
 30
8750.0
 11
235813.5085134451
 21
108473.35659880328
 31
8750.0
  0
LINE
  5
436
330
17
100
AcDbEntity
  8
UPPER
100
AcDbLine
 10
235813.5085134451
 20
108473.35659880328
 30
8750.0
 11
235987.48465226757
 21
109073.21027589058
 31
8750.0
  0
LINE
  5
437
330
17
100
AcDbEntity
  8
UPPER
100
AcDbLine
 10
235987.48465226757
 20
109073.21027589058
 30
8750.0
 11
236114.13468359286
 21
109684.80810155714
 31
8750.0
  0
LINE
  5
438
330
17
100
AcDbEntity
  8
UPPER
100
AcDbLine
 10
236114.13468359286
 20
109684.80810155714
 30
8750.0
 11
236209.96744573142
 21
110259.8046743885
 31
8750.0
  0
LINE
  5
439
330
17
100
AcDbEntity
  8
UPPER
100
AcDbLine
 10
236209.96744573142
 20
110259.8046743885
 30
8750.0
 11
236305.80020787
 21
110834.80124721988
 31
8750.0
  0
LINE
  5
43A
330
17
100
AcDbEntity
  8
UPPER
100
AcDbLine
 10
236305.80020787
 20
110834.80124721988
 30
8750.0
 11
236401.63297000853
 21
111409.79782005123
 31
8750.0
  0
LINE
  5
43B
330
17
100
AcDbEntity
  8
UPPER
100
AcDbLine
 10
236401.63297000853
 20
111409.79782005123
 30
8750.0
 11
236497.4657321471
 21
111984.79439288258
 31
8750.0
  0
LINE
  5
43C
330
17
100
AcDbEntity
  8
UPPER
100
AcDbLine
 10
236497.4657321471
 20
111984.79439288258
 30
8750.0
 11
236593.29849428564
 21
112559.79096571395
 31
8750.0
  0
LINE
  5
43D
330
17
100
AcDbEntity
  8
UPPER
100
AcDbLine
 10
236593.29849428564
 20
112559.79096571395
 30
8750.0
 11
236689.1312564242
 21
113134.78753854532
 31
8750.0
  0
LINE
  5
43E
330
17
100
AcDbEntity
  8
UPPER
100
AcDbLine
 10
236689.1312564242
 20
113134.78753854532
 30
8750.0
 11
236784.96401856278
 21
113709.78411137668
 31
8750.0
  0
LINE
  5
43F
330
17
100
AcDbEntity
  8
UPPER
100
AcDbLine
 10
236784.96401856278
 20
113709.78411137668
 30
8750.0
 11
236880.79678070132
 21
114284.78068420805
 31
8750.0
  0
LINE
  5
440
330
17
100
AcDbEntity
  8
UPPER
100
AcDbLine
 10
236880.79678070132
 20
114284.78068420805
 30
8750.0
 11
236976.6295428399
 21
114859.77725703942
 31
8750.0
  0
LINE
  5
441
330
17
100
AcDbEntity
  8
UPPER
100
AcDbLine
 10
236976.6295428399
 20
114859.77725703942
 30
8750.0
 11
237102.70758130567
 21
115469.06862303079
 31
8750.0
  0
LINE
  5
442
330
17
100
AcDbEntity
  8
UPPER
100
AcDbLine
 10
237102.70758130567
 20
115469.06862303079
 30
8750.0
 11
237275.75601953844
 21
116066.71892084736
 31
8750.0
  0
LINE
  5
443
330
17
100
AcDbEntity
  8
UPPER
100
AcDbLine
 10
237275.75601953844
 20
116066.71892084736
 30
8750.0
 11
237494.72809932302
 21
116649.11300454827
 31
8750.0
  0
LINE
  5
444
330
17
100
AcDbEntity
  8
UPPER
100
AcDbLine
 10
237494.72809932302
 20
116649.11300454827
 30
8750.0
 11
237758.29927346474
 21
117212.72801199272
 31
8750.0
  0
LINE
  5
445
330
17
100
AcDbEntity
  8
UPPER
100
AcDbLine
 10
237758.29927346474
 20
117212.72801199272
 30
8750.0
 11
238064.87521788507
 21
117754.15467439288
 31
8750.0
  0
LINE
  5
446
330
17
100
AcDbEntity
  8
UPPER
100
AcDbLine
 10
238064.87521788507
 20
117754.15467439288
 30
8750.0
 11
238412.60147557958
 21
118270.1179387488
 31
8750.0
  0
LINE
  5
447
330
17
100
AcDbEntity
  8
UPPER
100
AcDbLine
 10
238412.60147557958
 20
118270.1179387488
 30
8750.0
 11
238799.37467410183
 21
118757.49677842067
 31
8750.0
  0
LINE
  5
448
330
17
100
AcDbEntity
  8
UPPER
100
AcDbLine
 10
238799.37467410183
 20
118757.49677842067
 30
8750.0
 11
239222.8552487201
 21
119213.34307200655
 31
8750.0
  0
LINE
  5
449
330
17
100
AcDbEntity
  8
UPPER
100
AcDbLine
 10
239222.8552487201
 20
119213.34307200655
 30
8750.0
 11
239680.48159428517
 21
119634.89943632785
 31
8750.0
  0
LINE
  5
44A
330
17
100
AcDbEntity
  8
UPPER
100
AcDbLine
 10
239680.48159428517
 20
119634.89943632785
 30
8750.0
 11
240169.48556020524
 21
120019.61590565227
 31
8750.0
  0
LINE
  5
44B
330
17
100
AcDbEntity
  8
UPPER
100
AcDbLine
 10
240169.48556020524
 20
120019.61590565227
 30
8750.0
 11
240686.9091948004
 21
120365.165356263
 31
8750.0
  0
LINE
  5
44C
330
17
100
AcDbEntity
  8
UPPER
100
AcDbLine
 10
240686.9091948004
 20
120365.165356263
 30
8750.0
 11
241229.62263775076
 21
120669.45758307134
 31
8750.0
  0
LINE
  5
44D
330
17
100
AcDbEntity
  8
UPPER
100
AcDbLine
 10
241229.62263775076
 20
120669.45758307134
 30
8750.0
 11
241794.3430524084
 21
120930.6519431251
 31
8750.0
  0
LINE
  5
44E
330
17
100
AcDbEntity
  8
UPPER
100
AcDbLine
 10
241794.3430524084
 20
120930.6519431251
 30
8750.0
 11
242377.6544834527
 21
121147.16848953233
 31
8750.0
  0
LINE
  5
44F
330
17
100
AcDbEntity
  8
UPPER
100
AcDbLine
 10
242377.6544834527
 20
121147.16848953233
 30
8750.0
 11
242976.0285197711
 21
121317.69752845245
 31
8750.0
  0
LINE
  5
450
330
17
100
AcDbEntity
  8
UPPER
100
AcDbLine
 10
242976.0285197711
 20
121317.69752845245
 30
8750.0
 11
243585.84563757796
 21
121441.20754134512
 31
8750.0
  0
LINE
  5
451
330
17
100
AcDbEntity
  8
UPPER
100
AcDbLine
 10
243585.84563757796
 20
121441.20754134512
 30
8750.0
 11
244203.41709466715
 21
121516.9514245556
 31
8750.0
  0
LINE
  5
452
330
17
100
AcDbEntity
  8
UPPER
100
AcDbLine
 10
244203.41709466715
 20
121516.9514245556
 30
8750.0
 11
244843.71828533718
 21
121570.30985711144
 31
8750.0
  0
LINE
  5
453
330
17
100
AcDbEntity
  8
UPPER
100
AcDbLine
 10
244843.71828533718
 20
121570.30985711144
 30
8750.0
 11
245484.01947600723
 21
121623.66828966727
 31
8750.0
  0
LINE
  5
454
330
17
100
AcDbEntity
  8
UPPER
100
AcDbLine
 10
245484.01947600723
 20
121623.66828966727
 30
8750.0
 11
246124.32066667732
 21
121677.0267222231
 31
8750.0
  0
LINE
  5
455
330
17
100
AcDbEntity
  8
UPPER
100
AcDbLine
 10
246124.32066667732
 20
121677.0267222231
 30
8750.0
 11
246764.62185734737
 21
121730.38515477894
 31
8750.0
  0
LINE
  5
456
330
17
100
AcDbEntity
  8
UPPER
100
AcDbLine
 10
246764.62185734737
 20
121730.38515477894
 30
8750.0
 11
247371.92911009848
 21
121754.51660242713
 31
8750.0
  0
LINE
  5
457
330
17
100
AcDbEntity
  8
UPPER
100
AcDbLine
 10
247371.92911009848
 20
121754.51660242713
 30
8750.0
 11
247979.04043606616
 21
121725.87635292663
 31
8750.0
  0
LINE
  5
458
330
17
100
AcDbEntity
  8
UPPER
100
AcDbLine
 10
247979.04043606616
 20
121725.87635292663
 30
8750.0
 11
248581.37890441588
 21
121644.68032127598
 31
8750.0
  0
LINE
  5
459
330
17
100
AcDbEntity
  8
UPPER
100
AcDbLine
 10
248581.37890441588
 20
121644.68032127598
 30
8750.0
 11
249174.40356624633
 21
121511.54063346429
 31
8750.0
  0
LINE
  5
45A
330
17
100
AcDbEntity
  8
UPPER
100
AcDbLine
 10
249174.40356624633
 20
121511.54063346429
 30
8750.0
 11
249753.64368819393
 21
121327.46101173552
 31
8750.0
  0
LINE
  5
45B
330
17
100
AcDbEntity
  8
UPPER
100
AcDbLine
 10
249753.64368819393
 20
121327.46101173552
 30
8750.0
 11
250314.732456692
 21
121093.82920766121
 31
8750.0
  0
LINE
  5
45C
330
17
100
AcDbEntity
  8
UPPER
100
AcDbLine
 10
250314.732456692
 20
121093.82920766121
 30
8750.0
 11
250853.4398987922
 21
120812.40654006752
 31
8750.0
  0
LINE
  5
45D
330
17
100
AcDbEntity
  8
UPPER
100
AcDbLine
 10
250853.4398987922
 20
120812.40654006752
 30
8750.0
 11
251365.7047713632
 21
120485.3146166889
 31
8750.0
  0
LINE
  5
45E
330
17
100
AcDbEntity
  8
UPPER
100
AcDbLine
 10
251365.7047713632
 20
120485.3146166889
 30
8750.0
 11
251847.66517825768
 21
120115.01933965206
 31
8750.0
  0
LINE
  5
45F
330
17
100
AcDbEntity
  8
UPPER
100
AcDbLine
 10
251847.66517825768
 20
120115.01933965206
 30
8750.0
 11
252295.68768462937
 21
119704.31231537063
 31
8750.0
  0
LINE
  5
460
330
17
100
AcDbEntity
  8
UPPER
100
AcDbLine
 10
252295.68768462937
 20
119704.31231537063
 30
8750.0
 11
252709.20263054848
 21
119290.79736945151
 31
8750.0
  0
LINE
  5
461
330
17
100
AcDbEntity
  8
UPPER
100
AcDbLine
 10
252709.20263054848
 20
119290.79736945151
 30
8750.0
 11
253122.7175764676
 21
118877.2824235324
 31
8750.0
  0
LINE
  5
462
330
17
100
AcDbEntity
  8
UPPER
100
AcDbLine
 10
253122.7175764676
 20
118877.2824235324
 30
8750.0
 11
253536.2325223867
 21
118463.76747761329
 31
8750.0
  0
LINE
  5
463
330
17
100
AcDbEntity
  8
UPPER
100
AcDbLine
 10
253536.2325223867
 20
118463.76747761329
 30
8750.0
 11
253949.7474683058
 21
118050.25253169418
 31
8750.0
  0
LINE
  5
464
330
17
100
AcDbEntity
  8
UPPER
100
AcDbLine
 10
253949.7474683058
 20
118050.25253169418
 30
8750.0
 11
254399.98166880588
 21
117637.68889816715
 31
8750.0
  0
LINE
  5
465
330
17
100
AcDbEntity
  8
UPPER
100
AcDbLine
 10
254399.98166880588
 20
117637.68889816715
 30
8750.0
 11
254884.4598821543
 21
117265.93568997705
 31
8750.0
  0
LINE
  5
466
330
17
100
AcDbEntity
  8
UPPER
100
AcDbLine
 10
254884.4598821543
 20
117265.93568997705
 30
8750.0
 11
255399.49493661165
 21
116937.82217350893
 31
8750.0
  0
LINE
  5
467
330
17
100
AcDbEntity
  8
UPPER
100
AcDbLine
 10
255399.49493661165
 20
116937.82217350893
 30
8750.0
 11
255941.16710442677
 21
116655.84549074345
 31
8750.0
  0
LINE
  5
468
330
17
100
AcDbEntity
  8
UPPER
100
AcDbLine
 10
255941.16710442677
 20
116655.84549074345
 30
8750.0
 11
256505.353933332
 21
116422.15165449864
 31
8750.0
  0
LINE
  5
469
330
17
100
AcDbEntity
  8
UPPER
100
AcDbLine
 10
256505.353933332
 20
116422.15165449864
 30
8750.0
 11
257087.76162089402
 21
116238.51921597653
 31
8750.0
  0
LINE
  5
46A
330
17
100
AcDbEntity
  8
UPPER
100
AcDbLine
 10
257087.76162089402
 20
116238.51921597653
 30
8750.0
 11
257683.9576929432
 21
116106.34572891454
 31
8750.0
  0
LINE
  5
46B
330
17
100
AcDbEntity
  8
UPPER
100
AcDbLine
 10
257683.9576929432
 20
116106.34572891454
 30
8750.0
 11
258289.40473737806
 21
116026.63711335778
 31
8750.0
  0
LINE
  5
46C
330
17
100
AcDbEntity
  8
UPPER
100
AcDbLine
 10
258289.40473737806
 20
116026.63711335778
 30
8750.0
 11
258899.49493661162
 21
116000.0
 31
8750.0
  0
LINE
  5
46D
330
17
100
AcDbEntity
  8
UPPER
100
AcDbLine
 10
258899.49493661162
 20
116000.0
 30
8750.0
 11
259449.7474683058
 21
116000.0
 31
8750.0
  0
LINE
  5
46E
330
17
100
AcDbEntity
  8
UPPER
100
AcDbLine
 10
259449.7474683058
 20
116000.0
 30
8750.0
 11
260000.0
 21
116000.0
 31
8750.0
  0
LINE
  5
46F
330
17
100
AcDbEntity
  8
UPPER
100
AcDbLine
 10
260000.0
 20
116000.0
 30
8750.0
 11
260550.2525316942
 21
116000.0
 31
8750.0
  0
LINE
  5
470
330
17
100
AcDbEntity
  8
UPPER
100
AcDbLine
 10
260550.2525316942
 20
116000.0
 30
8750.0
 11
261100.50506338838
 21
116000.0
 31
8750.0
  0
LINE
  5
471
330
17
100
AcDbEntity
  8
UPPER
100
AcDbLine
 10
261100.50506338838
 20
116000.0
 30
8750.0
 11
261710.59526262194
 21
116026.63711335778
 31
8750.0
  0
LINE
  5
472
330
17
100
AcDbEntity
  8
UPPER
100
AcDbLine
 10
261710.59526262194
 20
116026.63711335778
 30
8750.0
 11
262316.04230705684
 21
116106.34572891454
 31
8750.0
  0
LINE
  5
473
330
17
100
AcDbEntity
  8
UPPER
100
AcDbLine
 10
262316.04230705684
 20
116106.34572891454
 30
8750.0
 11
262912.238379106
 21
116238.51921597653
 31
8750.0
  0
LINE
  5
474
330
17
100
AcDbEntity
  8
UPPER
100
AcDbLine
 10
262912.238379106
 20
116238.51921597653
 30
8750.0
 11
263494.646066668
 21
116422.15165449864
 31
8750.0
  0
LINE
  5
475
330
17
100
AcDbEntity
  8
UPPER
100
AcDbLine
 10
263494.646066668
 20
116422.15165449864
 30
8750.0
 11
264058.8328955732
 21
116655.84549074345
 31
8750.0
  0
LINE
  5
476
330
17
100
AcDbEntity
  8
UPPER
100
AcDbLine
 10
264058.8328955732
 20
116655.84549074345
 30
8750.0
 11
264600.5050633884
 21
116937.82217350893
 31
8750.0
  0
LINE
  5
477
330
17
100
AcDbEntity
  8
UPPER
100
AcDbLine
 10
264600.5050633884
 20
116937.82217350893
 30
8750.0
 11
265115.5401178457
 21
117265.93568997705
 31
8750.0
  0
LINE
  5
478
330
17
100
AcDbEntity
  8
UPPER
100
AcDbLine
 10
265115.5401178457
 20
117265.93568997705
 30
8750.0
 11
265600.0183311941
 21
117637.68889816715
 31
8750.0
  0
LINE
  5
479
330
17
100
AcDbEntity
  8
UPPER
100
AcDbLine
 10
265600.0183311941
 20
117637.68889816715
 30
8750.0
 11
266050.2525316942
 21
118050.25253169418
 31
8750.0
  0
LINE
  5
47A
330
17
100
AcDbEntity
  8
UPPER
100
AcDbLine
 10
266050.2525316942
 20
118050.25253169418
 30
8750.0
 11
266430.1515190165
 21
118430.15151901651
 31
8750.0
  0
LINE
  5
47B
330
17
100
AcDbEntity
  8
UPPER
100
AcDbLine
 10
266430.1515190165
 20
118430.15151901651
 30
8750.0
 11
266810.0505063388
 21
118810.05050633884
 31
8750.0
  0
LINE
  5
47C
330
17
100
AcDbEntity
  8
UPPER
100
AcDbLine
 10
266810.0505063388
 20
118810.05050633884
 30
8750.0
 11
267189.9494936612
 21
119189.94949366116
 31
8750.0
  0
LINE
  5
47D
330
17
100
AcDbEntity
  8
UPPER
100
AcDbLine
 10
267189.9494936612
 20
119189.94949366116
 30
8750.0
 11
267569.8484809835
 21
119569.84848098349
 31
8750.0
  0
LINE
  5
47E
330
17
100
AcDbEntity
  8
UPPER
100
AcDbLine
 10
267569.8484809835
 20
119569.84848098349
 30
8750.0
 11
267949.7474683058
 21
119949.74746830582
 31
8750.0
  0
LINE
  5
47F
330
17
100
AcDbEntity
  8
UPPER
100
AcDbLine
 10
267949.7474683058
 20
119949.74746830582
 30
8750.0
 11
268399.9816688059
 21
120362.31110183285
 31
8750.0
  0
LINE
  5
480
330
17
100
AcDbEntity
  8
UPPER
100
AcDbLine
 10
268399.9816688059
 20
120362.31110183285
 30
8750.0
 11
268884.4598821543
 21
120734.06431002295
 31
8750.0
  0
LINE
  5
481
330
17
100
AcDbEntity
  8
UPPER
100
AcDbLine
 10
268884.4598821543
 20
120734.06431002295
 30
8750.0
 11
269399.4949366116
 21
121062.17782649107
 31
8750.0
  0
LINE
  5
482
330
17
100
AcDbEntity
  8
UPPER
100
AcDbLine
 10
269399.4949366116
 20
121062.17782649107
 30
8750.0
 11
269941.1671044268
 21
121344.15450925655
 31
8750.0
  0
LINE
  5
483
330
17
100
AcDbEntity
  8
UPPER
100
AcDbLine
 10
269941.1671044268
 20
121344.15450925655
 30
8750.0
 11
270505.353933332
 21
121577.84834550136
 31
8750.0
  0
LINE
  5
484
330
17
100
AcDbEntity
  8
UPPER
100
AcDbLine
 10
270505.353933332
 20
121577.84834550136
 30
8750.0
 11
271087.761620894
 21
121761.48078402347
 31
8750.0
  0
LINE
  5
485
330
17
100
AcDbEntity
  8
UPPER
100
AcDbLine
 10
271087.761620894
 20
121761.48078402347
 30
8750.0
 11
271683.95769294316
 21
121893.65427108546
 31
8750.0
  0
LINE
  5
486
330
17
100
AcDbEntity
  8
UPPER
100
AcDbLine
 10
271683.95769294316
 20
121893.65427108546
 30
8750.0
 11
272289.40473737806
 21
121973.36288664222
 31
8750.0
  0
LINE
  5
487
330
17
100
AcDbEntity
  8
UPPER
100
AcDbLine
 10
272289.40473737806
 20
121973.36288664222
 30
8750.0
 11
272899.4949366116
 21
122000.0
 31
8750.0
  0
LINE
  5
488
330
17
100
AcDbEntity
  8
UPPER
100
AcDbLine
 10
272899.4949366116
 20
122000.0
 30
8750.0
 11
273466.5701651731
 21
122000.0
 31
8750.0
  0
LINE
  5
489
330
17
100
AcDbEntity
  8
UPPER
100
AcDbLine
 10
273466.5701651731
 20
122000.0
 30
8750.0
 11
274033.64539373457
 21
122000.0
 31
8750.0
  0
LINE
  5
48A
330
17
100
AcDbEntity
  8
UPPER
100
AcDbLine
 10
274033.64539373457
 20
122000.0
 30
8750.0
 11
274600.720622296
 21
122000.0
 31
8750.0
  0
LINE
  5
48B
330
17
100
AcDbEntity
  8
UPPER
100
AcDbLine
 10
274600.720622296
 20
122000.0
 30
8750.0
 11
275167.79585085745
 21
122000.0
 31
8750.0
  0
LINE
  5
48C
330
17
100
AcDbEntity
  8
UPPER
100
AcDbLine
 10
275167.79585085745
 20
122000.0
 30
8750.0
 11
275734.87107941887
 21
122000.0
 31
8750.0
  0
LINE
  5
48D
330
17
100
AcDbEntity
  8
UPPER
100
AcDbLine
 10
275734.87107941887
 20
122000.0
 30
8750.0
 11
276345.12088356906
 21
121973.34892118089
 31
8750.0
  0
LINE
  5
48E
330
17
100
AcDbEntity
  8
UPPER
100
AcDbLine
 10
276345.12088356906
 20
121973.34892118089
 30
8750.0
 11
276950.72388325364
 21
121893.59862186704
 31
8750.0
  0
LINE
  5
48F
330
17
100
AcDbEntity
  8
UPPER
100
AcDbLine
 10
276950.72388325364
 20
121893.59862186704
 30
8750.0
 11
277547.0686575361
 21
121761.35636820499
 31
8750.0
  0
LINE
  5
490
330
17
100
AcDbEntity
  8
UPPER
100
AcDbLine
 10
277547.0686575361
 20
121761.35636820499
 30
8750.0
 11
278129.614283107
 21
121577.6291312592
 31
8750.0
  0
LINE
  5
491
330
17
100
AcDbEntity
  8
UPPER
100
AcDbLine
 10
278129.614283107
 20
121577.6291312592
 30
8750.0
 11
278693.9249115714
 21
121343.81591933621
 31
8750.0
  0
LINE
  5
492
330
17
100
AcDbEntity
  8
UPPER
100
AcDbLine
 10
278693.9249115714
 20
121343.81591933621
 30
8750.0
 11
279235.70354663266
 21
121061.69712510462
 31
8749.425077908183
  0
LINE
  5
493
330
17
100
AcDbEntity
  8
UPPER
100
AcDbLine
 10
279235.70354663266
 20
121061.69712510462
 30
8749.425077908183
 11
279750.82476397505
 21
120733.42096862767
 31
8747.707669686806
  0
LINE
  5
494
330
17
100
AcDbEntity
  8
UPPER
100
AcDbLine
 10
279750.82476397505
 20
120733.42096862767
 30
8747.707669686806
 11
280235.36612469435
 21
120361.48713953984
 31
8744.858812416966
  0
LINE
  5
495
330
17
100
AcDbEntity
  8
UPPER
100
AcDbLine
 10
280235.36612469435
 20
120361.48713953984
 30
8744.858812416966
 11
280685.63804307743
 21
119948.7277629253
 31
8740.889543179772
  0
LINE
  5
496
330
17
100
AcDbEntity
  8
UPPER
100
AcDbLine
 10
280685.63804307743
 20
119948.7277629253
 30
8740.889543179772
 11
281098.21188129944
 21
119498.2858338353
 31
8735.810899056325
  0
LINE
  5
497
330
17
100
AcDbEntity
  8
UPPER
100
AcDbLine
 10
281098.21188129944
 20
119498.2858338353
 30
8735.810899056325
 11
281414.88379467616
 21
119120.71547557843
 31
8730.914384518172
  0
LINE
  5
498
330
17
100
AcDbEntity
  8
UPPER
100
AcDbLine
 10
281414.88379467616
 20
119120.71547557843
 30
8730.914384518172
 11
281731.5557080529
 21
118743.14511732155
 31
8725.309264707397
  0
LINE
  5
499
330
17
100
AcDbEntity
  8
UPPER
100
AcDbLine
 10
281731.5557080529
 20
118743.14511732155
 30
8725.309264707397
 11
282048.22762142966
 21
118365.57475906468
 31
8719.001329349081
  0
LINE
  5
49A
330
17
100
AcDbEntity
  8
UPPER
100
AcDbLine
 10
282048.22762142966
 20
118365.57475906468
 30
8719.001329349081
 11
282364.8995348063
 21
117988.00440080781
 31
8711.996368168317
  0
LINE
  5
49B
330
17
100
AcDbEntity
  8
UPPER
100
AcDbLine
 10
282364.8995348063
 20
117988.00440080781
 30
8711.996368168317
 11
282736.1775376303
 21
117503.9616045488
 31
8702.364651343909
  0
LINE
  5
49C
330
17
100
AcDbEntity
  8
UPPER
100
AcDbLine
 10
282736.1775376303
 20
117503.9616045488
 30
8702.364651343909
 11
283063.9023062431
 21
116989.4314693488
 31
8691.683961591554
  0
LINE
  5
49D
330
17
100
AcDbEntity
  8
UPPER
100
AcDbLine
 10
283063.9023062431
 20
116989.4314693488
 30
8691.683961591554
 11
283345.5848393543
 21
116448.32174431033
 31
8679.96529293872
  0
LINE
  5
49E
330
17
100
AcDbEntity
  8
UPPER
100
AcDbLine
 10
283345.5848393543
 20
116448.32174431033
 30
8679.96529293872
 11
283579.0858168531
 21
115884.7420449791
 31
8667.219639412873
  0
LINE
  5
49F
330
17
100
AcDbEntity
  8
UPPER
100
AcDbLine
 10
283579.0858168531
 20
115884.7420449791
 30
8667.219639412873
 11
283762.6318474979
 21
115302.97264167077
 31
8653.45799504148
  0
LINE
  5
4A0
330
17
100
AcDbEntity
  8
UPPER
100
AcDbLine
 10
283762.6318474979
 20
115302.97264167077
 30
8653.45799504148
 11
283894.82893745357
 21
114707.43195171042
 31
8638.691353852018
  0
LINE
  5
4A1
330
17
100
AcDbEntity
  8
UPPER
100
AcDbLine
 10
283894.82893745357
 20
114707.43195171042
 30
8638.691353852018
 11
283974.6730773835
 21
114102.642982474
 31
8622.930709871947
  0
LINE
  5
4A2
330
17
100
AcDbEntity
  8
UPPER
100
AcDbLine
 10
283974.6730773835
 20
114102.642982474
 30
8622.930709871947
 11
284001.55786769174
 21
113493.19898009047
 31
8606.187057128738
  0
LINE
  5
4A3
330
17
100
AcDbEntity
  8
UPPER
100
AcDbLine
 10
284001.55786769174
 20
113493.19898009047
 30
8606.187057128738
 11
283975.27912400116
 21
112883.72854469494
 31
8588.47138964986
  0
LINE
  5
4A4
330
17
100
AcDbEntity
  8
UPPER
100
AcDbLine
 10
283975.27912400116
 20
112883.72854469494
 30
8588.47138964986
 11
283896.0364278911
 21
112278.86047717574
 31
8569.794701462777
  0
LINE
  5
4A5
330
17
100
AcDbEntity
  8
UPPER
100
AcDbLine
 10
283896.0364278911
 20
112278.86047717574
 30
8569.794701462777
 11
283810.78182761004
 21
111793.43122251464
 31
8554.0162453424
  0
LINE
  5
4A6
330
17
100
AcDbEntity
  8
UPPER
100
AcDbLine
 10
283810.78182761004
 20
111793.43122251464
 30
8554.0162453424
 11
283725.5272273291
 21
111308.00196785353
 31
8537.62386353176
  0
LINE
  5
4A7
330
17
100
AcDbEntity
  8
UPPER
100
AcDbLine
 10
283725.5272273291
 20
111308.00196785353
 30
8537.62386353176
 11
283640.27262704814
 21
110822.57271319244
 31
8520.623348239178
  0
LINE
  5
4A8
330
17
100
AcDbEntity
  8
UPPER
100
AcDbLine
 10
283640.27262704814
 20
110822.57271319244
 30
8520.623348239178
 11
283555.0180267671
 21
110337.14345853133
 31
8503.020491672989
  0
LINE
  5
4A9
330
17
100
AcDbEntity
  8
UPPER
100
AcDbLine
 10
283555.0180267671
 20
110337.14345853133
 30
8503.020491672989
 11
283423.15467673005
 21
109740.50404576509
 31
8480.361839625586
  0
LINE
  5
4AA
330
17
100
AcDbEntity
  8
UPPER
100
AcDbLine
 10
283423.15467673005
 20
109740.50404576509
 30
8480.361839625586
 11
283239.7620641445
 21
109157.63726716289
 31
8456.796722699653
  0
LINE
  5
4AB
330
17
100
AcDbEntity
  8
UPPER
100
AcDbLine
 10
283239.7620641445
 20
109157.63726716289
 30
8456.796722699653
 11
283006.23759031144
 21
108592.98440737202
 31
8432.336189141499
  0
LINE
  5
4AC
330
17
100
AcDbEntity
  8
UPPER
100
AcDbLine
 10
283006.23759031144
 20
108592.98440737202
 30
8432.336189141499
 11
282724.3606475353
 21
108050.84796598456
 31
8406.991287197412
  0
LINE
  5
4AD
330
17
100
AcDbEntity
  8
UPPER
100
AcDbLine
 10
282724.3606475353
 20
108050.84796598456
 30
8406.991287197412
 11
282396.279060644
 21
107535.3588736733
 31
8380.7730651137
  0
LINE
  5
4AE
330
17
100
AcDbEntity
  8
UPPER
100
AcDbLine
 10
282396.279060644
 20
107535.3588736733
 30
8380.7730651137
 11
282024.49272115354
 21
107050.44501563524
 31
8353.692571136662
  0
LINE
  5
4AF
330
17
100
AcDbEntity
  8
UPPER
100
AcDbLine
 10
282024.49272115354
 20
107050.44501563524
 30
8353.692571136662
 11
281611.8345387825
 21
106599.80130218607
 31
8325.7608535126
  0
LINE
  5
4B0
330
17
100
AcDbEntity
  8
UPPER
100
AcDbLine
 10
281611.8345387825
 20
106599.80130218607
 30
8325.7608535126
 11
281161.44885545794
 21
106186.86151455918
 31
8296.988960487812
  0
LINE
  5
4B1
330
17
100
AcDbEntity
  8
UPPER
100
AcDbLine
 10
281161.44885545794
 20
106186.86151455918
 30
8296.988960487812
 11
280676.7674862947
 21
105814.77214043638
 31
8267.387940308605
  0
LINE
  5
4B2
330
17
100
AcDbEntity
  8
UPPER
100
AcDbLine
 10
280676.7674862947
 20
105814.77214043638
 30
8267.387940308605
 11
280161.48357010714
 21
105486.36839857673
 31
8236.968841221269
  0
LINE
  5
4B3
330
17
100
AcDbEntity
  8
UPPER
100
AcDbLine
 10
280161.48357010714
 20
105486.36839857673
 30
8236.968841221269
 11
279673.5562876362
 21
105204.56221233116
 31
8208.21201230933
  0
LINE
  5
4B4
330
17
100
AcDbEntity
  8
UPPER
100
AcDbLine
 10
279673.5562876362
 20
105204.56221233116
 30
8208.21201230933
 11
279185.6290051653
 21
104922.7560260856
 31
8178.778025451064
  0
LINE
  5
4B5
330
17
100
AcDbEntity
  8
UPPER
100
AcDbLine
 10
279185.6290051653
 20
104922.7560260856
 30
8178.778025451064
 11
278697.70172269444
 21
104640.94983984003
 31
8148.675535641227
  0
LINE
  5
4B6
330
17
100
AcDbEntity
  8
UPPER
100
AcDbLine
 10
278697.70172269444
 20
104640.94983984003
 30
8148.675535641227
 11
278152.91598282
 21
104296.31091533054
 31
8113.417352787062
  0
LINE
  5
4B7
330
17
100
AcDbEntity
  8
UPPER
100
AcDbLine
 10
278152.91598282
 20
104296.31091533054
 30
8113.417352787062
 11
277637.6476364095
 21
103908.92735625108
 31
8077.307982593885
  0
LINE
  5
4B8
330
17
100
AcDbEntity
  8
UPPER
100
AcDbLine
 10
277637.6476364095
 20
103908.92735625108
 30
8077.307982593885
 11
277155.2424455526
 21
103481.31453781365
 31
8040.360396597107
  0
LINE
  5
4B9
330
17
100
AcDbEntity
  8
UPPER
100
AcDbLine
 10
277155.2424455526
 20
103481.31453781365
 30
8040.360396597107
 11
276708.8327839157
 21
103016.24905354847
 31
8002.587566332124
  0
LINE
  5
4BA
330
17
100
AcDbEntity
  8
UPPER
100
AcDbLine
 10
276708.8327839157
 20
103016.24905354847
 30
8002.587566332124
 11
276301.3172974813
 21
102516.75068620997
 31
7964.002463334334
  0
LINE
  5
4BB
330
17
100
AcDbEntity
  8
UPPER
100
AcDbLine
 10
276301.3172974813
 20
102516.75068620997
 30
7964.002463334334
 11
275935.3420829387
 21
101986.06279959666
 31
7924.618059139128
  0
LINE
  5
4BC
330
17
100
AcDbEntity
  8
UPPER
100
AcDbLine
 10
275935.3420829387
 20
101986.06279959666
 30
7924.618059139128
 11
275613.2835059369
 21
101427.63127860484
 31
7884.447325281922
  0
LINE
  5
4BD
330
17
100
AcDbEntity
  8
UPPER
100
AcDbLine
 10
275613.2835059369
 20
101427.63127860484
 30
7884.447325281922
 11
275337.2327707681
 21
100845.0821542639
 31
7843.503233298106
  0
LINE
  5
4BE
330
17
100
AcDbEntity
  8
UPPER
100
AcDbLine
 10
275337.2327707681
 20
100845.0821542639
 30
7843.503233298106
 11
275108.9823416714
 21
100242.19805903926
 31
7801.798754723081
  0
LINE
  5
4BF
330
17
100
AcDbEntity
  8
UPPER
100
AcDbLine
 10
275108.9823416714
 20
100242.19805903926
 30
7801.798754723081
 11
274930.01430392906
 21
99622.89366528422
 31
7759.346861092239
  0
LINE
  5
4C0
330
17
100
AcDbEntity
  8
UPPER
100
AcDbLine
 10
274930.01430392906
 20
99622.89366528422
 30
7759.346861092239
 11
274801.49074032786
 21
98991.19026632482
 31
7716.160523940993
  0
LINE
  5
4C1
330
17
100
AcDbEntity
  8
UPPER
100
AcDbLine
 10
274801.49074032786
 20
98991.19026632482
 30
7716.160523940993
 11
274724.24618547416
 21
98351.18966522893
 31
7672.252714804737
  0
LINE
  5
4C2
330
17
100
AcDbEntity
  8
UPPER
100
AcDbLine
 10
274724.24618547416
 20
98351.18966522893
 30
7672.252714804737
 11
274698.78220695915
 21
97707.0475408062
 31
7627.636405218868
  0
LINE
  5
4C3
330
17
100
AcDbEntity
  8
UPPER
100
AcDbLine
 10
274698.78220695915
 20
97707.0475408062
 30
7627.636405218868
 11
274725.2641485586
 21
97062.94646377963
 31
7582.324566718779
  0
LINE
  5
4C4
330
17
100
AcDbEntity
  8
UPPER
100
AcDbLine
 10
274725.2641485586
 20
97062.94646377963
 30
7582.324566718779
 11
274803.5200566161
 21
96423.06873834161
 31
7536.330170839886
  0
LINE
  5
4C5
330
17
100
AcDbEntity
  8
UPPER
100
AcDbLine
 10
274803.5200566161
 20
96423.06873834161
 30
7536.330170839886
 11
274933.04179657926
 21
95791.56924544036
 31
7489.666189117579
  0
LINE
  5
4C6
330
17
100
AcDbEntity
  8
UPPER
100
AcDbLine
 10
274933.04179657926
 20
95791.56924544036
 30
7489.666189117579
 11
275112.988352441
 21
95172.54846413237
 31
7442.345593087259
  0
LINE
  5
4C7
330
17
100
AcDbEntity
  8
UPPER
100
AcDbLine
 10
275112.988352441
 20
95172.54846413237
 30
7442.345593087259
 11
275342.1912876595
 21
94570.02584617943
 31
7394.3813542843145
  0
LINE
  5
4C8
330
17
100
AcDbEntity
  8
UPPER
100
AcDbLine
 10
275342.1912876595
 20
94570.02584617943
 30
7394.3813542843145
 11
275619.1623320998
 21
93987.91371677541
 31
7345.786444244164
  0
LINE
  5
4C9
330
17
100
AcDbEntity
  8
UPPER
100
AcDbLine
 10
275619.1623320998
 20
93987.91371677541
 30
7345.786444244164
 11
275942.10304573184
 21
93429.99187087182
 31
7296.573834502197
  0
LINE
  5
4CA
330
17
100
AcDbEntity
  8
UPPER
100
AcDbLine
 10
275942.10304573184
 20
93429.99187087182
 30
7296.573834502197
 11
276308.9164963369
 21
92899.88303005435
 31
7246.756496593807
  0
LINE
  5
4CB
330
17
100
AcDbEntity
  8
UPPER
100
AcDbLine
 10
276308.9164963369
 20
92899.88303005435
 30
7246.756496593807
 11
276698.919991275
 21
92382.15659427679
 31
7196.082819643776
  0
LINE
  5
4CC
330
17
100
AcDbEntity
  8
UPPER
100
AcDbLine
 10
276698.919991275
 20
92382.15659427679
 30
7196.082819643776
 11
277088.923486213
 21
91864.43015849924
 31
7144.824369610916
  0
LINE
  5
4CD
330
17
100
AcDbEntity
  8
UPPER
100
AcDbLine
 10
277088.923486213
 20
91864.43015849924
 30
7144.824369610916
 11
277478.92698115105
 21
91346.70372272166
 31
7092.994322162815
  0
LINE
  5
4CE
330
17
100
AcDbEntity
  8
UPPER
100
AcDbLine
 10
277478.92698115105
 20
91346.70372272166
 30
7092.994322162815
 11
277868.9304760891
 21
90828.97728694411
 31
7040.605852967069
  0
LINE
  5
4CF
330
17
100
AcDbEntity
  8
UPPER
100
AcDbLine
 10
277868.9304760891
 20
90828.97728694411
 30
7040.605852967069
 11
278258.9339710272
 21
90311.25085116655
 31
6987.672137691248
  0
LINE
  5
4D0
330
17
100
AcDbEntity
  8
UPPER
100
AcDbLine
 10
278258.9339710272
 20
90311.25085116655
 30
6987.672137691248
 11
278648.9374659652
 21
89793.52441538898
 31
6934.206352002951
  0
LINE
  5
4D1
330
17
100
AcDbEntity
  8
UPPER
100
AcDbLine
 10
278648.9374659652
 20
89793.52441538898
 30
6934.206352002951
 11
279009.39085060934
 21
89278.54153079723
 31
6881.849844630513
  0
LINE
  5
4D2
330
17
100
AcDbEntity
  8
UPPER
100
AcDbLine
 10
279009.39085060934
 20
89278.54153079723
 30
6881.849844630513
 11
279333.01847932814
 21
88739.65455577026
 31
6829.017155876925
  0
LINE
  5
4D3
330
17
100
AcDbEntity
  8
UPPER
100
AcDbLine
 10
279333.01847932814
 20
88739.65455577026
 30
6829.017155876925
 11
279618.2416325666
 21
88179.4922875117
 31
6775.720309989321
  0
LINE
  5
4D4
330
17
100
AcDbEntity
  8
UPPER
100
AcDbLine
 10
279618.2416325666
 20
88179.4922875117
 30
6775.720309989321
 11
279863.6689353939
 21
87600.78730831177
 31
6721.97133121483
  0
LINE
  5
4D5
330
17
100
AcDbEntity
  8
UPPER
100
AcDbLine
 10
279863.6689353939
 20
87600.78730831177
 30
6721.97133121483
 11
280068.10314490506
 21
87006.36265547058
 31
6667.782243800582
  0
LINE
  5
4D6
330
17
100
AcDbEntity
  8
UPPER
100
AcDbLine
 10
280068.10314490506
 20
87006.36265547058
 30
6667.782243800582
 11
280230.54699060903
 21
86399.11804996406
 31
6613.165071993709
  0
LINE
  5
4D7
330
17
100
AcDbEntity
  8
MIDDLE
100
AcDbLine
 10
280230.54699060903
 20
86399.11804996406
 30
6613.165071993709
 11
280350.20803931076
 21
85782.01575103182
 31
6558.131840041342
  0
LINE
  5
4D8
330
17
100
AcDbEntity
  8
MIDDLE
100
AcDbLine
 10
280350.20803931076
 20
85782.01575103182
 30
6558.131840041342
 11
280449.96110383427
 21
85150.24634238306
 31
6501.732507063994
  0
LINE
  5
4D9
330
17
100
AcDbEntity
  8
MIDDLE
100
AcDbLine
 10
280449.96110383427
 20
85150.24634238306
 30
6501.732507063994
 11
280549.7141683578
 21
84518.4769337343
 31
6444.927703609748
  0
LINE
  5
4DA
330
17
100
AcDbEntity
  8
MIDDLE
100
AcDbLine
 10
280549.7141683578
 20
84518.4769337343
 30
6444.927703609748
 11
280649.46723288123
 21
83886.70752508556
 31
6387.730088518018
  0
LINE
  5
4DB
330
17
100
AcDbEntity
  8
MIDDLE
100
AcDbLine
 10
280649.46723288123
 20
83886.70752508556
 30
6387.730088518018
 11
280749.2202974047
 21
83254.93811643681
 31
6330.152320628221
  0
LINE
  5
4DC
330
17
100
AcDbEntity
  8
MIDDLE
100
AcDbLine
 10
280749.2202974047
 20
83254.93811643681
 30
6330.152320628221
 11
280848.9733619282
 21
82623.16870778803
 31
6272.207058779769
  0
LINE
  5
4DD
330
17
100
AcDbEntity
  8
MIDDLE
100
AcDbLine
 10
280848.9733619282
 20
82623.16870778803
 30
6272.207058779769
 11
280948.7264264517
 21
81991.39929913929
 31
6213.906961812077
  0
LINE
  5
4DE
330
17
100
AcDbEntity
  8
MIDDLE
100
AcDbLine
 10
280948.7264264517
 20
81991.39929913929
 30
6213.906961812077
 11
281048.4794909752
 21
81359.62989049054
 31
6155.264688564561
  0
LINE
  5
4DF
330
17
100
AcDbEntity
  8
MIDDLE
100
AcDbLine
 10
281048.4794909752
 20
81359.62989049054
 30
6155.264688564561
 11
281148.23255549866
 21
80727.86048184177
 31
6096.292897876635
  0
LINE
  5
4E0
330
17
100
AcDbEntity
  8
MIDDLE
100
AcDbLine
 10
281148.23255549866
 20
80727.86048184177
 30
6096.292897876635
 11
281247.98562002217
 21
80096.09107319302
 31
6037.004248587714
  0
LINE
  5
4E1
330
17
100
AcDbEntity
  8
MIDDLE
100
AcDbLine
 10
281247.98562002217
 20
80096.09107319302
 30
6037.004248587714
 11
281347.7386845457
 21
79464.32166454427
 31
5977.411399537214
  0
LINE
  5
4E2
330
17
100
AcDbEntity
  8
MIDDLE
100
AcDbLine
 10
281347.7386845457
 20
79464.32166454427
 30
5977.411399537214
 11
281447.49174906913
 21
78832.55225589551
 31
5917.5270095645465
  0
LINE
  5
4E3
330
17
100
AcDbEntity
  8
MIDDLE
100
AcDbLine
 10
281447.49174906913
 20
78832.55225589551
 30
5917.5270095645465
 11
281547.24481359264
 21
78200.78284724675
 31
5857.36373750913
  0
LINE
  5
4E4
330
17
100
AcDbEntity
  8
MIDDLE
100
AcDbLine
 10
281547.24481359264
 20
78200.78284724675
 30
5857.36373750913
 11
281646.9978781161
 21
77569.013438598
 31
5796.934242210376
  0
LINE
  5
4E5
330
17
100
AcDbEntity
  8
MIDDLE
100
AcDbLine
 10
281646.9978781161
 20
77569.013438598
 30
5796.934242210376
 11
281746.7509426396
 21
76937.24402994924
 31
5736.251182507704
  0
LINE
  5
4E6
330
17
100
AcDbEntity
  8
MIDDLE
100
AcDbLine
 10
281746.7509426396
 20
76937.24402994924
 30
5736.251182507704
 11
281846.5040071631
 21
76305.47462130048
 31
5675.327217240521
  0
LINE
  5
4E7
330
17
100
AcDbEntity
  8
MIDDLE
100
AcDbLine
 10
281846.5040071631
 20
76305.47462130048
 30
5675.327217240521
 11
281946.25707168656
 21
75673.70521265172
 31
5614.17500524825
  0
LINE
  5
4E8
330
17
100
AcDbEntity
  8
MIDDLE
100
AcDbLine
 10
281946.25707168656
 20
75673.70521265172
 30
5614.17500524825
 11
282046.01013621007
 21
75041.93580400298
 31
5552.807205370302
  0
LINE
  5
4E9
330
17
100
AcDbEntity
  8
MIDDLE
100
AcDbLine
 10
282046.01013621007
 20
75041.93580400298
 30
5552.807205370302
 11
282145.7632007335
 21
74410.16639535423
 31
5491.236476446091
  0
LINE
  5
4EA
330
17
100
AcDbEntity
  8
MIDDLE
100
AcDbLine
 10
282145.7632007335
 20
74410.16639535423
 30
5491.236476446091
 11
282245.516265257
 21
73778.39698670545
 31
5429.475477315032
  0
LINE
  5
4EB
330
17
100
AcDbEntity
  8
MIDDLE
100
AcDbLine
 10
282245.516265257
 20
73778.39698670545
 30
5429.475477315032
 11
282345.26932978054
 21
73146.62757805671
 31
5367.536866816541
  0
LINE
  5
4EC
330
17
100
AcDbEntity
  8
MIDDLE
100
AcDbLine
 10
282345.26932978054
 20
73146.62757805671
 30
5367.536866816541
 11
282445.02239430405
 21
72514.85816940796
 31
5305.433303790032
  0
LINE
  5
4ED
330
17
100
AcDbEntity
  8
MIDDLE
100
AcDbLine
 10
282445.02239430405
 20
72514.85816940796
 30
5305.433303790032
 11
282544.77545882756
 21
71883.08876075919
 31
5243.177447074921
  0
LINE
  5
4EE
330
17
100
AcDbEntity
  8
MIDDLE
100
AcDbLine
 10
282544.77545882756
 20
71883.08876075919
 30
5243.177447074921
 11
282644.52852335095
 21
71251.31935211044
 31
5180.78195551062
  0
LINE
  5
4EF
330
17
100
AcDbEntity
  8
MIDDLE
100
AcDbLine
 10
282644.52852335095
 20
71251.31935211044
 30
5180.78195551062
 11
282744.28158787446
 21
70619.5499434617
 31
5118.259487936546
  0
LINE
  5
4F0
330
17
100
AcDbEntity
  8
MIDDLE
100
AcDbLine
 10
282744.28158787446
 20
70619.5499434617
 30
5118.259487936546
 11
282844.03465239797
 21
69987.78053481293
 31
5055.6227031921135
  0
LINE
  5
4F1
330
17
100
AcDbEntity
  8
MIDDLE
100
AcDbLine
 10
282844.03465239797
 20
69987.78053481293
 30
5055.6227031921135
 11
282943.7877169215
 21
69356.01112616417
 31
4992.884260116739
  0
LINE
  5
4F2
330
17
100
AcDbEntity
  8
MIDDLE
100
AcDbLine
 10
282943.7877169215
 20
69356.01112616417
 30
4992.884260116739
 11
283043.5407814449
 21
68724.24171751543
 31
4930.056817549833
  0
LINE
  5
4F3
330
17
100
AcDbEntity
  8
MIDDLE
100
AcDbLine
 10
283043.5407814449
 20
68724.24171751543
 30
4930.056817549833
 11
283143.2938459684
 21
68092.47230886667
 31
4867.153034330814
  0
LINE
  5
4F4
330
17
100
AcDbEntity
  8
MIDDLE
100
AcDbLine
 10
283143.2938459684
 20
68092.47230886667
 30
4867.153034330814
 11
283243.0469104919
 21
67460.7029002179
 31
4804.185569299094
  0
LINE
  5
4F5
330
17
100
AcDbEntity
  8
MIDDLE
100
AcDbLine
 10
283243.0469104919
 20
67460.7029002179
 30
4804.185569299094
 11
283342.7999750154
 21
66828.93349156916
 31
4741.167081294088
  0
LINE
  5
4F6
330
17
100
AcDbEntity
  8
MIDDLE
100
AcDbLine
 10
283342.7999750154
 20
66828.93349156916
 30
4741.167081294088
 11
283442.5530395389
 21
66197.1640829204
 31
4678.110229155214
  0
LINE
  5
4F7
330
17
100
AcDbEntity
  8
MIDDLE
100
AcDbLine
 10
283442.5530395389
 20
66197.1640829204
 30
4678.110229155214
 11
283542.3061040624
 21
65565.39467427165
 31
4615.027671721883
  0
LINE
  5
4F8
330
17
100
AcDbEntity
  8
MIDDLE
100
AcDbLine
 10
283542.3061040624
 20
65565.39467427165
 30
4615.027671721883
 11
283642.05916858587
 21
64933.6252656229
 31
4551.932067833512
  0
LINE
  5
4F9
330
17
100
AcDbEntity
  8
MIDDLE
100
AcDbLine
 10
283642.05916858587
 20
64933.6252656229
 30
4551.932067833512
 11
283741.8122331094
 21
64301.85585697413
 31
4488.836076329515
  0
LINE
  5
4FA
330
17
100
AcDbEntity
  8
MIDDLE
100
AcDbLine
 10
283741.8122331094
 20
64301.85585697413
 30
4488.836076329515
 11
283841.5652976328
 21
63670.086448325375
 31
4425.752356049306
  0
LINE
  5
4FB
330
17
100
AcDbEntity
  8
MIDDLE
100
AcDbLine
 10
283841.5652976328
 20
63670.086448325375
 30
4425.752356049306
 11
283941.31836215634
 21
63038.31703967662
 31
4362.693565832304
  0
LINE
  5
4FC
330
17
100
AcDbEntity
  8
MIDDLE
100
AcDbLine
 10
283941.31836215634
 20
63038.31703967662
 30
4362.693565832304
 11
284041.07142667985
 21
62406.54763102786
 31
4299.672364517916
  0
LINE
  5
4FD
330
17
100
AcDbEntity
  8
MIDDLE
100
AcDbLine
 10
284041.07142667985
 20
62406.54763102786
 30
4299.672364517916
 11
284140.8244912033
 21
61774.778222379115
 31
4236.701410945564
  0
LINE
  5
4FE
330
17
100
AcDbEntity
  8
MIDDLE
100
AcDbLine
 10
284140.8244912033
 20
61774.778222379115
 30
4236.701410945564
 11
284240.57755572675
 21
61143.008813730354
 31
4173.793363954659
  0
LINE
  5
4FF
330
17
100
AcDbEntity
  8
MIDDLE
100
AcDbLine
 10
284240.57755572675
 20
61143.008813730354
 30
4173.793363954659
 11
284340.33062025026
 21
60511.23940508159
 31
4110.960882384617
  0
LINE
  5
500
330
17
100
AcDbEntity
  8
MIDDLE
100
AcDbLine
 10
284340.33062025026
 20
60511.23940508159
 30
4110.960882384617
 11
284440.08368477377
 21
59879.46999643285
 31
4048.2166250748505
  0
LINE
  5
501
330
17
100
AcDbEntity
  8
MIDDLE
100
AcDbLine
 10
284440.08368477377
 20
59879.46999643285
 30
4048.2166250748505
 11
284539.8367492973
 21
59247.700587784086
 31
3985.57325086478
  0
LINE
  5
502
330
17
100
AcDbEntity
  8
MIDDLE
100
AcDbLine
 10
284539.8367492973
 20
59247.700587784086
 30
3985.57325086478
 11
284613.3571107888
 21
58624.03563098577
 31
3924.161884657999
  0
LINE
  5
503
330
17
100
AcDbEntity
  8
MIDDLE
100
AcDbLine
 10
284613.3571107888
 20
58624.03563098577
 30
3924.161884657999
 11
284637.73227211763
 21
57996.52541321852
 31
3862.872022070068
  0
LINE
  5
504
330
17
100
AcDbEntity
  8
MIDDLE
100
AcDbLine
 10
284637.73227211763
 20
57996.52541321852
 30
3862.872022070068
 11
284612.8120353593
 21
57369.03660559562
 31
3801.7156541074905
  0
LINE
  5
505
330
17
100
AcDbEntity
  8
MIDDLE
100
AcDbLine
 10
284612.8120353593
 20
57369.03660559562
 30
3801.7156541074905
 11
284538.74995715247
 21
56745.43574730261
 31
3740.7047717767687
  0
LINE
  5
506
330
17
100
AcDbEntity
  8
MIDDLE
100
AcDbLine
 10
284538.74995715247
 20
56745.43574730261
 30
3740.7047717767687
 11
284416.0024024935
 21
56129.56542027154
 31
3679.8513660844005
  0
LINE
  5
507
330
17
100
AcDbEntity
  8
MIDDLE
100
AcDbLine
 10
284416.0024024935
 20
56129.56542027154
 30
3679.8513660844005
 11
284245.32573265024
 21
55525.22057147797
 31
3619.167428036893
  0
LINE
  5
508
330
17
100
AcDbEntity
  8
MIDDLE
100
AcDbLine
 10
284245.32573265024
 20
55525.22057147797
 30
3619.167428036893
 11
284027.7716445199
 21
54936.12512876104
 31
3558.664948640745
  0
LINE
  5
509
330
17
100
AcDbEntity
  8
MIDDLE
100
AcDbLine
 10
284027.7716445199
 20
54936.12512876104
 30
3558.664948640745
 11
283764.6806901513
 21
54365.90905425811
 31
3498.3559189024563
  0
LINE
  5
50A
330
17
100
AcDbEntity
  8
MIDDLE
100
AcDbLine
 10
283764.6806901513
 20
54365.90905425811
 30
3498.3559189024563
 11
283457.6740163635
 21
53818.08597684911
 31
3438.2523298285337
  0
LINE
  5
50B
330
17
100
AcDbEntity
  8
MIDDLE
100
AcDbLine
 10
283457.6740163635
 20
53818.08597684911
 30
3438.2523298285337
 11
283108.64337535994
 21
53296.03154143769
 31
3378.366172425476
  0
LINE
  5
50C
330
17
100
AcDbEntity
  8
MIDDLE
100
AcDbLine
 10
283108.64337535994
 20
53296.03154143769
 30
3378.366172425476
 11
282719.7394678925
 21
52802.96260847936
 31
3318.7094376997843
  0
LINE
  5
50D
330
17
100
AcDbEntity
  8
MIDDLE
100
AcDbLine
 10
282719.7394678925
 20
52802.96260847936
 30
3318.7094376997843
 11
282293.3586908043
 21
52341.9174319275
 31
3259.294116657963
  0
LINE
  5
50E
330
17
100
AcDbEntity
  8
MIDDLE
100
AcDbLine
 10
282293.3586908043
 20
52341.9174319275
 30
3259.294116657963
 11
281832.12837061094
 21
51915.73693773933
 31
3200.1322003065134
  0
LINE
  5
50F
330
17
100
AcDbEntity
  8
MIDDLE
100
AcDbLine
 10
281832.12837061094
 20
51915.73693773933
 30
3200.1322003065134
 11
281338.8905741111
 21
51527.047218302294
 31
3141.235679651935
  0
LINE
  5
510
330
17
100
AcDbEntity
  8
MIDDLE
100
AcDbLine
 10
281338.8905741111
 20
51527.047218302294
 30
3141.235679651935
 11
280816.68459578254
 21
51178.24335064879
 31
3082.6165457007314
  0
LINE
  5
511
330
17
100
AcDbEntity
  8
MIDDLE
100
AcDbLine
 10
280816.68459578254
 20
51178.24335064879
 30
3082.6165457007314
 11
280268.728229877
 21
50871.47463817031
 31
3024.2867894594046
  0
LINE
  5
512
330
17
100
AcDbEntity
  8
MIDDLE
100
AcDbLine
 10
280268.728229877
 20
50871.47463817031
 30
3024.2867894594046
 11
279698.3979426119
 21
50608.63136677042
 31
2966.2584019344545
  0
LINE
  5
513
330
17
100
AcDbEntity
  8
MIDDLE
100
AcDbLine
 10
279698.3979426119
 20
50608.63136677042
 30
2966.2584019344545
 11
279109.2080666376
 21
50391.33315706419
 31
2908.5433741323855
  0
LINE
  5
514
330
17
100
AcDbEntity
  8
MIDDLE
100
AcDbLine
 10
279109.2080666376
 20
50391.33315706419
 30
2908.5433741323855
 11
278504.7891459823
 21
50220.91898439676
 31
2851.153697059699
  0
LINE
  5
515
330
17
100
AcDbEntity
  8
MIDDLE
100
AcDbLine
 10
278504.7891459823
 20
50220.91898439676
 30
2851.153697059699
 11
277888.86556491023
 21
50098.43892817735
 31
2794.1013617228946
  0
LINE
  5
516
330
17
100
AcDbEntity
  8
MIDDLE
100
AcDbLine
 10
277888.86556491023
 20
50098.43892817735
 30
2794.1013617228946
 11
277265.2325985445
 21
50024.64770136826
 31
2737.3983591284778
  0
LINE
  5
517
330
17
100
AcDbEntity
  8
MIDDLE
100
AcDbLine
 10
277265.2325985445
 20
50024.64770136826
 30
2737.3983591284778
 11
276637.7330266647
 21
50000.0
 31
2681.056680282946
  0
LINE
  5
518
330
17
100
AcDbEntity
  8
MIDDLE
100
AcDbLine
 10
276637.7330266647
 20
50000.0
 30
2681.056680282946
 11
275995.640277486
 21
50000.0
 31
2623.8498678270867
  0
LINE
  5
519
330
17
100
AcDbEntity
  8
MIDDLE
100
AcDbLine
 10
275995.640277486
 20
50000.0
 30
2623.8498678270867
 11
275353.5475283073
 21
50000.0
 31
2567.0459407482626
  0
LINE
  5
51A
330
17
100
AcDbEntity
  8
MIDDLE
100
AcDbLine
 10
275353.5475283073
 20
50000.0
 30
2567.0459407482626
 11
274711.45477912854
 21
50000.0
 31
2510.6577067016574
  0
LINE
  5
51B
330
17
100
AcDbEntity
  8
MIDDLE
100
AcDbLine
 10
274711.45477912854
 20
50000.0
 30
2510.6577067016574
 11
274069.36202994984
 21
50000.0
 31
2454.6979733424214
  0
LINE
  5
51C
330
17
100
AcDbEntity
  8
MIDDLE
100
AcDbLine
 10
274069.36202994984
 20
50000.0
 30
2454.6979733424214
 11
273427.26928077114
 21
50000.0
 31
2399.179548325719
  0
LINE
  5
51D
330
17
100
AcDbEntity
  8
LOWER
100
AcDbLine
 10
273427.26928077114
 20
50000.0
 30
2399.179548325719
 11
272785.1765315924
 21
50000.0
 31
2344.1152393067073
  0
LINE
  5
51E
330
17
100
AcDbEntity
  8
LOWER
100
AcDbLine
 10
272785.1765315924
 20
50000.0
 30
2344.1152393067073
 11
272143.0837824137
 21
50000.0
 31
2289.5178539405656
  0
LINE
  5
51F
330
17
100
AcDbEntity
  8
LOWER
100
AcDbLine
 10
272143.0837824137
 20
50000.0
 30
2289.5178539405656
 11
271500.991033235
 21
50000.0
 31
2235.400199882446
  0
LINE
  5
520
330
17
100
AcDbEntity
  8
LOWER
100
AcDbLine
 10
271500.991033235
 20
50000.0
 30
2235.400199882446
 11
270858.8982840563
 21
50000.0
 31
2181.7750847875177
  0
LINE
  5
521
330
17
100
AcDbEntity
  8
LOWER
100
AcDbLine
 10
270858.8982840563
 20
50000.0
 30
2181.7750847875177
 11
270216.8055348775
 21
50000.0
 31
2128.655316310928
  0
LINE
  5
522
330
17
100
AcDbEntity
  8
LOWER
100
AcDbLine
 10
270216.8055348775
 20
50000.0
 30
2128.655316310928
 11
269574.7127856988
 21
50000.0
 31
2076.0537021078617
  0
LINE
  5
523
330
17
100
AcDbEntity
  8
LOWER
100
AcDbLine
 10
269574.7127856988
 20
50000.0
 30
2076.0537021078617
 11
268932.6200365201
 21
50000.0
 31
2023.9830498334754
  0
LINE
  5
524
330
17
100
AcDbEntity
  8
LOWER
100
AcDbLine
 10
268932.6200365201
 20
50000.0
 30
2023.9830498334754
 11
268290.5272873414
 21
50000.0
 31
1972.456167142928
  0
LINE
  5
525
330
17
100
AcDbEntity
  8
LOWER
100
AcDbLine
 10
268290.5272873414
 20
50000.0
 30
1972.456167142928
 11
267648.43453816266
 21
50000.0
 31
1921.4858616913757
  0
LINE
  5
526
330
17
100
AcDbEntity
  8
LOWER
100
AcDbLine
 10
267648.43453816266
 20
50000.0
 30
1921.4858616913757
 11
267006.34178898396
 21
50000.0
 31
1871.0849411339998
  0
LINE
  5
527
330
17
100
AcDbEntity
  8
LOWER
100
AcDbLine
 10
267006.34178898396
 20
50000.0
 30
1871.0849411339998
 11
266364.24903980526
 21
50000.0
 31
1821.2662131259538
  0
LINE
  5
528
330
17
100
AcDbEntity
  8
LOWER
100
AcDbLine
 10
266364.24903980526
 20
50000.0
 30
1821.2662131259538
 11
265722.15629062656
 21
50000.0
 31
1772.0424853224026
  0
LINE
  5
529
330
17
100
AcDbEntity
  8
LOWER
100
AcDbLine
 10
265722.15629062656
 20
50000.0
 30
1772.0424853224026
 11
265080.0635414478
 21
50000.0
 31
1723.4265653784994
  0
LINE
  5
52A
330
17
100
AcDbEntity
  8
LOWER
100
AcDbLine
 10
265080.0635414478
 20
50000.0
 30
1723.4265653784994
 11
264437.9707922691
 21
50000.0
 31
1675.4312609494252
  0
LINE
  5
52B
330
17
100
AcDbEntity
  8
LOWER
100
AcDbLine
 10
264437.9707922691
 20
50000.0
 30
1675.4312609494252
 11
263795.8780430904
 21
50000.0
 31
1628.0693796903333
  0
LINE
  5
52C
330
17
100
AcDbEntity
  8
LOWER
100
AcDbLine
 10
263795.8780430904
 20
50000.0
 30
1628.0693796903333
 11
263153.7852939117
 21
50000.0
 31
1581.3537292563904
  0
LINE
  5
52D
330
17
100
AcDbEntity
  8
LOWER
100
AcDbLine
 10
263153.7852939117
 20
50000.0
 30
1581.3537292563904
 11
262511.69254473294
 21
50000.0
 31
1535.2971173027488
  0
LINE
  5
52E
330
17
100
AcDbEntity
  8
LOWER
100
AcDbLine
 10
262511.69254473294
 20
50000.0
 30
1535.2971173027488
 11
261869.5997955542
 21
50000.0
 31
1489.9123514845885
  0
LINE
  5
52F
330
17
100
AcDbEntity
  8
LOWER
100
AcDbLine
 10
261869.5997955542
 20
50000.0
 30
1489.9123514845885
 11
261227.50704637554
 21
50000.0
 31
1445.2122394570663
  0
LINE
  5
530
330
17
100
AcDbEntity
  8
LOWER
100
AcDbLine
 10
261227.50704637554
 20
50000.0
 30
1445.2122394570663
 11
260585.41429719684
 21
50000.0
 31
1401.209588875341
  0
LINE
  5
531
330
17
100
AcDbEntity
  8
LOWER
100
AcDbLine
 10
260585.41429719684
 20
50000.0
 30
1401.209588875341
 11
259943.3215480181
 21
50000.0
 31
1357.917207394574
  0
LINE
  5
532
330
17
100
AcDbEntity
  8
LOWER
100
AcDbLine
 10
259943.3215480181
 20
50000.0
 30
1357.917207394574
 11
259301.22879883935
 21
50000.0
 31
1315.3479026699406
  0
LINE
  5
533
330
17
100
AcDbEntity
  8
LOWER
100
AcDbLine
 10
259301.22879883935
 20
50000.0
 30
1315.3479026699406
 11
258659.13604966068
 21
50000.0
 31
1273.514482356598
  0
LINE
  5
534
330
17
100
AcDbEntity
  8
LOWER
100
AcDbLine
 10
258659.13604966068
 20
50000.0
 30
1273.514482356598
 11
258017.04330048198
 21
50000.0
 31
1232.429754109705
  0
LINE
  5
535
330
17
100
AcDbEntity
  8
LOWER
100
AcDbLine
 10
258017.04330048198
 20
50000.0
 30
1232.429754109705
 11
257374.95055130325
 21
50000.0
 31
1192.1065255844248
  0
LINE
  5
536
330
17
100
AcDbEntity
  8
LOWER
100
AcDbLine
 10
257374.95055130325
 20
50000.0
 30
1192.1065255844248
 11
256732.8578021245
 21
50000.0
 31
1152.5576044359304
  0
LINE
  5
537
330
17
100
AcDbEntity
  8
LOWER
100
AcDbLine
 10
256732.8578021245
 20
50000.0
 30
1152.5576044359304
 11
256090.76505294582
 21
50000.0
 31
1113.7957983193783
  0
LINE
  5
538
330
17
100
AcDbEntity
  8
LOWER
100
AcDbLine
 10
256090.76505294582
 20
50000.0
 30
1113.7957983193783
 11
255448.6723037671
 21
50000.0
 31
1075.8339148899347
  0
LINE
  5
539
330
17
100
AcDbEntity
  8
LOWER
100
AcDbLine
 10
255448.6723037671
 20
50000.0
 30
1075.8339148899347
 11
254806.5795545884
 21
50000.0
 31
1038.6847618027507
  0
LINE
  5
53A
330
17
100
AcDbEntity
  8
LOWER
100
AcDbLine
 10
254806.5795545884
 20
50000.0
 30
1038.6847618027507
 11
254164.48680540966
 21
50000.0
 31
1002.3611467130067
  0
LINE
  5
53B
330
17
100
AcDbEntity
  8
LOWER
100
AcDbLine
 10
254164.48680540966
 20
50000.0
 30
1002.3611467130067
 11
253522.39405623096
 21
50000.0
 31
966.8758772758608
  0
LINE
  5
53C
330
17
100
AcDbEntity
  8
LOWER
100
AcDbLine
 10
253522.39405623096
 20
50000.0
 30
966.8758772758608
 11
252880.30130705223
 21
50000.0
 31
932.2417611464724
  0
LINE
  5
53D
330
17
100
AcDbEntity
  8
LOWER
100
AcDbLine
 10
252880.30130705223
 20
50000.0
 30
932.2417611464724
 11
252238.20855787353
 21
50000.0
 31
898.4716059800011
  0
LINE
  5
53E
330
17
100
AcDbEntity
  8
LOWER
100
AcDbLine
 10
252238.20855787353
 20
50000.0
 30
898.4716059800011
 11
251596.1158086948
 21
50000.0
 31
865.5782194316224
  0
LINE
  5
53F
330
17
100
AcDbEntity
  8
LOWER
100
AcDbLine
 10
251596.1158086948
 20
50000.0
 30
865.5782194316224
 11
250954.0230595161
 21
50000.0
 31
833.5744091564923
  0
LINE
  5
540
330
17
100
AcDbEntity
  8
LOWER
100
AcDbLine
 10
250954.0230595161
 20
50000.0
 30
833.5744091564923
 11
250311.93031033737
 21
50000.0
 31
802.4729828097747
  0
LINE
  5
541
330
17
100
AcDbEntity
  8
LOWER
100
AcDbLine
 10
250311.93031033737
 20
50000.0
 30
802.4729828097747
 11
249669.83756115867
 21
50000.0
 31
772.2867480466267
  0
LINE
  5
542
330
17
100
AcDbEntity
  8
LOWER
100
AcDbLine
 10
249669.83756115867
 20
50000.0
 30
772.2867480466267
 11
249027.74481197994
 21
50000.0
 31
743.0285125222244
  0
LINE
  5
543
330
17
100
AcDbEntity
  8
LOWER
100
AcDbLine
 10
249027.74481197994
 20
50000.0
 30
743.0285125222244
 11
248385.65206280124
 21
50000.0
 31
714.7110838917232
  0
LINE
  5
544
330
17
100
AcDbEntity
  8
LOWER
100
AcDbLine
 10
248385.65206280124
 20
50000.0
 30
714.7110838917232
 11
247743.5593136225
 21
50000.0
 31
687.3472698102869
  0
LINE
  5
545
330
17
100
AcDbEntity
  8
LOWER
100
AcDbLine
 10
247743.5593136225
 20
50000.0
 30
687.3472698102869
 11
247101.4665644438
 21
50000.0
 31
660.949877933076
  0
LINE
  5
546
330
17
100
AcDbEntity
  8
LOWER
100
AcDbLine
 10
247101.4665644438
 20
50000.0
 30
660.949877933076
 11
246459.37381526508
 21
50000.0
 31
635.5317159152615
  0
LINE
  5
547
330
17
100
AcDbEntity
  8
LOWER
100
AcDbLine
 10
246459.37381526508
 20
50000.0
 30
635.5317159152615
 11
245817.28106608638
 21
50000.0
 31
611.1055914120022
  0
LINE
  5
548
330
17
100
AcDbEntity
  8
LOWER
100
AcDbLine
 10
245817.28106608638
 20
50000.0
 30
611.1055914120022
 11
245175.18831690765
 21
50000.0
 31
587.6843120784621
  0
LINE
  5
549
330
17
100
AcDbEntity
  8
LOWER
100
AcDbLine
 10
245175.18831690765
 20
50000.0
 30
587.6843120784621
 11
244533.09556772895
 21
50000.0
 31
565.2806855697996
  0
LINE
  5
54A
330
17
100
AcDbEntity
  8
LOWER
100
AcDbLine
 10
244533.09556772895
 20
50000.0
 30
565.2806855697996
 11
243891.00281855022
 21
50000.0
 31
543.9075195411878
  0
LINE
  5
54B
330
17
100
AcDbEntity
  8
LOWER
100
AcDbLine
 10
243891.00281855022
 20
50000.0
 30
543.9075195411878
 11
243248.91006937152
 21
50000.0
 31
523.5776216477816
  0
LINE
  5
54C
330
17
100
AcDbEntity
  8
LOWER
100
AcDbLine
 10
243248.91006937152
 20
50000.0
 30
523.5776216477816
 11
242606.8173201928
 21
50000.0
 31
504.3037995447488
  0
LINE
  5
54D
330
17
100
AcDbEntity
  8
LOWER
100
AcDbLine
 10
242606.8173201928
 20
50000.0
 30
504.3037995447488
 11
241964.72457101409
 21
50000.0
 31
486.09886088724784
  0
LINE
  5
54E
330
17
100
AcDbEntity
  8
LOWER
100
AcDbLine
 10
241964.72457101409
 20
50000.0
 30
486.09886088724784
 11
241322.63182183536
 21
50000.0
 31
468.9756133304463
  0
LINE
  5
54F
330
17
100
AcDbEntity
  8
LOWER
100
AcDbLine
 10
241322.63182183536
 20
50000.0
 30
468.9756133304463
 11
240680.53907265665
 21
50000.0
 31
452.9468645295083
  0
LINE
  5
550
330
17
100
AcDbEntity
  8
LOWER
100
AcDbLine
 10
240680.53907265665
 20
50000.0
 30
452.9468645295083
 11
240038.44632347793
 21
50000.0
 31
438.02542213959583
  0
LINE
  5
551
330
17
100
AcDbEntity
  8
LOWER
100
AcDbLine
 10
240038.44632347793
 20
50000.0
 30
438.02542213959583
 11
239396.35357429922
 21
50000.0
 31
424.22409381586766
  0
LINE
  5
552
330
17
100
AcDbEntity
  8
LOWER
100
AcDbLine
 10
239396.35357429922
 20
50000.0
 30
424.22409381586766
 11
238754.2608251205
 21
50000.0
 31
411.5556872134931
  0
LINE
  5
553
330
17
100
AcDbEntity
  8
LOWER
100
AcDbLine
 10
238754.2608251205
 20
50000.0
 30
411.5556872134931
 11
238112.1680759418
 21
50000.0
 31
400.0330099876344
  0
LINE
  5
554
330
17
100
AcDbEntity
  8
LOWER
100
AcDbLine
 10
238112.1680759418
 20
50000.0
 30
400.0330099876344
 11
237470.07532676306
 21
50000.0
 31
389.6688697934536
  0
LINE
  5
555
330
17
100
AcDbEntity
  8
LOWER
100
AcDbLine
 10
237470.07532676306
 20
50000.0
 30
389.6688697934536
 11
236827.98257758436
 21
50000.0
 31
380.47607428611127
  0
LINE
  5
556
330
17
100
AcDbEntity
  8
LOWER
100
AcDbLine
 10
236827.98257758436
 20
50000.0
 30
380.47607428611127
 11
236185.88982840563
 21
50000.0
 31
372.4674311207767
  0
LINE
  5
557
330
17
100
AcDbEntity
  8
LOWER
100
AcDbLine
 10
236185.88982840563
 20
50000.0
 30
372.4674311207767
 11
235543.79707922693
 21
50000.0
 31
365.6557479526086
  0
LINE
  5
558
330
17
100
AcDbEntity
  8
LOWER
100
AcDbLine
 10
235543.79707922693
 20
50000.0
 30
365.6557479526086
 11
234901.7043300482
 21
50000.0
 31
360.0538324367726
  0
LINE
  5
559
330
17
100
AcDbEntity
  8
LOWER
100
AcDbLine
 10
234901.7043300482
 20
50000.0
 30
360.0538324367726
 11
234259.6115808695
 21
50000.0
 31
355.6744922284292
  0
LINE
  5
55A
330
17
100
AcDbEntity
  8
LOWER
100
AcDbLine
 10
234259.6115808695
 20
50000.0
 30
355.6744922284292
 11
233617.51883169077
 21
50000.0
 31
352.53053498274414
  0
LINE
  5
55B
330
17
100
AcDbEntity
  8
LOWER
100
AcDbLine
 10
233617.51883169077
 20
50000.0
 30
352.53053498274414
 11
232975.42608251207
 21
50000.0
 31
350.6347683548796
  0
LINE
  5
55C
330
17
100
AcDbEntity
  8
LOWER
100
AcDbLine
 10
232975.42608251207
 20
50000.0
 30
350.6347683548796
 11
232333.33333333334
 21
50000.0
 31
350.0
  0
LINE
  5
55D
330
17
100
AcDbEntity
  8
LOWER
100
AcDbLine
 10
232333.33333333334
 20
50000.0
 30
350.0
 11
231690.73820130067
 21
50029.5572955308
 31
350.0
  0
LINE
  5
55E
330
17
100
AcDbEntity
  8
LOWER
100
AcDbLine
 10
231690.73820130067
 20
50029.5572955308
 30
350.0
 11
231053.56974761773
 21
50117.97957248917
 31
350.0
  0
LINE
  5
55F
330
17
100
AcDbEntity
  8
LOWER
100
AcDbLine
 10
231053.56974761773
 20
50117.97957248917
 30
350.0
 11
230427.2088226527
 21
50264.52010991181
 31
350.0
  0
LINE
  5
560
330
17
100
AcDbEntity
  8
LOWER
100
AcDbLine
 10
230427.2088226527
 20
50264.52010991181
 30
350.0
 11
229816.94500782495
 21
50467.94138152105
 31
350.0
  0
LINE
  5
561
330
17
100
AcDbEntity
  8
LOWER
100
AcDbLine
 10
229816.94500782495
 20
50467.94138152105
 30
350.0
 11
229227.93194539932
 21
50726.52550656197
 31
350.0
  0
LINE
  5
562
330
17
100
AcDbEntity
  8
LOWER
100
AcDbLine
 10
229227.93194539932
 20
50726.52550656197
 30
350.0
 11
228665.14381627797
 21
51038.088757205034
 31
350.0
  0
LINE
  5
563
330
17
100
AcDbEntity
  8
LOWER
100
AcDbLine
 10
228665.14381627797
 20
51038.088757205034
 30
350.0
 11
228133.3333333333
 21
51400.0
 31
350.0
  0
LINE
  5
564
330
17
100
AcDbEntity
  8
LOWER
100
AcDbLine
 10
228133.3333333333
 20
51400.0
 30
350.0
 11
227659.25925925927
 21
51755.555555555555
 31
350.0
  0
LINE
  5
565
330
17
100
AcDbEntity
  8
LOWER
100
AcDbLine
 10
227659.25925925927
 20
51755.555555555555
 30
350.0
 11
227185.1851851852
 21
52111.11111111111
 31
350.0
  0
LINE
  5
566
330
17
100
AcDbEntity
  8
LOWER
100
AcDbLine
 10
227185.1851851852
 20
52111.11111111111
 30
350.0
 11
226711.1111111111
 21
52466.66666666667
 31
350.0
  0
LINE
  5
567
330
17
100
AcDbEntity
  8
LOWER
100
AcDbLine
 10
226711.1111111111
 20
52466.66666666667
 30
350.0
 11
226237.03703703702
 21
52822.222222222226
 31
350.0
  0
LINE
  5
568
330
17
100
AcDbEntity
  8
LOWER
100
AcDbLine
 10
226237.03703703702
 20
52822.222222222226
 30
350.0
 11
225762.96296296298
 21
53177.777777777774
 31
350.0
  0
LINE
  5
569
330
17
100
AcDbEntity
  8
LOWER
100
AcDbLine
 10
225762.96296296298
 20
53177.777777777774
 30
350.0
 11
225288.8888888889
 21
53533.33333333333
 31
350.0
  0
LINE
  5
56A
330
17
100
AcDbEntity
  8
LOWER
100
AcDbLine
 10
225288.8888888889
 20
53533.33333333333
 30
350.0
 11
224814.8148148148
 21
53888.88888888889
 31
350.0
  0
LINE
  5
56B
330
17
100
AcDbEntity
  8
LOWER
100
AcDbLine
 10
224814.8148148148
 20
53888.88888888889
 30
350.0
 11
224340.74074074073
 21
54244.444444444445
 31
350.0
  0
LINE
  5
56C
330
17
100
AcDbEntity
  8
LOWER
100
AcDbLine
 10
224340.74074074073
 20
54244.444444444445
 30
350.0
 11
223866.6666666667
 21
54600.0
 31
350.0
  0
LINE
  5
56D
330
17
100
AcDbEntity
  8
LOWER
100
AcDbLine
 10
223866.6666666667
 20
54600.0
 30
350.0
 11
223334.85618372203
 21
54961.911242794966
 31
350.0
  0
LINE
  5
56E
330
17
100
AcDbEntity
  8
LOWER
100
AcDbLine
 10
223334.85618372203
 20
54961.911242794966
 30
350.0
 11
222772.06805460068
 21
55273.47449343803
 31
350.0
  0
LINE
  5
56F
330
17
100
AcDbEntity
  8
LOWER
100
AcDbLine
 10
222772.06805460068
 20
55273.47449343803
 30
350.0
 11
222183.05499217505
 21
55532.05861847895
 31
350.0
  0
LINE
  5
570
330
17
100
AcDbEntity
  8
LOWER
100
AcDbLine
 10
222183.05499217505
 20
55532.05861847895
 30
350.0
 11
221572.79117734733
 21
55735.47989008819
 31
350.0
  0
LINE
  5
571
330
17
100
AcDbEntity
  8
LOWER
100
AcDbLine
 10
221572.79117734733
 20
55735.47989008819
 30
350.0
 11
220946.43025238227
 21
55882.020427510826
 31
350.0
  0
LINE
  5
572
330
17
100
AcDbEntity
  8
LOWER
100
AcDbLine
 10
220946.43025238227
 20
55882.020427510826
 30
350.0
 11
220309.26179869933
 21
55970.4427044692
 31
350.0
  0
LINE
  5
573
330
17
100
AcDbEntity
  8
LOWER
100
AcDbLine
 10
220309.26179869933
 20
55970.4427044692
 30
350.0
 11
219666.66666666666
 21
56000.0
 31
350.0
  0
LINE
  5
574
330
17
100
AcDbEntity
  8
LOWER
100
AcDbLine
 10
219666.66666666666
 20
56000.0
 30
350.0
 11
219027.02702702704
 21
56000.0
 31
350.0
  0
LINE
  5
575
330
17
100
AcDbEntity
  8
LOWER
100
AcDbLine
 10
219027.02702702704
 20
56000.0
 30
350.0
 11
218387.38738738737
 21
56000.0
 31
350.0
  0
LINE
  5
576
330
17
100
AcDbEntity
  8
LOWER
100
AcDbLine
 10
218387.38738738737
 20
56000.0
 30
350.0
 11
217747.74774774775
 21
56000.0
 31
350.0
  0
LINE
  5
577
330
17
100
AcDbEntity
  8
LOWER
100
AcDbLine
 10
217747.74774774775
 20
56000.0
 30
350.0
 11
217108.1081081081
 21
56000.0
 31
350.0
  0
LINE
  5
578
330
17
100
AcDbEntity
  8
LOWER
100
AcDbLine
 10
217108.1081081081
 20
56000.0
 30
350.0
 11
216468.46846846846
 21
56000.0
 31
350.0
  0
LINE
  5
579
330
17
100
AcDbEntity
  8
LOWER
100
AcDbLine
 10
216468.46846846846
 20
56000.0
 30
350.0
 11
215828.82882882882
 21
56000.0
 31
350.0
  0
LINE
  5
57A
330
17
100
AcDbEntity
  8
LOWER
100
AcDbLine
 10
215828.82882882882
 20
56000.0
 30
350.0
 11
215189.1891891892
 21
56000.0
 31
350.0
  0
LINE
  5
57B
330
17
100
AcDbEntity
  8
LOWER
100
AcDbLine
 10
215189.1891891892
 20
56000.0
 30
350.0
 11
214549.54954954953
 21
56000.0
 31
350.0
  0
LINE
  5
57C
330
17
100
AcDbEntity
  8
LOWER
100
AcDbLine
 10
214549.54954954953
 20
56000.0
 30
350.0
 11
213909.9099099099
 21
56000.0
 31
350.0
  0
LINE
  5
57D
330
17
100
AcDbEntity
  8
LOWER
100
AcDbLine
 10
213909.9099099099
 20
56000.0
 30
350.0
 11
213270.27027027027
 21
56000.0
 31
350.0
  0
LINE
  5
57E
330
17
100
AcDbEntity
  8
LOWER
100
AcDbLine
 10
213270.27027027027
 20
56000.0
 30
350.0
 11
212630.63063063062
 21
56000.0
 31
350.0
  0
LINE
  5
57F
330
17
100
AcDbEntity
  8
LOWER
100
AcDbLine
 10
212630.63063063062
 20
56000.0
 30
350.0
 11
211990.99099099098
 21
56000.0
 31
350.0
  0
LINE
  5
580
330
17
100
AcDbEntity
  8
LOWER
100
AcDbLine
 10
211990.99099099098
 20
56000.0
 30
350.0
 11
211351.35135135136
 21
56000.0
 31
350.0
  0
LINE
  5
581
330
17
100
AcDbEntity
  8
LOWER
100
AcDbLine
 10
211351.35135135136
 20
56000.0
 30
350.0
 11
210711.7117117117
 21
56000.0
 31
350.0
  0
LINE
  5
582
330
17
100
AcDbEntity
  8
LOWER
100
AcDbLine
 10
210711.7117117117
 20
56000.0
 30
350.0
 11
210072.07207207207
 21
56000.0
 31
350.0
  0
LINE
  5
583
330
17
100
AcDbEntity
  8
LOWER
100
AcDbLine
 10
210072.07207207207
 20
56000.0
 30
350.0
 11
209432.43243243243
 21
56000.0
 31
350.0
  0
LINE
  5
584
330
17
100
AcDbEntity
  8
LOWER
100
AcDbLine
 10
209432.43243243243
 20
56000.0
 30
350.0
 11
208792.79279279278
 21
56000.0
 31
350.0
  0
LINE
  5
585
330
17
100
AcDbEntity
  8
LOWER
100
AcDbLine
 10
208792.79279279278
 20
56000.0
 30
350.0
 11
208153.15315315314
 21
56000.0
 31
350.0
  0
LINE
  5
586
330
17
100
AcDbEntity
  8
LOWER
100
AcDbLine
 10
208153.15315315314
 20
56000.0
 30
350.0
 11
207513.51351351352
 21
56000.0
 31
350.0
  0
LINE
  5
587
330
17
100
AcDbEntity
  8
LOWER
100
AcDbLine
 10
207513.51351351352
 20
56000.0
 30
350.0
 11
206873.8738738739
 21
56000.0
 31
350.0
  0
LINE
  5
588
330
17
100
AcDbEntity
  8
LOWER
100
AcDbLine
 10
206873.8738738739
 20
56000.0
 30
350.0
 11
206234.23423423423
 21
56000.0
 31
350.0
  0
LINE
  5
589
330
17
100
AcDbEntity
  8
LOWER
100
AcDbLine
 10
206234.23423423423
 20
56000.0
 30
350.0
 11
205594.5945945946
 21
56000.0
 31
350.0
  0
LINE
  5
58A
330
17
100
AcDbEntity
  8
LOWER
100
AcDbLine
 10
205594.5945945946
 20
56000.0
 30
350.0
 11
204954.95495495497
 21
56000.0
 31
350.0
  0
LINE
  5
58B
330
17
100
AcDbEntity
  8
LOWER
100
AcDbLine
 10
204954.95495495497
 20
56000.0
 30
350.0
 11
204315.3153153153
 21
56000.0
 31
350.0
  0
LINE
  5
58C
330
17
100
AcDbEntity
  8
LOWER
100
AcDbLine
 10
204315.3153153153
 20
56000.0
 30
350.0
 11
203675.67567567568
 21
56000.0
 31
350.0
  0
LINE
  5
58D
330
17
100
AcDbEntity
  8
LOWER
100
AcDbLine
 10
203675.67567567568
 20
56000.0
 30
350.0
 11
203036.03603603604
 21
56000.0
 31
350.0
  0
LINE
  5
58E
330
17
100
AcDbEntity
  8
LOWER
100
AcDbLine
 10
203036.03603603604
 20
56000.0
 30
350.0
 11
202396.3963963964
 21
56000.0
 31
350.0
  0
LINE
  5
58F
330
17
100
AcDbEntity
  8
LOWER
100
AcDbLine
 10
202396.3963963964
 20
56000.0
 30
350.0
 11
201756.75675675675
 21
56000.0
 31
350.0
  0
LINE
  5
590
330
17
100
AcDbEntity
  8
LOWER
100
AcDbLine
 10
201756.75675675675
 20
56000.0
 30
350.0
 11
201117.11711711713
 21
56000.0
 31
350.0
  0
LINE
  5
591
330
17
100
AcDbEntity
  8
LOWER
100
AcDbLine
 10
201117.11711711713
 20
56000.0
 30
350.0
 11
200477.47747747746
 21
56000.0
 31
350.0
  0
LINE
  5
592
330
17
100
AcDbEntity
  8
LOWER
100
AcDbLine
 10
200477.47747747746
 20
56000.0
 30
350.0
 11
199837.83783783784
 21
56000.0
 31
350.0
  0
LINE
  5
593
330
17
100
AcDbEntity
  8
LOWER
100
AcDbLine
 10
199837.83783783784
 20
56000.0
 30
350.0
 11
199198.19819819822
 21
56000.0
 31
350.0
  0
LINE
  5
594
330
17
100
AcDbEntity
  8
LOWER
100
AcDbLine
 10
199198.19819819822
 20
56000.0
 30
350.0
 11
198558.55855855855
 21
56000.0
 31
350.0
  0
LINE
  5
595
330
17
100
AcDbEntity
  8
LOWER
100
AcDbLine
 10
198558.55855855855
 20
56000.0
 30
350.0
 11
197918.9189189189
 21
56000.0
 31
350.0
  0
LINE
  5
596
330
17
100
AcDbEntity
  8
LOWER
100
AcDbLine
 10
197918.9189189189
 20
56000.0
 30
350.0
 11
197279.2792792793
 21
56000.0
 31
350.0
  0
LINE
  5
597
330
17
100
AcDbEntity
  8
LOWER
100
AcDbLine
 10
197279.2792792793
 20
56000.0
 30
350.0
 11
196639.63963963964
 21
56000.0
 31
350.0
  0
LINE
  5
598
330
17
100
AcDbEntity
  8
LOWER
100
AcDbLine
 10
196639.63963963964
 20
56000.0
 30
350.0
 11
196000.0
 21
56000.0
 31
350.0
  0
LINE
  5
599
330
17
100
AcDbEntity
  8
LOWER
100
AcDbLine
 10
196000.0
 20
56000.0
 30
350.0
 11
195372.32723417724
 21
55975.33866986502
 31
350.0
  0
LINE
  5
59A
330
17
100
AcDbEntity
  8
LOWER
100
AcDbLine
 10
195372.32723417724
 20
55975.33866986502
 30
350.0
 11
194748.52427967815
 21
55901.50672476111
 31
350.0
  0
LINE
  5
59B
330
17
100
AcDbEntity
  8
LOWER
100
AcDbLine
 10
194748.52427967815
 20
55901.50672476111
 30
350.0
 11
194132.43708915275
 21
55778.95936318141
 31
350.0
  0
LINE
  5
59C
330
17
100
AcDbEntity
  8
LOWER
100
AcDbLine
 10
194132.43708915275
 20
55778.95936318141
 30
350.0
 11
193527.86404500043
 21
55608.45213036123
 31
350.0
  0
LINE
  5
59D
330
17
100
AcDbEntity
  8
LOWER
100
AcDbLine
 10
193527.86404500043
 20
55608.45213036123
 30
350.0
 11
192938.53254107927
 21
55391.036260090295
 31
350.0
  0
LINE
  5
59E
330
17
100
AcDbEntity
  8
LOWER
100
AcDbLine
 10
192938.53254107927
 20
55391.036260090295
 30
350.0
 11
192368.07600208363
 21
55128.05219350695
 31
350.0
  0
LINE
  5
59F
330
17
100
AcDbEntity
  8
LOWER
100
AcDbLine
 10
192368.07600208363
 20
55128.05219350695
 30
350.0
 11
191820.0114822724
 21
54821.12131483274
 31
350.0
  0
LINE
  5
5A0
330
17
100
AcDbEntity
  8
LOWER
100
AcDbLine
 10
191820.0114822724
 20
54821.12131483274
 30
350.0
 11
191297.71798166021
 21
54472.13595499958
 31
350.0
  0
LINE
  5
5A1
330
17
100
AcDbEntity
  8
LOWER
100
AcDbLine
 10
191297.71798166021
 20
54472.13595499958
 30
350.0
 11
190804.41561335855
 21
54083.24772480025
 31
350.0
  0
LINE
  5
5A2
330
17
100
AcDbEntity
  8
LOWER
100
AcDbLine
 10
190804.41561335855
 20
54083.24772480025
 30
350.0
 11
190343.14575050763
 21
53656.85424949238
 31
350.0
  0
LINE
  5
5A3
330
17
100
AcDbEntity
  8
LOWER
100
AcDbLine
 10
190343.14575050763
 20
53656.85424949238
 30
350.0
 11
189916.75227519975
 21
53195.58438664147
 31
350.0
  0
LINE
  5
5A4
330
17
100
AcDbEntity
  8
LOWER
100
AcDbLine
 10
189916.75227519975
 20
53195.58438664147
 30
350.0
 11
189527.86404500043
 21
52702.282018339785
 31
350.0
  0
LINE
  5
5A5
330
17
100
AcDbEntity
  8
LOWER
100
AcDbLine
 10
189527.86404500043
 20
52702.282018339785
 30
350.0
 11
189178.87868516726
 21
52179.988517727594
 31
350.0
  0
LINE
  5
5A6
330
17
100
AcDbEntity
  8
LOWER
100
AcDbLine
 10
189178.87868516726
 20
52179.988517727594
 30
350.0
 11
188871.94780649306
 21
51631.923997916376
 31
350.0
  0
LINE
  5
5A7
330
17
100
AcDbEntity
  8
LOWER
100
AcDbLine
 10
188871.94780649306
 20
51631.923997916376
 30
350.0
 11
188608.9637399097
 21
51061.46745892071
 31
350.0
  0
LINE
  5
5A8
330
17
100
AcDbEntity
  8
LOWER
100
AcDbLine
 10
188608.9637399097
 20
51061.46745892071
 30
350.0
 11
188391.54786963877
 21
50472.13595499958
 31
350.0
  0
LINE
  5
5A9
330
17
100
AcDbEntity
  8
LOWER
100
AcDbLine
 10
188391.54786963877
 20
50472.13595499958
 30
350.0
 11
188221.0406368186
 21
49867.56291084724
 31
350.0
  0
LINE
  5
5AA
330
17
100
AcDbEntity
  8
LOWER
100
AcDbLine
 10
188221.0406368186
 20
49867.56291084724
 30
350.0
 11
188098.4932752389
 21
49251.47572032185
 31
350.0
  0
LINE
  5
5AB
330
17
100
AcDbEntity
  8
LOWER
100
AcDbLine
 10
188098.4932752389
 20
49251.47572032185
 30
350.0
 11
188024.66133013496
 21
48627.67276582276
 31
350.0
  0
LINE
  5
5AC
330
17
100
AcDbEntity
  8
LOWER
100
AcDbLine
 10
188024.66133013496
 20
48627.67276582276
 30
350.0
 11
188000.0
 21
48000.0
 31
350.0
  0
LINE
  5
5AD
330
17
100
AcDbEntity
  8
LOWER
100
AcDbLine
 10
188000.0
 20
48000.0
 30
350.0
 11
188014.9383527668
 21
47353.43157895965
 31
350.0
  0
LINE
  5
5AE
330
17
100
AcDbEntity
  8
LOWER
100
AcDbLine
 10
188014.9383527668
 20
47353.43157895965
 30
350.0
 11
188059.72153186952
 21
46708.24296751377
 31
350.0
  0
LINE
  5
5AF
330
17
100
AcDbEntity
  8
LOWER
100
AcDbLine
 10
188059.72153186952
 20
46708.24296751377
 30
350.0
 11
188134.25396774712
 21
46065.81103067365
 31
350.0
  0
LINE
  5
5B0
330
17
100
AcDbEntity
  8
LOWER
100
AcDbLine
 10
188134.25396774712
 20
46065.81103067365
 30
350.0
 11
188238.37660442537
 21
45427.50675056802
 31
350.0
  0
LINE
  5
5B1
330
17
100
AcDbEntity
  8
LOWER
100
AcDbLine
 10
188238.37660442537
 20
45427.50675056802
 30
350.0
 11
188371.8672389503
 21
44794.69230069813
 31
350.0
  0
LINE
  5
5B2
330
17
100
AcDbEntity
  8
LOWER
100
AcDbLine
 10
188371.8672389503
 20
44794.69230069813
 30
350.0
 11
188534.44099558052
 21
44168.718138990844
 31
350.0
  0
LINE
  5
5B3
330
17
100
AcDbEntity
  8
LOWER
100
AcDbLine
 10
188534.44099558052
 20
44168.718138990844
 30
350.0
 11
188725.7509337265
 21
43550.92012585338
 31
350.0
  0
LINE
  5
5B4
330
17
100
AcDbEntity
  8
LOWER
100
AcDbLine
 10
188725.7509337265
 20
43550.92012585338
 30
350.0
 11
188945.388788339
 21
42942.61667337986
 31
350.0
  0
LINE
  5
5B5
330
17
100
AcDbEntity
  8
LOWER
100
AcDbLine
 10
188945.388788339
 20
42942.61667337986
 30
350.0
 11
189192.8858411677
 21
42345.10593179347
 31
350.0
  0
LINE
  5
5B6
330
17
100
AcDbEntity
  8
LOWER
100
AcDbLine
 10
189192.8858411677
 20
42345.10593179347
 30
350.0
 11
189467.71392102912
 21
41759.663019128464
 31
350.0
  0
LINE
  5
5B7
330
17
100
AcDbEntity
  8
LOWER
100
AcDbLine
 10
189467.71392102912
 20
41759.663019128464
 30
350.0
 11
189769.28653095083
 21
41187.53730006402
 31
350.0
  0
LINE
  5
5B8
330
17
100
AcDbEntity
  8
LOWER
100
AcDbLine
 10
189769.28653095083
 20
41187.53730006402
 30
350.0
 11
190096.9600997854
 21
40629.94971971702
 31
350.0
  0
LINE
  5
5B9
330
17
100
AcDbEntity
  8
LOWER
100
AcDbLine
 10
190096.9600997854
 20
40629.94971971702
 30
350.0
 11
190450.03535562375
 21
40088.090198083715
 31
350.0
  0
LINE
  5
5BA
330
17
100
AcDbEntity
  8
LOWER
100
AcDbLine
 10
190450.03535562375
 20
40088.090198083715
 30
350.0
 11
190827.75881807663
 21
39563.115090690415
 31
350.0
  0
LINE
  5
5BB
330
17
100
AcDbEntity
  8
LOWER
100
AcDbLine
 10
190827.75881807663
 20
39563.115090690415
 30
350.0
 11
191229.3244062397
 21
39056.144720872544
 31
350.0
  0
LINE
  5
5BC
330
17
100
AcDbEntity
  8
LOWER
100
AcDbLine
 10
191229.3244062397
 20
39056.144720872544
 30
350.0
 11
191653.87515891079
 21
38568.2609889482
 31
350.0
  0
LINE
  5
5BD
330
17
100
AcDbEntity
  8
LOWER
100
AcDbLine
 10
191653.87515891079
 20
38568.2609889482
 30
350.0
 11
192100.50506338835
 21
38100.50506338834
 31
350.0
  0
LINE
  5
5BE
330
17
100
AcDbEntity
  8
LOWER
100
AcDbLine
 10
192100.50506338835
 20
38100.50506338834
 30
350.0
 11
192568.2609889482
 21
37653.87515891077
 31
350.0
  0
LINE
  5
5BF
330
17
100
AcDbEntity
  8
LOWER
100
AcDbLine
 10
192568.2609889482
 20
37653.87515891077
 30
350.0
 11
193056.14472087254
 21
37229.3244062397
 31
350.0
  0
LINE
  5
5C0
330
17
100
AcDbEntity
  8
LOWER
100
AcDbLine
 10
193056.14472087254
 20
37229.3244062397
 30
350.0
 11
193563.1150906904
 21
36827.75881807665
 31
350.0
  0
LINE
  5
5C1
330
17
100
AcDbEntity
  8
LOWER
100
AcDbLine
 10
193563.1150906904
 20
36827.75881807665
 30
350.0
 11
194088.0901980837
 21
36450.03535562377
 31
350.0
  0
LINE
  5
5C2
330
17
100
AcDbEntity
  8
LOWER
100
AcDbLine
 10
194088.0901980837
 20
36450.03535562377
 30
350.0
 11
194629.94971971703
 21
36096.96009978541
 31
350.0
  0
LINE
  5
5C3
330
17
100
AcDbEntity
  8
LOWER
100
AcDbLine
 10
194629.94971971703
 20
36096.96009978541
 30
350.0
 11
195187.537300064
 21
35769.28653095083
 31
350.0
  0
LINE
  5
5C4
330
17
100
AcDbEntity
  8
LOWER
100
AcDbLine
 10
195187.537300064
 20
35769.28653095083
 30
350.0
 11
195759.6630191285
 21
35467.71392102913
 31
350.0
  0
LINE
  5
5C5
330
17
100
AcDbEntity
  8
LOWER
100
AcDbLine
 10
195759.6630191285
 20
35467.71392102913
 30
350.0
 11
196345.10593179346
 21
35192.88584116771
 31
350.0
  0
LINE
  5
5C6
330
17
100
AcDbEntity
  8
LOWER
100
AcDbLine
 10
196345.10593179346
 20
35192.88584116771
 30
350.0
 11
196942.61667337985
 21
34945.38878833902
 31
350.0
  0
LINE
  5
5C7
330
17
100
AcDbEntity
  8
LOWER
100
AcDbLine
 10
196942.61667337985
 20
34945.38878833902
 30
350.0
 11
197550.9201258534
 21
34725.75093372647
 31
350.0
  0
LINE
  5
5C8
330
17
100
AcDbEntity
  8
LOWER
100
AcDbLine
 10
197550.9201258534
 20
34725.75093372647
 30
350.0
 11
198168.71813899084
 21
34534.44099558053
 31
350.0
  0
LINE
  5
5C9
330
17
100
AcDbEntity
  8
LOWER
100
AcDbLine
 10
198168.71813899084
 20
34534.44099558053
 30
350.0
 11
198794.69230069814
 21
34371.867238950304
 31
350.0
  0
LINE
  5
5CA
330
17
100
AcDbEntity
  8
LOWER
100
AcDbLine
 10
198794.69230069814
 20
34371.867238950304
 30
350.0
 11
199427.506750568
 21
34238.37660442538
 31
350.0
  0
LINE
  5
5CB
330
17
100
AcDbEntity
  8
LOWER
100
AcDbLine
 10
199427.506750568
 20
34238.37660442538
 30
350.0
 11
200065.81103067365
 21
34134.25396774713
 31
350.0
  0
LINE
  5
5CC
330
17
100
AcDbEntity
  8
LOWER
100
AcDbLine
 10
200065.81103067365
 20
34134.25396774713
 30
350.0
 11
200708.24296751377
 21
34059.721531869516
 31
350.0
  0
LINE
  5
5CD
330
17
100
AcDbEntity
  8
LOWER
100
AcDbLine
 10
200708.24296751377
 20
34059.721531869516
 30
350.0
 11
201353.43157895966
 21
34014.93835276678
 31
350.0
  0
LINE
  5
5CE
330
17
100
AcDbEntity
  8
LOWER
100
AcDbLine
 10
201353.43157895966
 20
34014.93835276678
 30
350.0
 11
202000.0
 21
34000.0
 31
350.0
  0
LINE
  5
5CF
330
17
100
AcDbEntity
  8
LOWER
100
AcDbLine
 10
202000.0
 20
34000.0
 30
350.0
 11
202648.8171951594
 21
34000.0
 31
350.0
  0
LINE
  5
5D0
330
17
100
AcDbEntity
  8
LOWER
100
AcDbLine
 10
202648.8171951594
 20
34000.0
 30
350.0
 11
203297.6343903188
 21
34000.0
 31
350.0
  0
LINE
  5
5D1
330
17
100
AcDbEntity
  8
LOWER
100
AcDbLine
 10
203297.6343903188
 20
34000.0
 30
350.0
 11
203946.4515854782
 21
34000.0
 31
350.0
  0
LINE
  5
5D2
330
17
100
AcDbEntity
  8
LOWER
100
AcDbLine
 10
203946.4515854782
 20
34000.0
 30
350.0
 11
204595.26878063762
 21
34000.0
 31
350.0
  0
LINE
  5
5D3
330
17
100
AcDbEntity
  8
LOWER
100
AcDbLine
 10
204595.26878063762
 20
34000.0
 30
350.0
 11
205244.08597579703
 21
34000.0
 31
350.0
  0
LINE
  5
5D4
330
17
100
AcDbEntity
  8
LOWER
100
AcDbLine
 10
205244.08597579703
 20
34000.0
 30
350.0
 11
205892.90317095642
 21
34000.0
 31
350.0
  0
LINE
  5
5D5
330
17
100
AcDbEntity
  8
LOWER
100
AcDbLine
 10
205892.90317095642
 20
34000.0
 30
350.0
 11
206541.7203661158
 21
34000.0
 31
350.0
  0
LINE
  5
5D6
330
17
100
AcDbEntity
  8
LOWER
100
AcDbLine
 10
206541.7203661158
 20
34000.0
 30
350.0
 11
207190.5375612752
 21
34000.0
 31
350.0
  0
LINE
  5
5D7
330
17
100
AcDbEntity
  8
LOWER
100
AcDbLine
 10
207190.5375612752
 20
34000.0
 30
350.0
 11
207839.3547564346
 21
34000.0
 31
350.0
  0
LINE
  5
5D8
330
17
100
AcDbEntity
  8
LOWER
100
AcDbLine
 10
207839.3547564346
 20
34000.0
 30
350.0
 11
208488.171951594
 21
34000.0
 31
350.0
  0
LINE
  5
5D9
330
17
100
AcDbEntity
  8
LOWER
100
AcDbLine
 10
208488.171951594
 20
34000.0
 30
350.0
 11
209136.98914675342
 21
34000.0
 31
350.0
  0
LINE
  5
5DA
330
17
100
AcDbEntity
  8
LOWER
100
AcDbLine
 10
209136.98914675342
 20
34000.0
 30
350.0
 11
209785.8063419128
 21
34000.0
 31
350.0
  0
LINE
  5
5DB
330
17
100
AcDbEntity
  8
LOWER
100
AcDbLine
 10
209785.8063419128
 20
34000.0
 30
350.0
 11
210434.6235370722
 21
34000.0
 31
350.0
  0
LINE
  5
5DC
330
17
100
AcDbEntity
  8
LOWER
100
AcDbLine
 10
210434.6235370722
 20
34000.0
 30
350.0
 11
211083.44073223163
 21
34000.0
 31
350.0
  0
LINE
  5
5DD
330
17
100
AcDbEntity
  8
LOWER
100
AcDbLine
 10
211083.44073223163
 20
34000.0
 30
350.0
 11
211732.257927391
 21
34000.0
 31
350.0
  0
LINE
  5
5DE
330
17
100
AcDbEntity
  8
LOWER
100
AcDbLine
 10
211732.257927391
 20
34000.0
 30
350.0
 11
212381.07512255042
 21
34000.0
 31
350.0
  0
LINE
  5
5DF
330
17
100
AcDbEntity
  8
LOWER
100
AcDbLine
 10
212381.07512255042
 20
34000.0
 30
350.0
 11
213029.89231770983
 21
34000.0
 31
350.0
  0
LINE
  5
5E0
330
17
100
AcDbEntity
  8
LOWER
100
AcDbLine
 10
213029.89231770983
 20
34000.0
 30
350.0
 11
213678.70951286922
 21
34000.0
 31
350.0
  0
LINE
  5
5E1
330
17
100
AcDbEntity
  8
LOWER
100
AcDbLine
 10
213678.70951286922
 20
34000.0
 30
350.0
 11
214327.52670802863
 21
34000.0
 31
350.0
  0
LINE
  5
5E2
330
17
100
AcDbEntity
  8
LOWER
100
AcDbLine
 10
214327.52670802863
 20
34000.0
 30
350.0
 11
214976.343903188
 21
34000.0
 31
350.0
  0
LINE
  5
5E3
330
17
100
AcDbEntity
  8
LOWER
100
AcDbLine
 10
214976.343903188
 20
34000.0
 30
350.0
 11
215625.1610983474
 21
34000.0
 31
350.0
  0
LINE
  5
5E4
330
17
100
AcDbEntity
  8
LOWER
100
AcDbLine
 10
215625.1610983474
 20
34000.0
 30
350.0
 11
216273.9782935068
 21
34000.0
 31
350.0
  0
LINE
  5
5E5
330
17
100
AcDbEntity
  8
LOWER
100
AcDbLine
 10
216273.9782935068
 20
34000.0
 30
350.0
 11
216922.79548866622
 21
34000.0
 31
350.0
  0
LINE
  5
5E6
330
17
100
AcDbEntity
  8
LOWER
100
AcDbLine
 10
216922.79548866622
 20
34000.0
 30
350.0
 11
217571.6126838256
 21
34000.0
 31
350.0
  0
LINE
  5
5E7
330
17
100
AcDbEntity
  8
LOWER
100
AcDbLine
 10
217571.6126838256
 20
34000.0
 30
350.0
 11
218220.429878985
 21
34000.0
 31
350.0
  0
LINE
  5
5E8
330
17
100
AcDbEntity
  8
LOWER
100
AcDbLine
 10
218220.429878985
 20
34000.0
 30
350.0
 11
218869.24707414443
 21
34000.0
 31
350.0
  0
LINE
  5
5E9
330
17
100
AcDbEntity
  8
LOWER
100
AcDbLine
 10
218869.24707414443
 20
34000.0
 30
350.0
 11
219518.0642693038
 21
34000.0
 31
350.0
  0
LINE
  5
5EA
330
17
100
AcDbEntity
  8
LOWER
100
AcDbLine
 10
219518.0642693038
 20
34000.0
 30
350.0
 11
220166.88146446325
 21
34000.0
 31
350.0
  0
LINE
  5
5EB
330
17
100
AcDbEntity
  8
LOWER
100
AcDbLine
 10
220166.88146446325
 20
34000.0
 30
350.0
 11
220815.69865962263
 21
34000.0
 31
350.0
  0
LINE
  5
5EC
330
17
100
AcDbEntity
  8
LOWER
100
AcDbLine
 10
220815.69865962263
 20
34000.0
 30
350.0
 11
221464.51585478205
 21
34000.0
 31
350.0
  0
LINE
  5
5ED
330
17
100
AcDbEntity
  8
LOWER
100
AcDbLine
 10
221464.51585478205
 20
34000.0
 30
350.0
 11
222113.33304994146
 21
34000.0
 31
350.0
  0
LINE
  5
5EE
330
17
100
AcDbEntity
  8
LOWER
100
AcDbLine
 10
222113.33304994146
 20
34000.0
 30
350.0
 11
222762.1502451008
 21
34000.0
 31
350.0
  0
LINE
  5
5EF
330
17
100
AcDbEntity
  8
LOWER
100
AcDbLine
 10
222762.1502451008
 20
34000.0
 30
350.0
 11
223410.96744026022
 21
34000.0
 31
350.0
  0
LINE
  5
5F0
330
17
100
AcDbEntity
  8
LOWER
100
AcDbLine
 10
223410.96744026022
 20
34000.0
 30
350.0
 11
224059.78463541964
 21
34000.0
 31
350.0
  0
LINE
  5
5F1
330
17
100
AcDbEntity
  8
LOWER
100
AcDbLine
 10
224059.78463541964
 20
34000.0
 30
350.0
 11
224708.60183057902
 21
34000.0
 31
350.0
  0
LINE
  5
5F2
330
17
100
AcDbEntity
  8
LOWER
100
AcDbLine
 10
224708.60183057902
 20
34000.0
 30
350.0
 11
225357.41902573843
 21
34000.0
 31
350.0
  0
LINE
  5
5F3
330
17
100
AcDbEntity
  8
LOWER
100
AcDbLine
 10
225357.41902573843
 20
34000.0
 30
350.0
 11
226006.23622089784
 21
34000.0
 31
350.0
  0
LINE
  5
5F4
330
17
100
AcDbEntity
  8
LOWER
100
AcDbLine
 10
226006.23622089784
 20
34000.0
 30
350.0
 11
226655.05341605723
 21
34000.0
 31
350.0
  0
LINE
  5
5F5
330
17
100
AcDbEntity
  8
LOWER
100
AcDbLine
 10
226655.05341605723
 20
34000.0
 30
350.0
 11
227303.87061121664
 21
34000.0
 31
350.0
  0
LINE
  5
5F6
330
17
100
AcDbEntity
  8
LOWER
100
AcDbLine
 10
227303.87061121664
 20
34000.0
 30
350.0
 11
227952.68780637605
 21
34000.0
 31
350.0
  0
LINE
  5
5F7
330
17
100
AcDbEntity
  8
LOWER
100
AcDbLine
 10
227952.68780637605
 20
34000.0
 30
350.0
 11
228601.50500153544
 21
34000.0
 31
350.0
  0
LINE
  5
5F8
330
17
100
AcDbEntity
  8
LOWER
100
AcDbLine
 10
228601.50500153544
 20
34000.0
 30
350.0
 11
229250.32219669485
 21
34000.0
 31
350.0
  0
LINE
  5
5F9
330
17
100
AcDbEntity
  8
LOWER
100
AcDbLine
 10
229250.32219669485
 20
34000.0
 30
350.0
 11
229899.13939185426
 21
34000.0
 31
350.0
  0
LINE
  5
5FA
330
17
100
AcDbEntity
  8
LOWER
100
AcDbLine
 10
229899.13939185426
 20
34000.0
 30
350.0
 11
230547.95658701364
 21
34000.0
 31
350.0
  0
LINE
  5
5FB
330
17
100
AcDbEntity
  8
LOWER
100
AcDbLine
 10
230547.95658701364
 20
34000.0
 30
350.0
 11
231196.77378217303
 21
34000.0
 31
350.0
  0
LINE
  5
5FC
330
17
100
AcDbEntity
  8
LOWER
100
AcDbLine
 10
231196.77378217303
 20
34000.0
 30
350.0
 11
231845.59097733244
 21
34000.0
 31
350.0
  0
LINE
  5
5FD
330
17
100
AcDbEntity
  8
LOWER
100
AcDbLine
 10
231845.59097733244
 20
34000.0
 30
350.0
 11
232494.40817249182
 21
34000.0
 31
350.0
  0
LINE
  5
5FE
330
17
100
AcDbEntity
  8
LOWER
100
AcDbLine
 10
232494.40817249182
 20
34000.0
 30
350.0
 11
233143.22536765123
 21
34000.0
 31
350.0
  0
LINE
  5
5FF
330
17
100
AcDbEntity
  8
LOWER
100
AcDbLine
 10
233143.22536765123
 20
34000.0
 30
350.0
 11
233792.04256281065
 21
34000.0
 31
350.0
  0
LINE
  5
600
330
17
100
AcDbEntity
  8
LOWER
100
AcDbLine
 10
233792.04256281065
 20
34000.0
 30
350.0
 11
234440.85975797003
 21
34000.0
 31
350.0
  0
LINE
  5
601
330
17
100
AcDbEntity
  8
LOWER
100
AcDbLine
 10
234440.85975797003
 20
34000.0
 30
350.0
 11
235089.67695312944
 21
34000.0
 31
350.0
  0
LINE
  5
602
330
17
100
AcDbEntity
  8
LOWER
100
AcDbLine
 10
235089.67695312944
 20
34000.0
 30
350.0
 11
235738.49414828885
 21
34000.0
 31
350.0
  0
LINE
  5
603
330
17
100
AcDbEntity
  8
LOWER
100
AcDbLine
 10
235738.49414828885
 20
34000.0
 30
350.0
 11
236387.31134344824
 21
34000.0
 31
350.0
  0
LINE
  5
604
330
17
100
AcDbEntity
  8
LOWER
100
AcDbLine
 10
236387.31134344824
 20
34000.0
 30
350.0
 11
237036.12853860765
 21
34000.0
 31
350.0
  0
LINE
  5
605
330
17
100
AcDbEntity
  8
LOWER
100
AcDbLine
 10
237036.12853860765
 20
34000.0
 30
350.0
 11
237684.94573376706
 21
34000.0
 31
350.0
  0
LINE
  5
606
330
17
100
AcDbEntity
  8
LOWER
100
AcDbLine
 10
237684.94573376706
 20
34000.0
 30
350.0
 11
238333.76292892647
 21
34000.0
 31
350.0
  0
LINE
  5
607
330
17
100
AcDbEntity
  8
LOWER
100
AcDbLine
 10
238333.76292892647
 20
34000.0
 30
350.0
 11
238982.58012408586
 21
34000.0
 31
350.0
  0
LINE
  5
608
330
17
100
AcDbEntity
  8
LOWER
100
AcDbLine
 10
238982.58012408586
 20
34000.0
 30
350.0
 11
239631.39731924524
 21
34000.0
 31
350.0
  0
LINE
  5
609
330
17
100
AcDbEntity
  8
LOWER
100
AcDbLine
 10
239631.39731924524
 20
34000.0
 30
350.0
 11
240280.21451440465
 21
34000.0
 31
350.0
  0
LINE
  5
60A
330
17
100
AcDbEntity
  8
LOWER
100
AcDbLine
 10
240280.21451440465
 20
34000.0
 30
350.0
 11
240929.03170956406
 21
34000.0
 31
350.0
  0
LINE
  5
60B
330
17
100
AcDbEntity
  8
LOWER
100
AcDbLine
 10
240929.03170956406
 20
34000.0
 30
350.0
 11
241577.84890472345
 21
34000.0
 31
350.0
  0
LINE
  5
60C
330
17
100
AcDbEntity
  8
LOWER
100
AcDbLine
 10
241577.84890472345
 20
34000.0
 30
350.0
 11
242226.66609988286
 21
34000.0
 31
350.0
  0
LINE
  5
60D
330
17
100
AcDbEntity
  8
LOWER
100
AcDbLine
 10
242226.66609988286
 20
34000.0
 30
350.0
 11
242875.48329504227
 21
34000.0
 31
350.0
  0
LINE
  5
60E
330
17
100
AcDbEntity
  8
LOWER
100
AcDbLine
 10
242875.48329504227
 20
34000.0
 30
350.0
 11
243524.30049020165
 21
34000.0
 31
350.0
  0
LINE
  5
60F
330
17
100
AcDbEntity
  8
LOWER
100
AcDbLine
 10
243524.30049020165
 20
34000.0
 30
350.0
 11
244173.11768536107
 21
34000.0
 31
350.0
  0
LINE
  5
610
330
17
100
AcDbEntity
  8
LOWER
100
AcDbLine
 10
244173.11768536107
 20
34000.0
 30
350.0
 11
244821.93488052048
 21
34000.0
 31
350.0
  0
LINE
  5
611
330
17
100
AcDbEntity
  8
LOWER
100
AcDbLine
 10
244821.93488052048
 20
34000.0
 30
350.0
 11
245470.75207567986
 21
34000.0
 31
350.0
  0
LINE
  5
612
330
17
100
AcDbEntity
  8
LOWER
100
AcDbLine
 10
245470.75207567986
 20
34000.0
 30
350.0
 11
246119.56927083927
 21
34000.0
 31
350.0
  0
LINE
  5
613
330
17
100
AcDbEntity
  8
LOWER
100
AcDbLine
 10
246119.56927083927
 20
34000.0
 30
350.0
 11
246768.3864659987
 21
34000.0
 31
350.0
  0
LINE
  5
614
330
17
100
AcDbEntity
  8
LOWER
100
AcDbLine
 10
246768.3864659987
 20
34000.0
 30
350.0
 11
247417.20366115804
 21
34000.0
 31
350.0
  0
LINE
  5
615
330
17
100
AcDbEntity
  8
LOWER
100
AcDbLine
 10
247417.20366115804
 20
34000.0
 30
350.0
 11
248066.02085631745
 21
34000.0
 31
350.0
  0
LINE
  5
616
330
17
100
AcDbEntity
  8
LOWER
100
AcDbLine
 10
248066.02085631745
 20
34000.0
 30
350.0
 11
248714.83805147687
 21
34000.0
 31
350.0
  0
LINE
  5
617
330
17
100
AcDbEntity
  8
LOWER
100
AcDbLine
 10
248714.83805147687
 20
34000.0
 30
350.0
 11
249363.65524663625
 21
34000.0
 31
350.0
  0
LINE
  5
618
330
17
100
AcDbEntity
  8
LOWER
100
AcDbLine
 10
249363.65524663625
 20
34000.0
 30
350.0
 11
250012.47244179566
 21
34000.0
 31
350.0
  0
LINE
  5
619
330
17
100
AcDbEntity
  8
LOWER
100
AcDbLine
 10
250012.47244179566
 20
34000.0
 30
350.0
 11
250661.28963695507
 21
34000.0
 31
350.0
  0
LINE
  5
61A
330
17
100
AcDbEntity
  8
LOWER
100
AcDbLine
 10
250661.28963695507
 20
34000.0
 30
350.0
 11
251310.10683211446
 21
34000.0
 31
350.0
  0
LINE
  5
61B
330
17
100
AcDbEntity
  8
LOWER
100
AcDbLine
 10
251310.10683211446
 20
34000.0
 30
350.0
 11
251958.92402727387
 21
34000.0
 31
350.0
  0
LINE
  5
61C
330
17
100
AcDbEntity
  8
LOWER
100
AcDbLine
 10
251958.92402727387
 20
34000.0
 30
350.0
 11
252607.74122243328
 21
34000.0
 31
350.0
  0
LINE
  5
61D
330
17
100
AcDbEntity
  8
LOWER
100
AcDbLine
 10
252607.74122243328
 20
34000.0
 30
350.0
 11
253256.5584175927
 21
34000.0
 31
350.0
  0
LINE
  5
61E
330
17
100
AcDbEntity
  8
LOWER
100
AcDbLine
 10
253256.5584175927
 20
34000.0
 30
350.0
 11
253905.3756127521
 21
34000.0
 31
350.0
  0
LINE
  5
61F
330
17
100
AcDbEntity
  8
LOWER
100
AcDbLine
 10
253905.3756127521
 20
34000.0
 30
350.0
 11
254554.1928079115
 21
34000.0
 31
350.0
  0
LINE
  5
620
330
17
100
AcDbEntity
  8
LOWER
100
AcDbLine
 10
254554.1928079115
 20
34000.0
 30
350.0
 11
255203.01000307087
 21
34000.0
 31
350.0
  0
LINE
  5
621
330
17
100
AcDbEntity
  8
LOWER
100
AcDbLine
 10
255203.01000307087
 20
34000.0
 30
350.0
 11
255851.82719823025
 21
34000.0
 31
350.0
  0
LINE
  5
622
330
17
100
AcDbEntity
  8
LOWER
100
AcDbLine
 10
255851.82719823025
 20
34000.0
 30
350.0
 11
256500.64439338967
 21
34000.0
 31
350.0
  0
LINE
  5
623
330
17
100
AcDbEntity
  8
LOWER
100
AcDbLine
 10
256500.64439338967
 20
34000.0
 30
350.0
 11
257149.4615885491
 21
34000.0
 31
350.0
  0
LINE
  5
624
330
17
100
AcDbEntity
  8
LOWER
100
AcDbLine
 10
257149.4615885491
 20
34000.0
 30
350.0
 11
257798.2787837085
 21
34000.0
 31
350.0
  0
LINE
  5
625
330
17
100
AcDbEntity
  8
LOWER
100
AcDbLine
 10
257798.2787837085
 20
34000.0
 30
350.0
 11
258447.09597886787
 21
34000.0
 31
350.0
  0
LINE
  5
626
330
17
100
AcDbEntity
  8
LOWER
100
AcDbLine
 10
258447.09597886787
 20
34000.0
 30
350.0
 11
259095.91317402726
 21
34000.0
 31
350.0
  0
LINE
  5
627
330
17
100
AcDbEntity
  8
LOWER
100
AcDbLine
 10
259095.91317402726
 20
34000.0
 30
350.0
 11
259744.7303691867
 21
34000.0
 31
350.0
  0
LINE
  5
628
330
17
100
AcDbEntity
  8
LOWER
100
AcDbLine
 10
259744.7303691867
 20
34000.0
 30
350.0
 11
260393.54756434608
 21
34000.0
 31
350.0
  0
LINE
  5
629
330
17
100
AcDbEntity
  8
LOWER
100
AcDbLine
 10
260393.54756434608
 20
34000.0
 30
350.0
 11
261042.36475950552
 21
34000.0
 31
350.0
  0
LINE
  5
62A
330
17
100
AcDbEntity
  8
LOWER
100
AcDbLine
 10
261042.36475950552
 20
34000.0
 30
350.0
 11
261691.1819546649
 21
34000.0
 31
350.0
  0
LINE
  5
62B
330
17
100
AcDbEntity
  8
LOWER
100
AcDbLine
 10
261691.1819546649
 20
34000.0
 30
350.0
 11
262339.99914982426
 21
34000.0
 31
350.0
  0
LINE
  5
62C
330
17
100
AcDbEntity
  8
LOWER
100
AcDbLine
 10
262339.99914982426
 20
34000.0
 30
350.0
 11
262988.81634498364
 21
34000.0
 31
350.0
  0
LINE
  5
62D
330
17
100
AcDbEntity
  8
LOWER
100
AcDbLine
 10
262988.81634498364
 20
34000.0
 30
350.0
 11
263637.6335401431
 21
34000.0
 31
350.0
  0
LINE
  5
62E
330
17
100
AcDbEntity
  8
LOWER
100
AcDbLine
 10
263637.6335401431
 20
34000.0
 30
350.0
 11
264286.45073530247
 21
34000.0
 31
350.0
  0
LINE
  5
62F
330
17
100
AcDbEntity
  8
LOWER
100
AcDbLine
 10
264286.45073530247
 20
34000.0
 30
350.0
 11
264935.2679304619
 21
34000.0
 31
350.0
  0
LINE
  5
630
330
17
100
AcDbEntity
  8
LOWER
100
AcDbLine
 10
264935.2679304619
 20
34000.0
 30
350.0
 11
265584.0851256213
 21
34000.0
 31
350.0
  0
LINE
  5
631
330
17
100
AcDbEntity
  8
LOWER
100
AcDbLine
 10
265584.0851256213
 20
34000.0
 30
350.0
 11
266232.9023207807
 21
34000.0
 31
350.0
  0
LINE
  5
632
330
17
100
AcDbEntity
  8
LOWER
100
AcDbLine
 10
266232.9023207807
 20
34000.0
 30
350.0
 11
266881.71951594006
 21
34000.0
 31
350.0
  0
LINE
  5
633
330
17
100
AcDbEntity
  8
LOWER
100
AcDbLine
 10
266881.71951594006
 20
34000.0
 30
350.0
 11
267530.5367110995
 21
34000.0
 31
350.0
  0
LINE
  5
634
330
17
100
AcDbEntity
  8
LOWER
100
AcDbLine
 10
267530.5367110995
 20
34000.0
 30
350.0
 11
268179.3539062589
 21
34000.0
 31
350.0
  0
LINE
  5
635
330
17
100
AcDbEntity
  8
LOWER
100
AcDbLine
 10
268179.3539062589
 20
34000.0
 30
350.0
 11
268828.1711014183
 21
34000.0
 31
350.0
  0
LINE
  5
636
330
17
100
AcDbEntity
  8
LOWER
100
AcDbLine
 10
268828.1711014183
 20
34000.0
 30
350.0
 11
269476.9882965777
 21
34000.0
 31
350.0
  0
LINE
  5
637
330
17
100
AcDbEntity
  8
LOWER
100
AcDbLine
 10
269476.9882965777
 20
34000.0
 30
350.0
 11
270125.8054917371
 21
34000.0
 31
350.0
  0
LINE
  5
638
330
17
100
AcDbEntity
  8
LOWER
100
AcDbLine
 10
270125.8054917371
 20
34000.0
 30
350.0
 11
270774.6226868965
 21
34000.0
 31
350.0
  0
LINE
  5
639
330
17
100
AcDbEntity
  8
LOWER
100
AcDbLine
 10
270774.6226868965
 20
34000.0
 30
350.0
 11
271423.4398820559
 21
34000.0
 31
350.0
  0
LINE
  5
63A
330
17
100
AcDbEntity
  8
LOWER
100
AcDbLine
 10
271423.4398820559
 20
34000.0
 30
350.0
 11
272072.2570772153
 21
34000.0
 31
350.0
  0
LINE
  5
63B
330
17
100
AcDbEntity
  8
LOWER
100
AcDbLine
 10
272072.2570772153
 20
34000.0
 30
350.0
 11
272721.07427237474
 21
34000.0
 31
350.0
  0
LINE
  5
63C
330
17
100
AcDbEntity
  8
LOWER
100
AcDbLine
 10
272721.07427237474
 20
34000.0
 30
350.0
 11
273369.8914675341
 21
34000.0
 31
350.0
  0
LINE
  5
63D
330
17
100
AcDbEntity
  8
LOWER
100
AcDbLine
 10
273369.8914675341
 20
34000.0
 30
350.0
 11
274018.7086626935
 21
34000.0
 31
350.0
  0
LINE
  5
63E
330
17
100
AcDbEntity
  8
LOWER
100
AcDbLine
 10
274018.7086626935
 20
34000.0
 30
350.0
 11
274667.52585785295
 21
34000.0
 31
350.0
  0
LINE
  5
63F
330
17
100
AcDbEntity
  8
LOWER
100
AcDbLine
 10
274667.52585785295
 20
34000.0
 30
350.0
 11
275316.34305301233
 21
34000.0
 31
350.0
  0
LINE
  5
640
330
17
100
AcDbEntity
  8
LOWER
100
AcDbLine
 10
275316.34305301233
 20
34000.0
 30
350.0
 11
275965.1602481717
 21
34000.0
 31
350.0
  0
LINE
  5
641
330
17
100
AcDbEntity
  8
LOWER
100
AcDbLine
 10
275965.1602481717
 20
34000.0
 30
350.0
 11
276613.9774433311
 21
34000.0
 31
350.0
  0
LINE
  5
642
330
17
100
AcDbEntity
  8
LOWER
100
AcDbLine
 10
276613.9774433311
 20
34000.0
 30
350.0
 11
277262.7946384905
 21
34000.0
 31
350.0
  0
LINE
  5
643
330
17
100
AcDbEntity
  8
LOWER
100
AcDbLine
 10
277262.7946384905
 20
34000.0
 30
350.0
 11
277911.61183364986
 21
34000.0
 31
350.0
  0
LINE
  5
644
330
17
100
AcDbEntity
  8
LOWER
100
AcDbLine
 10
277911.61183364986
 20
34000.0
 30
350.0
 11
278560.4290288093
 21
34000.0
 31
350.0
  0
LINE
  5
645
330
17
100
AcDbEntity
  8
LOWER
100
AcDbLine
 10
278560.4290288093
 20
34000.0
 30
350.0
 11
279209.2462239687
 21
34000.0
 31
350.0
  0
LINE
  5
646
330
17
100
AcDbEntity
  8
LOWER
100
AcDbLine
 10
279209.2462239687
 20
34000.0
 30
350.0
 11
279858.0634191281
 21
34000.0
 31
350.0
  0
LINE
  5
647
330
17
100
AcDbEntity
  8
LOWER
100
AcDbLine
 10
279858.0634191281
 20
34000.0
 30
350.0
 11
280506.8806142875
 21
34000.0
 31
350.0
  0
LINE
  5
648
330
17
100
AcDbEntity
  8
LOWER
100
AcDbLine
 10
280506.8806142875
 20
34000.0
 30
350.0
 11
281155.6978094469
 21
34000.0
 31
350.0
  0
LINE
  5
649
330
17
100
AcDbEntity
  8
LOWER
100
AcDbLine
 10
281155.6978094469
 20
34000.0
 30
350.0
 11
281804.5150046063
 21
34000.0
 31
350.0
  0
LINE
  5
64A
330
17
100
AcDbEntity
  8
LOWER
100
AcDbLine
 10
281804.5150046063
 20
34000.0
 30
350.0
 11
282453.3321997657
 21
34000.0
 31
350.0
  0
LINE
  5
64B
330
17
100
AcDbEntity
  8
LOWER
100
AcDbLine
 10
282453.3321997657
 20
34000.0
 30
350.0
 11
283102.1493949251
 21
34000.0
 31
350.0
  0
LINE
  5
64C
330
17
100
AcDbEntity
  8
LOWER
100
AcDbLine
 10
283102.1493949251
 20
34000.0
 30
350.0
 11
283750.96659008454
 21
34000.0
 31
350.0
  0
LINE
  5
64D
330
17
100
AcDbEntity
  8
LOWER
100
AcDbLine
 10
283750.96659008454
 20
34000.0
 30
350.0
 11
284399.7837852439
 21
34000.0
 31
350.0
  0
LINE
  5
64E
330
17
100
AcDbEntity
  8
LOWER
100
AcDbLine
 10
284399.7837852439
 20
34000.0
 30
350.0
 11
285048.6009804033
 21
34000.0
 31
350.0
  0
LINE
  5
64F
330
17
100
AcDbEntity
  8
LOWER
100
AcDbLine
 10
285048.6009804033
 20
34000.0
 30
350.0
 11
285697.4181755627
 21
34000.0
 31
350.0
  0
LINE
  5
650
330
17
100
AcDbEntity
  8
LOWER
100
AcDbLine
 10
285697.4181755627
 20
34000.0
 30
350.0
 11
286346.23537072213
 21
34000.0
 31
350.0
  0
LINE
  5
651
330
17
100
AcDbEntity
  8
LOWER
100
AcDbLine
 10
286346.23537072213
 20
34000.0
 30
350.0
 11
286995.0525658815
 21
34000.0
 31
350.0
  0
LINE
  5
652
330
17
100
AcDbEntity
  8
LOWER
100
AcDbLine
 10
286995.0525658815
 20
34000.0
 30
350.0
 11
287643.86976104096
 21
34000.0
 31
350.0
  0
LINE
  5
653
330
17
100
AcDbEntity
  8
LOWER
100
AcDbLine
 10
287643.86976104096
 20
34000.0
 30
350.0
 11
288292.68695620034
 21
34000.0
 31
350.0
  0
LINE
  5
654
330
17
100
AcDbEntity
  8
LOWER
100
AcDbLine
 10
288292.68695620034
 20
34000.0
 30
350.0
 11
288941.5041513597
 21
34000.0
 31
350.0
  0
LINE
  5
655
330
17
100
AcDbEntity
  8
LOWER
100
AcDbLine
 10
288941.5041513597
 20
34000.0
 30
350.0
 11
289590.3213465191
 21
34000.0
 31
350.0
  0
LINE
  5
656
330
17
100
AcDbEntity
  8
LOWER
100
AcDbLine
 10
289590.3213465191
 20
34000.0
 30
350.0
 11
290239.13854167855
 21
34000.0
 31
350.0
  0
LINE
  5
657
330
17
100
AcDbEntity
  8
LOWER
100
AcDbLine
 10
290239.13854167855
 20
34000.0
 30
350.0
 11
290887.95573683793
 21
34000.0
 31
350.0
  0
LINE
  5
658
330
17
100
AcDbEntity
  8
LOWER
100
AcDbLine
 10
290887.95573683793
 20
34000.0
 30
350.0
 11
291536.7729319974
 21
34000.0
 31
350.0
  0
LINE
  5
659
330
17
100
AcDbEntity
  8
LOWER
100
AcDbLine
 10
291536.7729319974
 20
34000.0
 30
350.0
 11
292185.59012715676
 21
34000.0
 31
350.0
  0
LINE
  5
65A
330
17
100
AcDbEntity
  8
LOWER
100
AcDbLine
 10
292185.59012715676
 20
34000.0
 30
350.0
 11
292834.4073223161
 21
34000.0
 31
350.0
  0
LINE
  5
65B
330
17
100
AcDbEntity
  8
LOWER
100
AcDbLine
 10
292834.4073223161
 20
34000.0
 30
350.0
 11
293483.2245174755
 21
34000.0
 31
350.0
  0
LINE
  5
65C
330
17
100
AcDbEntity
  8
LOWER
100
AcDbLine
 10
293483.2245174755
 20
34000.0
 30
350.0
 11
294132.0417126349
 21
34000.0
 31
350.0
  0
LINE
  5
65D
330
17
100
AcDbEntity
  8
LOWER
100
AcDbLine
 10
294132.0417126349
 20
34000.0
 30
350.0
 11
294780.8589077943
 21
34000.0
 31
350.0
  0
LINE
  5
65E
330
17
100
AcDbEntity
  8
LOWER
100
AcDbLine
 10
294780.8589077943
 20
34000.0
 30
350.0
 11
295429.67610295373
 21
34000.0
 31
350.0
  0
LINE
  5
65F
330
17
100
AcDbEntity
  8
LOWER
100
AcDbLine
 10
295429.67610295373
 20
34000.0
 30
350.0
 11
296078.4932981131
 21
34000.0
 31
350.0
  0
LINE
  5
660
330
17
100
AcDbEntity
  8
LOWER
100
AcDbLine
 10
296078.4932981131
 20
34000.0
 30
350.0
 11
296727.3104932725
 21
34000.0
 31
350.0
  0
LINE
  5
661
330
17
100
AcDbEntity
  8
LOWER
100
AcDbLine
 10
296727.3104932725
 20
34000.0
 30
350.0
 11
297376.12768843194
 21
34000.0
 31
350.0
  0
LINE
  5
662
330
17
100
AcDbEntity
  8
LOWER
100
AcDbLine
 10
297376.12768843194
 20
34000.0
 30
350.0
 11
298024.9448835913
 21
34000.0
 31
350.0
  0
LINE
  5
663
330
17
100
AcDbEntity
  8
LOWER
100
AcDbLine
 10
298024.9448835913
 20
34000.0
 30
350.0
 11
298673.76207875076
 21
34000.0
 31
350.0
  0
LWPOLYLINE
  5
664
330
17
100
AcDbEntity
  8
FLOOR
100
AcDbPolyline
 90
4
 70
1
 10
180000.0
 20
0.0
 10
328000.0
 20
0.0
 10
328000.0
 20
160000.0
 10
180000.0
 20
160000.0
  0
POINT
  5
665
330
17
100
AcDbEntity
  8
CVS2_GUIDES
100
AcDbPoint
 10
231196.77378217303
 20
25600.0
 30
470.0
  0
POINT
  5
666
330
17
100
AcDbEntity
  8
CVS2_GUIDES
100
AcDbPoint
 10
238982.58012408586
 20
25600.0
 30
470.0
  0
POINT
  5
667
330
17
100
AcDbEntity
  8
CVS2_GUIDES
100
AcDbPoint
 10
246768.3864659987
 20
25600.0
 30
470.0
  0
POINT
  5
668
330
17
100
AcDbEntity
  8
CVS2_GUIDES
100
AcDbPoint
 10
254554.1928079115
 20
25600.0
 30
470.0
  0
POINT
  5
669
330
17
100
AcDbEntity
  8
CVS2_GUIDES
100
AcDbPoint
 10
262339.99914982426
 20
25600.0
 30
470.0
  0
POINT
  5
66A
330
17
100
AcDbEntity
  8
CVS2_GUIDES
100
AcDbPoint
 10
270774.6226868965
 20
25600.0
 30
470.0
  0
ENDSEC
  0
SECTION
  2
OBJECTS
  0
DICTIONARY
  5
A
330
0
100
AcDbDictionary
281
1
  3
ACAD_COLOR
350
B
  3
ACAD_GROUP
350
C
  3
ACAD_LAYOUT
350
D
  3
ACAD_MATERIAL
350
E
  3
ACAD_MLEADERSTYLE
350
F
  3
ACAD_MLINESTYLE
350
10
  3
ACAD_PLOTSETTINGS
350
11
  3
ACAD_PLOTSTYLENAME
350
12
  3
ACAD_SCALELIST
350
14
  3
ACAD_TABLESTYLE
350
15
  3
ACAD_VISUALSTYLE
350
16
  3
EZDXF_META
350
2D
  0
DICTIONARY
  5
B
330
A
100
AcDbDictionary
281
1
  0
DICTIONARY
  5
C
330
A
100
AcDbDictionary
281
1
  0
DICTIONARY
  5
D
330
A
100
AcDbDictionary
281
1
  3
Model
350
1A
  3
Layout1
350
1E
  0
DICTIONARY
  5
E
330
A
100
AcDbDictionary
281
1
  3
ByBlock
350
1F
  3
ByLayer
350
20
  3
Global
350
21
  0
DICTIONARY
  5
F
330
A
100
AcDbDictionary
281
1
  3
Standard
350
2C
  0
DICTIONARY
  5
10
330
A
100
AcDbDictionary
281
1
  3
Standard
350
22
  0
DICTIONARY
  5
11
330
A
100
AcDbDictionary
281
1
  0
ACDBDICTIONARYWDFLT
  5
12
330
A
100
AcDbDictionary
281
1
  3
Normal
350
13
100
AcDbDictionaryWithDefault
340
13
  0
ACDBPLACEHOLDER
  5
13
330
12
  0
DICTIONARY
  5
14
330
A
100
AcDbDictionary
281
1
  0
DICTIONARY
  5
15
330
A
100
AcDbDictionary
281
1
  0
DICTIONARY
  5
16
330
A
100
AcDbDictionary
281
1
  0
LAYOUT
  5
1A
330
D
100
AcDbPlotSettings
  1

  4
A3
  6

 40
7.5
 41
20.0
 42
7.5
 43
20.0
 44
420.0
 45
297.0
 46
0.0
 47
0.0
 48
0.0
 49
0.0
140
0.0
141
0.0
142
1.0
143
1.0
 70
1024
 72
1
 73
0
 74
5
  7

 75
16
 76
0
 77
2
 78
300
147
1.0
148
0.0
149
0.0
100
AcDbLayout
  1
Model
 70
1
 71
0
 10
0.0
 20
0.0
 11
420.0
 21
297.0
 12
0.0
 22
0.0
 32
0.0
 14
1e+20
 24
1e+20
 34
1e+20
 15
-1e+20
 25
-1e+20
 35
-1e+20
146
0.0
 13
0.0
 23
0.0
 33
0.0
 16
1.0
 26
0.0
 36
0.0
 17
0.0
 27
1.0
 37
0.0
 76
1
330
17
  0
LAYOUT
  5
1E
330
D
100
AcDbPlotSettings
  1

  4
A3
  6

 40
7.5
 41
20.0
 42
7.5
 43
20.0
 44
420.0
 45
297.0
 46
0.0
 47
0.0
 48
0.0
 49
0.0
140
0.0
141
0.0
142
1.0
143
1.0
 70
0
 72
1
 73
0
 74
5
  7

 75
16
 76
0
 77
2
 78
300
147
1.0
148
0.0
149
0.0
100
AcDbLayout
  1
Layout1
 70
1
 71
1
 10
0.0
 20
0.0
 11
420.0
 21
297.0
 12
0.0
 22
0.0
 32
0.0
 14
1e+20
 24
1e+20
 34
1e+20
 15
-1e+20
 25
-1e+20
 35
-1e+20
146
0.0
 13
0.0
 23
0.0
 33
0.0
 16
1.0
 26
0.0
 36
0.0
 17
0.0
 27
1.0
 37
0.0
 76
1
330
1B
  0
MATERIAL
  5
1F
102
{ACAD_REACTORS
330
E
102
}
330
E
100
AcDbMaterial
  1
ByBlock
  2

 70
0
 40
1.0
 71
1
 41
1.0
 91
-1023410177
 42
1.0
 72
1
  3

 73
1
 74
1
 75
1
 44
0.5
 73
0
 45
1.0
 46
1.0
 77
1
  4

 78
1
 79
1
170
1
 48
1.0
171
1
  6

172
1
173
1
174
1
140
1.0
141
1.0
175
1
  7

176
1
177
1
178
1
143
1.0
179
1
  8

270
1
271
1
272
1
145
1.0
146
1.0
273
1
  9

274
1
275
1
276
1
 42
1.0
 72
1
  3

 73
1
 74
1
 75
1
 94
63
  0
MATERIAL
  5
20
102
{ACAD_REACTORS
330
E
102
}
330
E
100
AcDbMaterial
  1
ByLayer
  2

 70
0
 40
1.0
 71
1
 41
1.0
 91
-1023410177
 42
1.0
 72
1
  3

 73
1
 74
1
 75
1
 44
0.5
 73
0
 45
1.0
 46
1.0
 77
1
  4

 78
1
 79
1
170
1
 48
1.0
171
1
  6

172
1
173
1
174
1
140
1.0
141
1.0
175
1
  7

176
1
177
1
178
1
143
1.0
179
1
  8

270
1
271
1
272
1
145
1.0
146
1.0
273
1
  9

274
1
275
1
276
1
 42
1.0
 72
1
  3

 73
1
 74
1
 75
1
 94
63
  0
MATERIAL
  5
21
102
{ACAD_REACTORS
330
E
102
}
330
E
100
AcDbMaterial
  1
Global
  2

 70
0
 40
1.0
 71
1
 41
1.0
 91
-1023410177
 42
1.0
 72
1
  3

 73
1
 74
1
 75
1
 44
0.5
 73
0
 45
1.0
 46
1.0
 77
1
  4

 78
1
 79
1
170
1
 48
1.0
171
1
  6

172
1
173
1
174
1
140
1.0
141
1.0
175
1
  7

176
1
177
1
178
1
143
1.0
179
1
  8

270
1
271
1
272
1
145
1.0
146
1.0
273
1
  9

274
1
275
1
276
1
 42
1.0
 72
1
  3

 73
1
 74
1
 75
1
 94
63
  0
MLINESTYLE
  5
22
102
{ACAD_REACTORS
330
10
102
}
330
10
100
AcDbMlineStyle
  2
Standard
 70
0
  3

 62
256
 51
90.0
 52
90.0
 71
2
 49
0.5
 62
256
  6
BYLAYER
 49
-0.5
 62
256
  6
BYLAYER
  0
MLEADERSTYLE
  5
2C
102
{ACAD_REACTORS
330
F
102
}
330
F
100
AcDbMLeaderStyle
179
2
170
2
171
1
172
0
 90
2
 40
0.0
 41
0.0
173
1
 91
-1056964608
 92
-2
290
1
 42
2.0
291
1
 43
8.0
  3
Standard
 44
4.0
300

342
29
174
1
175
1
176
0
178
1
 93
-1056964608
 45
4.0
292
0
297
0
 46
4.0
 94
-1056964608
 47
1.0
 49
1.0
140
1.0
294
1
141
0.0
177
0
142
1.0
295
0
296
0
143
3.75
271
0
272
9
273
9
  0
DICTIONARY
  5
2D
330
A
100
AcDbDictionary
280
1
281
1
  3
CREATED_BY_EZDXF
350
2E
  3
WRITTEN_BY_EZDXF
350
66D
  0
DICTIONARYVAR
  5
2E
330
2D
100
DictionaryVariables
280
0
  1
1.4.4 @ 2026-10-08T11:12:18.996951+00:00
  0
DICTIONARYVAR
  5
66D
330
2D
100
DictionaryVariables
280
0
  1
1.4.4 @ 2026-10-08T11:12:19.050102+00:00
  0
ENDSEC
  0
EOF
