  0
SECTION
  2
HEADER
  9
$ACADVER
  1
AC1024
  9
$ACADMAINTVER
 70
6
  9
$DWGCODEPAGE
  3
ANSI_1252
  9
$LASTSAVEDBY
  1
ezdxf
  9
$INSBASE
 10
0.0
 20
0.0
 30
0.0
  9
$EXTMIN
 10
1e+20
 20
1e+20
 30
1e+20
  9
$EXTMAX
 10
-1e+20
 20
-1e+20
 30
-1e+20
  9
$LIMMIN
 10
0.0
 20
0.0
  9
$LIMMAX
 10
420.0
 20
297.0
  9
$ORTHOMODE
 70
0
  9
$REGENMODE
 70
1
  9
$FILLMODE
 70
1
  9
$QTEXTMODE
 70
0
  9
$MIRRTEXT
 70
1
  9
$LTSCALE
 40
1.0
  9
$ATTMODE
 70
1
  9
$TEXTSIZE
 40
2.5
  9
$TRACEWID
 40
1.0
  9
$TEXTSTYLE
  7
Standard
  9
$CLAYER
  8
0
  9
$CELTYPE
  6
ByLayer
  9
$CECOLOR
 62
256
  9
$CELTSCALE
 40
1.0
  9
$DISPSILH
 70
0
  9
$DIMSCALE
 40
1.0
  9
$DIMASZ
 40
2.5
  9
$DIMEXO
 40
0.625
  9
$DIMDLI
 40
3.75
  9
$DIMRND
 40
0.0
  9
$DIMDLE
 40
0.0
  9
$DIMEXE
 40
1.25
  9
$DIMTP
 40
0.0
  9
$DIMTM
 40
0.0
  9
$DIMTXT
 40
2.5
  9
$DIMCEN
 40
2.5
  9
$DIMTSZ
 40
0.0
  9
$DIMTOL
 70
0
  9
$DIMLIM
 70
0
  9
$DIMTIH
 70
0
  9
$DIMTOH
 70
0
  9
$DIMSE1
 70
0
  9
$DIMSE2
 70
0
  9
$DIMTAD
 70
1
  9
$DIMZIN
 70
8
  9
$DIMBLK
  1

  9
$DIMASO
 70
1
  9
$DIMSHO
 70
1
  9
$DIMPOST
  1

  9
$DIMAPOST
  1

  9
$DIMALT
 70
0
  9
$DIMALTD
 70
3
  9
$DIMALTF
 40
0.03937007874
  9
$DIMLFAC
 40
1.0
  9
$DIMTOFL
 70
1
  9
$DIMTVP
 40
0.0
  9
$DIMTIX
 70
0
  9
$DIMSOXD
 70
0
  9
$DIMSAH
 70
0
  9
$DIMBLK1
  1

  9
$DIMBLK2
  1

  9
$DIMSTYLE
  2
ISO-25
  9
$DIMCLRD
 70
0
  9
$DIMCLRE
 70
0
  9
$DIMCLRT
 70
0
  9
$DIMTFAC
 40
1.0
  9
$DIMGAP
 40
0.625
  9
$DIMJUST
 70
0
  9
$DIMSD1
 70
0
  9
$DIMSD2
 70
0
  9
$DIMTOLJ
 70
0
  9
$DIMTZIN
 70
8
  9
$DIMALTZ
 70
0
  9
$DIMALTTZ
 70
0
  9
$DIMUPT
 70
0
  9
$DIMDEC
 70
2
  9
$DIMTDEC
 70
2
  9
$DIMALTU
 70
2
  9
$DIMALTTD
 70
3
  9
$DIMTXSTY
  7
Standard
  9
$DIMAUNIT
 70
0
  9
$DIMADEC
 70
0
  9
$DIMALTRND
 40
0.0
  9
$DIMAZIN
 70
0
  9
$DIMDSEP
 70
44
  9
$DIMATFIT
 70
3
  9
$DIMFRAC
 70
0
  9
$DIMLDRBLK
  1

  9
$DIMLUNIT
 70
2
  9
$DIMLWD
 70
-2
  9
$DIMLWE
 70
-2
  9
$DIMTMOVE
 70
0
  9
$DIMFXL
 40
1.0
  9
$DIMFXLON
 70
0
  9
$DIMJOGANG
 40
0.785398163397
  9
$DIMTFILL
 70
0
  9
$DIMTFILLCLR
 70
0
  9
$DIMARCSYM
 70
0
  9
$DIMLTYPE
  6

  9
$DIMLTEX1
  6

  9
$DIMLTEX2
  6

  9
$DIMTXTDIRECTION
 70
0
  9
$LUNITS
 70
2
  9
$LUPREC
 70
4
  9
$SKETCHINC
 40
1.0
  9
$FILLETRAD
 40
10.0
  9
$AUNITS
 70
0
  9
$AUPREC
 70
2
  9
$MENU
  1
.
  9
$ELEVATION
 40
0.0
  9
$PELEVATION
 40
0.0
  9
$THICKNESS
 40
0.0
  9
$LIMCHECK
 70
0
  9
$CHAMFERA
 40
0.0
  9
$CHAMFERB
 40
0.0
  9
$CHAMFERC
 40
0.0
  9
$CHAMFERD
 40
0.0
  9
$SKPOLY
 70
0
  9
$TDCREATE
 40
2461321.4429513887
  9
$TDUCREATE
 40
2458532.153996898
  9
$TDUPDATE
 40
2461321.4429513887
  9
$TDUUPDATE
 40
2458532.1544311
  9
$TDINDWG
 40
0.0
  9
$TDUSRTIMER
 40
0.0
  9
$USRTIMER
 70
1
  9
$ANGBASE
 50
0.0
  9
$ANGDIR
 70
0
  9
$PDMODE
 70
0
  9
$PDSIZE
 40
0.0
  9
$PLINEWID
 40
0.0
  9
$SPLFRAME
 70
0
  9
$SPLINETYPE
 70
6
  9
$SPLINESEGS
 70
8
  9
$HANDSEED
  5
746
  9
$SURFTAB1
 70
6
  9
$SURFTAB2
 70
6
  9
$SURFTYPE
 70
6
  9
$SURFU
 70
6
  9
$SURFV
 70
6
  9
$UCSBASE
  2

  9
$UCSNAME
  2

  9
$UCSORG
 10
0.0
 20
0.0
 30
0.0
  9
$UCSXDIR
 10
1.0
 20
0.0
 30
0.0
  9
$UCSYDIR
 10
0.0
 20
1.0
 30
0.0
  9
$UCSORTHOREF
  2

  9
$UCSORTHOVIEW
 70
0
  9
$UCSORGTOP
 10
0.0
 20
0.0
 30
0.0
  9
$UCSORGBOTTOM
 10
0.0
 20
0.0
 30
0.0
  9
$UCSORGLEFT
 10
0.0
 20
0.0
 30
0.0
  9
$UCSORGRIGHT
 10
0.0
 20
0.0
 30
0.0
  9
$UCSORGFRONT
 10
0.0
 20
0.0
 30
0.0
  9
$UCSORGBACK
 10
0.0
 20
0.0
 30
0.0
  9
$PUCSBASE
  2

  9
$PUCSNAME
  2

  9
$PUCSORG
 10
0.0
 20
0.0
 30
0.0
  9
$PUCSXDIR
 10
1.0
 20
0.0
 30
0.0
  9
$PUCSYDIR
 10
0.0
 20
1.0
 30
0.0
  9
$PUCSORTHOREF
  2

  9
$PUCSORTHOVIEW
 70
0
  9
$PUCSORGTOP
 10
0.0
 20
0.0
 30
0.0
  9
$PUCSORGBOTTOM
 10
0.0
 20
0.0
 30
0.0
  9
$PUCSORGLEFT
 10
0.0
 20
0.0
 30
0.0
  9
$PUCSORGRIGHT
 10
0.0
 20
0.0
 30
0.0
  9
$PUCSORGFRONT
 10
0.0
 20
0.0
 30
0.0
  9
$PUCSORGBACK
 10
0.0
 20
0.0
 30
0.0
  9
$USERI1
 70
0
  9
$USERI2
 70
0
  9
$USERI3
 70
0
  9
$USERI4
 70
0
  9
$USERI5
 70
0
  9
$USERR1
 40
0.0
  9
$USERR2
 40
0.0
  9
$USERR3
 40
0.0
  9
$USERR4
 40
0.0
  9
$USERR5
 40
0.0
  9
$WORLDVIEW
 70
1
  9
$SHADEDGE
 70
3
  9
$SHADEDIF
 70
70
  9
$TILEMODE
 70
1
  9
$MAXACTVP
 70
64
  9
$PINSBASE
 10
0.0
 20
0.0
 30
0.0
  9
$PLIMCHECK
 70
0
  9
$PEXTMIN
 10
1e+20
 20
1e+20
 30
1e+20
  9
$PEXTMAX
 10
-1e+20
 20
-1e+20
 30
-1e+20
  9
$PLIMMIN
 10
0.0
 20
0.0
  9
$PLIMMAX
 10
420.0
 20
297.0
  9
$UNITMODE
 70
0
  9
$VISRETAIN
 70
1
  9
$PLINEGEN
 70
0
  9
$PSLTSCALE
 70
1
  9
$TREEDEPTH
 70
3020
  9
$CMLSTYLE
  2
Standard
  9
$CMLJUST
 70
0
  9
$CMLSCALE
 40
20.0
  9
$PROXYGRAPHICS
 70
1
  9
$MEASUREMENT
 70
1
  9
$CELWEIGHT
370
-1
  9
$ENDCAPS
280
0
  9
$JOINSTYLE
280
0
  9
$LWDISPLAY
290
0
  9
$INSUNITS
 70
4
  9
$HYPERLINKBASE
  1

  9
$STYLESHEET
  1

  9
$XEDIT
290
1
  9
$CEPSNTYPE
380
0
  9
$PSTYLEMODE
290
1
  9
$FINGERPRINTGUID
  2
{1EC6103C-4452-49F9-BD9A-13D88336A527}
  9
$VERSIONGUID
  2
{D8178DF2-F098-4433-8584-D9AA7854DB3E}
  9
$EXTNAMES
290
1
  9
$PSVPSCALE
 40
0.0
  9
$OLESTARTUP
290
0
  9
$SORTENTS
280
127
  9
$INDEXCTL
280
0
  9
$HIDETEXT
280
1
  9
$XCLIPFRAME
280
1
  9
$HALOGAP
280
0
  9
$OBSCOLOR
 70
257
  9
$OBSLTYPE
280
0
  9
$INTERSECTIONDISPLAY
280
0
  9
$INTERSECTIONCOLOR
 70
257
  9
$DIMASSOC
280
2
  9
$PROJECTNAME
  1

  9
$CAMERADISPLAY
290
0
  9
$LENSLENGTH
 40
50.0
  9
$CAMERAHEIGHT
 40
0.0
  9
$STEPSPERSEC
 40
24.0
  9
$STEPSIZE
 40
100.0
  9
$3DDWFPREC
 40
2.0
  9
$PSOLWIDTH
 40
0.005
  9
$PSOLHEIGHT
 40
0.08
  9
$LOFTANG1
 40
1.570796326795
  9
$LOFTANG2
 40
1.570796326795
  9
$LOFTMAG1
 40
0.0
  9
$LOFTMAG2
 40
0.0
  9
$LOFTPARAM
 70
7
  9
$LOFTNORMALS
280
1
  9
$LATITUDE
 40
37.795
  9
$LONGITUDE
 40
-122.394
  9
$NORTHDIRECTION
 40
0.0
  9
$TIMEZONE
 70
-8000
  9
$LIGHTGLYPHDISPLAY
280
1
  9
$TILEMODELIGHTSYNCH
280
1
  9
$CMATERIAL
347
20
  9
$SOLIDHIST
280
0
  9
$SHOWHIST
280
1
  9
$DWFFRAME
280
2
  9
$DGNFRAME
280
2
  9
$REALWORLDSCALE
290
1
  9
$INTERFERECOLOR
 62
256
  9
$CSHADOW
280
0
  9
$SHADOWPLANELOCATION
 40
0.0
  0
ENDSEC
  0
SECTION
  2
CLASSES
  0
CLASS
  1
ACDBDICTIONARYWDFLT
  2
AcDbDictionaryWithDefault
  3
ObjectDBX Classes
 90
0
 91
0
280
0
281
0
  0
CLASS
  1
SUN
  2
AcDbSun
  3
SCENEOE
 90
1153
 91
0
280
0
281
0
  0
CLASS
  1
VISUALSTYLE
  2
AcDbVisualStyle
  3
ObjectDBX Classes
 90
4095
 91
0
280
0
281
0
  0
CLASS
  1
MATERIAL
  2
AcDbMaterial
  3
ObjectDBX Classes
 90
1153
 91
0
280
0
281
0
  0
CLASS
  1
SCALE
  2
AcDbScale
  3
ObjectDBX Classes
 90
1153
 91
0
280
0
281
0
  0
CLASS
  1
TABLESTYLE
  2
AcDbTableStyle
  3
ObjectDBX Classes
 90
4095
 91
0
280
0
281
0
  0
CLASS
  1
MLEADERSTYLE
  2
AcDbMLeaderStyle
  3
ACDB_MLEADERSTYLE_CLASS
 90
4095
 91
0
280
0
281
0
  0
CLASS
  1
DICTIONARYVAR
  2
AcDbDictionaryVar
  3
ObjectDBX Classes
 90
0
 91
0
280
0
281
0
  0
CLASS
  1
CELLSTYLEMAP
  2
AcDbCellStyleMap
  3
ObjectDBX Classes
 90
1152
 91
0
280
0
281
0
  0
CLASS
  1
MENTALRAYRENDERSETTINGS
  2
AcDbMentalRayRenderSettings
  3
SCENEOE
 90
1024
 91
0
280
0
281
0
  0
CLASS
  1
ACDBDETAILVIEWSTYLE
  2
AcDbDetailViewStyle
  3
ObjectDBX Classes
 90
1025
 91
0
280
0
281
0
  0
CLASS
  1
ACDBSECTIONVIEWSTYLE
  2
AcDbSectionViewStyle
  3
ObjectDBX Classes
 90
1025
 91
0
280
0
281
0
  0
CLASS
  1
RASTERVARIABLES
  2
AcDbRasterVariables
  3
ISM
 90
0
 91
0
280
0
281
0
  0
CLASS
  1
ACDBPLACEHOLDER
  2
AcDbPlaceHolder
  3
ObjectDBX Classes
 90
0
 91
0
280
0
281
0
  0
CLASS
  1
LAYOUT
  2
AcDbLayout
  3
ObjectDBX Classes
 90
0
 91
0
280
0
281
0
  0
ENDSEC
  0
SECTION
  2
TABLES
  0
TABLE
  2
VPORT
  5
8
330
0
100
AcDbSymbolTable
 70
1
  0
VPORT
  5
23
330
8
100
AcDbSymbolTableRecord
100
AcDbViewportTableRecord
  2
*Active
 70
0
 10
0.0
 20
0.0
 11
1.0
 21
1.0
 12
0.0
 22
0.0
 13
0.0
 23
0.0
 14
0.5
 24
0.5
 15
0.5
 25
0.5
 16
0.0
 26
0.0
 36
1.0
 17
0.0
 27
0.0
 37
0.0
 40
1000.0
 41
1.34
 42
50.0
 43
0.0
 44
0.0
 50
0.0
 51
0.0
 71
0
 72
1000
 73
1
 74
3
 75
0
 76
0
 77
0
 78
0
281
0
 65
0
146
0.0
  0
ENDTAB
  0
TABLE
  2
LTYPE
  5
2
330
0
100
AcDbSymbolTable
 70
3
  0
LTYPE
  5
24
330
2
100
AcDbSymbolTableRecord
100
AcDbLinetypeTableRecord
  2
ByBlock
 70
0
  3

 72
65
 73
0
 40
0.0
  0
LTYPE
  5
25
330
2
100
AcDbSymbolTableRecord
100
AcDbLinetypeTableRecord
  2
ByLayer
 70
0
  3

 72
65
 73
0
 40
0.0
  0
LTYPE
  5
26
330
2
100
AcDbSymbolTableRecord
100
AcDbLinetypeTableRecord
  2
Continuous
 70
0
  3

 72
65
 73
0
 40
0.0
  0
ENDTAB
  0
TABLE
  2
LAYER
  5
1
330
0
100
AcDbSymbolTable
 70
7
  0
LAYER
  5
27
330
1
100
AcDbSymbolTableRecord
100
AcDbLayerTableRecord
  2
0
 70
0
 62
7
  6
Continuous
370
-3
390
13
347
21
  0
LAYER
  5
28
330
1
100
AcDbSymbolTableRecord
100
AcDbLayerTableRecord
  2
Defpoints
 70
0
 62
7
  6
Continuous
290
0
370
-3
390
13
347
21
  0
LAYER
  5
2F
330
1
100
AcDbSymbolTableRecord
100
AcDbLayerTableRecord
  2
LOWER
 70
0
 62
4
  6
Continuous
370
-3
390
13
347
21
  0
LAYER
  5
30
330
1
100
AcDbSymbolTableRecord
100
AcDbLayerTableRecord
  2
MIDDLE
 70
0
 62
30
  6
Continuous
370
-3
390
13
347
21
  0
LAYER
  5
31
330
1
100
AcDbSymbolTableRecord
100
AcDbLayerTableRecord
  2
UPPER
 70
0
 62
3
  6
Continuous
370
-3
390
13
347
21
  0
LAYER
  5
32
330
1
100
AcDbSymbolTableRecord
100
AcDbLayerTableRecord
  2
FLOOR
 70
0
 62
8
  6
Continuous
370
-3
390
13
347
21
  0
LAYER
  5
33
330
1
100
AcDbSymbolTableRecord
100
AcDbLayerTableRecord
  2
CVS2_GUIDES
 70
0
 62
2
  6
Continuous
370
-3
390
13
347
21
  0
ENDTAB
  0
TABLE
  2
STYLE
  5
5
330
0
100
AcDbSymbolTable
 70
1
  0
STYLE
  5
29
330
5
100
AcDbSymbolTableRecord
100
AcDbTextStyleTableRecord
  2
Standard
 70
0
 40
0.0
 41
1.0
 50
0.0
 71
0
 42
2.5
  3
txt
  4

  0
ENDTAB
  0
TABLE
  2
VIEW
  5
7
330
0
100
AcDbSymbolTable
 70
0
  0
ENDTAB
  0
TABLE
  2
UCS
  5
6
330
0
100
AcDbSymbolTable
 70
0
  0
ENDTAB
  0
TABLE
  2
APPID
  5
3
330
0
100
AcDbSymbolTable
 70
3
  0
APPID
  5
2A
330
3
100
AcDbSymbolTableRecord
100
AcDbRegAppTableRecord
  2
ACAD
 70
0
  0
APPID
  5
743
330
3
100
AcDbSymbolTableRecord
100
AcDbRegAppTableRecord
  2
HATCHBACKGROUNDCOLOR
 70
0
  0
APPID
  5
744
330
3
100
AcDbSymbolTableRecord
100
AcDbRegAppTableRecord
  2
EZDXF
 70
0
  0
ENDTAB
  0
TABLE
  2
DIMSTYLE
  5
4
330
0
100
AcDbSymbolTable
 70
1
100
AcDbDimStyleTable
  0
DIMSTYLE
105
2B
330
4
100
AcDbSymbolTableRecord
100
AcDbDimStyleTableRecord
  2
Standard
 70
0
 40
1.0
 41
2.5
 42
0.625
 43
3.75
 44
1.25
 45
0.0
 46
0.0
 47
0.0
 48
0.0
 49
2.5
140
2.5
141
2.5
142
0.0
143
0.03937007874
144
1.0
145
0.0
146
1.0
147
0.625
148
0.0
 69
0
 70
0
 71
0
 72
0
 73
0
 74
0
 75
0
 76
0
 77
1
 78
8
 79
3
170
0
171
3
172
1
173
0
174
0
175
0
176
0
177
0
178
0
179
2
271
2
272
2
273
2
274
3
275
0
276
0
277
2
278
44
279
0
280
0
281
0
282
0
283
0
284
8
285
0
286
0
288
0
289
3
290
0
371
-2
372
-2
  0
ENDTAB
  0
TABLE
  2
BLOCK_RECORD
  5
9
330
0
100
AcDbSymbolTable
 70
2
  0
BLOCK_RECORD
  5
17
330
9
100
AcDbSymbolTableRecord
100
AcDbBlockTableRecord
  2
*Model_Space
340
1A
 70
0
280
1
281
0
  0
BLOCK_RECORD
  5
1B
330
9
100
AcDbSymbolTableRecord
100
AcDbBlockTableRecord
  2
*Paper_Space
340
1E
 70
0
280
1
281
0
  0
ENDTAB
  0
ENDSEC
  0
SECTION
  2
BLOCKS
  0
BLOCK
  5
18
330
17
100
AcDbEntity
  8
0
100
AcDbBlockBegin
  2
*Model_Space
 70
0
 10
0.0
 20
0.0
 30
0.0
  3
*Model_Space
  1

  0
ENDBLK
  5
19
330
17
100
AcDbEntity
  8
0
100
AcDbBlockEnd
  0
BLOCK
  5
1C
330
1B
100
AcDbEntity
  8
0
100
AcDbBlockBegin
  2
*Paper_Space
 70
0
 10
0.0
 20
0.0
 30
0.0
  3
*Paper_Space
  1

  0
ENDBLK
  5
1D
330
1B
100
AcDbEntity
  8
0
100
AcDbBlockEnd
  0
ENDSEC
  0
SECTION
  2
ENTITIES
  0
LINE
  5
34
330
17
100
AcDbEntity
  8
MIDDLE
100
AcDbLine
 10
485200.00000000006
 20
145000.0
 30
3950.0
 11
485194.53158712306
 21
145921.51411014912
 31
3950.0
  0
LINE
  5
35
330
17
100
AcDbEntity
  8
MIDDLE
100
AcDbLine
 10
485194.53158712306
 20
145921.51411014912
 30
3950.0
 11
485178.1272969745
 21
146842.90981638717
 31
3950.0
  0
LINE
  5
36
330
17
100
AcDbEntity
  8
MIDDLE
100
AcDbLine
 10
485178.1272969745
 20
146842.90981638717
 30
3950.0
 11
485150.7899747465
 21
147764.06874236287
 31
3950.0
  0
LINE
  5
37
330
17
100
AcDbEntity
  8
MIDDLE
100
AcDbLine
 10
485150.7899747465
 20
147764.06874236287
 30
3950.0
 11
485112.52436157566
 21
148684.87256683657
 31
3950.0
  0
LINE
  5
38
330
17
100
AcDbEntity
  8
MIDDLE
100
AcDbLine
 10
485112.52436157566
 20
148684.87256683657
 30
3950.0
 11
485063.33709326776
 21
149605.20305121609
 31
3950.0
  0
LINE
  5
39
330
17
100
AcDbEntity
  8
MIDDLE
100
AcDbLine
 10
485063.33709326776
 20
149605.20305121609
 30
3950.0
 11
485003.2366985133
 21
150524.9420670687
 31
3950.0
  0
LINE
  5
3A
330
17
100
AcDbEntity
  8
MIDDLE
100
AcDbLine
 10
485003.2366985133
 20
150524.9420670687
 30
3950.0
 11
484932.23359659384
 21
151443.97162360125
 31
3950.0
  0
LINE
  5
3B
330
17
100
AcDbEntity
  8
MIDDLE
100
AcDbLine
 10
484932.23359659384
 20
151443.97162360125
 30
3950.0
 11
484850.3400945798
 21
152362.1738951003
 31
3950.0
  0
LINE
  5
3C
330
17
100
AcDbEntity
  8
MIDDLE
100
AcDbLine
 10
484850.3400945798
 20
152362.1738951003
 30
3950.0
 11
484757.57038402115
 21
153279.43124832498
 31
3950.0
  0
LINE
  5
3D
330
17
100
AcDbEntity
  8
MIDDLE
100
AcDbLine
 10
484757.57038402115
 20
153279.43124832498
 30
3950.0
 11
484653.9405371316
 21
154195.6262698434
 31
3950.0
  0
LINE
  5
3E
330
17
100
AcDbEntity
  8
MIDDLE
100
AcDbLine
 10
484653.9405371316
 20
154195.6262698434
 30
3950.0
 11
484539.46850246703
 21
155110.64179330625
 31
3950.0
  0
LINE
  5
3F
330
17
100
AcDbEntity
  8
MIDDLE
100
AcDbLine
 10
484539.46850246703
 20
155110.64179330625
 30
3950.0
 11
484414.17410010035
 21
156024.36092664851
 31
3950.270404990869
  0
LINE
  5
40
330
17
100
AcDbEntity
  8
MIDDLE
100
AcDbLine
 10
484414.17410010035
 20
156024.36092664851
 30
3950.270404990869
 11
484278.07901629346
 21
156936.6670792118
 31
3952.181159368734
  0
LINE
  5
41
330
17
100
AcDbEntity
  8
MIDDLE
100
AcDbLine
 10
484278.07901629346
 20
156936.6670792118
 30
3952.181159368734
 11
484131.20679766824
 21
157847.44398877982
 31
3955.8939795712054
  0
LINE
  5
42
330
17
100
AcDbEntity
  8
MIDDLE
100
AcDbLine
 10
484131.20679766824
 20
157847.44398877982
 30
3955.8939795712054
 11
483973.5828448782
 21
158756.57574851857
 31
3961.3744833501487
  0
LINE
  5
43
330
17
100
AcDbEntity
  8
MIDDLE
100
AcDbLine
 10
483973.5828448782
 20
158756.57574851857
 30
3961.3744833501487
 11
483805.23440578295
 21
159663.9468338139
 31
3968.5882884574266
  0
LINE
  5
44
330
17
100
AcDbEntity
  8
MIDDLE
100
AcDbLine
 10
483805.23440578295
 20
159663.9468338139
 30
3968.5882884574266
 11
483626.19056812674
 21
160569.4421289985
 31
3977.501012644904
  0
LINE
  5
45
330
17
100
AcDbEntity
  8
MIDDLE
100
AcDbLine
 10
483626.19056812674
 20
160569.4421289985
 30
3977.501012644904
 11
483436.48225172487
 21
161472.94695396055
 31
3988.0782736644455
  0
LINE
  5
46
330
17
100
AcDbEntity
  8
MIDDLE
100
AcDbLine
 10
483436.48225172487
 20
161472.94695396055
 30
3988.0782736644455
 11
483236.1422001576
 21
162374.34709062675
 31
4000.2856892679147
  0
LINE
  5
47
330
17
100
AcDbEntity
  8
MIDDLE
100
AcDbLine
 10
483236.1422001576
 20
162374.34709062675
 30
4000.2856892679147
 11
483025.2049719776
 21
163273.52880931125
 31
4014.0888772071753
  0
LINE
  5
48
330
17
100
AcDbEntity
  8
MIDDLE
100
AcDbLine
 10
483025.2049719776
 20
163273.52880931125
 30
4014.0888772071753
 11
482803.7069314299
 21
164170.37889492387
 31
4029.4534552340924
  0
LINE
  5
49
330
17
100
AcDbEntity
  8
MIDDLE
100
AcDbLine
 10
482803.7069314299
 20
164170.37889492387
 30
4029.4534552340924
 11
482571.68623869005
 21
165064.7846730293
 31
4046.3450411005288
  0
LINE
  5
4A
330
17
100
AcDbEntity
  8
MIDDLE
100
AcDbLine
 10
482571.68623869005
 20
165064.7846730293
 30
4046.3450411005288
 11
482329.18283962156
 21
165956.63403575012
 31
4064.7292525583503
  0
LINE
  5
4B
330
17
100
AcDbEntity
  8
MIDDLE
100
AcDbLine
 10
482329.18283962156
 20
165956.63403575012
 30
4064.7292525583503
 11
482076.2384550566
 21
166845.81546750598
 31
4084.5717073594196
  0
LINE
  5
4C
330
17
100
AcDbEntity
  8
MIDDLE
100
AcDbLine
 10
482076.2384550566
 20
166845.81546750598
 30
4084.5717073594196
 11
481812.89656960266
 21
167732.2180705817
 31
4105.838023255602
  0
LINE
  5
4D
330
17
100
AcDbEntity
  8
MIDDLE
100
AcDbLine
 10
481812.89656960266
 20
167732.2180705817
 30
4105.838023255602
 11
481539.2024199789
 21
168615.73159051675
 31
4128.493817998761
  0
LINE
  5
4E
330
17
100
AcDbEntity
  8
MIDDLE
100
AcDbLine
 10
481539.2024199789
 20
168615.73159051675
 30
4128.493817998761
 11
481255.20298288524
 21
169496.246441309
 31
4152.504709340761
  0
LINE
  5
4F
330
17
100
AcDbEntity
  8
MIDDLE
100
AcDbLine
 10
481255.20298288524
 20
169496.246441309
 30
4152.504709340761
 11
480960.94696240843
 21
170373.65373042505
 31
4177.836315033466
  0
LINE
  5
50
330
17
100
AcDbEntity
  8
MIDDLE
100
AcDbLine
 10
480960.94696240843
 20
170373.65373042505
 30
4177.836315033466
 11
480656.4847769679
 21
171247.84528361072
 31
4204.454252828739
  0
LINE
  5
51
330
17
100
AcDbEntity
  8
MIDDLE
100
AcDbLine
 10
480656.4847769679
 20
171247.84528361072
 30
4204.454252828739
 11
480341.8685458064
 21
172118.71366949347
 31
4232.324140478447
  0
LINE
  5
52
330
17
100
AcDbEntity
  8
MIDDLE
100
AcDbLine
 10
480341.8685458064
 20
172118.71366949347
 30
4232.324140478447
 11
480017.15207502845
 21
172986.1522239708
 31
4261.411595734452
  0
LINE
  5
53
330
17
100
AcDbEntity
  8
MIDDLE
100
AcDbLine
 10
480017.15207502845
 20
172986.1522239708
 30
4261.411595734452
 11
479682.3908431916
 21
173850.0550743768
 31
4291.682236348619
  0
LINE
  5
54
330
17
100
AcDbEntity
  8
MIDDLE
100
AcDbLine
 10
479682.3908431916
 20
173850.0550743768
 30
4291.682236348619
 11
479337.6419864541
 21
174710.31716342014
 31
4323.101680072811
  0
LINE
  5
55
330
17
100
AcDbEntity
  8
MIDDLE
100
AcDbLine
 10
479337.6419864541
 20
174710.31716342014
 30
4323.101680072811
 11
478982.96428328386
 21
175566.83427288692
 31
4355.635544658892
  0
LINE
  5
56
330
17
100
AcDbEntity
  8
MIDDLE
100
AcDbLine
 10
478982.96428328386
 20
175566.83427288692
 30
4355.635544658892
 11
478618.41813873313
 21
176419.50304710117
 31
4389.24944785873
  0
LINE
  5
57
330
17
100
AcDbEntity
  8
MIDDLE
100
AcDbLine
 10
478618.41813873313
 20
176419.50304710117
 30
4389.24944785873
 11
478244.0655682833
 21
177268.22101613617
 31
4423.909007424183
  0
LINE
  5
58
330
17
100
AcDbEntity
  8
MIDDLE
100
AcDbLine
 10
478244.0655682833
 20
177268.22101613617
 30
4423.909007424183
 11
477859.97018126526
 21
178112.88661877083
 31
4459.57984110712
  0
LINE
  5
59
330
17
100
AcDbEntity
  8
MIDDLE
100
AcDbLine
 10
477859.97018126526
 20
178112.88661877083
 30
4459.57984110712
 11
477466.19716385973
 21
178953.39922518304
 31
4496.227566659403
  0
LINE
  5
5A
330
17
100
AcDbEntity
  8
MIDDLE
100
AcDbLine
 10
477466.19716385973
 20
178953.39922518304
 30
4496.227566659403
 11
477062.8132616826
 21
179789.6591593751
 31
4533.817801832897
  0
LINE
  5
5B
330
17
100
AcDbEntity
  8
MIDDLE
100
AcDbLine
 10
477062.8132616826
 20
179789.6591593751
 30
4533.817801832897
 11
476649.8867619607
 21
180621.56772132352
 31
4572.316164379466
  0
LINE
  5
5C
330
17
100
AcDbEntity
  8
MIDDLE
100
AcDbLine
 10
476649.8867619607
 20
180621.56772132352
 30
4572.316164379466
 11
476227.4874753042
 21
181449.02720884755
 31
4611.688272050973
  0
LINE
  5
5D
330
17
100
AcDbEntity
  8
MIDDLE
100
AcDbLine
 10
476227.4874753042
 20
181449.02720884755
 30
4611.688272050973
 11
475795.68671707815
 21
182271.9409391903
 31
4651.899742599284
  0
LINE
  5
5E
330
17
100
AcDbEntity
  8
MIDDLE
100
AcDbLine
 10
475795.68671707815
 20
182271.9409391903
 30
4651.899742599284
 11
475354.5572883825
 21
183090.2132703053
 31
4692.916193776261
  0
LINE
  5
5F
330
17
100
AcDbEntity
  8
MIDDLE
100
AcDbLine
 10
475354.5572883825
 20
183090.2132703053
 30
4692.916193776261
 11
474904.17345664377
 21
183903.74962184377
 31
4734.703243333771
  0
LINE
  5
60
330
17
100
AcDbEntity
  8
MIDDLE
100
AcDbLine
 10
474904.17345664377
 20
183903.74962184377
 30
4734.703243333771
 11
474444.6109358246
 21
184712.4564958358
 31
4777.226509023674
  0
LINE
  5
61
330
17
100
AcDbEntity
  8
MIDDLE
100
AcDbLine
 10
474444.6109358246
 20
184712.4564958358
 30
4777.226509023674
 11
473975.9468662576
 21
185516.2414970593
 31
4820.451608597839
  0
LINE
  5
62
330
17
100
AcDbEntity
  8
MIDDLE
100
AcDbLine
 10
473975.9468662576
 20
185516.2414970593
 30
4820.451608597839
 11
473498.2597941092
 21
186315.0133530919
 31
4864.344159808127
  0
LINE
  5
63
330
17
100
AcDbEntity
  8
MIDDLE
100
AcDbLine
 10
473498.2597941092
 20
186315.0133530919
 30
4864.344159808127
 11
473011.6296504797
 21
187108.681934039
 31
4908.869780406403
  0
LINE
  5
64
330
17
100
AcDbEntity
  8
MIDDLE
100
AcDbLine
 10
473011.6296504797
 20
187108.681934039
 30
4908.869780406403
 11
472516.137730145
 21
187897.15827193332
 31
4953.994088144532
  0
LINE
  5
65
330
17
100
AcDbEntity
  8
MIDDLE
100
AcDbLine
 10
472516.137730145
 20
187897.15827193332
 30
4953.994088144532
 11
472011.86666994786
 21
188680.35457979963
 31
4999.682700774375
  0
LINE
  5
66
330
17
100
AcDbEntity
  8
MIDDLE
100
AcDbLine
 10
472011.86666994786
 20
188680.35457979963
 30
4999.682700774375
 11
471498.9004268439
 21
189458.18427037972
 31
5045.9012360478
  0
LINE
  5
67
330
17
100
AcDbEntity
  8
MIDDLE
100
AcDbLine
 10
471498.9004268439
 20
189458.18427037972
 30
5045.9012360478
 11
470977.3242556088
 21
190230.5619745123
 31
5092.615311716669
  0
LINE
  5
68
330
17
100
AcDbEntity
  8
MIDDLE
100
AcDbLine
 10
470977.3242556088
 20
190230.5619745123
 30
5092.615311716669
 11
470447.2246862145
 21
190997.4035591624
 31
5139.790545532848
  0
LINE
  5
69
330
17
100
AcDbEntity
  8
MIDDLE
100
AcDbLine
 10
470447.2246862145
 20
190997.4035591624
 30
5139.790545532848
 11
469908.6895008801
 21
191758.62614509536
 31
5187.392555248198
  0
LINE
  5
6A
330
17
100
AcDbEntity
  8
MIDDLE
100
AcDbLine
 10
469908.6895008801
 20
191758.62614509536
 30
5187.392555248198
 11
469361.8077108039
 21
192514.14812419037
 31
5235.386958614586
  0
LINE
  5
6B
330
17
100
AcDbEntity
  8
MIDDLE
100
AcDbLine
 10
469361.8077108039
 20
192514.14812419037
 30
5235.386958614586
 11
468806.66953258537
 21
193263.8891763885
 31
5283.7393733838735
  0
LINE
  5
6C
330
17
100
AcDbEntity
  8
MIDDLE
100
AcDbLine
 10
468806.66953258537
 20
193263.8891763885
 30
5283.7393733838735
 11
468243.36636434187
 21
194007.77028627106
 31
5332.415417307928
  0
LINE
  5
6D
330
17
100
AcDbEntity
  8
MIDDLE
100
AcDbLine
 10
468243.36636434187
 20
194007.77028627106
 30
5332.415417307928
 11
467671.99076152866
 21
194745.7137592625
 31
5381.380708138612
  0
LINE
  5
6E
330
17
100
AcDbEntity
  8
MIDDLE
100
AcDbLine
 10
467671.99076152866
 20
194745.7137592625
 30
5381.380708138612
 11
467092.63641246903
 21
195477.64323745464
 31
5430.600863627789
  0
LINE
  5
6F
330
17
100
AcDbEntity
  8
MIDDLE
100
AcDbLine
 10
467092.63641246903
 20
195477.64323745464
 30
5430.600863627789
 11
466505.3981136011
 21
196203.4837150469
 31
5480.041501527324
  0
LINE
  5
70
330
17
100
AcDbEntity
  8
MIDDLE
100
AcDbLine
 10
466505.3981136011
 20
196203.4837150469
 30
5480.041501527324
 11
465910.37174445036
 21
196923.1615533983
 31
5529.668239589079
  0
LINE
  5
71
330
17
100
AcDbEntity
  8
MIDDLE
100
AcDbLine
 10
465910.37174445036
 20
196923.1615533983
 30
5529.668239589079
 11
465307.654242333
 21
197636.60449568753
 31
5579.446695564923
  0
LINE
  5
72
330
17
100
AcDbEntity
  8
MIDDLE
100
AcDbLine
 10
465307.654242333
 20
197636.60449568753
 30
5579.446695564923
 11
464697.34357680014
 21
198343.74168117647
 31
5629.342487206715
  0
LINE
  5
73
330
17
100
AcDbEntity
  8
MIDDLE
100
AcDbLine
 10
464697.34357680014
 20
198343.74168117647
 30
5629.342487206715
 11
464079.5387238282
 21
199044.50365907344
 31
5679.321232266322
  0
LINE
  5
74
330
17
100
AcDbEntity
  8
MIDDLE
100
AcDbLine
 10
464079.5387238282
 20
199044.50365907344
 30
5679.321232266322
 11
463454.33963976486
 21
199738.8224019923
 31
5729.348548495606
  0
LINE
  5
75
330
17
100
AcDbEntity
  8
MIDDLE
100
AcDbLine
 10
463454.33963976486
 20
199738.8224019923
 30
5729.348548495606
 11
462821.84723503713
 21
200426.63131900388
 31
5779.390053646435
  0
LINE
  5
76
330
17
100
AcDbEntity
  8
UPPER
100
AcDbLine
 10
462821.84723503713
 20
200426.63131900388
 30
5779.390053646435
 11
462182.1633476304
 21
201107.86526827558
 31
5829.411365470669
  0
LINE
  5
77
330
17
100
AcDbEntity
  8
UPPER
100
AcDbLine
 10
462182.1633476304
 20
201107.86526827558
 30
5829.411365470669
 11
461535.3907163452
 21
201782.46056929659
 31
5879.3781017201745
  0
LINE
  5
78
330
17
100
AcDbEntity
  8
UPPER
100
AcDbLine
 10
461535.3907163452
 20
201782.46056929659
 30
5879.3781017201745
 11
460881.6329538405
 21
202450.35501468412
 31
5929.255880146816
  0
LINE
  5
79
330
17
100
AcDbEntity
  8
UPPER
100
AcDbLine
 10
460881.6329538405
 20
202450.35501468412
 30
5929.255880146816
 11
460220.9945194713
 21
203111.48788156893
 31
5979.010318502454
  0
LINE
  5
7A
330
17
100
AcDbEntity
  8
UPPER
100
AcDbLine
 10
460220.9945194713
 20
203111.48788156893
 30
5979.010318502454
 11
459553.5806919282
 21
203765.79994255575
 31
6028.607034538957
  0
LINE
  5
7B
330
17
100
AcDbEntity
  8
UPPER
100
AcDbLine
 10
459553.5806919282
 20
203765.79994255575
 30
6028.607034538957
 11
458879.49754168803
 21
204413.2334762563
 31
6078.011646008188
  0
LINE
  5
7C
330
17
100
AcDbEntity
  8
UPPER
100
AcDbLine
 10
458879.49754168803
 20
204413.2334762563
 30
6078.011646008188
 11
458198.85190328193
 21
205053.732277392
 31
6127.189770662009
  0
LINE
  5
7D
330
17
100
AcDbEntity
  8
UPPER
100
AcDbLine
 10
458198.85190328193
 20
205053.732277392
 30
6127.189770662009
 11
457511.75134739175
 21
205687.24166646352
 31
6176.107026252287
  0
LINE
  5
7E
330
17
100
AcDbEntity
  8
UPPER
100
AcDbLine
 10
457511.75134739175
 20
205687.24166646352
 30
6176.107026252287
 11
456818.3041527802
 21
206313.70849898475
 31
6224.729030530884
  0
LINE
  5
7F
330
17
100
AcDbEntity
  8
UPPER
100
AcDbLine
 10
456818.3041527802
 20
206313.70849898475
 30
6224.729030530884
 11
456118.61927806516
 21
206933.08117427846
 31
6273.021401249666
  0
LINE
  5
80
330
17
100
AcDbEntity
  8
UPPER
100
AcDbLine
 10
456118.61927806516
 20
206933.08117427846
 30
6273.021401249666
 11
455412.8063333454
 21
207545.30964383195
 31
6320.949756160496
  0
LINE
  5
81
330
17
100
AcDbEntity
  8
UPPER
100
AcDbLine
 10
455412.8063333454
 20
207545.30964383195
 30
6320.949756160496
 11
454700.97555168706
 21
208150.34541920965
 31
6368.479713015238
  0
LINE
  5
82
330
17
100
AcDbEntity
  8
UPPER
100
AcDbLine
 10
454700.97555168706
 20
208150.34541920965
 30
6368.479713015238
 11
453983.2377604779
 21
208748.14157952135
 31
6415.576889565756
  0
LINE
  5
83
330
17
100
AcDbEntity
  8
UPPER
100
AcDbLine
 10
453983.2377604779
 20
208748.14157952135
 30
6415.576889565756
 11
453259.70435265923
 21
209338.65277844382
 31
6462.206903563915
  0
LINE
  5
84
330
17
100
AcDbEntity
  8
UPPER
100
AcDbLine
 10
453259.70435265923
 20
209338.65277844382
 30
6462.206903563915
 11
452530.4872578439
 21
209921.8352507942
 31
6508.3353727615795
  0
LINE
  5
85
330
17
100
AcDbEntity
  8
UPPER
100
AcDbLine
 10
452530.4872578439
 20
209921.8352507942
 30
6508.3353727615795
 11
451795.6989133274
 21
210497.6468186531
 31
6553.927914910611
  0
LINE
  5
86
330
17
100
AcDbEntity
  8
UPPER
100
AcDbLine
 10
451795.6989133274
 20
210497.6468186531
 30
6553.927914910611
 11
451055.45223500277
 21
211066.04689703658
 31
6598.950147762878
  0
LINE
  5
87
330
17
100
AcDbEntity
  8
UPPER
100
AcDbLine
 10
451055.45223500277
 20
211066.04689703658
 30
6598.950147762878
 11
450309.860588186
 21
211626.99649911525
 31
6643.367689070241
  0
LINE
  5
88
330
17
100
AcDbEntity
  8
UPPER
100
AcDbLine
 10
450309.860588186
 20
211626.99649911525
 30
6643.367689070241
 11
449559.0377583628
 21
212180.45824097886
 31
6687.146156584564
  0
LINE
  5
89
330
17
100
AcDbEntity
  8
UPPER
100
AcDbLine
 10
449559.0377583628
 20
212180.45824097886
 30
6687.146156584564
 11
448803.0979218623
 21
212726.39634594624
 31
6730.2511680577145
  0
LINE
  5
8A
330
17
100
AcDbEntity
  8
UPPER
100
AcDbLine
 10
448803.0979218623
 20
212726.39634594624
 30
6730.2511680577145
 11
448042.15561646974
 21
213264.77664841895
 31
6772.648341241553
  0
LINE
  5
8B
330
17
100
AcDbEntity
  8
UPPER
100
AcDbLine
 10
448042.15561646974
 20
213264.77664841895
 30
6772.648341241553
 11
447276.3257119841
 21
213795.56659727774
 31
6814.303293887948
  0
LINE
  5
8C
330
17
100
AcDbEntity
  8
UPPER
100
AcDbLine
 10
447276.3257119841
 20
213795.56659727774
 30
6814.303293887948
 11
446505.7233807309
 21
214318.7352588215
 31
6855.181643748758
  0
LINE
  5
8D
330
17
100
AcDbEntity
  8
UPPER
100
AcDbLine
 10
446505.7233807309
 20
214318.7352588215
 30
6855.181643748758
 11
445730.4640680389
 21
214834.25331924815
 31
6895.249008575851
  0
LINE
  5
8E
330
17
100
AcDbEntity
  8
UPPER
100
AcDbLine
 10
445730.4640680389
 20
214834.25331924815
 30
6895.249008575851
 11
444950.6634626883
 21
215342.0930866767
 31
6934.47100612109
  0
LINE
  5
8F
330
17
100
AcDbEntity
  8
UPPER
100
AcDbLine
 10
444950.6634626883
 20
215342.0930866767
 30
6934.47100612109
 11
444166.4374673398
 21
215842.22849271048
 31
6972.813254136339
  0
LINE
  5
90
330
17
100
AcDbEntity
  8
UPPER
100
AcDbLine
 10
444166.4374673398
 20
215842.22849271048
 30
6972.813254136339
 11
443377.9021689545
 21
216334.63509354152
 31
7010.241370373464
  0
LINE
  5
91
330
17
100
AcDbEntity
  8
UPPER
100
AcDbLine
 10
443377.9021689545
 20
216334.63509354152
 30
7010.241370373464
 11
442585.17380921065
 21
216819.29007059577
 31
7046.720972584327
  0
LINE
  5
92
330
17
100
AcDbEntity
  8
UPPER
100
AcDbLine
 10
442585.17380921065
 20
216819.29007059577
 30
7046.720972584327
 11
441788.3687549286
 21
217296.17223071927
 31
7082.217678520792
  0
LINE
  5
93
330
17
100
AcDbEntity
  8
UPPER
100
AcDbLine
 10
441788.3687549286
 20
217296.17223071927
 30
7082.217678520792
 11
440987.6034685113
 21
217765.26200590606
 31
7116.697105934724
  0
LINE
  5
94
330
17
100
AcDbEntity
  8
UPPER
100
AcDbLine
 10
440987.6034685113
 20
217765.26200590606
 30
7116.697105934724
 11
440182.99447840935
 21
218226.54145256794
 31
7150.124872577989
  0
LINE
  5
95
330
17
100
AcDbEntity
  8
UPPER
100
AcDbLine
 10
440182.99447840935
 20
218226.54145256794
 30
7150.124872577989
 11
439374.658349619
 21
218679.99425034612
 31
7182.466596202447
  0
LINE
  5
96
330
17
100
AcDbEntity
  8
UPPER
100
AcDbLine
 10
439374.658349619
 20
218679.99425034612
 30
7182.466596202447
 11
438562.7116542231
 21
219125.60570046652
 31
7213.687894559966
  0
LINE
  5
97
330
17
100
AcDbEntity
  8
UPPER
100
AcDbLine
 10
438562.7116542231
 20
219125.60570046652
 30
7213.687894559966
 11
437747.2709419816
 21
219563.36272363854
 31
7243.754385402407
  0
LINE
  5
98
330
17
100
AcDbEntity
  8
UPPER
100
AcDbLine
 10
437747.2709419816
 20
219563.36272363854
 30
7243.754385402407
 11
436928.45271098206
 21
219993.25385749916
 31
7272.631686481636
  0
LINE
  5
99
330
17
100
AcDbEntity
  8
UPPER
100
AcDbLine
 10
436928.45271098206
 20
219993.25385749916
 30
7272.631686481636
 11
436106.37337835797
 21
220415.2692536024
 31
7300.285415549517
  0
LINE
  5
9A
330
17
100
AcDbEntity
  8
UPPER
100
AcDbLine
 10
436106.37337835797
 20
220415.2692536024
 30
7300.285415549517
 11
435281.1492510836
 21
220829.40067395658
 31
7326.681190357915
  0
LINE
  5
9B
330
17
100
AcDbEntity
  8
UPPER
100
AcDbLine
 10
435281.1492510836
 20
220829.40067395658
 30
7326.681190357915
 11
434452.89649685426
 21
221235.6414871099
 31
7351.784628658692
  0
LINE
  5
9C
330
17
100
AcDbEntity
  8
UPPER
100
AcDbLine
 10
434452.89649685426
 20
221235.6414871099
 30
7351.784628658692
 11
433621.7311150598
 21
221633.9866637861
 31
7375.561348203712
  0
LINE
  5
9D
330
17
100
AcDbEntity
  8
UPPER
100
AcDbLine
 10
433621.7311150598
 20
221633.9866637861
 30
7375.561348203712
 11
432787.768907861
 21
222024.43277207197
 31
7397.976966744844
  0
LINE
  5
9E
330
17
100
AcDbEntity
  8
UPPER
100
AcDbLine
 10
432787.768907861
 20
222024.43277207197
 30
7397.976966744844
 11
431951.1254513768
 21
222406.9779721583
 31
7418.997102033945
  0
LINE
  5
9F
330
17
100
AcDbEntity
  8
UPPER
100
AcDbLine
 10
431951.1254513768
 20
222406.9779721583
 30
7418.997102033945
 11
431111.9160669895
 21
222781.6220106365
 31
7438.587371822884
  0
LINE
  5
A0
330
17
100
AcDbEntity
  8
UPPER
100
AcDbLine
 10
431111.9160669895
 20
222781.6220106365
 30
7438.587371822884
 11
430270.2557927796
 21
223148.36621435228
 31
7456.713393863524
  0
LINE
  5
A1
330
17
100
AcDbEntity
  8
UPPER
100
AcDbLine
 10
430270.2557927796
 20
223148.36621435228
 30
7456.713393863524
 11
429426.25935509533
 21
223507.21348381968
 31
7473.340785907729
  0
LINE
  5
A2
330
17
100
AcDbEntity
  8
UPPER
100
AcDbLine
 10
429426.25935509533
 20
223507.21348381968
 30
7473.340785907729
 11
428580.041140267
 21
223858.1682861963
 31
7488.435165707363
  0
LINE
  5
A3
330
17
100
AcDbEntity
  8
UPPER
100
AcDbLine
 10
428580.041140267
 20
223858.1682861963
 30
7488.435165707363
 11
427731.715166474
 21
224201.23664782368
 31
7501.96215101429
  0
LINE
  5
A4
330
17
100
AcDbEntity
  8
UPPER
100
AcDbLine
 10
427731.715166474
 20
224201.23664782368
 30
7501.96215101429
 11
426881.3950557727
 21
224536.4261463343
 31
7513.887359580375
  0
LINE
  5
A5
330
17
100
AcDbEntity
  8
UPPER
100
AcDbLine
 10
426881.3950557727
 20
224536.4261463343
 30
7513.887359580375
 11
426029.1940062937
 21
224863.7459023283
 31
7524.176409157481
  0
LINE
  5
A6
330
17
100
AcDbEntity
  8
UPPER
100
AcDbLine
 10
426029.1940062937
 20
224863.7459023283
 30
7524.176409157481
 11
425175.22476461635
 21
225183.20657062312
 31
7532.794917497474
  0
LINE
  5
A7
330
17
100
AcDbEntity
  8
UPPER
100
AcDbLine
 10
425175.22476461635
 20
225183.20657062312
 30
7532.794917497474
 11
424319.59959832806
 21
225494.8203310782
 31
7539.708502352215
  0
LINE
  5
A8
330
17
100
AcDbEntity
  8
UPPER
100
AcDbLine
 10
424319.59959832806
 20
225494.8203310782
 30
7539.708502352215
 11
423462.43026877777
 21
225798.60087899855
 31
7544.882781473571
  0
LINE
  5
A9
330
17
100
AcDbEntity
  8
UPPER
100
AcDbLine
 10
423462.43026877777
 20
225798.60087899855
 30
7544.882781473571
 11
422603.82800403057
 21
226094.56341512015
 31
7548.283372613405
  0
LINE
  5
AA
330
17
100
AcDbEntity
  8
UPPER
100
AcDbLine
 10
422603.82800403057
 20
226094.56341512015
 30
7548.283372613405
 11
421743.903472031
 21
226382.72463518046
 31
7549.875893523582
  0
LINE
  5
AB
330
17
100
AcDbEntity
  8
UPPER
100
AcDbLine
 10
421743.903472031
 20
226382.72463518046
 30
7549.875893523582
 11
420882.7667539842
 21
226663.10271907764
 31
7550.0
  0
LINE
  5
AC
330
17
100
AcDbEntity
  8
UPPER
100
AcDbLine
 10
420882.7667539842
 20
226663.10271907764
 30
7550.0
 11
420020.5273179616
 21
226935.7173196218
 31
7550.0
  0
LINE
  5
AD
330
17
100
AcDbEntity
  8
UPPER
100
AcDbLine
 10
420020.5273179616
 20
226935.7173196218
 30
7550.0
 11
419157.23699976254
 21
227200.40096409371
 31
7550.0
  0
LINE
  5
AE
330
17
100
AcDbEntity
  8
UPPER
100
AcDbLine
 10
419157.23699976254
 20
227200.40096409371
 30
7550.0
 11
418292.2697118637
 21
227454.65249814084
 31
7550.0
  0
LINE
  5
AF
330
17
100
AcDbEntity
  8
UPPER
100
AcDbLine
 10
418292.2697118637
 20
227454.65249814084
 30
7550.0
 11
417424.6771335808
 21
227694.51535567077
 31
7550.0
  0
LINE
  5
B0
330
17
100
AcDbEntity
  8
UPPER
100
AcDbLine
 10
417424.6771335808
 20
227694.51535567077
 30
7550.0
 11
416553.74546952377
 21
227916.3709459754
 31
7550.0
  0
LINE
  5
B1
330
17
100
AcDbEntity
  8
UPPER
100
AcDbLine
 10
416553.74546952377
 20
227916.3709459754
 30
7550.0
 11
415679.0463250977
 21
228117.19819089066
 31
7550.0
  0
LINE
  5
B2
330
17
100
AcDbEntity
  8
UPPER
100
AcDbLine
 10
415679.0463250977
 20
228117.19819089066
 30
7550.0
 11
414800.4589896127
 21
228294.77359586998
 31
7550.0
  0
LINE
  5
B3
330
17
100
AcDbEntity
  8
UPPER
100
AcDbLine
 10
414800.4589896127
 20
228294.77359586998
 30
7550.0
 11
413918.1730500835
 21
228447.8315427948
 31
7550.0
  0
LINE
  5
B4
330
17
100
AcDbEntity
  8
UPPER
100
AcDbLine
 10
413918.1730500835
 20
228447.8315427948
 30
7550.0
 11
413032.6719645609
 21
228576.17620525166
 31
7550.0
  0
LINE
  5
B5
330
17
100
AcDbEntity
  8
UPPER
100
AcDbLine
 10
413032.6719645609
 20
228576.17620525166
 30
7550.0
 11
412144.6992730297
 21
228680.73885738075
 31
7550.0
  0
LINE
  5
B6
330
17
100
AcDbEntity
  8
UPPER
100
AcDbLine
 10
412144.6992730297
 20
228680.73885738075
 30
7550.0
 11
411255.21004711
 21
228763.5770390064
 31
7550.0
  0
LINE
  5
B7
330
17
100
AcDbEntity
  8
UPPER
100
AcDbLine
 10
411255.21004711
 20
228763.5770390064
 30
7550.0
 11
410365.3109295535
 21
228827.8149203825
 31
7550.0
  0
LINE
  5
B8
330
17
100
AcDbEntity
  8
UPPER
100
AcDbLine
 10
410365.3109295535
 20
228827.8149203825
 30
7550.0
 11
409476.1926540683
 21
228877.52713758536
 31
7550.0
  0
LINE
  5
B9
330
17
100
AcDbEntity
  8
UPPER
100
AcDbLine
 10
409476.1926540683
 20
228877.52713758536
 30
7550.0
 11
408589.05924104387
 21
228917.57119968525
 31
7550.0
  0
LINE
  5
BA
330
17
100
AcDbEntity
  8
UPPER
100
AcDbLine
 10
408589.05924104387
 20
228917.57119968525
 30
7550.0
 11
407705.05812454096
 21
228953.37616108885
 31
7550.0
  0
LINE
  5
BB
330
17
100
AcDbEntity
  8
UPPER
100
AcDbLine
 10
407705.05812454096
 20
228953.37616108885
 30
7550.0
 11
406825.2152835331
 21
228990.69747802036
 31
7550.0
  0
LINE
  5
BC
330
17
100
AcDbEntity
  8
UPPER
100
AcDbLine
 10
406825.2152835331
 20
228990.69747802036
 30
7550.0
 11
405950.3790423098
 21
229035.34971592488
 31
7550.0
  0
LINE
  5
BD
330
17
100
AcDbEntity
  8
UPPER
100
AcDbLine
 10
405950.3790423098
 20
229035.34971592488
 30
7550.0
 11
405081.17559981754
 21
229092.92995687667
 31
7550.0
  0
LINE
  5
BE
330
17
100
AcDbEntity
  8
UPPER
100
AcDbLine
 10
405081.17559981754
 20
229092.92995687667
 30
7550.0
 11
404217.9785845102
 21
229168.545312781
 31
7550.0
  0
LINE
  5
BF
330
17
100
AcDbEntity
  8
UPPER
100
AcDbLine
 10
404217.9785845102
 20
229168.545312781
 30
7550.0
 11
403360.894056991
 21
229266.55785188696
 31
7550.0
  0
LINE
  5
C0
330
17
100
AcDbEntity
  8
UPPER
100
AcDbLine
 10
403360.894056991
 20
229266.55785188696
 30
7550.0
 11
402509.7614495109
 21
229390.35949569862
 31
7550.0
  0
LINE
  5
C1
330
17
100
AcDbEntity
  8
UPPER
100
AcDbLine
 10
402509.7614495109
 20
229390.35949569862
 30
7550.0
 11
401664.1699936278
 21
229542.1880756889
 31
7550.0
  0
LINE
  5
C2
330
17
100
AcDbEntity
  8
UPPER
100
AcDbLine
 10
401664.1699936278
 20
229542.1880756889
 30
7550.0
 11
400823.4892985073
 21
229722.99381962023
 31
7550.0
  0
LINE
  5
C3
330
17
100
AcDbEntity
  8
UPPER
100
AcDbLine
 10
400823.4892985073
 20
229722.99381962023
 30
7550.0
 11
399986.91195208655
 21
229932.3631583187
 31
7550.0
  0
LINE
  5
C4
330
17
100
AcDbEntity
  8
UPPER
100
AcDbLine
 10
399986.91195208655
 20
229932.3631583187
 30
7550.0
 11
399153.50536868715
 21
230168.504020707
 31
7550.0
  0
LINE
  5
C5
330
17
100
AcDbEntity
  8
UPPER
100
AcDbLine
 10
399153.50536868715
 20
230168.504020707
 30
7550.0
 11
398322.2696338156
 21
230428.29385009487
 31
7550.0
  0
LINE
  5
C6
330
17
100
AcDbEntity
  8
UPPER
100
AcDbLine
 10
398322.2696338156
 20
230428.29385009487
 30
7550.0
 11
397492.19782336324
 21
230707.38857102743
 31
7550.0
  0
LINE
  5
C7
330
17
100
AcDbEntity
  8
UPPER
100
AcDbLine
 10
397492.19782336324
 20
230707.38857102743
 30
7550.0
 11
396662.3352119367
 21
231000.3878098211
 31
7550.0
  0
LINE
  5
C8
330
17
100
AcDbEntity
  8
UPPER
100
AcDbLine
 10
396662.3352119367
 20
231000.3878098211
 30
7550.0
 11
395831.8339330699
 21
231301.0489660162
 31
7550.0
  0
LINE
  5
C9
330
17
100
AcDbEntity
  8
UPPER
100
AcDbLine
 10
395831.8339330699
 20
231301.0489660162
 30
7550.0
 11
395000.0
 21
231602.54037844384
 31
7550.0
  0
LINE
  5
CA
330
17
100
AcDbEntity
  8
UPPER
100
AcDbLine
 10
395000.0
 20
231602.54037844384
 30
7550.0
 11
394166.33011579886
 21
231897.72194335752
 31
7550.0
  0
LINE
  5
CB
330
17
100
AcDbEntity
  8
UPPER
100
AcDbLine
 10
394166.33011579886
 20
231897.72194335752
 30
7550.0
 11
393330.5363625606
 21
232179.44021524856
 31
7550.0
  0
LINE
  5
CC
330
17
100
AcDbEntity
  8
UPPER
100
AcDbLine
 10
393330.5363625606
 20
232179.44021524856
 30
7550.0
 11
392492.55762009486
 21
232440.82431835769
 31
7550.0
  0
LINE
  5
CD
330
17
100
AcDbEntity
  8
UPPER
100
AcDbLine
 10
392492.55762009486
 20
232440.82431835769
 30
7550.0
 11
391652.5573790291
 21
232675.56895282667
 31
7550.0
  0
LINE
  5
CE
330
17
100
AcDbEntity
  8
UPPER
100
AcDbLine
 10
391652.5573790291
 20
232675.56895282667
 30
7550.0
 11
390810.90843280946
 21
232878.19139606555
 31
7550.0
  0
LINE
  5
CF
330
17
100
AcDbEntity
  8
UPPER
100
AcDbLine
 10
390810.90843280946
 20
232878.19139606555
 30
7550.0
 11
389968.16570958815
 21
233044.25064713892
 31
7550.0
  0
LINE
  5
D0
330
17
100
AcDbEntity
  8
UPPER
100
AcDbLine
 10
389968.16570958815
 20
233044.25064713892
 30
7550.0
 11
389125.0291932957
 21
233170.51867894625
 31
7550.0
  0
LINE
  5
D1
330
17
100
AcDbEntity
  8
UPPER
100
AcDbLine
 10
389125.0291932957
 20
233170.51867894625
 30
7550.0
 11
388282.29944389296
 21
233255.09606107714
 31
7550.0
  0
LINE
  5
D2
330
17
100
AcDbEntity
  8
UPPER
100
AcDbLine
 10
388282.29944389296
 20
233255.09606107714
 30
7550.0
 11
387440.8286283515
 21
233297.46688345596
 31
7550.0
  0
LINE
  5
D3
330
17
100
AcDbEntity
  8
UPPER
100
AcDbLine
 10
387440.8286283515
 20
233297.46688345596
 30
7550.0
 11
386601.47019440297
 21
233298.49081736655
 31
7550.0
  0
LINE
  5
D4
330
17
100
AcDbEntity
  8
UPPER
100
AcDbLine
 10
386601.47019440297
 20
233298.49081736655
 30
7550.0
 11
385765.0303474293
 21
233260.33315476464
 31
7550.0
  0
LINE
  5
D5
330
17
100
AcDbEntity
  8
UPPER
100
AcDbLine
 10
385765.0303474293
 20
233260.33315476464
 30
7550.0
 11
384932.22432728263
 21
233186.33662296837
 31
7550.0
  0
LINE
  5
D6
330
17
100
AcDbEntity
  8
UPPER
100
AcDbLine
 10
384932.22432728263
 20
233186.33662296837
 30
7550.0
 11
384103.6401378419
 21
233080.841536451
 31
7550.0
  0
LINE
  5
D7
330
17
100
AcDbEntity
  8
UPPER
100
AcDbLine
 10
384103.6401378419
 20
233080.841536451
 30
7550.0
 11
383279.7118797494
 21
232948.96328671652
 31
7550.0
  0
LINE
  5
D8
330
17
100
AcDbEntity
  8
UPPER
100
AcDbLine
 10
383279.7118797494
 20
232948.96328671652
 30
7550.0
 11
382460.7042072442
 21
232796.33816737874
 31
7550.0
  0
LINE
  5
D9
330
17
100
AcDbEntity
  8
UPPER
100
AcDbLine
 10
382460.7042072442
 20
232796.33816737874
 30
7550.0
 11
381646.7087118292
 21
232628.849988684
 31
7550.0
  0
LINE
  5
DA
330
17
100
AcDbEntity
  8
UPPER
100
AcDbLine
 10
381646.7087118292
 20
232628.849988684
 30
7550.0
 11
380837.6522722706
 21
232452.3507843873
 31
7550.0
  0
LINE
  5
DB
330
17
100
AcDbEntity
  8
UPPER
100
AcDbLine
 10
380837.6522722706
 20
232452.3507843873
 30
7550.0
 11
380033.3166482168
 21
232272.38911447997
 31
7550.0
  0
LINE
  5
DC
330
17
100
AcDbEntity
  8
UPPER
100
AcDbLine
 10
380033.3166482168
 20
232272.38911447997
 30
7550.0
 11
379233.367879451
 21
232093.95901184677
 31
7550.0
  0
LINE
  5
DD
330
17
100
AcDbEntity
  8
UPPER
100
AcDbLine
 10
379233.367879451
 20
232093.95901184677
 30
7550.0
 11
378437.39342753444
 21
231921.28153354715
 31
7550.0
  0
LINE
  5
DE
330
17
100
AcDbEntity
  8
UPPER
100
AcDbLine
 10
378437.39342753444
 20
231921.28153354715
 30
7550.0
 11
377644.9444990854
 21
231757.62921289538
 31
7550.0
  0
LINE
  5
DF
330
17
100
AcDbEntity
  8
UPPER
100
AcDbLine
 10
377644.9444990854
 20
231757.62921289538
 30
7550.0
 11
376855.5806503815
 21
231605.20154964874
 31
7550.0
  0
LINE
  5
E0
330
17
100
AcDbEntity
  8
UPPER
100
AcDbLine
 10
376855.5806503815
 20
231605.20154964874
 30
7550.0
 11
376068.9136122798
 21
231465.05712910846
 31
7550.0
  0
LINE
  5
E1
330
17
100
AcDbEntity
  8
UPPER
100
AcDbLine
 10
376068.9136122798
 20
231465.05712910846
 30
7550.0
 11
375284.6473030327
 21
231337.10515208638
 31
7550.0
  0
LINE
  5
E2
330
17
100
AcDbEntity
  8
UPPER
100
AcDbLine
 10
375284.6473030327
 20
231337.10515208638
 30
7550.0
 11
374502.6112137039
 21
231220.1562242472
 31
7550.0
  0
LINE
  5
E3
330
17
100
AcDbEntity
  8
UPPER
100
AcDbLine
 10
374502.6112137039
 20
231220.1562242472
 30
7550.0
 11
373722.78474470205
 21
231112.02933873778
 31
7550.0
  0
LINE
  5
E4
330
17
100
AcDbEntity
  8
UPPER
100
AcDbLine
 10
373722.78474470205
 20
231112.02933873778
 30
7550.0
 11
372945.3106201214
 21
231009.70923236196
 31
7550.0
  0
LINE
  5
E5
330
17
100
AcDbEntity
  8
UPPER
100
AcDbLine
 10
372945.3106201214
 20
231009.70923236196
 30
7550.0
 11
372170.4961775422
 21
230909.54583670848
 31
7550.0
  0
LINE
  5
E6
330
17
100
AcDbEntity
  8
UPPER
100
AcDbLine
 10
372170.4961775422
 20
230909.54583670848
 30
7550.0
 11
371398.7978436409
 21
230807.51686765076
 31
7550.0
  0
LINE
  5
E7
330
17
100
AcDbEntity
  8
UPPER
100
AcDbLine
 10
371398.7978436409
 20
230807.51686765076
 30
7550.0
 11
370630.5684822433
 21
230701.0875928358
 31
7550.0
  0
LINE
  5
E8
330
17
100
AcDbEntity
  8
UPPER
100
AcDbLine
 10
370630.5684822433
 20
230701.0875928358
 30
7550.0
 11
369865.8700415273
 21
230590.13759437937
 31
7549.875893523582
  0
LINE
  5
E9
330
17
100
AcDbEntity
  8
UPPER
100
AcDbLine
 10
369865.8700415273
 20
230590.13759437937
 30
7549.875893523582
 11
369104.73778277315
 21
230474.74207933512
 31
7548.283372613405
  0
LINE
  5
EA
330
17
100
AcDbEntity
  8
UPPER
100
AcDbLine
 10
369104.73778277315
 20
230474.74207933512
 30
7548.283372613405
 11
368347.205415575
 21
230354.97645386978
 31
7544.882781473571
  0
LINE
  5
EB
330
17
100
AcDbEntity
  8
UPPER
100
AcDbLine
 10
368347.205415575
 20
230354.97645386978
 30
7544.882781473571
 11
367593.30509684124
 21
230230.91629785037
 31
7539.708502352215
  0
LINE
  5
EC
330
17
100
AcDbEntity
  8
UPPER
100
AcDbLine
 10
367593.30509684124
 20
230230.91629785037
 30
7539.708502352215
 11
366843.0674302876
 21
230102.63733943657
 31
7532.794917497475
  0
LINE
  5
ED
330
17
100
AcDbEntity
  8
UPPER
100
AcDbLine
 10
366843.0674302876
 20
230102.63733943657
 30
7532.794917497475
 11
366096.5214664235
 21
229970.21542968537
 31
7524.176409157481
  0
LINE
  5
EE
330
17
100
AcDbEntity
  8
UPPER
100
AcDbLine
 10
366096.5214664235
 20
229970.21542968537
 30
7524.176409157481
 11
365353.6947030312
 21
229833.7265171762
 31
7513.887359580375
  0
LINE
  5
EF
330
17
100
AcDbEntity
  8
UPPER
100
AcDbLine
 10
365353.6947030312
 20
229833.7265171762
 30
7513.887359580375
 11
364614.6130861367
 21
229693.24662266462
 31
7501.96215101429
  0
LINE
  5
F0
330
17
100
AcDbEntity
  8
UPPER
100
AcDbLine
 10
364614.6130861367
 20
229693.24662266462
 30
7501.96215101429
 11
363879.3010114717
 21
229548.8518137718
 31
7488.435165707363
  0
LINE
  5
F1
330
17
100
AcDbEntity
  8
UPPER
100
AcDbLine
 10
363879.3010114717
 20
229548.8518137718
 30
7488.435165707363
 11
363147.7813264269
 21
229400.61817971824
 31
7473.340785907729
  0
LINE
  5
F2
330
17
100
AcDbEntity
  8
UPPER
100
AcDbLine
 10
363147.7813264269
 20
229400.61817971824
 30
7473.340785907729
 11
362420.07533249306
 21
229248.62180610903
 31
7456.713393863524
  0
LINE
  5
F3
330
17
100
AcDbEntity
  8
UPPER
100
AcDbLine
 10
362420.07533249306
 20
229248.62180610903
 30
7456.713393863524
 11
361696.20278819196
 21
229092.9387497789
 31
7438.587371822886
  0
LINE
  5
F4
330
17
100
AcDbEntity
  8
UPPER
100
AcDbLine
 10
361696.20278819196
 20
229092.9387497789
 30
7438.587371822886
 11
360976.1819124925
 21
228933.6450137043
 31
7418.997102033945
  0
LINE
  5
F5
330
17
100
AcDbEntity
  8
UPPER
100
AcDbLine
 10
360976.1819124925
 20
228933.6450137043
 30
7418.997102033945
 11
360260.02938871336
 21
228770.81652199075
 31
7397.976966744844
  0
LINE
  5
F6
330
17
100
AcDbEntity
  8
UPPER
100
AcDbLine
 10
360260.02938871336
 20
228770.81652199075
 30
7397.976966744844
 11
359547.7603689086
 21
228604.52909494285
 31
7375.561348203714
  0
LINE
  5
F7
330
17
100
AcDbEntity
  8
UPPER
100
AcDbLine
 10
359547.7603689086
 20
228604.52909494285
 30
7375.561348203714
 11
358839.3884787353
 21
228434.8584242248
 31
7351.784628658693
  0
LINE
  5
F8
330
17
100
AcDbEntity
  8
UPPER
100
AcDbLine
 10
358839.3884787353
 20
228434.8584242248
 30
7351.784628658693
 11
358134.9258228009
 21
228261.88004811908
 31
7326.681190357915
  0
LINE
  5
F9
330
17
100
AcDbEntity
  8
UPPER
100
AcDbLine
 10
358134.9258228009
 20
228261.88004811908
 30
7326.681190357915
 11
357434.3829904889
 21
228085.6693268907
 31
7300.285415549517
  0
LINE
  5
FA
330
17
100
AcDbEntity
  8
UPPER
100
AcDbLine
 10
357434.3829904889
 20
228085.6693268907
 30
7300.285415549517
 11
356737.76906225964
 21
227906.3014182648
 31
7272.631686481636
  0
LINE
  5
FB
330
17
100
AcDbEntity
  8
UPPER
100
AcDbLine
 10
356737.76906225964
 20
227906.3014182648
 30
7272.631686481636
 11
356045.0916164244
 21
227723.8512530255
 31
7243.754385402408
  0
LINE
  5
FC
330
17
100
AcDbEntity
  8
UPPER
100
AcDbLine
 10
356045.0916164244
 20
227723.8512530255
 30
7243.754385402408
 11
355356.3567363902
 21
227538.3935107425
 31
7213.687894559966
  0
LINE
  5
FD
330
17
100
AcDbEntity
  8
UPPER
100
AcDbLine
 10
355356.3567363902
 20
227538.3935107425
 30
7213.687894559966
 11
354671.569018373
 21
227350.0025956341
 31
7182.466596202447
  0
LINE
  5
FE
330
17
100
AcDbEntity
  8
UPPER
100
AcDbLine
 10
354671.569018373
 20
227350.0025956341
 30
7182.466596202447
 11
353990.73157957516
 21
227158.75261257327
 31
7150.124872577989
  0
LINE
  5
FF
330
17
100
AcDbEntity
  8
UPPER
100
AcDbLine
 10
353990.73157957516
 20
227158.75261257327
 30
7150.124872577989
 11
353313.84606682643
 21
226964.71734324432
 31
7116.697105934725
  0
LINE
  5
100
330
17
100
AcDbEntity
  8
UPPER
100
AcDbLine
 10
353313.84606682643
 20
226964.71734324432
 30
7116.697105934725
 11
352640.91266568296
 21
226767.97022245772
 31
7082.217678520791
  0
LINE
  5
101
330
17
100
AcDbEntity
  8
UPPER
100
AcDbLine
 10
352640.91266568296
 20
226767.97022245772
 30
7082.217678520791
 11
351971.9301099829
 21
226568.58431463005
 31
7046.720972584327
  0
LINE
  5
102
330
17
100
AcDbEntity
  8
UPPER
100
AcDbLine
 10
351971.9301099829
 20
226568.58431463005
 30
7046.720972584327
 11
351306.8956918543
 21
226366.6322904366
 31
7010.2413703734655
  0
LINE
  5
103
330
17
100
AcDbEntity
  8
UPPER
100
AcDbLine
 10
351306.8956918543
 20
226366.6322904366
 30
7010.2413703734655
 11
350645.80527217215
 21
226162.1864036436
 31
6972.813254136341
  0
LINE
  5
104
330
17
100
AcDbEntity
  8
UPPER
100
AcDbLine
 10
350645.80527217215
 20
226162.1864036436
 30
6972.813254136341
 11
349988.6532914608
 21
225955.31846812702
 31
6934.47100612109
  0
LINE
  5
105
330
17
100
AcDbEntity
  8
UPPER
100
AcDbLine
 10
349988.6532914608
 20
225955.31846812702
 30
6934.47100612109
 11
349335.4327812379
 21
225746.0998350856
 31
6895.249008575851
  0
LINE
  5
106
330
17
100
AcDbEntity
  8
UPPER
100
AcDbLine
 10
349335.4327812379
 20
225746.0998350856
 30
6895.249008575851
 11
348686.13537579606
 21
225534.60137045442
 31
6855.181643748758
  0
LINE
  5
107
330
17
100
AcDbEntity
  8
UPPER
100
AcDbLine
 10
348686.13537579606
 20
225534.60137045442
 30
6855.181643748758
 11
348040.7513244183
 21
225320.89343252618
 31
6814.303293887948
  0
LINE
  5
108
330
17
100
AcDbEntity
  8
UPPER
100
AcDbLine
 10
348040.7513244183
 20
225320.89343252618
 30
6814.303293887948
 11
347399.2695040226
 21
225105.04584978742
 31
6772.648341241553
  0
LINE
  5
109
330
17
100
AcDbEntity
  8
UPPER
100
AcDbLine
 10
347399.2695040226
 20
225105.04584978742
 30
6772.648341241553
 11
346761.67743223195
 21
224887.12789897583
 31
6730.2511680577145
  0
LINE
  5
10A
330
17
100
AcDbEntity
  8
UPPER
100
AcDbLine
 10
346761.67743223195
 20
224887.12789897583
 30
6730.2511680577145
 11
346127.96128086495
 21
224667.2082833657
 31
6687.146156584566
  0
LINE
  5
10B
330
17
100
AcDbEntity
  8
UPPER
100
AcDbLine
 10
346127.96128086495
 20
224667.2082833657
 30
6687.146156584566
 11
345498.10588984226
 21
224445.35511128858
 31
6643.367689070242
  0
LINE
  5
10C
330
17
100
AcDbEntity
  8
UPPER
100
AcDbLine
 10
345498.10588984226
 20
224445.35511128858
 30
6643.367689070242
 11
344872.0947815049
 21
224221.63587489456
 31
6598.950147762878
  0
LINE
  5
10D
330
17
100
AcDbEntity
  8
UPPER
100
AcDbLine
 10
344872.0947815049
 20
224221.63587489456
 30
6598.950147762878
 11
344249.91017533856
 21
223996.11742916214
 31
6553.927914910611
  0
LINE
  5
10E
330
17
100
AcDbEntity
  8
UPPER
100
AcDbLine
 10
344249.91017533856
 20
223996.11742916214
 30
6553.927914910611
 11
343631.5330031005
 21
223768.86597116193
 31
6508.335372761579
  0
LINE
  5
10F
330
17
100
AcDbEntity
  8
UPPER
100
AcDbLine
 10
343631.5330031005
 20
223768.86597116193
 30
6508.335372761579
 11
343016.9429243413
 21
223539.947019581
 31
6462.206903563915
  0
LINE
  5
110
330
17
100
AcDbEntity
  8
UPPER
100
AcDbLine
 10
343016.9429243413
 20
223539.947019581
 30
6462.206903563915
 11
342406.11834232026
 21
223309.42539451428
 31
6415.576889565757
  0
LINE
  5
111
330
17
100
AcDbEntity
  8
UPPER
100
AcDbLine
 10
342406.11834232026
 20
223309.42539451428
 30
6415.576889565757
 11
341799.03642030444
 21
223077.365197529
 31
6368.479713015238
  0
LINE
  5
112
330
17
100
AcDbEntity
  8
UPPER
100
AcDbLine
 10
341799.03642030444
 20
223077.365197529
 30
6368.479713015238
 11
341195.6730982501
 21
222843.82979200786
 31
6320.949756160497
  0
LINE
  5
113
330
17
100
AcDbEntity
  8
UPPER
100
AcDbLine
 10
341195.6730982501
 20
222843.82979200786
 30
6320.949756160497
 11
340596.00310985825
 21
222608.88178377802
 31
6273.021401249668
  0
LINE
  5
114
330
17
100
AcDbEntity
  8
UPPER
100
AcDbLine
 10
340596.00310985825
 20
222608.88178377802
 30
6273.021401249668
 11
340000.0
 21
222372.58300203047
 31
6224.729030530884
  0
LINE
  5
115
330
17
100
AcDbEntity
  8
UPPER
100
AcDbLine
 10
340000.0
 20
222372.58300203047
 30
6224.729030530884
 11
339407.63614250516
 21
222134.9944805367
 31
6176.107026252287
  0
LINE
  5
116
330
17
100
AcDbEntity
  8
UPPER
100
AcDbLine
 10
339407.63614250516
 20
222134.9944805367
 30
6176.107026252287
 11
338818.8827583089
 21
221896.17643916773
 31
6127.189770662009
  0
LINE
  5
117
330
17
100
AcDbEntity
  8
UPPER
100
AcDbLine
 10
338818.8827583089
 20
221896.17643916773
 30
6127.189770662009
 11
338233.7099339501
 21
221656.1882657214
 31
6078.011646008189
  0
LINE
  5
118
330
17
100
AcDbEntity
  8
UPPER
100
AcDbLine
 10
338233.7099339501
 20
221656.1882657214
 30
6078.011646008189
 11
337652.08664041484
 21
221415.08849806336
 31
6028.607034538959
  0
LINE
  5
119
330
17
100
AcDbEntity
  8
UPPER
100
AcDbLine
 10
337652.08664041484
 20
221415.08849806336
 30
6028.607034538959
 11
337073.98075232015
 21
221172.9348065875
 31
5979.010318502454
  0
LINE
  5
11A
330
17
100
AcDbEntity
  8
UPPER
100
AcDbLine
 10
337073.98075232015
 20
221172.9348065875
 30
5979.010318502454
 11
336499.3590674301
 21
220929.7839770005
 31
5929.255880146816
  0
LINE
  5
11B
330
17
100
AcDbEntity
  8
UPPER
100
AcDbLine
 10
336499.3590674301
 20
220929.7839770005
 30
5929.255880146816
 11
335928.18732649874
 21
220685.69189343636
 31
5879.378101720176
  0
LINE
  5
11C
330
17
100
AcDbEntity
  8
UPPER
100
AcDbLine
 10
335928.18732649874
 20
220685.69189343636
 30
5879.378101720176
 11
335360.4302334338
 21
220440.7135219058
 31
5829.411365470669
  0
LINE
  5
11D
330
17
100
AcDbEntity
  8
UPPER
100
AcDbLine
 10
335360.4302334338
 20
220440.7135219058
 30
5829.411365470669
 11
334796.0514757729
 21
220194.9028940854
 31
5779.390053646433
  0
LINE
  5
11E
330
17
100
AcDbEntity
  8
UPPER
100
AcDbLine
 10
334796.0514757729
 20
220194.9028940854
 30
5779.390053646433
 11
334235.01374546776
 21
219948.31309145183
 31
5729.348548495606
  0
LINE
  5
11F
330
17
100
AcDbEntity
  8
MIDDLE
100
AcDbLine
 10
334235.01374546776
 20
219948.31309145183
 30
5729.348548495606
 11
333677.27875996754
 21
219700.99622976533
 31
5679.321232266322
  0
LINE
  5
120
330
17
100
AcDbEntity
  8
MIDDLE
100
AcDbLine
 10
333677.27875996754
 20
219700.99622976533
 30
5679.321232266322
 11
333122.80728359567
 21
219453.00344390792
 31
5629.342487206717
  0
LINE
  5
121
330
17
100
AcDbEntity
  8
MIDDLE
100
AcDbLine
 10
333122.80728359567
 20
219453.00344390792
 30
5629.342487206717
 11
332571.5591492133
 21
219204.38487308007
 31
5579.446695564923
  0
LINE
  5
122
330
17
100
AcDbEntity
  8
MIDDLE
100
AcDbLine
 10
332571.5591492133
 20
219204.38487308007
 30
5579.446695564923
 11
332023.49328016123
 21
218955.18964636134
 31
5529.668239589081
  0
LINE
  5
123
330
17
100
AcDbEntity
  8
MIDDLE
100
AcDbLine
 10
332023.49328016123
 20
218955.18964636134
 30
5529.668239589081
 11
331478.56771247403
 21
218705.465868638
 31
5480.041501527325
  0
LINE
  5
124
330
17
100
AcDbEntity
  8
MIDDLE
100
AcDbLine
 10
331478.56771247403
 20
218705.465868638
 30
5480.041501527325
 11
330936.739617359
 21
218455.2606069035
 31
5430.600863627788
  0
LINE
  5
125
330
17
100
AcDbEntity
  8
MIDDLE
100
AcDbLine
 10
330936.739617359
 20
218455.2606069035
 30
5430.600863627788
 11
330397.9653239327
 21
218204.61987693433
 31
5381.38070813861
  0
LINE
  5
126
330
17
100
AcDbEntity
  8
MIDDLE
100
AcDbLine
 10
330397.9653239327
 20
218204.61987693433
 30
5381.38070813861
 11
329862.2003422068
 21
217953.58863034652
 31
5332.41541730793
  0
LINE
  5
127
330
17
100
AcDbEntity
  8
MIDDLE
100
AcDbLine
 10
329862.2003422068
 20
217953.58863034652
 30
5332.41541730793
 11
329329.3993863176
 21
217702.2107420359
 31
5283.739373383875
  0
LINE
  5
128
330
17
100
AcDbEntity
  8
MIDDLE
100
AcDbLine
 10
329329.3993863176
 20
217702.2107420359
 30
5283.739373383875
 11
328799.5163979894
 21
217450.52899800628
 31
5235.386958614587
  0
LINE
  5
129
330
17
100
AcDbEntity
  8
MIDDLE
100
AcDbLine
 10
328799.5163979894
 20
217450.52899800628
 30
5235.386958614587
 11
328272.5045702265
 21
217198.5850835891
 31
5187.392555248198
  0
LINE
  5
12A
330
17
100
AcDbEntity
  8
MIDDLE
100
AcDbLine
 10
328272.5045702265
 20
217198.5850835891
 30
5187.392555248198
 11
327748.31637122354
 21
216946.4195720581
 31
5139.790545532848
  0
LINE
  5
12B
330
17
100
AcDbEntity
  8
MIDDLE
100
AcDbLine
 10
327748.31637122354
 20
216946.4195720581
 30
5139.790545532848
 11
327226.9035684892
 21
216694.0719136424
 31
5092.615311716669
  0
LINE
  5
12C
330
17
100
AcDbEntity
  8
MIDDLE
100
AcDbLine
 10
327226.9035684892
 20
216694.0719136424
 30
5092.615311716669
 11
326708.217253173
 21
216441.58042494097
 31
5045.901236047801
  0
LINE
  5
12D
330
17
100
AcDbEntity
  8
MIDDLE
100
AcDbLine
 10
326708.217253173
 20
216441.58042494097
 30
5045.901236047801
 11
326192.207864589
 21
216188.98227874262
 31
4999.682700774377
  0
LINE
  5
12E
330
17
100
AcDbEntity
  8
MIDDLE
100
AcDbLine
 10
326192.207864589
 20
216188.98227874262
 30
4999.682700774377
 11
325678.82521492767
 21
215936.31349425318
 31
4953.994088144532
  0
LINE
  5
12F
330
17
100
AcDbEntity
  8
MIDDLE
100
AcDbLine
 10
325678.82521492767
 20
215936.31349425318
 30
4953.994088144532
 11
325168.0185141482
 21
215683.6089277338
 31
4908.869780406403
  0
LINE
  5
130
330
17
100
AcDbEntity
  8
MIDDLE
100
AcDbLine
 10
325168.0185141482
 20
215683.6089277338
 30
4908.869780406403
 11
324659.73639504286
 21
215430.90226355297
 31
4864.344159808127
  0
LINE
  5
131
330
17
100
AcDbEntity
  8
MIDDLE
100
AcDbLine
 10
324659.73639504286
 20
215430.90226355297
 30
4864.344159808127
 11
324153.9269384661
 21
215178.22600565443
 31
4820.451608597839
  0
LINE
  5
132
330
17
100
AcDbEntity
  8
MIDDLE
100
AcDbLine
 10
324153.9269384661
 20
215178.22600565443
 30
4820.451608597839
 11
323650.53769871924
 21
214925.61146944395
 31
4777.226509023675
  0
LINE
  5
133
330
17
100
AcDbEntity
  8
MIDDLE
100
AcDbLine
 10
323650.53769871924
 20
214925.61146944395
 30
4777.226509023675
 11
323149.51572908345
 21
214673.08877409727
 31
4734.70324333377
  0
LINE
  5
134
330
17
100
AcDbEntity
  8
MIDDLE
100
AcDbLine
 10
323149.51572908345
 20
214673.08877409727
 30
4734.70324333377
 11
322650.8076074918
 21
214420.68683529148
 31
4692.916193776263
  0
LINE
  5
135
330
17
100
AcDbEntity
  8
MIDDLE
100
AcDbLine
 10
322650.8076074918
 20
214420.68683529148
 30
4692.916193776263
 11
322154.35946233355
 21
214168.4333583617
 31
4651.899742599285
  0
LINE
  5
136
330
17
100
AcDbEntity
  8
MIDDLE
100
AcDbLine
 10
322154.35946233355
 20
214168.4333583617
 30
4651.899742599285
 11
321660.11699838086
 21
213916.35483188558
 31
4611.688272050973
  0
LINE
  5
137
330
17
100
AcDbEntity
  8
MIDDLE
100
AcDbLine
 10
321660.11699838086
 20
213916.35483188558
 30
4611.688272050973
 11
321168.0255228302
 21
213664.47652169678
 31
4572.3161643794665
  0
LINE
  5
138
330
17
100
AcDbEntity
  8
MIDDLE
100
AcDbLine
 10
321168.0255228302
 20
213664.47652169678
 30
4572.3161643794665
 11
320678.02997145033
 21
213412.82246532987
 31
4533.817801832899
  0
LINE
  5
139
330
17
100
AcDbEntity
  8
MIDDLE
100
AcDbLine
 10
320678.02997145033
 20
213412.82246532987
 30
4533.817801832899
 11
320190.0749348282
 21
213161.41546689777
 31
4496.227566659402
  0
LINE
  5
13A
330
17
100
AcDbEntity
  8
MIDDLE
100
AcDbLine
 10
320190.0749348282
 20
213161.41546689777
 30
4496.227566659402
 11
319704.10468470416
 21
212910.2770924033
 31
4459.57984110712
  0
LINE
  5
13B
330
17
100
AcDbEntity
  8
MIDDLE
100
AcDbLine
 10
319704.10468470416
 20
212910.2770924033
 30
4459.57984110712
 11
319220.06320038787
 21
212659.4276654863
 31
4423.909007424182
  0
LINE
  5
13C
330
17
100
AcDbEntity
  8
MIDDLE
100
AcDbLine
 10
319220.06320038787
 20
212659.4276654863
 30
4423.909007424182
 11
318737.8941952473
 21
212408.88626360724
 31
4389.2494478587305
  0
LINE
  5
13D
330
17
100
AcDbEntity
  8
MIDDLE
100
AcDbLine
 10
318737.8941952473
 20
212408.88626360724
 30
4389.2494478587305
 11
318257.5411432613
 21
212158.67071466884
 31
4355.635544658893
  0
LINE
  5
13E
330
17
100
AcDbEntity
  8
MIDDLE
100
AcDbLine
 10
318257.5411432613
 20
212158.67071466884
 30
4355.635544658893
 11
317778.94730562717
 21
211908.7975940757
 31
4323.101680072811
  0
LINE
  5
13F
330
17
100
AcDbEntity
  8
MIDDLE
100
AcDbLine
 10
317778.94730562717
 20
211908.7975940757
 30
4323.101680072811
 11
317302.055757416
 21
211659.28222223424
 31
4291.682236348619
  0
LINE
  5
140
330
17
100
AcDbEntity
  8
MIDDLE
100
AcDbLine
 10
317302.055757416
 20
211659.28222223424
 30
4291.682236348619
 11
316826.8094142656
 21
211410.1386624916
 31
4261.411595734453
  0
LINE
  5
141
330
17
100
AcDbEntity
  8
MIDDLE
100
AcDbLine
 10
316826.8094142656
 20
211410.1386624916
 30
4261.411595734453
 11
316353.1510591033
 21
211161.37971951623
 31
4232.324140478448
  0
LINE
  5
142
330
17
100
AcDbEntity
  8
MIDDLE
100
AcDbLine
 10
316353.1510591033
 20
211161.37971951623
 30
4232.324140478448
 11
315881.02336888993
 21
210913.01693811818
 31
4204.45425282874
  0
LINE
  5
143
330
17
100
AcDbEntity
  8
MIDDLE
100
AcDbLine
 10
315881.02336888993
 20
210913.01693811818
 30
4204.45425282874
 11
315410.3689413761
 21
210665.0606025117
 31
4177.836315033466
  0
LINE
  5
144
330
17
100
AcDbEntity
  8
MIDDLE
100
AcDbLine
 10
315410.3689413761
 20
210665.0606025117
 30
4177.836315033466
 11
314941.1303218628
 21
210417.51973601806
 31
4152.504709340762
  0
LINE
  5
145
330
17
100
AcDbEntity
  8
MIDDLE
100
AcDbLine
 10
314941.1303218628
 20
210417.51973601806
 30
4152.504709340762
 11
314473.2500299569
 21
210170.4021012104
 31
4128.493817998761
  0
LINE
  5
146
330
17
100
AcDbEntity
  8
MIDDLE
100
AcDbLine
 10
314473.2500299569
 20
210170.4021012104
 30
4128.493817998761
 11
314006.67058631364
 21
209923.71420049903
 31
4105.838023255601
  0
LINE
  5
147
330
17
100
AcDbEntity
  8
MIDDLE
100
AcDbLine
 10
314006.67058631364
 20
209923.71420049903
 30
4105.838023255601
 11
313541.33453935705
 21
209677.4612771575
 31
4084.5717073594196
  0
LINE
  5
148
330
17
100
AcDbEntity
  8
MIDDLE
100
AcDbLine
 10
313541.33453935705
 20
209677.4612771575
 30
4084.5717073594196
 11
313077.1844919701
 21
209431.64731678923
 31
4064.7292525583507
  0
LINE
  5
149
330
17
100
AcDbEntity
  8
MIDDLE
100
AcDbLine
 10
313077.1844919701
 20
209431.64731678923
 30
4064.7292525583507
 11
312614.1631281459
 21
209186.27504923337
 31
4046.3450411005288
  0
LINE
  5
14A
330
17
100
AcDbEntity
  8
MIDDLE
100
AcDbLine
 10
312614.1631281459
 20
209186.27504923337
 30
4046.3450411005288
 11
312152.213239591
 21
208941.34595090995
 31
4029.4534552340924
  0
LINE
  5
14B
330
17
100
AcDbEntity
  8
MIDDLE
100
AcDbLine
 10
312152.213239591
 20
208941.34595090995
 30
4029.4534552340924
 11
311691.2777522728
 21
208696.86024760272
 31
4014.0888772071753
  0
LINE
  5
14C
330
17
100
AcDbEntity
  8
MIDDLE
100
AcDbLine
 10
311691.2777522728
 20
208696.86024760272
 30
4014.0888772071753
 11
311231.2997529024
 21
208452.81691767945
 31
4000.2856892679147
  0
LINE
  5
14D
330
17
100
AcDbEntity
  8
MIDDLE
100
AcDbLine
 10
311231.2997529024
 20
208452.81691767945
 30
4000.2856892679147
 11
310772.2225153441
 21
208209.21369574757
 31
3988.078273664446
  0
LINE
  5
14E
330
17
100
AcDbEntity
  8
MIDDLE
100
AcDbLine
 10
310772.2225153441
 20
208209.21369574757
 30
3988.078273664446
 11
310313.9895269433
 21
207966.0470767452
 31
3977.5010126449038
  0
LINE
  5
14F
330
17
100
AcDbEntity
  8
MIDDLE
100
AcDbLine
 10
310313.9895269433
 20
207966.0470767452
 30
3977.5010126449038
 11
309856.5445147646
 21
207723.31232046464
 31
3968.5882884574266
  0
LINE
  5
150
330
17
100
AcDbEntity
  8
MIDDLE
100
AcDbLine
 10
309856.5445147646
 20
207723.31232046464
 30
3968.5882884574266
 11
309399.8314717308
 21
207481.00345650822
 31
3961.3744833501487
  0
LINE
  5
151
330
17
100
AcDbEntity
  8
MIDDLE
100
AcDbLine
 10
309399.8314717308
 20
207481.00345650822
 30
3961.3744833501487
 11
308943.79468265583
 21
207239.11328967367
 31
3955.8939795712054
  0
LINE
  5
152
330
17
100
AcDbEntity
  8
MIDDLE
100
AcDbLine
 10
308943.79468265583
 20
207239.11328967367
 30
3955.8939795712054
 11
308488.3787501615
 21
206997.63340576793
 31
3952.181159368734
  0
LINE
  5
153
330
17
100
AcDbEntity
  8
MIDDLE
100
AcDbLine
 10
308488.3787501615
 20
206997.63340576793
 30
3952.181159368734
 11
308033.5286204714
 21
206756.55417784725
 31
3950.270404990869
  0
LINE
  5
154
330
17
100
AcDbEntity
  8
MIDDLE
100
AcDbLine
 10
308033.5286204714
 20
206756.55417784725
 30
3950.270404990869
 11
307579.18960907275
 21
206515.8647728813
 31
3950.0
  0
LINE
  5
155
330
17
100
AcDbEntity
  8
MIDDLE
100
AcDbLine
 10
307579.18960907275
 20
206515.8647728813
 30
3950.0
 11
307125.3074262377
 21
206275.55315883935
 31
3950.0
  0
LINE
  5
156
330
17
100
AcDbEntity
  8
MIDDLE
100
AcDbLine
 10
307125.3074262377
 20
206275.55315883935
 30
3950.0
 11
306671.8282023968
 21
206035.60611219626
 31
3950.0
  0
LINE
  5
157
330
17
100
AcDbEntity
  8
MIDDLE
100
AcDbLine
 10
306671.8282023968
 20
206035.60611219626
 30
3950.0
 11
306218.69851335604
 21
205796.00922585517
 31
3950.0
  0
LINE
  5
158
330
17
100
AcDbEntity
  8
MIDDLE
100
AcDbLine
 10
306218.69851335604
 20
205796.00922585517
 30
3950.0
 11
305765.865405349
 21
205556.74691748546
 31
3950.0
  0
LINE
  5
159
330
17
100
AcDbEntity
  8
MIDDLE
100
AcDbLine
 10
305765.865405349
 20
205556.74691748546
 30
3950.0
 11
305313.27641991636
 21
205317.80243827173
 31
3950.0
  0
LINE
  5
15A
330
17
100
AcDbEntity
  8
MIDDLE
100
AcDbLine
 10
305313.27641991636
 20
205317.80243827173
 30
3950.0
 11
304860.8796186053
 21
205079.15788207247
 31
3950.0
  0
LINE
  5
15B
330
17
100
AcDbEntity
  8
MIDDLE
100
AcDbLine
 10
304860.8796186053
 20
205079.15788207247
 30
3950.0
 11
304408.6236074795
 21
204840.79419498434
 31
3950.0
  0
LINE
  5
15C
330
17
100
AcDbEntity
  8
MIDDLE
100
AcDbLine
 10
304408.6236074795
 20
204840.79419498434
 30
3950.0
 11
303956.4575614339
 21
204602.69118530938
 31
3950.0
  0
LINE
  5
15D
330
17
100
AcDbEntity
  8
MIDDLE
100
AcDbLine
 10
303956.4575614339
 20
204602.69118530938
 30
3950.0
 11
303504.3312483036
 21
204364.82753392204
 31
3950.0
  0
LINE
  5
15E
330
17
100
AcDbEntity
  8
MIDDLE
100
AcDbLine
 10
303504.3312483036
 20
204364.82753392204
 30
3950.0
 11
303052.1950527623
 21
204127.18080503232
 31
3950.0
  0
LINE
  5
15F
330
17
100
AcDbEntity
  8
MIDDLE
100
AcDbLine
 10
303052.1950527623
 20
204127.18080503232
 30
3950.0
 11
302600.0
 21
203889.72745734185
 31
3950.0
  0
LINE
  5
160
330
17
100
AcDbEntity
  8
MIDDLE
100
AcDbLine
 10
302600.0
 20
203889.72745734185
 30
3950.0
 11
302147.69777917396
 21
203652.4428555891
 31
3950.0
  0
LINE
  5
161
330
17
100
AcDbEntity
  8
MIDDLE
100
AcDbLine
 10
302147.69777917396
 20
203652.4428555891
 30
3950.0
 11
301695.240766624
 21
203415.30128248013
 31
3950.0
  0
LINE
  5
162
330
17
100
AcDbEntity
  8
MIDDLE
100
AcDbLine
 10
301695.240766624
 20
203415.30128248013
 30
3950.0
 11
301242.58204884664
 21
203178.27595100083
 31
3950.0
  0
LINE
  5
163
330
17
100
AcDbEntity
  8
MIDDLE
100
AcDbLine
 10
301242.58204884664
 20
203178.27595100083
 30
3950.0
 11
300789.6754452181
 21
202941.33901710715
 31
3950.0
  0
LINE
  5
164
330
17
100
AcDbEntity
  8
MIDDLE
100
AcDbLine
 10
300789.6754452181
 20
202941.33901710715
 30
3950.0
 11
300336.4755304614
 21
202704.4615927884
 31
3950.0
  0
LINE
  5
165
330
17
100
AcDbEntity
  8
MIDDLE
100
AcDbLine
 10
300336.4755304614
 20
202704.4615927884
 30
3950.0
 11
299882.9376568481
 21
202467.61375950053
 31
3950.0
  0
LINE
  5
166
330
17
100
AcDbEntity
  8
MIDDLE
100
AcDbLine
 10
299882.9376568481
 20
202467.61375950053
 30
3950.0
 11
299429.0179761293
 21
202230.76458196406
 31
3950.0
  0
LINE
  5
167
330
17
100
AcDbEntity
  8
MIDDLE
100
AcDbLine
 10
299429.0179761293
 20
202230.76458196406
 30
3950.0
 11
298974.67346118786
 21
201993.88212232277
 31
3950.0
  0
LINE
  5
168
330
17
100
AcDbEntity
  8
MIDDLE
100
AcDbLine
 10
298974.67346118786
 20
201993.88212232277
 30
3950.0
 11
298519.86192740465
 21
201756.93345465855
 31
3950.0
  0
LINE
  5
169
330
17
100
AcDbEntity
  8
MIDDLE
100
AcDbLine
 10
298519.86192740465
 20
201756.93345465855
 30
3950.0
 11
298064.5420537326
 21
201519.88467985767
 31
3950.0
  0
LINE
  5
16A
330
17
100
AcDbEntity
  8
MIDDLE
100
AcDbLine
 10
298064.5420537326
 20
201519.88467985767
 30
3950.0
 11
297608.6734034718
 21
201282.70094082382
 31
3950.0
  0
LINE
  5
16B
330
17
100
AcDbEntity
  8
MIDDLE
100
AcDbLine
 10
297608.6734034718
 20
201282.70094082382
 30
3950.0
 11
297152.216444738
 21
201045.34643803266
 31
3949.729595009131
  0
LINE
  5
16C
330
17
100
AcDbEntity
  8
MIDDLE
100
AcDbLine
 10
297152.216444738
 20
201045.34643803266
 30
3949.729595009131
 11
296695.13257061853
 21
200807.78444542372
 31
3947.8188406312665
  0
LINE
  5
16D
330
17
100
AcDbEntity
  8
MIDDLE
100
AcDbLine
 10
296695.13257061853
 20
200807.78444542372
 30
3947.8188406312665
 11
296237.38411900954
 21
200569.9773266236
 31
3944.1060204287946
  0
LINE
  5
16E
330
17
100
AcDbEntity
  8
MIDDLE
100
AcDbLine
 10
296237.38411900954
 20
200569.9773266236
 30
3944.1060204287946
 11
295778.9343921272
 21
200331.8865514961
 31
3938.6255166498518
  0
LINE
  5
16F
330
17
100
AcDbEntity
  8
MIDDLE
100
AcDbLine
 10
295778.9343921272
 20
200331.8865514961
 30
3938.6255166498518
 11
295319.7476756871
 21
200093.47271301344
 31
3931.4117115425734
  0
LINE
  5
170
330
17
100
AcDbEntity
  8
MIDDLE
100
AcDbLine
 10
295319.7476756871
 20
200093.47271301344
 30
3931.4117115425734
 11
294859.7892577453
 21
199854.69554444347
 31
3922.498987355096
  0
LINE
  5
171
330
17
100
AcDbEntity
  8
MIDDLE
100
AcDbLine
 10
294859.7892577453
 20
199854.69554444347
 30
3922.498987355096
 11
294399.0254471956
 21
199615.5139368473
 31
3911.9217263355554
  0
LINE
  5
172
330
17
100
AcDbEntity
  8
MIDDLE
100
AcDbLine
 10
294399.0254471956
 20
199615.5139368473
 30
3911.9217263355554
 11
293937.42359191604
 21
199375.88595688168
 31
3899.7143107320862
  0
LINE
  5
173
330
17
100
AcDbEntity
  8
MIDDLE
100
AcDbLine
 10
293937.42359191604
 20
199375.88595688168
 30
3899.7143107320862
 11
293474.9520965594
 21
199135.76886490092
 31
3885.9111227928247
  0
LINE
  5
174
330
17
100
AcDbEntity
  8
MIDDLE
100
AcDbLine
 10
293474.9520965594
 20
199135.76886490092
 30
3885.9111227928247
 11
293011.58043998154
 21
198895.1191333515
 31
3870.5465447659085
  0
LINE
  5
175
330
17
100
AcDbEntity
  8
MIDDLE
100
AcDbLine
 10
293011.58043998154
 20
198895.1191333515
 30
3870.5465447659085
 11
292547.27919230255
 21
198653.89246545508
 31
3853.654958899472
  0
LINE
  5
176
330
17
100
AcDbEntity
  8
MIDDLE
100
AcDbLine
 10
292547.27919230255
 20
198653.89246545508
 30
3853.654958899472
 11
292082.02003159415
 21
198412.04381417236
 31
3835.27074744165
  0
LINE
  5
177
330
17
100
AcDbEntity
  8
MIDDLE
100
AcDbLine
 10
292082.02003159415
 20
198412.04381417236
 30
3835.27074744165
 11
291615.77576018847
 21
198169.52740144305
 31
3815.42829264058
  0
LINE
  5
178
330
17
100
AcDbEntity
  8
MIDDLE
100
AcDbLine
 10
291615.77576018847
 20
198169.52740144305
 30
3815.42829264058
 11
291148.5203206032
 21
197926.29673769465
 31
3794.161976744398
  0
LINE
  5
179
330
17
100
AcDbEntity
  8
MIDDLE
100
AcDbLine
 10
291148.5203206032
 20
197926.29673769465
 30
3794.161976744398
 11
290680.2288110771
 21
197682.3046416152
 31
3771.5061820012406
  0
LINE
  5
17A
330
17
100
AcDbEntity
  8
MIDDLE
100
AcDbLine
 10
290680.2288110771
 20
197682.3046416152
 30
3771.5061820012406
 11
290210.8775007109
 21
197437.50326018213
 31
3747.49529065924
  0
LINE
  5
17B
330
17
100
AcDbEntity
  8
MIDDLE
100
AcDbLine
 10
290210.8775007109
 20
197437.50326018213
 30
3747.49529065924
 11
289740.4438442102
 21
197191.84408894234
 31
3722.163684966536
  0
LINE
  5
17C
330
17
100
AcDbEntity
  8
MIDDLE
100
AcDbLine
 10
289740.4438442102
 20
197191.84408894234
 30
3722.163684966536
 11
289268.90649622225
 21
196945.27799253594
 31
3695.5457471712607
  0
LINE
  5
17D
330
17
100
AcDbEntity
  8
MIDDLE
100
AcDbLine
 10
289268.90649622225
 20
196945.27799253594
 30
3695.5457471712607
 11
288796.2453252658
 21
196697.75522545783
 31
3667.6758595215547
  0
LINE
  5
17E
330
17
100
AcDbEntity
  8
MIDDLE
100
AcDbLine
 10
288796.2453252658
 20
196697.75522545783
 30
3667.6758595215547
 11
288322.44142724585
 21
196449.2254530498
 31
3638.588404265548
  0
LINE
  5
17F
330
17
100
AcDbEntity
  8
MIDDLE
100
AcDbLine
 10
288322.44142724585
 20
196449.2254530498
 30
3638.588404265548
 11
287847.47713855165
 21
196199.63777271754
 31
3608.3177636513806
  0
LINE
  5
180
330
17
100
AcDbEntity
  8
MIDDLE
100
AcDbLine
 10
287847.47713855165
 20
196199.63777271754
 30
3608.3177636513806
 11
287371.3360487317
 21
195948.9407353647
 31
3576.8983199271906
  0
LINE
  5
181
330
17
100
AcDbEntity
  8
MIDDLE
100
AcDbLine
 10
287371.3360487317
 20
195948.9407353647
 30
3576.8983199271906
 11
286894.00301274244
 21
195697.08236703774
 31
3544.3644553411077
  0
LINE
  5
182
330
17
100
AcDbEntity
  8
MIDDLE
100
AcDbLine
 10
286894.00301274244
 20
195697.08236703774
 30
3544.3644553411077
 11
286415.4641627666
 21
195444.0101907749
 31
3510.750552141274
  0
LINE
  5
183
330
17
100
AcDbEntity
  8
MIDDLE
100
AcDbLine
 10
286415.4641627666
 20
195444.0101907749
 30
3510.750552141274
 11
285935.70691959653
 21
195189.67124865152
 31
3476.090992575816
  0
LINE
  5
184
330
17
100
AcDbEntity
  8
MIDDLE
100
AcDbLine
 10
285935.70691959653
 20
195189.67124865152
 30
3476.090992575816
 11
285454.7200035801
 21
194934.012124016
 31
3440.4201588928813
  0
LINE
  5
185
330
17
100
AcDbEntity
  8
MIDDLE
100
AcDbLine
 10
285454.7200035801
 20
194934.012124016
 30
3440.4201588928813
 11
284972.49344512296
 21
194676.97896390787
 31
3403.772433340597
  0
LINE
  5
186
330
17
100
AcDbEntity
  8
MIDDLE
100
AcDbLine
 10
284972.49344512296
 20
194676.97896390787
 30
3403.772433340597
 11
284489.01859474747
 21
194418.51750165183
 31
3366.182198167106
  0
LINE
  5
187
330
17
100
AcDbEntity
  8
MIDDLE
100
AcDbLine
 10
284489.01859474747
 20
194418.51750165183
 30
3366.182198167106
 11
284004.2881327004
 21
194158.57307962043
 31
3327.683835620533
  0
LINE
  5
188
330
17
100
AcDbEntity
  8
MIDDLE
100
AcDbLine
 10
284004.2881327004
 20
194158.57307962043
 30
3327.683835620533
 11
283518.2960781107
 21
193897.09067215788
 31
3288.311727949028
  0
LINE
  5
189
330
17
100
AcDbEntity
  8
MIDDLE
100
AcDbLine
 10
283518.2960781107
 20
193897.09067215788
 30
3288.311727949028
 11
283031.0377976898
 21
193634.0149086577
 31
3248.1002574007184
  0
LINE
  5
18A
330
17
100
AcDbEntity
  8
MIDDLE
100
AcDbLine
 10
283031.0377976898
 20
193634.0149086577
 30
3248.1002574007184
 11
282542.51001397514
 21
193369.29009678742
 31
3207.0838062237385
  0
LINE
  5
18B
330
17
100
AcDbEntity
  8
MIDDLE
100
AcDbLine
 10
282542.51001397514
 20
193369.29009678742
 30
3207.0838062237385
 11
282052.71081311203
 21
193102.86024585218
 31
3165.2967566662314
  0
LINE
  5
18C
330
17
100
AcDbEntity
  8
MIDDLE
100
AcDbLine
 10
282052.71081311203
 20
193102.86024585218
 30
3165.2967566662314
 11
281561.6396521715
 21
192834.66909029023
 31
3122.773490976324
  0
LINE
  5
18D
330
17
100
AcDbEntity
  8
MIDDLE
100
AcDbLine
 10
281561.6396521715
 20
192834.66909029023
 30
3122.773490976324
 11
281069.2973660023
 21
192564.66011329327
 31
3079.5483914021625
  0
LINE
  5
18E
330
17
100
AcDbEntity
  8
MIDDLE
100
AcDbLine
 10
281069.2973660023
 20
192564.66011329327
 30
3079.5483914021625
 11
280575.6861736132
 21
192292.77657054263
 31
3035.655840191872
  0
LINE
  5
18F
330
17
100
AcDbEntity
  8
MIDDLE
100
AcDbLine
 10
280575.6861736132
 20
192292.77657054263
 30
3035.655840191872
 11
280080.8096840858
 21
192018.96151405614
 31
2991.130219593598
  0
LINE
  5
190
330
17
100
AcDbEntity
  8
MIDDLE
100
AcDbLine
 10
280080.8096840858
 20
192018.96151405614
 30
2991.130219593598
 11
279584.67290201207
 21
191743.15781613547
 31
2946.0059118554695
  0
LINE
  5
191
330
17
100
AcDbEntity
  8
MIDDLE
100
AcDbLine
 10
279584.67290201207
 20
191743.15781613547
 30
2946.0059118554695
 11
279087.28223245905
 21
191465.30819340853
 31
2900.317299225626
  0
LINE
  5
192
330
17
100
AcDbEntity
  8
MIDDLE
100
AcDbLine
 10
279087.28223245905
 20
191465.30819340853
 30
2900.317299225626
 11
278588.64548545476
 21
191185.35523095768
 31
2854.0987639522014
  0
LINE
  5
193
330
17
100
AcDbEntity
  8
MIDDLE
100
AcDbLine
 10
278588.64548545476
 20
191185.35523095768
 30
2854.0987639522014
 11
278088.7718799964
 21
190903.2414065273
 31
2807.3846882833323
  0
LINE
  5
194
330
17
100
AcDbEntity
  8
MIDDLE
100
AcDbLine
 10
278088.7718799964
 20
190903.2414065273
 30
2807.3846882833323
 11
277587.67204757826
 21
190618.90911480208
 31
2760.2094544671536
  0
LINE
  5
195
330
17
100
AcDbEntity
  8
MIDDLE
100
AcDbLine
 10
277587.67204757826
 20
190618.90911480208
 30
2760.2094544671536
 11
277085.3580352383
 21
190332.30069174888
 31
2712.6074447518017
  0
LINE
  5
196
330
17
100
AcDbEntity
  8
MIDDLE
100
AcDbLine
 10
277085.3580352383
 20
190332.30069174888
 30
2712.6074447518017
 11
276581.84330812126
 21
190043.35843901424
 31
2664.6130413854166
  0
LINE
  5
197
330
17
100
AcDbEntity
  8
MIDDLE
100
AcDbLine
 10
276581.84330812126
 20
190043.35843901424
 30
2664.6130413854166
 11
276077.1427515589
 21
189752.02464836964
 31
2616.2606266161274
  0
LINE
  5
198
330
17
100
AcDbEntity
  8
MIDDLE
100
AcDbLine
 10
276077.1427515589
 20
189752.02464836964
 30
2616.2606266161274
 11
275571.2726726649
 21
189458.24162619704
 31
2567.584582692072
  0
LINE
  5
199
330
17
100
AcDbEntity
  8
MIDDLE
100
AcDbLine
 10
275571.2726726649
 20
189458.24162619704
 30
2567.584582692072
 11
275064.2508014444
 21
189161.95171800663
 31
2518.619291861389
  0
LINE
  5
19A
330
17
100
AcDbEntity
  8
MIDDLE
100
AcDbLine
 10
275064.2508014444
 20
189161.95171800663
 30
2518.619291861389
 11
274556.09629141726
 21
188863.09733297917
 31
2469.399136372213
  0
LINE
  5
19B
330
17
100
AcDbEntity
  8
MIDDLE
100
AcDbLine
 10
274556.09629141726
 20
188863.09733297917
 30
2469.399136372213
 11
274046.82971975487
 21
188561.62096852486
 31
2419.9584984726775
  0
LINE
  5
19C
330
17
100
AcDbEntity
  8
MIDDLE
100
AcDbLine
 10
274046.82971975487
 20
188561.62096852486
 30
2419.9584984726775
 11
273536.4730869301
 21
188257.4652348513
 31
2370.3317604109243
  0
LINE
  5
19D
330
17
100
AcDbEntity
  8
MIDDLE
100
AcDbLine
 10
273536.4730869301
 20
188257.4652348513
 30
2370.3317604109243
 11
273025.0498158797
 21
187950.57287953218
 31
2320.5533044350786
  0
LINE
  5
19E
330
17
100
AcDbEntity
  8
MIDDLE
100
AcDbLine
 10
273025.0498158797
 20
187950.57287953218
 30
2320.5533044350786
 11
272512.58475068014
 21
187640.88681206983
 31
2270.657512793287
  0
LINE
  5
19F
330
17
100
AcDbEntity
  8
MIDDLE
100
AcDbLine
 10
272512.58475068014
 20
187640.88681206983
 30
2270.657512793287
 11
271999.1041547357
 21
187328.3501284423
 31
2220.6787677336797
  0
LINE
  5
1A0
330
17
100
AcDbEntity
  8
MIDDLE
100
AcDbLine
 10
271999.1041547357
 20
187328.3501284423
 30
2220.6787677336797
 11
271484.6357084803
 21
187012.90613562867
 31
2170.6514515043923
  0
LINE
  5
1A1
330
17
100
AcDbEntity
  8
MIDDLE
100
AcDbLine
 10
271484.6357084803
 20
187012.90613562867
 30
2170.6514515043923
 11
270969.20850659336
 21
186694.49837610382
 31
2120.609946353566
  0
LINE
  5
1A2
330
17
100
AcDbEntity
  8
LOWER
100
AcDbLine
 10
270969.20850659336
 20
186694.49837610382
 30
2120.609946353566
 11
270452.853054729
 21
186373.07065229525
 31
2070.588634529332
  0
LINE
  5
1A3
330
17
100
AcDbEntity
  8
LOWER
100
AcDbLine
 10
270452.853054729
 20
186373.07065229525
 30
2070.588634529332
 11
269935.60126576095
 21
186048.5670509941
 31
2020.6218982798264
  0
LINE
  5
1A4
330
17
100
AcDbEntity
  8
LOWER
100
AcDbLine
 10
269935.60126576095
 20
186048.5670509941
 30
2020.6218982798264
 11
269417.4864555432
 21
185720.93196771227
 31
1970.7441198531842
  0
LINE
  5
1A5
330
17
100
AcDbEntity
  8
LOWER
100
AcDbLine
 10
269417.4864555432
 20
185720.93196771227
 30
1970.7441198531842
 11
268898.5433381872
 21
185390.1101309783
 31
1920.9896814975482
  0
LINE
  5
1A6
330
17
100
AcDbEntity
  8
LOWER
100
AcDbLine
 10
268898.5433381872
 20
185390.1101309783
 30
1920.9896814975482
 11
268378.80802085774
 21
185056.04662656406
 31
1871.3929654610438
  0
LINE
  5
1A7
330
17
100
AcDbEntity
  8
LOWER
100
AcDbLine
 10
268378.80802085774
 20
185056.04662656406
 30
1871.3929654610438
 11
267858.31799808796
 21
184718.68692163465
 31
1821.9883539918164
  0
LINE
  5
1A8
330
17
100
AcDbEntity
  8
LOWER
100
AcDbLine
 10
267858.31799808796
 20
184718.68692163465
 30
1821.9883539918164
 11
267337.11214561487
 21
184377.97688881322
 31
1772.8102293379893
  0
LINE
  5
1A9
330
17
100
AcDbEntity
  8
LOWER
100
AcDbLine
 10
267337.11214561487
 20
184377.97688881322
 30
1772.8102293379893
 11
266815.2307137384
 21
184033.86283015407
 31
1723.8929737477124
  0
LINE
  5
1AA
330
17
100
AcDbEntity
  8
LOWER
100
AcDbLine
 10
266815.2307137384
 20
184033.86283015407
 30
1723.8929737477124
 11
266292.7153202037
 21
183686.29150101522
 31
1675.2709694691155
  0
LINE
  5
1AB
330
17
100
AcDbEntity
  8
LOWER
100
AcDbLine
 10
266292.7153202037
 20
183686.29150101522
 30
1675.2709694691155
 11
265769.60894261027
 21
183335.21013382374
 31
1626.9785987503335
  0
LINE
  5
1AC
330
17
100
AcDbEntity
  8
LOWER
100
AcDbLine
 10
265769.60894261027
 20
183335.21013382374
 30
1626.9785987503335
 11
265245.95591034915
 21
182980.56646172554
 31
1579.050243839507
  0
LINE
  5
1AD
330
17
100
AcDbEntity
  8
LOWER
100
AcDbLine
 10
265245.95591034915
 20
182980.56646172554
 30
1579.050243839507
 11
264721.8018960712
 21
182622.30874211257
 31
1531.5202869847622
  0
LINE
  5
1AE
330
17
100
AcDbEntity
  8
LOWER
100
AcDbLine
 10
264721.8018960712
 20
182622.30874211257
 30
1531.5202869847622
 11
264197.19390668714
 21
182260.38578001983
 31
1484.4231104342457
  0
LINE
  5
1AF
330
17
100
AcDbEntity
  8
LOWER
100
AcDbLine
 10
264197.19390668714
 20
182260.38578001983
 30
1484.4231104342457
 11
263672.1802739041
 21
181894.74695138383
 31
1437.7930964360846
  0
LINE
  5
1B0
330
17
100
AcDbEntity
  8
LOWER
100
AcDbLine
 10
263672.1802739041
 20
181894.74695138383
 30
1437.7930964360846
 11
263146.8106443002
 21
181525.34222615682
 31
1391.6646272384244
  0
LINE
  5
1B1
330
17
100
AcDbEntity
  8
LOWER
100
AcDbLine
 10
263146.8106443002
 20
181525.34222615682
 30
1391.6646272384244
 11
262621.13596893835
 21
181152.12219126726
 31
1346.0720850893897
  0
LINE
  5
1B2
330
17
100
AcDbEntity
  8
LOWER
100
AcDbLine
 10
262621.13596893835
 20
181152.12219126726
 30
1346.0720850893897
 11
262095.20849252635
 21
180775.0380734211
 31
1301.049852237127
  0
LINE
  5
1B3
330
17
100
AcDbEntity
  8
LOWER
100
AcDbLine
 10
262095.20849252635
 20
180775.0380734211
 30
1301.049852237127
 11
261569.0817421219
 21
180394.041761735
 31
1256.632310929763
  0
LINE
  5
1B4
330
17
100
AcDbEntity
  8
LOWER
100
AcDbLine
 10
261569.0817421219
 20
180394.041761735
 30
1256.632310929763
 11
261042.81051538867
 21
180009.08583019514
 31
1212.8538434154343
  0
LINE
  5
1B5
330
17
100
AcDbEntity
  8
LOWER
100
AcDbLine
 10
261042.81051538867
 20
180009.08583019514
 30
1212.8538434154343
 11
260516.45086840546
 21
179620.1235599345
 31
1169.7488319422869
  0
LINE
  5
1B6
330
17
100
AcDbEntity
  8
LOWER
100
AcDbLine
 10
260516.45086840546
 20
179620.1235599345
 30
1169.7488319422869
 11
259990.0601030323
 21
179227.10896132002
 31
1127.3516587584456
  0
LINE
  5
1B7
330
17
100
AcDbEntity
  8
LOWER
100
AcDbLine
 10
259990.0601030323
 20
179227.10896132002
 30
1127.3516587584456
 11
259463.6967538375
 21
178829.99679584528
 31
1085.6967061120563
  0
LINE
  5
1B8
330
17
100
AcDbEntity
  8
LOWER
100
AcDbLine
 10
259463.6967538375
 20
178829.99679584528
 30
1085.6967061120563
 11
258937.4205745887
 21
178428.74259781803
 31
1044.8183562512413
  0
LINE
  5
1B9
330
17
100
AcDbEntity
  8
LOWER
100
AcDbLine
 10
258937.4205745887
 20
178428.74259781803
 30
1044.8183562512413
 11
258411.29252431262
 21
178023.30269583917
 31
1004.7509914241499
  0
LINE
  5
1BA
330
17
100
AcDbEntity
  8
LOWER
100
AcDbLine
 10
258411.29252431262
 20
178023.30269583917
 30
1004.7509914241499
 11
257885.37475292635
 21
177613.6342340634
 31
965.5289938789102
  0
LINE
  5
1BB
330
17
100
AcDbEntity
  8
LOWER
100
AcDbLine
 10
257885.37475292635
 20
177613.6342340634
 30
965.5289938789102
 11
257359.7305864463
 21
177199.6951932369
 31
927.1867458636623
  0
LINE
  5
1BC
330
17
100
AcDbEntity
  8
LOWER
100
AcDbLine
 10
257359.7305864463
 20
177199.6951932369
 30
927.1867458636623
 11
256834.424511777
 21
176781.4444115032
 31
889.7586296265381
  0
LINE
  5
1BD
330
17
100
AcDbEntity
  8
LOWER
100
AcDbLine
 10
256834.424511777
 20
176781.4444115032
 30
889.7586296265381
 11
256309.5221610858
 21
176358.8416049723
 31
853.2790274156742
  0
LINE
  5
1BE
330
17
100
AcDbEntity
  8
LOWER
100
AcDbLine
 10
256309.5221610858
 20
176358.8416049723
 30
853.2790274156742
 11
255785.09029576683
 21
175931.84738804534
 31
817.7823214792079
  0
LINE
  5
1BF
330
17
100
AcDbEntity
  8
LOWER
100
AcDbLine
 10
255785.09029576683
 20
175931.84738804534
 30
817.7823214792079
 11
255261.19679000016
 21
175500.42329348833
 31
783.3028940652738
  0
LINE
  5
1C0
330
17
100
AcDbEntity
  8
LOWER
100
AcDbLine
 10
255261.19679000016
 20
175500.42329348833
 30
783.3028940652738
 11
254737.9106139099
 21
175064.53179224915
 31
749.8751274220132
  0
LINE
  5
1C1
330
17
100
AcDbEntity
  8
LOWER
100
AcDbLine
 10
254737.9106139099
 20
175064.53179224915
 30
749.8751274220132
 11
254215.30181632657
 21
174624.13631301004
 31
717.5334037975528
  0
LINE
  5
1C2
330
17
100
AcDbEntity
  8
LOWER
100
AcDbLine
 10
254215.30181632657
 20
174624.13631301004
 30
717.5334037975528
 11
253693.4415071593
 21
174179.20126147105
 31
686.3121054400376
  0
LINE
  5
1C3
330
17
100
AcDbEntity
  8
LOWER
100
AcDbLine
 10
253693.4415071593
 20
174179.20126147105
 30
686.3121054400376
 11
253172.40183938207
 21
173729.69203935616
 31
656.2456145975948
  0
LINE
  5
1C4
330
17
100
AcDbEntity
  8
LOWER
100
AcDbLine
 10
253172.40183938207
 20
173729.69203935616
 30
656.2456145975948
 11
252652.25599064032
 21
173275.57506313777
 31
627.3683135183638
  0
LINE
  5
1C5
330
17
100
AcDbEntity
  8
LOWER
100
AcDbLine
 10
252652.25599064032
 20
173275.57506313777
 30
627.3683135183638
 11
252133.07814448263
 21
172816.81778247198
 31
599.7145844504828
  0
LINE
  5
1C6
330
17
100
AcDbEntity
  8
LOWER
100
AcDbLine
 10
252133.07814448263
 20
172816.81778247198
 30
599.7145844504828
 11
251614.94347122335
 21
172353.38869833958
 31
573.318809642085
  0
LINE
  5
1C7
330
17
100
AcDbEntity
  8
LOWER
100
AcDbLine
 10
251614.94347122335
 20
172353.38869833958
 30
573.318809642085
 11
251097.92810844193
 21
171885.2573808864
 31
548.2153713413096
  0
LINE
  5
1C8
330
17
100
AcDbEntity
  8
LOWER
100
AcDbLine
 10
251097.92810844193
 20
171885.2573808864
 30
548.2153713413096
 11
250582.1091411244
 21
171412.39448695735
 31
524.4386517962894
  0
LINE
  5
1C9
330
17
100
AcDbEntity
  8
LOWER
100
AcDbLine
 10
250582.1091411244
 20
171412.39448695735
 30
524.4386517962894
 11
250067.56458145325
 21
170934.77177731803
 31
502.0230332551572
  0
LINE
  5
1CA
330
17
100
AcDbEntity
  8
LOWER
100
AcDbLine
 10
250067.56458145325
 20
170934.77177731803
 30
502.0230332551572
 11
249554.37334825148
 21
170452.3621335593
 31
481.0028979660563
  0
LINE
  5
1CB
330
17
100
AcDbEntity
  8
LOWER
100
AcDbLine
 10
249554.37334825148
 20
170452.3621335593
 30
481.0028979660563
 11
249042.61524608693
 21
169965.13957467765
 31
461.4126281771167
  0
LINE
  5
1CC
330
17
100
AcDbEntity
  8
LOWER
100
AcDbLine
 10
249042.61524608693
 20
169965.13957467765
 30
461.4126281771167
 11
248532.3709440436
 21
169473.0792733274
 31
443.28660613647577
  0
LINE
  5
1CD
330
17
100
AcDbEntity
  8
LOWER
100
AcDbLine
 10
248532.3709440436
 20
169473.0792733274
 30
443.28660613647577
 11
248023.72195416514
 21
168976.15757173844
 31
426.6592140922705
  0
LINE
  5
1CE
330
17
100
AcDbEntity
  8
LOWER
100
AcDbLine
 10
248023.72195416514
 20
168976.15757173844
 30
426.6592140922705
 11
247516.75060957848
 21
168474.35199729502
 31
411.56483429263614
  0
LINE
  5
1CF
330
17
100
AcDbEntity
  8
LOWER
100
AcDbLine
 10
247516.75060957848
 20
168474.35199729502
 30
411.56483429263614
 11
247011.5400423027
 21
167967.64127776938
 31
398.0378489857101
  0
LINE
  5
1D0
330
17
100
AcDbEntity
  8
LOWER
100
AcDbLine
 10
247011.5400423027
 20
167967.64127776938
 30
398.0378489857101
 11
246508.17416075064
 21
167456.0053562063
 31
386.1126404196251
  0
LINE
  5
1D1
330
17
100
AcDbEntity
  8
LOWER
100
AcDbLine
 10
246508.17416075064
 20
167456.0053562063
 30
386.1126404196251
 11
246006.73762692985
 21
166939.42540545302
 31
375.8235908425189
  0
LINE
  5
1D2
330
17
100
AcDbEntity
  8
LOWER
100
AcDbLine
 10
246006.73762692985
 20
166939.42540545302
 30
375.8235908425189
 11
245507.3158333494
 21
166417.8838423295
 31
367.20508250252726
  0
LINE
  5
1D3
330
17
100
AcDbEntity
  8
LOWER
100
AcDbLine
 10
245507.3158333494
 20
166417.8838423295
 30
367.20508250252726
 11
245009.99487963947
 21
165891.36434143505
 31
360.2914976477853
  0
LINE
  5
1D4
330
17
100
AcDbEntity
  8
LOWER
100
AcDbLine
 10
245009.99487963947
 20
165891.36434143505
 30
360.2914976477853
 11
244514.8615488913
 21
165359.851848586
 31
355.11721852642887
  0
LINE
  5
1D5
330
17
100
AcDbEntity
  8
LOWER
100
AcDbLine
 10
244514.8615488913
 20
165359.851848586
 30
355.11721852642887
 11
244022.00328372378
 21
164823.33259387998
 31
351.71662738659523
  0
LINE
  5
1D6
330
17
100
AcDbEntity
  8
LOWER
100
AcDbLine
 10
244022.00328372378
 20
164823.33259387998
 30
351.71662738659523
 11
243531.50816208444
 21
164281.79410438307
 31
350.12410647641843
  0
LINE
  5
1D7
330
17
100
AcDbEntity
  8
LOWER
100
AcDbLine
 10
243531.50816208444
 20
164281.79410438307
 30
350.12410647641843
 11
243043.46487279207
 21
163735.22521643457
 31
350.0000000000005
  0
LINE
  5
1D8
330
17
100
AcDbEntity
  8
LOWER
100
AcDbLine
 10
243043.46487279207
 20
163735.22521643457
 30
350.0000000000005
 11
242557.96269082758
 21
163183.61608756622
 31
350.0000000000005
  0
LINE
  5
1D9
330
17
100
AcDbEntity
  8
LOWER
100
AcDbLine
 10
242557.96269082758
 20
163183.61608756622
 30
350.0000000000005
 11
242075.09145238163
 21
162626.9582080307
 31
350.0000000000005
  0
LINE
  5
1DA
330
17
100
AcDbEntity
  8
LOWER
100
AcDbLine
 10
242075.09145238163
 20
162626.9582080307
 30
350.0000000000005
 11
241594.94152966613
 21
162065.2444119371
 31
350.0000000000005
  0
LINE
  5
1DB
330
17
100
AcDbEntity
  8
LOWER
100
AcDbLine
 10
241594.94152966613
 20
162065.2444119371
 30
350.0000000000005
 11
241117.60380549624
 21
161498.46888798714
 31
350.0000000000005
  0
LINE
  5
1DC
330
17
100
AcDbEntity
  8
LOWER
100
AcDbLine
 10
241117.60380549624
 20
161498.46888798714
 30
350.0000000000005
 11
240643.16964765222
 21
160926.62718981155
 31
350.0000000000005
  0
LINE
  5
1DD
330
17
100
AcDbEntity
  8
LOWER
100
AcDbLine
 10
240643.16964765222
 20
160926.62718981155
 30
350.0000000000005
 11
240171.73088302728
 21
160349.71624589976
 31
350.0000000000005
  0
LINE
  5
1DE
330
17
100
AcDbEntity
  8
LOWER
100
AcDbLine
 10
240171.73088302728
 20
160349.71624589976
 30
350.0000000000005
 11
239703.37977157044
 21
159767.73436912257
 31
350.0000000000005
  0
LINE
  5
1DF
330
17
100
AcDbEntity
  8
LOWER
100
AcDbLine
 10
239703.37977157044
 20
159767.73436912257
 30
350.0000000000005
 11
239238.20898003122
 21
159180.6812658417
 31
350.0000000000005
  0
LINE
  5
1E0
330
17
100
AcDbEntity
  8
LOWER
100
AcDbLine
 10
239238.20898003122
 20
159180.6812658417
 30
350.0000000000005
 11
238776.3115555149
 21
158588.55804460504
 31
350.0000000000005
  0
LINE
  5
1E1
330
17
100
AcDbEntity
  8
LOWER
100
AcDbLine
 10
238776.3115555149
 20
158588.55804460504
 30
350.0000000000005
 11
238317.78089885562
 21
157991.3672244239
 31
350.0000000000005
  0
LINE
  5
1E2
330
17
100
AcDbEntity
  8
LOWER
100
AcDbLine
 10
238317.78089885562
 20
157991.3672244239
 30
350.0000000000005
 11
237862.71073781638
 21
157389.1127426285
 31
350.0000000000005
  0
LINE
  5
1E3
330
17
100
AcDbEntity
  8
LOWER
100
AcDbLine
 10
237862.71073781638
 20
157389.1127426285
 30
350.0000000000005
 11
237411.19510012248
 21
156781.79996230057
 31
350.0000000000005
  0
LINE
  5
1E4
330
17
100
AcDbEntity
  8
LOWER
100
AcDbLine
 10
237411.19510012248
 20
156781.79996230057
 30
350.0000000000005
 11
236963.32828633802
 21
156169.4356792784
 31
350.0000000000005
  0
LINE
  5
1E5
330
17
100
AcDbEntity
  8
LOWER
100
AcDbLine
 10
236963.32828633802
 20
156169.4356792784
 30
350.0000000000005
 11
236519.20484259326
 21
155552.02812873397
 31
350.0000000000005
  0
LINE
  5
1E6
330
17
100
AcDbEntity
  8
LOWER
100
AcDbLine
 10
236519.20484259326
 20
155552.02812873397
 30
350.0000000000005
 11
236078.91953317012
 21
154929.58699131728
 31
350.0000000000005
  0
LINE
  5
1E7
330
17
100
AcDbEntity
  8
LOWER
100
AcDbLine
 10
236078.91953317012
 20
154929.58699131728
 30
350.0000000000005
 11
235642.5673129555
 21
154302.12339886796
 31
350.0000000000005
  0
LINE
  5
1E8
330
17
100
AcDbEntity
  8
LOWER
100
AcDbLine
 10
235642.5673129555
 20
154302.12339886796
 30
350.0000000000005
 11
235210.2432997702
 21
153669.64993969037
 31
350.0000000000005
  0
LINE
  5
1E9
330
17
100
AcDbEntity
  8
LOWER
100
AcDbLine
 10
235210.2432997702
 20
153669.64993969037
 30
350.0000000000005
 11
234782.04274658096
 21
153032.18066339067
 31
350.0000000000005
  0
LINE
  5
1EA
330
17
100
AcDbEntity
  8
LOWER
100
AcDbLine
 10
234782.04274658096
 20
153032.18066339067
 30
350.0000000000005
 11
234358.06101360632
 21
152389.73108527457
 31
350.0000000000005
  0
LINE
  5
1EB
330
17
100
AcDbEntity
  8
LOWER
100
AcDbLine
 10
234358.06101360632
 20
152389.73108527457
 30
350.0000000000005
 11
233938.3935403213
 21
151742.31819030232
 31
350.0000000000005
  0
LINE
  5
1EC
330
17
100
AcDbEntity
  8
LOWER
100
AcDbLine
 10
233938.3935403213
 20
151742.31819030232
 30
350.0000000000005
 11
233523.13581737326
 21
151089.96043660183
 31
350.0000000000005
  0
LINE
  5
1ED
330
17
100
AcDbEntity
  8
LOWER
100
AcDbLine
 10
233523.13581737326
 20
151089.96043660183
 30
350.0000000000005
 11
233112.38335841402
 21
150432.67775853584
 31
350.0000000000005
  0
LINE
  5
1EE
330
17
100
AcDbEntity
  8
LOWER
100
AcDbLine
 10
233112.38335841402
 20
150432.67775853584
 30
350.0000000000005
 11
232706.23167185954
 21
149770.49156932355
 31
350.0000000000005
  0
LINE
  5
1EF
330
17
100
AcDbEntity
  8
LOWER
100
AcDbLine
 10
232706.23167185954
 20
149770.49156932355
 30
350.0000000000005
 11
232304.77623258336
 21
149103.42476321483
 31
350.0000000000005
  0
LINE
  5
1F0
330
17
100
AcDbEntity
  8
LOWER
100
AcDbLine
 10
232304.77623258336
 20
149103.42476321483
 30
350.0000000000005
 11
231908.11245355447
 21
148431.50171721578
 31
350.0000000000005
  0
LINE
  5
1F1
330
17
100
AcDbEntity
  8
LOWER
100
AcDbLine
 10
231908.11245355447
 20
148431.50171721578
 30
350.0000000000005
 11
231516.33565742656
 21
147754.74829236523
 31
350.0000000000005
  0
LINE
  5
1F2
330
17
100
AcDbEntity
  8
LOWER
100
AcDbLine
 10
231516.33565742656
 20
147754.74829236523
 30
350.0000000000005
 11
231129.54104808872
 21
147073.1918345607
 31
350.0000000000005
  0
LINE
  5
1F3
330
17
100
AcDbEntity
  8
LOWER
100
AcDbLine
 10
231129.54104808872
 20
147073.1918345607
 30
350.0000000000005
 11
230747.82368218468
 21
146386.86117493376
 31
350.0000000000005
  0
LINE
  5
1F4
330
17
100
AcDbEntity
  8
LOWER
100
AcDbLine
 10
230747.82368218468
 20
146386.86117493376
 30
350.0000000000005
 11
230371.27844061068
 21
145695.78662977376
 31
350.0000000000005
  0
LINE
  5
1F5
330
17
100
AcDbEntity
  8
LOWER
100
AcDbLine
 10
230371.27844061068
 20
145695.78662977376
 30
350.0000000000005
 11
230000.0
 21
145000.0
 31
350.0000000000005
  0
LINE
  5
1F6
330
17
100
AcDbEntity
  8
LOWER
100
AcDbLine
 10
230000.0
 20
145000.0
 30
350.0000000000005
 11
229634.08280420242
 21
144299.53457018145
 31
350.0000000000005
  0
LINE
  5
1F7
330
17
100
AcDbEntity
  8
LOWER
100
AcDbLine
 10
229634.08280420242
 20
144299.53457018145
 30
350.0000000000005
 11
229273.62103576836
 21
143594.4251071047
 31
350.0000000000005
  0
LINE
  5
1F8
330
17
100
AcDbEntity
  8
LOWER
100
AcDbLine
 10
229273.62103576836
 20
143594.4251071047
 30
350.0000000000005
 11
228918.70858744526
 21
142884.7078578893
 31
350.0000000000005
  0
LINE
  5
1F9
330
17
100
AcDbEntity
  8
LOWER
100
AcDbLine
 10
228918.70858744526
 20
142884.7078578893
 30
350.0000000000005
 11
228569.43903369547
 21
142170.42054765145
 31
350.0000000000005
  0
LINE
  5
1FA
330
17
100
AcDbEntity
  8
LOWER
100
AcDbLine
 10
228569.43903369547
 20
142170.42054765145
 30
350.0000000000005
 11
228225.9056022445
 21
141451.60237671557
 31
350.0000000000005
  0
LINE
  5
1FB
330
17
100
AcDbEntity
  8
LOWER
100
AcDbLine
 10
228225.9056022445
 20
141451.60237671557
 30
350.0000000000005
 11
227888.20114566782
 21
140728.29401737492
 31
350.0000000000005
  0
LINE
  5
1FC
330
17
100
AcDbEntity
  8
LOWER
100
AcDbLine
 10
227888.20114566782
 20
140728.29401737492
 30
350.0000000000005
 11
227556.41811302496
 21
140000.5376102009
 31
350.0000000000005
  0
LINE
  5
1FD
330
17
100
AcDbEntity
  8
LOWER
100
AcDbLine
 10
227556.41811302496
 20
140000.5376102009
 30
350.0000000000005
 11
227230.64852155017
 21
139268.37675990313
 31
350.0000000000005
  0
LINE
  5
1FE
330
17
100
AcDbEntity
  8
LOWER
100
AcDbLine
 10
227230.64852155017
 20
139268.37675990313
 30
350.0000000000005
 11
226910.98392840702
 21
138531.85653073917
 31
350.0000000000005
  0
LINE
  5
1FF
330
17
100
AcDbEntity
  8
LOWER
100
AcDbLine
 10
226910.98392840702
 20
138531.85653073917
 30
350.0000000000005
 11
226597.51540251734
 21
137791.02344147727
 31
350.0000000000005
  0
LINE
  5
200
330
17
100
AcDbEntity
  8
LOWER
100
AcDbLine
 10
226597.51540251734
 20
137791.02344147727
 30
350.0000000000005
 11
226290.33349647126
 21
137045.92545991082
 31
350.0000000000005
  0
LINE
  5
201
330
17
100
AcDbEntity
  8
LOWER
100
AcDbLine
 10
226290.33349647126
 20
137045.92545991082
 30
350.0000000000005
 11
225989.52821852802
 21
136296.6119969276
 31
350.0000000000005
  0
LINE
  5
202
330
17
100
AcDbEntity
  8
LOWER
100
AcDbLine
 10
225989.52821852802
 20
136296.6119969276
 30
350.0000000000005
 11
225695.18900471638
 21
135543.13390013436
 31
350.0000000000005
  0
LINE
  5
203
330
17
100
AcDbEntity
  8
LOWER
100
AcDbLine
 10
225695.18900471638
 20
135543.13390013436
 30
350.0000000000005
 11
225407.40469104162
 21
134785.54344703807
 31
350.0000000000005
  0
LINE
  5
204
330
17
100
AcDbEntity
  8
LOWER
100
AcDbLine
 10
225407.40469104162
 20
134785.54344703807
 30
350.0000000000005
 11
225126.26348580976
 21
134023.8943377866
 31
350.0000000000005
  0
LINE
  5
205
330
17
100
AcDbEntity
  8
LOWER
100
AcDbLine
 10
225126.26348580976
 20
134023.8943377866
 30
350.0000000000005
 11
224851.85294207552
 21
133258.24168746886
 31
350.0000000000005
  0
LINE
  5
206
330
17
100
AcDbEntity
  8
LOWER
100
AcDbLine
 10
224851.85294207552
 20
133258.24168746886
 30
350.0000000000005
 11
224584.2599302238
 21
132488.64201797827
 31
350.0000000000005
  0
LINE
  5
207
330
17
100
AcDbEntity
  8
LOWER
100
AcDbLine
 10
224584.2599302238
 20
132488.64201797827
 30
350.0000000000005
 11
224323.5706106924
 21
131715.15324943967
 31
350.0000000000005
  0
LINE
  5
208
330
17
100
AcDbEntity
  8
LOWER
100
AcDbLine
 10
224323.5706106924
 20
131715.15324943967
 30
350.0000000000005
 11
224069.87040684442
 21
130937.83469120407
 31
350.0000000000005
  0
LINE
  5
209
330
17
100
AcDbEntity
  8
LOWER
100
AcDbLine
 10
224069.87040684442
 20
130937.83469120407
 30
350.0000000000005
 11
223823.24397799888
 21
130156.7470324108
 31
350.0000000000005
  0
LINE
  5
20A
330
17
100
AcDbEntity
  8
LOWER
100
AcDbLine
 10
223823.24397799888
 20
130156.7470324108
 30
350.0000000000005
 11
223583.77519262768
 21
129371.95233212273
 31
350.0000000000005
  0
LINE
  5
20B
330
17
100
AcDbEntity
  8
LOWER
100
AcDbLine
 10
223583.77519262768
 20
129371.95233212273
 30
350.0000000000005
 11
223351.54710172713
 21
128583.5140090341
 31
350.0000000000005
  0
LINE
  5
20C
330
17
100
AcDbEntity
  8
LOWER
100
AcDbLine
 10
223351.54710172713
 20
128583.5140090341
 30
350.0000000000005
 11
223126.64191237217
 21
127791.4968307556
 31
350.0000000000005
  0
LINE
  5
20D
330
17
100
AcDbEntity
  8
LOWER
100
AcDbLine
 10
223126.64191237217
 20
127791.4968307556
 30
350.0000000000005
 11
222909.1409614616
 21
126995.96690267936
 31
350.0000000000005
  0
LINE
  5
20E
330
17
100
AcDbEntity
  8
LOWER
100
AcDbLine
 10
222909.1409614616
 20
126995.96690267936
 30
350.0000000000005
 11
222699.124689662
 21
126196.99165642542
 31
350.0000000000005
  0
LINE
  5
20F
330
17
100
AcDbEntity
  8
LOWER
100
AcDbLine
 10
222699.124689662
 20
126196.99165642542
 30
350.0000000000005
 11
222496.67261555884
 21
125394.63983787519
 31
350.0000000000005
  0
LINE
  5
210
330
17
100
AcDbEntity
  8
LOWER
100
AcDbLine
 10
222496.67261555884
 20
125394.63983787519
 30
350.0000000000005
 11
222301.8633100224
 21
124588.98149479213
 31
350.0000000000005
  0
LINE
  5
211
330
17
100
AcDbEntity
  8
LOWER
100
AcDbLine
 10
222301.8633100224
 20
124588.98149479213
 30
350.0000000000005
 11
222114.77437079622
 21
123780.08796403637
 31
350.0000000000005
  0
LINE
  5
212
330
17
100
AcDbEntity
  8
LOWER
100
AcDbLine
 10
222114.77437079622
 20
123780.08796403637
 30
350.0000000000005
 11
221935.48239731675
 21
122968.03185837329
 31
350.0000000000005
  0
LINE
  5
213
330
17
100
AcDbEntity
  8
LOWER
100
AcDbLine
 10
221935.48239731675
 20
122968.03185837329
 30
350.0000000000005
 11
221764.0629657707
 21
122152.88705288274
 31
350.0000000000005
  0
LINE
  5
214
330
17
100
AcDbEntity
  8
LOWER
100
AcDbLine
 10
221764.0629657707
 20
122152.88705288274
 30
350.0000000000005
 11
221600.59060439857
 21
121334.72867097046
 31
350.1241064764189
  0
LINE
  5
215
330
17
100
AcDbEntity
  8
LOWER
100
AcDbLine
 10
221600.59060439857
 20
121334.72867097046
 30
350.1241064764189
 11
221445.1387690523
 21
120513.63306998652
 31
351.71662738659523
  0
LINE
  5
216
330
17
100
AcDbEntity
  8
LOWER
100
AcDbLine
 10
221445.1387690523
 20
120513.63306998652
 30
351.71662738659523
 11
221297.77981901343
 21
119689.67782645489
 31
355.11721852642887
  0
LINE
  5
217
330
17
100
AcDbEntity
  8
LOWER
100
AcDbLine
 10
221297.77981901343
 20
119689.67782645489
 30
355.11721852642887
 11
221158.58499308035
 21
118862.94172091705
 31
360.2914976477849
  0
LINE
  5
218
330
17
100
AcDbEntity
  8
LOWER
100
AcDbLine
 10
221158.58499308035
 20
118862.94172091705
 30
360.2914976477849
 11
221027.62438593135
 21
118033.50472239597
 31
367.2050825025268
  0
LINE
  5
219
330
17
100
AcDbEntity
  8
LOWER
100
AcDbLine
 10
221027.62438593135
 20
118033.50472239597
 30
367.2050825025268
 11
220904.9669247713
 21
117201.44797248206
 31
375.82359084251846
  0
LINE
  5
21A
330
17
100
AcDbEntity
  8
LOWER
100
AcDbLine
 10
220904.9669247713
 20
117201.44797248206
 30
375.82359084251846
 11
220790.6803462683
 21
116366.85376904822
 31
386.1126404196251
  0
LINE
  5
21B
330
17
100
AcDbEntity
  8
LOWER
100
AcDbLine
 10
220790.6803462683
 20
116366.85376904822
 30
386.1126404196251
 11
220684.83117378879
 21
115529.80554959644
 31
398.0378489857101
  0
LINE
  5
21C
330
17
100
AcDbEntity
  8
LOWER
100
AcDbLine
 10
220684.83117378879
 20
115529.80554959644
 30
398.0378489857101
 11
220587.4846949367
 21
114690.38787424189
 31
411.56483429263614
  0
LINE
  5
21D
330
17
100
AcDbEntity
  8
LOWER
100
AcDbLine
 10
220587.4846949367
 20
114690.38787424189
 30
411.56483429263614
 11
220498.70493940468
 21
113848.68640833863
 31
426.65921409227
  0
LINE
  5
21E
330
17
100
AcDbEntity
  8
LOWER
100
AcDbLine
 10
220498.70493940468
 20
113848.68640833863
 30
426.65921409227
 11
220418.55465714372
 21
113004.78790475205
 31
443.2866061364766
  0
LINE
  5
21F
330
17
100
AcDbEntity
  8
LOWER
100
AcDbLine
 10
220418.55465714372
 20
113004.78790475205
 30
443.2866061364766
 11
220347.09529685823
 21
112158.78018578334
 31
461.4126281771154
  0
LINE
  5
220
330
17
100
AcDbEntity
  8
LOWER
100
AcDbLine
 10
220347.09529685823
 20
112158.78018578334
 30
461.4126281771154
 11
220284.3869848329
 21
111310.75212474998
 31
481.002897966055
  0
LINE
  5
221
330
17
100
AcDbEntity
  8
LOWER
100
AcDbLine
 10
220284.3869848329
 20
111310.75212474998
 30
481.002897966055
 11
220230.48850409838
 21
110460.79362722916
 31
502.0230332551572
  0
LINE
  5
222
330
17
100
AcDbEntity
  8
LOWER
100
AcDbLine
 10
220230.48850409838
 20
110460.79362722916
 30
502.0230332551572
 11
220185.45727394178
 21
109608.99561196782
 31
524.4386517962857
  0
LINE
  5
223
330
17
100
AcDbEntity
  8
LOWER
100
AcDbLine
 10
220185.45727394178
 20
109608.99561196782
 30
524.4386517962857
 11
220149.34932976883
 21
108755.44999146592
 31
548.2153713413082
  0
LINE
  5
224
330
17
100
AcDbEntity
  8
LOWER
100
AcDbLine
 10
220149.34932976883
 20
108755.44999146592
 30
548.2153713413082
 11
220122.21930332345
 21
107900.24965223738
 31
573.3188096420845
  0
LINE
  5
225
330
17
100
AcDbEntity
  8
LOWER
100
AcDbLine
 10
220122.21930332345
 20
107900.24965223738
 30
573.3188096420845
 11
220104.12040327158
 21
107043.48843475535
 31
599.7145844504823
  0
LINE
  5
226
330
17
100
AcDbEntity
  8
LOWER
100
AcDbLine
 10
220104.12040327158
 20
107043.48843475535
 30
599.7145844504823
 11
220095.1043961544
 21
106185.26111308679
 31
627.3683135183638
  0
LINE
  5
227
330
17
100
AcDbEntity
  8
LOWER
100
AcDbLine
 10
220095.1043961544
 20
106185.26111308679
 30
627.3683135183638
 11
220095.2215877181
 21
105325.6633742225
 31
656.2456145975921
  0
LINE
  5
228
330
17
100
AcDbEntity
  8
LOWER
100
AcDbLine
 10
220095.2215877181
 20
105325.6633742225
 30
656.2456145975921
 11
220104.52080462454
 21
104464.791797108
 31
686.3121054400367
  0
LINE
  5
229
330
17
100
AcDbEntity
  8
LOWER
100
AcDbLine
 10
220104.52080462454
 20
104464.791797108
 30
686.3121054400367
 11
220123.04937655025
 21
103602.74383138267
 31
717.5334037975528
  0
LINE
  5
22A
330
17
100
AcDbEntity
  8
LOWER
100
AcDbLine
 10
220123.04937655025
 20
103602.74383138267
 30
717.5334037975528
 11
220150.85311867742
 21
102739.61777583069
 31
749.8751274220115
  0
LINE
  5
22B
330
17
100
AcDbEntity
  8
LOWER
100
AcDbLine
 10
220150.85311867742
 20
102739.61777583069
 30
749.8751274220115
 11
220187.9763145845
 21
101875.51275655275
 31
783.302894065276
  0
LINE
  5
22C
330
17
100
AcDbEntity
  8
LOWER
100
AcDbLine
 10
220187.9763145845
 20
101875.51275655275
 30
783.302894065276
 11
220234.46169953997
 21
101010.52870486293
 31
817.7823214792062
  0
LINE
  5
22D
330
17
100
AcDbEntity
  8
LOWER
100
AcDbLine
 10
220234.46169953997
 20
101010.52870486293
 30
817.7823214792062
 11
220290.35044420534
 21
100144.76633491748
 31
853.2790274156725
  0
LINE
  5
22E
330
17
100
AcDbEntity
  8
LOWER
100
AcDbLine
 10
220290.35044420534
 20
100144.76633491748
 30
853.2790274156725
 11
220355.68213875286
 21
99278.32712108264
 31
889.7586296265332
  0
LINE
  5
22F
330
17
100
AcDbEntity
  8
LOWER
100
AcDbLine
 10
220355.68213875286
 20
99278.32712108264
 30
889.7586296265332
 11
220430.49477740214
 21
98411.31327504666
 31
927.1867458636618
  0
LINE
  5
230
330
17
100
AcDbEntity
  8
LOWER
100
AcDbLine
 10
220430.49477740214
 20
98411.31327504666
 30
927.1867458636618
 11
220514.82474338092
 21
97543.82772268445
 31
965.5289938789093
  0
LINE
  5
231
330
17
100
AcDbEntity
  8
LOWER
100
AcDbLine
 10
220514.82474338092
 20
97543.82772268445
 30
965.5289938789093
 11
220608.7067943152
 21
96675.97408067908
 31
1004.750991424149
  0
LINE
  5
232
330
17
100
AcDbEntity
  8
LOWER
100
AcDbLine
 10
220608.7067943152
 20
96675.97408067908
 30
1004.750991424149
 11
220712.17404805231
 21
95807.85663290974
 31
1044.8183562512404
  0
LINE
  5
233
330
17
100
AcDbEntity
  8
LOWER
100
AcDbLine
 10
220712.17404805231
 20
95807.85663290974
 30
1044.8183562512404
 11
220825.25796892258
 21
94939.58030660986
 31
1085.6967061120542
  0
LINE
  5
234
330
17
100
AcDbEntity
  8
LOWER
100
AcDbLine
 10
220825.25796892258
 20
94939.58030660986
 30
1085.6967061120542
 11
220947.98835444346
 21
94071.25064830552
 31
1127.3516587584452
  0
LINE
  5
235
330
17
100
AcDbEntity
  8
LOWER
100
AcDbLine
 10
220947.98835444346
 20
94071.25064830552
 30
1127.3516587584452
 11
221080.39332246952
 21
93202.97379953806
 31
1169.7488319422823
  0
LINE
  5
236
330
17
100
AcDbEntity
  8
LOWER
100
AcDbLine
 10
221080.39332246952
 20
93202.97379953806
 30
1169.7488319422823
 11
221222.49929879457
 21
92334.85647237967
 31
1212.8538434154361
  0
LINE
  5
237
330
17
100
AcDbEntity
  8
LOWER
100
AcDbLine
 10
221222.49929879457
 20
92334.85647237967
 30
1212.8538434154361
 11
221374.33100520723
 21
91467.00592474954
 31
1256.6323109297573
  0
LINE
  5
238
330
17
100
AcDbEntity
  8
LOWER
100
AcDbLine
 10
221374.33100520723
 20
91467.00592474954
 30
1256.6323109297573
 11
221535.91144800605
 21
90599.52993553494
 31
1301.0498522371252
  0
LINE
  5
239
330
17
100
AcDbEntity
  8
LOWER
100
AcDbLine
 10
221535.91144800605
 20
90599.52993553494
 30
1301.0498522371252
 11
221707.2619069762
 21
89732.53677952847
 31
1346.0720850893874
  0
LINE
  5
23A
330
17
100
AcDbEntity
  8
LOWER
100
AcDbLine
 10
221707.2619069762
 20
89732.53677952847
 30
1346.0720850893874
 11
221888.4019248326
 21
88866.13520218444
 31
1391.6646272384216
  0
LINE
  5
23B
330
17
100
AcDbEntity
  8
LOWER
100
AcDbLine
 10
221888.4019248326
 20
88866.13520218444
 30
1391.6646272384216
 11
222079.34929713188
 21
88000.43439420572
 31
1437.7930964360824
  0
LINE
  5
23C
330
17
100
AcDbEntity
  8
LOWER
100
AcDbLine
 10
222079.34929713188
 20
88000.43439420572
 30
1437.7930964360824
 11
222280.1200626573
 21
87135.54396596475
 31
1484.4231104342423
  0
LINE
  5
23D
330
17
100
AcDbEntity
  8
LOWER
100
AcDbLine
 10
222280.1200626573
 20
87135.54396596475
 30
1484.4231104342423
 11
222490.72849427888
 21
86271.57392176957
 31
1531.5202869847578
  0
LINE
  5
23E
330
17
100
AcDbEntity
  8
LOWER
100
AcDbLine
 10
222490.72849427888
 20
86271.57392176957
 30
1531.5202869847578
 11
222711.1870902927
 21
85408.63463397902
 31
1579.0502438395006
  0
LINE
  5
23F
330
17
100
AcDbEntity
  8
LOWER
100
AcDbLine
 10
222711.1870902927
 20
85408.63463397902
 30
1579.0502438395006
 11
222941.50656624156
 21
84546.83681697752
 31
1626.9785987503358
  0
LINE
  5
240
330
17
100
AcDbEntity
  8
LOWER
100
AcDbLine
 10
222941.50656624156
 20
84546.83681697752
 30
1626.9785987503358
 11
223181.69584721976
 21
83686.29150101528
 31
1675.270969469115
  0
LINE
  5
241
330
17
100
AcDbEntity
  8
LOWER
100
AcDbLine
 10
223181.69584721976
 20
83686.29150101528
 30
1675.270969469115
 11
223431.76206066494
 21
82827.11000592129
 31
1723.8929737477124
  0
LINE
  5
242
330
17
100
AcDbEntity
  8
LOWER
100
AcDbLine
 10
223431.76206066494
 20
82827.11000592129
 30
1723.8929737477124
 11
223691.71052963892
 21
81969.40391469897
 31
1772.8102293379875
  0
LINE
  5
243
330
17
100
AcDbEntity
  8
LOWER
100
AcDbLine
 10
223691.71052963892
 20
81969.40391469897
 30
1772.8102293379875
 11
223961.54476660062
 21
81113.28504700855
 31
1821.9883539918146
  0
LINE
  5
244
330
17
100
AcDbEntity
  8
LOWER
100
AcDbLine
 10
223961.54476660062
 20
81113.28504700855
 30
1821.9883539918146
 11
224241.26646767172
 21
80258.86543254828
 31
1871.3929654610415
  0
LINE
  5
245
330
17
100
AcDbEntity
  8
LOWER
100
AcDbLine
 10
224241.26646767172
 20
80258.86543254828
 30
1871.3929654610415
 11
224530.8755073991
 21
79406.25728433732
 31
1920.9896814975411
  0
LINE
  5
246
330
17
100
AcDbEntity
  8
LOWER
100
AcDbLine
 10
224530.8755073991
 20
79406.25728433732
 30
1920.9896814975411
 11
224830.36993401346
 21
78555.57297191296
 31
1970.7441198531828
  0
LINE
  5
247
330
17
100
AcDbEntity
  8
LOWER
100
AcDbLine
 10
224830.36993401346
 20
78555.57297191296
 30
1970.7441198531828
 11
225139.74596518846
 21
77706.92499444618
 31
2020.621898279824
  0
LINE
  5
248
330
17
100
AcDbEntity
  8
LOWER
100
AcDbLine
 10
225139.74596518846
 20
77706.92499444618
 30
2020.621898279824
 11
225458.99798429938
 21
76860.42595378522
 31
2070.58863452933
  0
LINE
  5
249
330
17
100
AcDbEntity
  8
LOWER
100
AcDbLine
 10
225458.99798429938
 20
76860.42595378522
 30
2070.58863452933
 11
225788.11853718472
 21
76016.18852743499
 31
2120.609946353566
  0
LINE
  5
24A
330
17
100
AcDbEntity
  8
LOWER
100
AcDbLine
 10
225788.11853718472
 20
76016.18852743499
 30
2120.609946353566
 11
226127.09832941057
 21
75174.32544147926
 31
2170.651451504395
  0
LINE
  5
24B
330
17
100
AcDbEntity
  8
MIDDLE
100
AcDbLine
 10
226127.09832941057
 20
75174.32544147926
 30
2170.651451504395
 11
226475.92622403937
 21
74334.94944345474
 31
2220.678767733677
  0
LINE
  5
24C
330
17
100
AcDbEntity
  8
MIDDLE
100
AcDbLine
 10
226475.92622403937
 20
74334.94944345474
 30
2220.678767733677
 11
226834.58923990492
 21
73498.17327518352
 31
2270.657512793285
  0
LINE
  5
24D
330
17
100
AcDbEntity
  8
MIDDLE
100
AcDbLine
 10
226834.58923990492
 20
73498.17327518352
 30
2270.657512793285
 11
227203.07255039192
 21
72664.10964557357
 31
2320.553304435075
  0
LINE
  5
24E
330
17
100
AcDbEntity
  8
MIDDLE
100
AcDbLine
 10
227203.07255039192
 20
72664.10964557357
 30
2320.553304435075
 11
227581.3594827238
 21
71832.8712033934
 31
2370.3317604109184
  0
LINE
  5
24F
330
17
100
AcDbEntity
  8
MIDDLE
100
AcDbLine
 10
227581.3594827238
 20
71832.8712033934
 30
2370.3317604109184
 11
227969.43151775666
 21
71004.57051003024
 31
2419.958498472675
  0
LINE
  5
250
330
17
100
AcDbEntity
  8
MIDDLE
100
AcDbLine
 10
227969.43151775666
 20
71004.57051003024
 30
2419.958498472675
 11
228367.26829028165
 21
70179.3200122389
 31
2469.3991363722116
  0
LINE
  5
251
330
17
100
AcDbEntity
  8
MIDDLE
100
AcDbLine
 10
228367.26829028165
 20
70179.3200122389
 30
2469.3991363722116
 11
228774.84758983416
 21
69357.23201488952
 31
2518.619291861385
  0
LINE
  5
252
330
17
100
AcDbEntity
  8
MIDDLE
100
AcDbLine
 10
228774.84758983416
 20
69357.23201488952
 30
2518.619291861385
 11
229192.14536201188
 21
68538.41865372207
 31
2567.5845826920704
  0
LINE
  5
253
330
17
100
AcDbEntity
  8
MIDDLE
100
AcDbLine
 10
229192.14536201188
 20
68538.41865372207
 30
2567.5845826920704
 11
229619.13571029907
 21
67722.9918681161
 31
2616.2606266161247
  0
LINE
  5
254
330
17
100
AcDbEntity
  8
MIDDLE
100
AcDbLine
 10
229619.13571029907
 20
67722.9918681161
 30
2616.2606266161247
 11
230055.7908983999
 21
66911.06337388259
 31
2664.6130413854153
  0
LINE
  5
255
330
17
100
AcDbEntity
  8
MIDDLE
100
AcDbLine
 10
230055.7908983999
 20
66911.06337388259
 30
2664.6130413854153
 11
230502.08135307694
 21
66102.74463608682
 31
2712.6074447517994
  0
LINE
  5
256
330
17
100
AcDbEntity
  8
MIDDLE
100
AcDbLine
 10
230502.08135307694
 20
66102.74463608682
 30
2712.6074447517994
 11
230957.97566749735
 21
65298.146841909984
 31
2760.2094544671518
  0
LINE
  5
257
330
17
100
AcDbEntity
  8
MIDDLE
100
AcDbLine
 10
230957.97566749735
 20
65298.146841909984
 30
2760.2094544671518
 11
231423.44060508412
 21
64497.38087355712
 31
2807.3846882833304
  0
LINE
  5
258
330
17
100
AcDbEntity
  8
MIDDLE
100
AcDbLine
 10
231423.44060508412
 20
64497.38087355712
 30
2807.3846882833304
 11
231898.44110387162
 21
63700.55728121973
 31
2854.0987639522004
  0
LINE
  5
259
330
17
100
AcDbEntity
  8
MIDDLE
100
AcDbLine
 10
231898.44110387162
 20
63700.55728121973
 30
2854.0987639522004
 11
232382.9402813658
 21
62907.78625610065
 31
2900.317299225626
  0
LINE
  5
25A
330
17
100
AcDbEntity
  8
MIDDLE
100
AcDbLine
 10
232382.9402813658
 20
62907.78625610065
 30
2900.317299225626
 11
232876.89943990583
 21
62119.17760350934
 31
2946.005911855468
  0
LINE
  5
25B
330
17
100
AcDbEntity
  8
MIDDLE
100
AcDbLine
 10
232876.89943990583
 20
62119.17760350934
 30
2946.005911855468
 11
233380.27807252787
 21
61334.84071603505
 31
2991.130219593597
  0
LINE
  5
25C
330
17
100
AcDbEntity
  8
MIDDLE
100
AcDbLine
 10
233380.27807252787
 20
61334.84071603505
 30
2991.130219593597
 11
233893.0338693274
 21
60554.88454680661
 31
3035.65584019187
  0
LINE
  5
25D
330
17
100
AcDbEntity
  8
MIDDLE
100
AcDbLine
 10
233893.0338693274
 20
60554.88454680661
 30
3035.65584019187
 11
234415.12272432074
 21
59779.41758284493
 31
3079.5483914021593
  0
LINE
  5
25E
330
17
100
AcDbEntity
  8
MIDDLE
100
AcDbLine
 10
234415.12272432074
 20
59779.41758284493
 30
3079.5483914021593
 11
234946.49874280175
 21
59008.54781851861
 31
3122.7734909763244
  0
LINE
  5
25F
330
17
100
AcDbEntity
  8
MIDDLE
100
AcDbLine
 10
234946.49874280175
 20
59008.54781851861
 30
3122.7734909763244
 11
235487.11424919352
 21
58242.38272910748
 31
3165.29675666623
  0
LINE
  5
260
330
17
100
AcDbEntity
  8
MIDDLE
100
AcDbLine
 10
235487.11424919352
 20
58242.38272910748
 30
3165.29675666623
 11
236036.91979539205
 21
57481.0292444841
 31
3207.0838062237403
  0
LINE
  5
261
330
17
100
AcDbEntity
  8
MIDDLE
100
AcDbLine
 10
236036.91979539205
 20
57481.0292444841
 30
3207.0838062237403
 11
236595.8641695997
 21
56724.59372291999
 31
3248.1002574007152
  0
LINE
  5
262
330
17
100
AcDbEntity
  8
MIDDLE
100
AcDbLine
 10
236595.8641695997
 20
56724.59372291999
 30
3248.1002574007152
 11
237163.89440564648
 21
55973.181925023906
 31
3288.3117279490266
  0
LINE
  5
263
330
17
100
AcDbEntity
  8
MIDDLE
100
AcDbLine
 10
237163.89440564648
 20
55973.181925023906
 30
3288.3117279490266
 11
237740.9557927963
 21
55226.89898782102
 31
3327.683835620532
  0
LINE
  5
264
330
17
100
AcDbEntity
  8
MIDDLE
100
AcDbLine
 10
237740.9557927963
 20
55226.89898782102
 30
3327.683835620532
 11
238326.99188603583
 21
54485.84939897873
 31
3366.182198167104
  0
LINE
  5
265
330
17
100
AcDbEntity
  8
MIDDLE
100
AcDbLine
 10
238326.99188603583
 20
54485.84939897873
 30
3366.182198167104
 11
238921.9445168424
 21
53750.13697118898
 31
3403.772433340596
  0
LINE
  5
266
330
17
100
AcDbEntity
  8
MIDDLE
100
AcDbLine
 10
238921.9445168424
 20
53750.13697118898
 30
3403.772433340596
 11
239525.75380442908
 21
53019.86481671183
 31
3440.42015889288
  0
LINE
  5
267
330
17
100
AcDbEntity
  8
MIDDLE
100
AcDbLine
 10
239525.75380442908
 20
53019.86481671183
 30
3440.42015889288
 11
240138.35816746298
 21
52295.135322090886
 31
3476.0909925758147
  0
LINE
  5
268
330
17
100
AcDbEntity
  8
MIDDLE
100
AcDbLine
 10
240138.35816746298
 20
52295.135322090886
 30
3476.0909925758147
 11
240759.694336254
 21
51576.0501230447
 31
3510.75055214127
  0
LINE
  5
269
330
17
100
AcDbEntity
  8
MIDDLE
100
AcDbLine
 10
240759.694336254
 20
51576.0501230447
 30
3510.75055214127
 11
241389.69736541025
 21
50862.710079544246
 31
3544.3644553411095
  0
LINE
  5
26A
330
17
100
AcDbEntity
  8
MIDDLE
100
AcDbLine
 10
241389.69736541025
 20
50862.710079544246
 30
3544.3644553411095
 11
242028.30064695678
 21
50155.21525108242
 31
3576.8983199271897
  0
LINE
  5
26B
330
17
100
AcDbEntity
  8
MIDDLE
100
AcDbLine
 10
242028.30064695678
 20
50155.21525108242
 30
3576.8983199271897
 11
242675.43592391475
 21
49453.66487214227
 31
3608.3177636513824
  0
LINE
  5
26C
330
17
100
AcDbEntity
  8
MIDDLE
100
AcDbLine
 10
242675.43592391475
 20
49453.66487214227
 30
3608.3177636513824
 11
243331.03330433497
 21
48758.157327873065
 31
3638.5884042655466
  0
LINE
  5
26D
330
17
100
AcDbEntity
  8
MIDDLE
100
AcDbLine
 10
243331.03330433497
 20
48758.157327873065
 30
3638.5884042655466
 11
243995.0212757854
 21
48068.79012997895
 31
3667.6758595215524
  0
LINE
  5
26E
330
17
100
AcDbEntity
  8
MIDDLE
100
AcDbLine
 10
243995.0212757854
 20
48068.79012997895
 30
3667.6758595215524
 11
244667.3267202845
 21
47385.65989282961
 31
3695.5457471712584
  0
LINE
  5
26F
330
17
100
AcDbEntity
  8
MIDDLE
100
AcDbLine
 10
244667.3267202845
 20
47385.65989282961
 30
3695.5457471712584
 11
245347.87492968014
 21
46708.86230979744
 31
3722.163684966535
  0
LINE
  5
270
330
17
100
AcDbEntity
  8
MIDDLE
100
AcDbLine
 10
245347.87492968014
 20
46708.86230979744
 30
3722.163684966535
 11
246036.58962146586
 21
46038.492129830855
 31
3747.4952906592384
  0
LINE
  5
271
330
17
100
AcDbEntity
  8
MIDDLE
100
AcDbLine
 10
246036.58962146586
 20
46038.492129830855
 30
3747.4952906592384
 11
246733.39295503416
 21
45374.64313426781
 31
3771.5061820012406
  0
LINE
  5
272
330
17
100
AcDbEntity
  8
MIDDLE
100
AcDbLine
 10
246733.39295503416
 20
45374.64313426781
 30
3771.5061820012406
 11
247438.20554835806
 21
44717.408113899066
 31
3794.1619767443985
  0
LINE
  5
273
330
17
100
AcDbEntity
  8
MIDDLE
100
AcDbLine
 10
247438.20554835806
 20
44717.408113899066
 30
3794.1619767443985
 11
248150.94649509978
 21
44066.87884628518
 31
3815.4282926405813
  0
LINE
  5
274
330
17
100
AcDbEntity
  8
MIDDLE
100
AcDbLine
 10
248150.94649509978
 20
44066.87884628518
 30
3815.4282926405813
 11
248871.53338213864
 21
43423.14607333648
 31
3835.2707474416493
  0
LINE
  5
275
330
17
100
AcDbEntity
  8
MIDDLE
100
AcDbLine
 10
248871.53338213864
 20
43423.14607333648
 30
3835.2707474416493
 11
249599.88230751618
 21
42786.29947916022
 31
3853.6549588994712
  0
LINE
  5
276
330
17
100
AcDbEntity
  8
MIDDLE
100
AcDbLine
 10
249599.88230751618
 20
42786.29947916022
 30
3853.6549588994712
 11
250335.90789879017
 21
42156.427668183554
 31
3870.546544765907
  0
LINE
  5
277
330
17
100
AcDbEntity
  8
MIDDLE
100
AcDbLine
 10
250335.90789879017
 20
42156.427668183554
 30
3870.546544765907
 11
251079.5233317957
 21
41533.61814355655
 31
3885.9111227928233
  0
LINE
  5
278
330
17
100
AcDbEntity
  8
MIDDLE
100
AcDbLine
 10
251079.5233317957
 20
41533.61814355655
 30
3885.9111227928233
 11
251830.64034980503
 21
40917.957285843586
 31
3899.714310732086
  0
LINE
  5
279
330
17
100
AcDbEntity
  8
MIDDLE
100
AcDbLine
 10
251830.64034980503
 20
40917.957285843586
 30
3899.714310732086
 11
252589.16928308184
 21
40309.53033200808
 31
3911.921726335554
  0
LINE
  5
27A
330
17
100
AcDbEntity
  8
MIDDLE
100
AcDbLine
 10
252589.16928308184
 20
40309.53033200808
 30
3911.921726335554
 11
253355.01906882582
 21
39708.42135469681
 31
3922.498987355096
  0
LINE
  5
27B
330
17
100
AcDbEntity
  8
MIDDLE
100
AcDbLine
 10
253355.01906882582
 20
39708.42135469681
 30
3922.498987355096
 11
254128.09727149853
 21
39114.71324183067
 31
3931.411711542573
  0
LINE
  5
27C
330
17
100
AcDbEntity
  8
MIDDLE
100
AcDbLine
 10
254128.09727149853
 20
39114.71324183067
 30
3931.411711542573
 11
254908.31010352867
 21
38528.48767650663
 31
3938.6255166498518
  0
LINE
  5
27D
330
17
100
AcDbEntity
  8
MIDDLE
100
AcDbLine
 10
254908.31010352867
 20
38528.48767650663
 30
3938.6255166498518
 11
255695.5624463867
 21
37949.8251172181
 31
3944.106020428794
  0
LINE
  5
27E
330
17
100
AcDbEntity
  8
MIDDLE
100
AcDbLine
 10
255695.5624463867
 20
37949.8251172181
 30
3944.106020428794
 11
256489.757872027
 21
37378.80477839802
 31
3947.818840631266
  0
LINE
  5
27F
330
17
100
AcDbEntity
  8
MIDDLE
100
AcDbLine
 10
256489.757872027
 20
37378.80477839802
 30
3947.818840631266
 11
257290.79866468708
 21
36815.50461129183
 31
3949.729595009131
  0
LINE
  5
280
330
17
100
AcDbEntity
  8
MIDDLE
100
AcDbLine
 10
257290.79866468708
 20
36815.50461129183
 30
3949.729595009131
 11
258098.5858430418
 21
36260.001285164806
 31
3950.0
  0
LINE
  5
281
330
17
100
AcDbEntity
  8
MIDDLE
100
AcDbLine
 10
258098.5858430418
 20
36260.001285164806
 30
3950.0
 11
258913.01918270314
 21
35712.37016884933
 31
3950.0
  0
LINE
  5
282
330
17
100
AcDbEntity
  8
MIDDLE
100
AcDbLine
 10
258913.01918270314
 20
35712.37016884933
 30
3950.0
 11
259733.99723905965
 21
35172.685312638634
 31
3950.0
  0
LINE
  5
283
330
17
100
AcDbEntity
  8
MIDDLE
100
AcDbLine
 10
259733.99723905965
 20
35172.685312638634
 30
3950.0
 11
260561.41737045106
 21
34641.01943053039
 31
3950.0
  0
LINE
  5
284
330
17
100
AcDbEntity
  8
MIDDLE
100
AcDbLine
 10
260561.41737045106
 20
34641.01943053039
 30
3950.0
 11
261395.17576166787
 21
34117.44388282719
 31
3950.0
  0
LINE
  5
285
330
17
100
AcDbEntity
  8
MIDDLE
100
AcDbLine
 10
261395.17576166787
 20
34117.44388282719
 30
3950.0
 11
262235.1674477726
 21
33602.028659097545
 31
3950.0
  0
LINE
  5
286
330
17
100
AcDbEntity
  8
MIDDLE
100
AcDbLine
 10
262235.1674477726
 20
33602.028659097545
 30
3950.0
 11
263081.2863382335
 21
33094.84236150319
 31
3950.0
  0
LINE
  5
287
330
17
100
AcDbEntity
  8
MIDDLE
100
AcDbLine
 10
263081.2863382335
 20
33094.84236150319
 30
3950.0
 11
263933.4252413644
 21
32595.952188497664
 31
3950.0
  0
LINE
  5
288
330
17
100
AcDbEntity
  8
MIDDLE
100
AcDbLine
 10
263933.4252413644
 20
32595.952188497664
 30
3950.0
 11
264791.4758890647
 21
32105.42391889952
 31
3950.0
  0
LINE
  5
289
330
17
100
AcDbEntity
  8
MIDDLE
100
AcDbLine
 10
264791.4758890647
 20
32105.42391889952
 30
3950.0
 11
265655.32896185014
 21
31623.32189634725
 31
3950.0
  0
LINE
  5
28A
330
17
100
AcDbEntity
  8
MIDDLE
100
AcDbLine
 10
265655.32896185014
 20
31623.32189634725
 30
3950.0
 11
266524.87411417003
 21
31149.7090141376
 31
3950.0
  0
LINE
  5
28B
330
17
100
AcDbEntity
  8
MIDDLE
100
AcDbLine
 10
266524.87411417003
 20
31149.7090141376
 30
3950.0
 11
267399.99999999994
 21
30684.646700454137
 31
3950.0
  0
LINE
  5
28C
330
17
100
AcDbEntity
  8
MIDDLE
100
AcDbLine
 10
267399.99999999994
 20
30684.646700454137
 30
3950.0
 11
268280.5942987069
 21
30228.194903988497
 31
3950.0
  0
LINE
  5
28D
330
17
100
AcDbEntity
  8
MIDDLE
100
AcDbLine
 10
268280.5942987069
 20
30228.194903988497
 30
3950.0
 11
269166.5437411752
 21
29780.4120799601
 31
3950.0
  0
LINE
  5
28E
330
17
100
AcDbEntity
  8
MIDDLE
100
AcDbLine
 10
269166.5437411752
 20
29780.4120799601
 30
3950.0
 11
270057.73413618875
 21
29341.355176536654
 31
3950.0
  0
LINE
  5
28F
330
17
100
AcDbEntity
  8
MIDDLE
100
AcDbLine
 10
270057.73413618875
 20
29341.355176536654
 30
3950.0
 11
270954.0503970599
 21
28911.079621661058
 31
3950.0
  0
LINE
  5
290
330
17
100
AcDbEntity
  8
MIDDLE
100
AcDbLine
 10
270954.0503970599
 20
28911.079621661058
 30
3950.0
 11
271855.37656849873
 21
28489.63931028709
 31
3950.0
  0
LINE
  5
291
330
17
100
AcDbEntity
  8
MIDDLE
100
AcDbLine
 10
271855.37656849873
 20
28489.63931028709
 30
3950.0
 11
272761.595853714
 21
28077.086592028834
 31
3950.0
  0
LINE
  5
292
330
17
100
AcDbEntity
  8
MIDDLE
100
AcDbLine
 10
272761.595853714
 20
28077.086592028834
 30
3950.0
 11
273672.59064173826
 21
27673.47225922596
 31
3950.0
  0
LINE
  5
293
330
17
100
AcDbEntity
  8
MIDDLE
100
AcDbLine
 10
273672.59064173826
 20
27673.47225922596
 30
3950.0
 11
274588.2425349691
 21
27278.845535430122
 31
3950.0
  0
LINE
  5
294
330
17
100
AcDbEntity
  8
MIDDLE
100
AcDbLine
 10
274588.2425349691
 20
27278.845535430122
 30
3950.0
 11
275508.4323769192
 21
26893.254064313653
 31
3950.0
  0
LINE
  5
295
330
17
100
AcDbEntity
  8
MIDDLE
100
AcDbLine
 10
275508.4323769192
 20
26893.254064313653
 30
3950.0
 11
276433.04028016527
 21
26516.743899005975
 31
3950.0
  0
LINE
  5
296
330
17
100
AcDbEntity
  8
MIDDLE
100
AcDbLine
 10
276433.04028016527
 20
26516.743899005975
 30
3950.0
 11
277361.94565449114
 21
26149.359491858533
 31
3950.0
  0
LINE
  5
297
330
17
100
AcDbEntity
  8
MIDDLE
100
AcDbLine
 10
277361.94565449114
 20
26149.359491858533
 30
3950.0
 11
278295.02723521256
 21
25791.14368464337
 31
3950.270404990869
  0
LINE
  5
298
330
17
100
AcDbEntity
  8
MIDDLE
100
AcDbLine
 10
278295.02723521256
 20
25791.14368464337
 30
3950.270404990869
 11
279232.1631116796
 21
25442.137699186205
 31
3952.181159368734
  0
LINE
  5
299
330
17
100
AcDbEntity
  8
MIDDLE
100
AcDbLine
 10
279232.1631116796
 20
25442.137699186205
 30
3952.181159368734
 11
280173.2307559449
 21
25102.381128438254
 31
3955.8939795712054
  0
LINE
  5
29A
330
17
100
AcDbEntity
  8
MIDDLE
100
AcDbLine
 10
280173.2307559449
 20
25102.381128438254
 30
3955.8939795712054
 11
281118.107051593
 21
24771.911927988072
 31
3961.3744833501482
  0
LINE
  5
29B
330
17
100
AcDbEntity
  8
MIDDLE
100
AcDbLine
 10
281118.107051593
 20
24771.911927988072
 30
3961.3744833501482
 11
282066.66832271847
 21
24450.76640801672
 31
3968.5882884574266
  0
LINE
  5
29C
330
17
100
AcDbEntity
  8
MIDDLE
100
AcDbLine
 10
282066.66832271847
 20
24450.76640801672
 30
3968.5882884574266
 11
283018.79036304733
 21
24138.97922569832
 31
3977.5010126449038
  0
LINE
  5
29D
330
17
100
AcDbEntity
  8
MIDDLE
100
AcDbLine
 10
283018.79036304733
 20
24138.97922569832
 30
3977.5010126449038
 11
283974.3484651932
 21
23836.58337804748
 31
3988.078273664445
  0
LINE
  5
29E
330
17
100
AcDbEntity
  8
MIDDLE
100
AcDbLine
 10
283974.3484651932
 20
23836.58337804748
 30
3988.078273664445
 11
284933.2174500373
 21
23543.6101952168
 31
4000.2856892679147
  0
LINE
  5
29F
330
17
100
AcDbEntity
  8
MIDDLE
100
AcDbLine
 10
284933.2174500373
 20
23543.6101952168
 30
4000.2856892679147
 11
285895.27169622655
 21
23260.08933424528
 31
4014.0888772071735
  0
LINE
  5
2A0
330
17
100
AcDbEntity
  8
MIDDLE
100
AcDbLine
 10
285895.27169622655
 20
23260.08933424528
 30
4014.0888772071735
 11
286860.3851697799
 21
22986.048773259652
 31
4029.4534552340924
  0
LINE
  5
2A1
330
17
100
AcDbEntity
  8
MIDDLE
100
AcDbLine
 10
286860.3851697799
 20
22986.048773259652
 30
4029.4534552340924
 11
287828.4314537938
 21
22721.514806130956
 31
4046.345041100528
  0
LINE
  5
2A2
330
17
100
AcDbEntity
  8
MIDDLE
100
AcDbLine
 10
287828.4314537938
 20
22721.514806130956
 30
4046.345041100528
 11
288799.2837782398
 21
22466.51203758631
 31
4064.7292525583516
  0
LINE
  5
2A3
330
17
100
AcDbEntity
  8
MIDDLE
100
AcDbLine
 10
288799.2837782398
 20
22466.51203758631
 30
4064.7292525583516
 11
289772.8150498436
 21
22221.06337877922
 31
4084.5717073594205
  0
LINE
  5
2A4
330
17
100
AcDbEntity
  8
MIDDLE
100
AcDbLine
 10
289772.8150498436
 20
22221.06337877922
 30
4084.5717073594205
 11
290748.89788203925
 21
21985.190043317372
 31
4105.838023255603
  0
LINE
  5
2A5
330
17
100
AcDbEntity
  8
MIDDLE
100
AcDbLine
 10
290748.89788203925
 20
21985.190043317372
 30
4105.838023255603
 11
291727.4046249869
 21
21758.911543751085
 31
4128.49381799876
  0
LINE
  5
2A6
330
17
100
AcDbEntity
  8
MIDDLE
100
AcDbLine
 10
291727.4046249869
 20
21758.911543751085
 30
4128.49381799876
 11
292708.20739564893
 21
21542.245688521845
 31
4152.504709340761
  0
LINE
  5
2A7
330
17
100
AcDbEntity
  8
MIDDLE
100
AcDbLine
 10
292708.20739564893
 20
21542.245688521845
 30
4152.504709340761
 11
293691.1781079115
 21
21335.208579372407
 31
4177.836315033464
  0
LINE
  5
2A8
330
17
100
AcDbEntity
  8
MIDDLE
100
AcDbLine
 10
293691.1781079115
 20
21335.208579372407
 30
4177.836315033464
 11
294676.18850274757
 21
21137.81460921885
 31
4204.454252828741
  0
LINE
  5
2A9
330
17
100
AcDbEntity
  8
MIDDLE
100
AcDbLine
 10
294676.18850274757
 20
21137.81460921885
 30
4204.454252828741
 11
295663.1101784083
 21
20950.076460485492
 31
4232.324140478447
  0
LINE
  5
2AA
330
17
100
AcDbEntity
  8
MIDDLE
100
AcDbLine
 10
295663.1101784083
 20
20950.076460485492
 30
4232.324140478447
 11
296651.8146206365
 21
20772.00510390222
 31
4261.411595734449
  0
LINE
  5
2AB
330
17
100
AcDbEntity
  8
MIDDLE
100
AcDbLine
 10
296651.8146206365
 20
20772.00510390222
 30
4261.411595734449
 11
297642.1732328937
 21
20603.609797765486
 31
4291.68223634862
  0
LINE
  5
2AC
330
17
100
AcDbEntity
  8
MIDDLE
100
AcDbLine
 10
297642.1732328937
 20
20603.609797765486
 30
4291.68223634862
 11
298634.05736658897
 21
20444.898087662266
 31
4323.10168007281
  0
LINE
  5
2AD
330
17
100
AcDbEntity
  8
MIDDLE
100
AcDbLine
 10
298634.05736658897
 20
20444.898087662266
 30
4323.10168007281
 11
299627.33835130587
 21
20295.87580665732
 31
4355.635544658891
  0
LINE
  5
2AE
330
17
100
AcDbEntity
  8
MIDDLE
100
AcDbLine
 10
299627.33835130587
 20
20295.87580665732
 30
4355.635544658891
 11
300621.8875250128
 21
20156.54707594351
 31
4389.249447858727
  0
LINE
  5
2AF
330
17
100
AcDbEntity
  8
MIDDLE
100
AcDbLine
 10
300621.8875250128
 20
20156.54707594351
 30
4389.249447858727
 11
301617.57626425364
 21
20026.914305954662
 31
4423.909007424181
  0
LINE
  5
2B0
330
17
100
AcDbEntity
  8
MIDDLE
100
AcDbLine
 10
301617.57626425364
 20
20026.914305954662
 30
4423.909007424181
 11
302614.2760143056
 21
19906.97819794103
 31
4459.5798411071155
  0
LINE
  5
2B1
330
17
100
AcDbEntity
  8
MIDDLE
100
AcDbLine
 10
302614.2760143056
 20
19906.97819794103
 30
4459.5798411071155
 11
303611.8583192979
 21
19796.737746005874
 31
4496.227566659402
  0
LINE
  5
2B2
330
17
100
AcDbEntity
  8
MIDDLE
100
AcDbLine
 10
303611.8583192979
 20
19796.737746005874
 30
4496.227566659402
 11
304610.19485228154
 21
19696.190239603653
 31
4533.8178018328945
  0
LINE
  5
2B3
330
17
100
AcDbEntity
  8
MIDDLE
100
AcDbLine
 10
304610.19485228154
 20
19696.190239603653
 30
4533.8178018328945
 11
305609.1574452429
 21
19605.331266497487
 31
4572.3161643794665
  0
LINE
  5
2B4
330
17
100
AcDbEntity
  8
MIDDLE
100
AcDbLine
 10
305609.1574452429
 20
19605.331266497487
 30
4572.3161643794665
 11
306608.61811904935
 21
19524.154716176326
 31
4611.688272050975
  0
LINE
  5
2B5
330
17
100
AcDbEntity
  8
MIDDLE
100
AcDbLine
 10
306608.61811904935
 20
19524.154716176326
 30
4611.688272050975
 11
307608.44911332213
 21
19452.652783729634
 31
4651.899742599283
  0
LINE
  5
2B6
330
17
100
AcDbEntity
  8
MIDDLE
100
AcDbLine
 10
307608.44911332213
 20
19452.652783729634
 30
4651.899742599283
 11
308608.5229162255
 21
19390.815974178822
 31
4692.916193776262
  0
LINE
  5
2B7
330
17
100
AcDbEntity
  8
MIDDLE
100
AcDbLine
 10
308608.5229162255
 20
19390.815974178822
 30
4692.916193776262
 11
309608.71229416266
 21
19338.633107263675
 31
4734.703243333769
  0
LINE
  5
2B8
330
17
100
AcDbEntity
  8
MIDDLE
100
AcDbLine
 10
309608.71229416266
 20
19338.633107263675
 30
4734.703243333769
 11
310608.89032137365
 21
19296.091322682812
 31
4777.22650902367
  0
LINE
  5
2B9
330
17
100
AcDbEntity
  8
MIDDLE
100
AcDbLine
 10
310608.89032137365
 20
19296.091322682812
 30
4777.22650902367
 11
311608.9304094217
 21
19263.176085785602
 31
4820.451608597839
  0
LINE
  5
2BA
330
17
100
AcDbEntity
  8
MIDDLE
100
AcDbLine
 10
311608.9304094217
 20
19263.176085785602
 30
4820.451608597839
 11
312608.7063365633
 21
19239.871193714647
 31
4864.3441598081245
  0
LINE
  5
2BB
330
17
100
AcDbEntity
  8
MIDDLE
100
AcDbLine
 10
312608.7063365633
 20
19239.871193714647
 30
4864.3441598081245
 11
313608.0922769924
 21
19226.158781996048
 31
4908.869780406405
  0
LINE
  5
2BC
330
17
100
AcDbEntity
  8
MIDDLE
100
AcDbLine
 10
313608.0922769924
 20
19226.158781996048
 30
4908.869780406405
 11
314606.96282994904
 21
19222.019331575964
 31
4953.994088144531
  0
LINE
  5
2BD
330
17
100
AcDbEntity
  8
MIDDLE
100
AcDbLine
 10
314606.96282994904
 20
19222.019331575964
 30
4953.994088144531
 11
315605.1930486863
 21
19227.431676301025
 31
4999.682700774376
  0
LINE
  5
2BE
330
17
100
AcDbEntity
  8
MIDDLE
100
AcDbLine
 10
315605.1930486863
 20
19227.431676301025
 30
4999.682700774376
 11
316602.6584692845
 21
19242.373010839998
 31
5045.901236047798
  0
LINE
  5
2BF
330
17
100
AcDbEntity
  8
MIDDLE
100
AcDbLine
 10
316602.6584692845
 20
19242.373010839998
 30
5045.901236047798
 11
317599.235139307
 21
19266.81889904482
 31
5092.615311716663
  0
LINE
  5
2C0
330
17
100
AcDbEntity
  8
MIDDLE
100
AcDbLine
 10
317599.235139307
 20
19266.81889904482
 30
5092.615311716663
 11
318594.7996462881
 21
19300.743282747575
 31
5139.79054553285
  0
LINE
  5
2C1
330
17
100
AcDbEntity
  8
MIDDLE
100
AcDbLine
 10
318594.7996462881
 20
19300.743282747575
 30
5139.79054553285
 11
319589.22914604296
 21
19344.11849099145
 31
5187.392555248198
  0
LINE
  5
2C2
330
17
100
AcDbEntity
  8
MIDDLE
100
AcDbLine
 10
319589.22914604296
 20
19344.11849099145
 30
5187.392555248198
 11
320582.4013907961
 21
19396.915249692214
 31
5235.386958614583
  0
LINE
  5
2C3
330
17
100
AcDbEntity
  8
MIDDLE
100
AcDbLine
 10
320582.4013907961
 20
19396.915249692214
 30
5235.386958614583
 11
321574.1947571154
 21
19459.102691727567
 31
5283.739373383869
  0
LINE
  5
2C4
330
17
100
AcDbEntity
  8
MIDDLE
100
AcDbLine
 10
321574.1947571154
 20
19459.102691727567
 30
5283.739373383869
 11
322564.48827364633
 21
19530.648367450995
 31
5332.415417307932
  0
LINE
  5
2C5
330
17
100
AcDbEntity
  8
MIDDLE
100
AcDbLine
 10
322564.48827364633
 20
19530.648367450995
 30
5332.415417307932
 11
323553.1616486371
 21
19611.518255626976
 31
5381.380708138613
  0
LINE
  5
2C6
330
17
100
AcDbEntity
  8
MIDDLE
100
AcDbLine
 10
323553.1616486371
 20
19611.518255626976
 30
5381.380708138613
 11
324540.0952972493
 21
19701.67677478423
 31
5430.600863627787
  0
LINE
  5
2C7
330
17
100
AcDbEntity
  8
MIDDLE
100
AcDbLine
 10
324540.0952972493
 20
19701.67677478423
 30
5430.600863627787
 11
325525.1703686421
 21
19801.08679498332
 31
5480.041501527317
  0
LINE
  5
2C8
330
17
100
AcDbEntity
  8
MIDDLE
100
AcDbLine
 10
325525.1703686421
 20
19801.08679498332
 30
5480.041501527317
 11
326508.26877282583
 21
19909.709649995064
 31
5529.668239589075
  0
LINE
  5
2C9
330
17
100
AcDbEntity
  8
MIDDLE
100
AcDbLine
 10
326508.26877282583
 20
19909.709649995064
 30
5529.668239589075
 11
327489.2732072751
 21
20027.505149886012
 31
5579.446695564924
  0
LINE
  5
2CA
330
17
100
AcDbEntity
  8
MIDDLE
100
AcDbLine
 10
327489.2732072751
 20
20027.505149886012
 30
5579.446695564924
 11
328468.0671832949
 21
20154.431594007037
 31
5629.342487206713
  0
LINE
  5
2CB
330
17
100
AcDbEntity
  8
MIDDLE
100
AcDbLine
 10
328468.0671832949
 20
20154.431594007037
 30
5629.342487206713
 11
329444.53505213244
 21
20290.445784381303
 31
5679.321232266325
  0
LINE
  5
2CC
330
17
100
AcDbEntity
  8
MIDDLE
100
AcDbLine
 10
329444.53505213244
 20
20290.445784381303
 30
5679.321232266325
 11
330418.5620308246
 21
20435.50303948699
 31
5729.348548495607
  0
LINE
  5
2CD
330
17
100
AcDbEntity
  8
MIDDLE
100
AcDbLine
 10
330418.5620308246
 20
20435.50303948699
 30
5729.348548495607
 11
331390.03422777803
 21
20589.557208431088
 31
5779.3900536464325
  0
LINE
  5
2CE
330
17
100
AcDbEntity
  8
UPPER
100
AcDbLine
 10
331390.03422777803
 20
20589.557208431088
 30
5779.3900536464325
 11
332358.83866807015
 21
20752.560685509594
 31
5829.411365470668
  0
LINE
  5
2CF
330
17
100
AcDbEntity
  8
UPPER
100
AcDbLine
 10
332358.83866807015
 20
20752.560685509594
 30
5829.411365470668
 11
333324.8633184664
 21
20924.464425149567
 31
5879.3781017201745
  0
LINE
  5
2D0
330
17
100
AcDbEntity
  8
UPPER
100
AcDbLine
 10
333324.8633184664
 20
20924.464425149567
 30
5879.3781017201745
 11
334287.997112146
 21
21105.217957228815
 31
5929.255880146811
  0
LINE
  5
2D1
330
17
100
AcDbEntity
  8
UPPER
100
AcDbLine
 10
334287.997112146
 20
21105.217957228815
 30
5929.255880146811
 11
335248.12997312954
 21
21294.76940276834
 31
5979.010318502448
  0
LINE
  5
2D2
330
17
100
AcDbEntity
  8
UPPER
100
AcDbLine
 10
335248.12997312954
 20
21294.76940276834
 30
5979.010318502448
 11
336205.1528404
 21
21493.06548999249
 31
6028.607034538955
  0
LINE
  5
2D3
330
17
100
AcDbEntity
  8
UPPER
100
AcDbLine
 10
336205.1528404
 20
21493.06548999249
 30
6028.607034538955
 11
337158.9576917115
 21
21700.051570752308
 31
6078.011646008193
  0
LINE
  5
2D4
330
17
100
AcDbEntity
  8
UPPER
100
AcDbLine
 10
337158.9576917115
 20
21700.051570752308
 30
6078.011646008193
 11
338109.4375670791
 21
21915.6716373069
 31
6127.189770662009
  0
LINE
  5
2D5
330
17
100
AcDbEntity
  8
UPPER
100
AcDbLine
 10
338109.4375670791
 20
21915.6716373069
 30
6127.189770662009
 11
339056.4865919432
 21
22139.868339457764
 31
6176.107026252285
  0
LINE
  5
2D6
330
17
100
AcDbEntity
  8
UPPER
100
AcDbLine
 10
339056.4865919432
 20
22139.868339457764
 30
6176.107026252285
 11
340000.0
 21
22372.583002030467
 31
6224.729030530884
  0
LINE
  5
2D7
330
17
100
AcDbEntity
  8
UPPER
100
AcDbLine
 10
340000.0
 20
22372.583002030467
 30
6224.729030530884
 11
340939.8741556933
 21
22613.755642699063
 31
6273.021401249666
  0
LINE
  5
2D8
330
17
100
AcDbEntity
  8
UPPER
100
AcDbLine
 10
340939.8741556933
 20
22613.755642699063
 30
6273.021401249666
 11
341876.00657636183
 21
22863.32499014698
 31
6320.949756160493
  0
LINE
  5
2D9
330
17
100
AcDbEntity
  8
UPPER
100
AcDbLine
 10
341876.00657636183
 20
22863.32499014698
 30
6320.949756160493
 11
342808.295954034
 21
23121.228502559843
 31
6368.479713015232
  0
LINE
  5
2DA
330
17
100
AcDbEntity
  8
UPPER
100
AcDbLine
 10
342808.295954034
 20
23121.228502559843
 30
6368.479713015232
 11
343736.64217686484
 21
23387.4023864434
 31
6415.576889565755
  0
LINE
  5
2DB
330
17
100
AcDbEntity
  8
UPPER
100
AcDbLine
 10
343736.64217686484
 20
23387.4023864434
 30
6415.576889565755
 11
344660.9463502089
 21
23661.78161576187
 31
6462.206903563919
  0
LINE
  5
2DC
330
17
100
AcDbEntity
  8
UPPER
100
AcDbLine
 10
344660.9463502089
 20
23661.78161576187
 30
6462.206903563919
 11
345581.11081732344
 21
23944.29995139025
 31
6508.33537276158
  0
LINE
  5
2DD
330
17
100
AcDbEntity
  8
UPPER
100
AcDbLine
 10
345581.11081732344
 20
23944.29995139025
 30
6508.33537276158
 11
346497.0391796963
 21
24234.889960875335
 31
6553.92791491061
  0
LINE
  5
2DE
330
17
100
AcDbEntity
  8
UPPER
100
AcDbLine
 10
346497.0391796963
 20
24234.889960875335
 30
6553.92791491061
 11
347408.6363169912
 21
24533.48303849836
 31
6598.950147762876
  0
LINE
  5
2DF
330
17
100
AcDbEntity
  8
UPPER
100
AcDbLine
 10
347408.6363169912
 20
24533.48303849836
 30
6598.950147762876
 11
348315.8084066066
 21
24840.009425634235
 31
6643.367689070237
  0
LINE
  5
2E0
330
17
100
AcDbEntity
  8
UPPER
100
AcDbLine
 10
348315.8084066066
 20
24840.009425634235
 30
6643.367689070237
 11
349218.4629428426
 21
25154.398231400846
 31
6687.146156584562
  0
LINE
  5
2E1
330
17
100
AcDbEntity
  8
UPPER
100
AcDbLine
 10
349218.4629428426
 20
25154.398231400846
 30
6687.146156584562
 11
350116.50875566824
 21
25476.577453591774
 31
6730.251168057717
  0
LINE
  5
2E2
330
17
100
AcDbEntity
  8
UPPER
100
AcDbLine
 10
350116.50875566824
 20
25476.577453591774
 30
6730.251168057717
 11
351009.85602908686
 21
25806.473999886548
 31
6772.648341241553
  0
LINE
  5
2E3
330
17
100
AcDbEntity
  8
UPPER
100
AcDbLine
 10
351009.85602908686
 20
25806.473999886548
 30
6772.648341241553
 11
351898.4163190933
 21
26144.013709332085
 31
6814.303293887944
  0
LINE
  5
2E4
330
17
100
AcDbEntity
  8
UPPER
100
AcDbLine
 10
351898.4163190933
 20
26144.013709332085
 30
6814.303293887944
 11
352782.1025712167
 21
26489.12137408813
 31
6855.181643748752
  0
LINE
  5
2E5
330
17
100
AcDbEntity
  8
UPPER
100
AcDbLine
 10
352782.1025712167
 20
26489.12137408813
 30
6855.181643748752
 11
353660.8291376459
 21
26841.720761430963
 31
6895.249008575853
  0
LINE
  5
2E6
330
17
100
AcDbEntity
  8
UPPER
100
AcDbLine
 10
353660.8291376459
 20
26841.720761430963
 30
6895.249008575853
 11
354534.5117939308
 21
27201.734636007728
 31
6934.47100612109
  0
LINE
  5
2E7
330
17
100
AcDbEntity
  8
UPPER
100
AcDbLine
 10
354534.5117939308
 20
27201.734636007728
 30
6934.47100612109
 11
355403.067755258
 21
27569.084782336147
 31
6972.8132541363375
  0
LINE
  5
2E8
330
17
100
AcDbEntity
  8
UPPER
100
AcDbLine
 10
355403.067755258
 20
27569.084782336147
 30
6972.8132541363375
 11
356266.4156922925
 21
27943.69202754099
 31
7010.241370373459
  0
LINE
  5
2E9
330
17
100
AcDbEntity
  8
UPPER
100
AcDbLine
 10
356266.4156922925
 20
27943.69202754099
 30
7010.241370373459
 11
357124.4757465841
 21
28325.476264321722
 31
7046.7209725843295
  0
LINE
  5
2EA
330
17
100
AcDbEntity
  8
UPPER
100
AcDbLine
 10
357124.4757465841
 20
28325.476264321722
 30
7046.7209725843295
 11
357977.16954553145
 21
28714.356474143657
 31
7082.217678520792
  0
LINE
  5
2EB
330
17
100
AcDbEntity
  8
UPPER
100
AcDbLine
 10
357977.16954553145
 20
28714.356474143657
 30
7082.217678520792
 11
358824.42021690414
 21
29110.250750646657
 31
7116.6971059347225
  0
LINE
  5
2EC
330
17
100
AcDbEntity
  8
UPPER
100
AcDbLine
 10
358824.42021690414
 20
29110.250750646657
 30
7116.6971059347225
 11
359666.1524029132
 21
29513.076323262736
 31
7150.12487257799
  0
LINE
  5
2ED
330
17
100
AcDbEntity
  8
UPPER
100
AcDbLine
 10
359666.1524029132
 20
29513.076323262736
 30
7150.12487257799
 11
360502.2922738307
 21
29922.749581036514
 31
7182.466596202447
  0
LINE
  5
2EE
330
17
100
AcDbEntity
  8
UPPER
100
AcDbLine
 10
360502.2922738307
 20
29922.749581036514
 30
7182.466596202447
 11
361332.7675411523
 21
30339.186096641497
 31
7213.687894559966
  0
LINE
  5
2EF
330
17
100
AcDbEntity
  8
UPPER
100
AcDbLine
 10
361332.7675411523
 20
30339.186096641497
 30
7213.687894559966
 11
362157.5074703003
 21
30762.30065058384
 31
7243.754385402406
  0
LINE
  5
2F0
330
17
100
AcDbEntity
  8
UPPER
100
AcDbLine
 10
362157.5074703003
 20
30762.30065058384
 30
7243.754385402406
 11
362976.4428928636
 21
31192.007255587596
 31
7272.6316864816345
  0
LINE
  5
2F1
330
17
100
AcDbEntity
  8
UPPER
100
AcDbLine
 10
362976.4428928636
 20
31192.007255587596
 30
7272.6316864816345
 11
363789.5062183705
 21
31628.2191811529
 31
7300.285415549515
  0
LINE
  5
2F2
330
17
100
AcDbEntity
  8
UPPER
100
AcDbLine
 10
363789.5062183705
 20
31628.2191811529
 30
7300.285415549515
 11
364596.6314455929
 21
32070.84897828071
 31
7326.68119035791
  0
LINE
  5
2F3
330
17
100
AcDbEntity
  8
UPPER
100
AcDbLine
 10
364596.6314455929
 20
32070.84897828071
 30
7326.68119035791
 11
365397.75417337695
 21
32519.808504355966
 31
7351.784628658691
  0
LINE
  5
2F4
330
17
100
AcDbEntity
  8
UPPER
100
AcDbLine
 10
365397.75417337695
 20
32519.808504355966
 30
7351.784628658691
 11
366192.8116109984
 21
32975.00894818173
 31
7375.561348203714
  0
LINE
  5
2F5
330
17
100
AcDbEntity
  8
UPPER
100
AcDbLine
 10
366192.8116109984
 20
32975.00894818173
 30
7375.561348203714
 11
366981.7425880405
 21
33436.360855157145
 31
7397.976966744843
  0
LINE
  5
2F6
330
17
100
AcDbEntity
  8
UPPER
100
AcDbLine
 10
366981.7425880405
 20
33436.360855157145
 30
7397.976966744843
 11
367764.48756379023
 21
33903.77415259162
 31
7418.9971020339435
  0
LINE
  5
2F7
330
17
100
AcDbEntity
  8
UPPER
100
AcDbLine
 10
367764.48756379023
 20
33903.77415259162
 30
7418.9971020339435
 11
368540.9886361524
 21
34377.15817514688
 31
7438.587371822886
  0
LINE
  5
2F8
330
17
100
AcDbEntity
  8
UPPER
100
AcDbLine
 10
368540.9886361524
 20
34377.15817514688
 30
7438.587371822886
 11
369311.1895500767
 21
34856.4216903998
 31
7456.713393863523
  0
LINE
  5
2F9
330
17
100
AcDbEntity
  8
UPPER
100
AcDbLine
 10
369311.1895500767
 20
34856.4216903998
 30
7456.713393863523
 11
370075.0357055
 21
35341.472924518894
 31
7473.340785907729
  0
LINE
  5
2FA
330
17
100
AcDbEntity
  8
UPPER
100
AcDbLine
 10
370075.0357055
 20
35341.472924518894
 30
7473.340785907729
 11
370832.47416479624
 21
35832.21958804552
 31
7488.435165707361
  0
LINE
  5
2FB
330
17
100
AcDbEntity
  8
UPPER
100
AcDbLine
 10
370832.47416479624
 20
35832.21958804552
 30
7488.435165707361
 11
371583.4536597372
 21
36328.56890177271
 31
7501.96215101429
  0
LINE
  5
2FC
330
17
100
AcDbEntity
  8
UPPER
100
AcDbLine
 10
371583.4536597372
 20
36328.56890177271
 30
7501.96215101429
 11
372327.92459795903
 21
36830.42762271394
 31
7513.887359580376
  0
LINE
  5
2FD
330
17
100
AcDbEntity
  8
UPPER
100
AcDbLine
 10
372327.92459795903
 20
36830.42762271394
 30
7513.887359580376
 11
373065.83906893496
 21
37337.702070153726
 31
7524.176409157481
  0
LINE
  5
2FE
330
17
100
AcDbEntity
  8
UPPER
100
AcDbLine
 10
373065.83906893496
 20
37337.702070153726
 30
7524.176409157481
 11
373797.1508494523
 21
37850.29815177283
 31
7532.794917497475
  0
LINE
  5
2FF
330
17
100
AcDbEntity
  8
UPPER
100
AcDbLine
 10
373797.1508494523
 20
37850.29815177283
 30
7532.794917497475
 11
374521.8154085916
 21
38368.121389838845
 31
7539.708502352216
  0
LINE
  5
300
330
17
100
AcDbEntity
  8
UPPER
100
AcDbLine
 10
374521.8154085916
 20
38368.121389838845
 30
7539.708502352216
 11
375239.78991220874
 21
38891.07694745627
 31
7544.8827814735705
  0
LINE
  5
301
330
17
100
AcDbEntity
  8
UPPER
100
AcDbLine
 10
375239.78991220874
 20
38891.07694745627
 30
7544.8827814735705
 11
375951.0332269171
 21
39419.06965486636
 31
7548.283372613405
  0
LINE
  5
302
330
17
100
AcDbEntity
  8
UPPER
100
AcDbLine
 10
375951.0332269171
 20
39419.06965486636
 30
7548.283372613405
 11
376655.5059235705
 21
39952.004035789985
 31
7549.875893523582
  0
LINE
  5
303
330
17
100
AcDbEntity
  8
UPPER
100
AcDbLine
 10
376655.5059235705
 20
39952.004035789985
 30
7549.875893523582
 11
377353.17028024513
 21
40489.784333805044
 31
7550.0
  0
LINE
  5
304
330
17
100
AcDbEntity
  8
UPPER
100
AcDbLine
 10
377353.17028024513
 20
40489.784333805044
 30
7550.0
 11
378043.99028472154
 21
41032.31453875138
 31
7550.0
  0
LINE
  5
305
330
17
100
AcDbEntity
  8
UPPER
100
AcDbLine
 10
378043.99028472154
 20
41032.31453875138
 30
7550.0
 11
378727.80786928884
 21
41579.651693493375
 31
7550.0
  0
LINE
  5
306
330
17
100
AcDbEntity
  8
UPPER
100
AcDbLine
 10
378727.80786928884
 20
41579.651693493375
 30
7550.0
 11
379402.91676755645
 21
42133.72595591149
 31
7550.0
  0
LINE
  5
307
330
17
100
AcDbEntity
  8
UPPER
100
AcDbLine
 10
379402.91676755645
 20
42133.72595591149
 30
7550.0
 11
380066.58354596706
 21
42697.548252549466
 31
7550.0
  0
LINE
  5
308
330
17
100
AcDbEntity
  8
UPPER
100
AcDbLine
 10
380066.58354596706
 20
42697.548252549466
 30
7550.0
 11
380716.2151316524
 21
43273.73902529905
 31
7550.0
  0
LINE
  5
309
330
17
100
AcDbEntity
  8
UPPER
100
AcDbLine
 10
380716.2151316524
 20
43273.73902529905
 30
7550.0
 11
381349.5456530604
 21
43864.34037735012
 31
7550.0
  0
LINE
  5
30A
330
17
100
AcDbEntity
  8
UPPER
100
AcDbLine
 10
381349.5456530604
 20
43864.34037735012
 30
7550.0
 11
381964.7909261124
 21
44470.68601118356
 31
7550.0
  0
LINE
  5
30B
330
17
100
AcDbEntity
  8
UPPER
100
AcDbLine
 10
381964.7909261124
 20
44470.68601118356
 30
7550.0
 11
382560.78171000537
 21
45093.31046684855
 31
7550.0
  0
LINE
  5
30C
330
17
100
AcDbEntity
  8
UPPER
100
AcDbLine
 10
382560.78171000537
 20
45093.31046684855
 30
7550.0
 11
383137.06811493466
 21
45731.90190735599
 31
7550.0
  0
LINE
  5
30D
330
17
100
AcDbEntity
  8
UPPER
100
AcDbLine
 10
383137.06811493466
 20
45731.90190735599
 30
7550.0
 11
383693.98887525906
 21
46385.3004458058
 31
7550.0
  0
LINE
  5
30E
330
17
100
AcDbEntity
  8
UPPER
100
AcDbLine
 10
383693.98887525906
 20
46385.3004458058
 30
7550.0
 11
384232.70088239526
 21
47051.54168607598
 31
7550.0
  0
LINE
  5
30F
330
17
100
AcDbEntity
  8
UPPER
100
AcDbLine
 10
384232.70088239526
 20
47051.54168607598
 30
7550.0
 11
384755.166321376
 21
47727.94287270912
 31
7550.0
  0
LINE
  5
310
330
17
100
AcDbEntity
  8
UPPER
100
AcDbLine
 10
384755.166321376
 20
47727.94287270912
 30
7550.0
 11
385264.0968778252
 21
48411.226929334145
 31
7550.0
  0
LINE
  5
311
330
17
100
AcDbEntity
  8
UPPER
100
AcDbLine
 10
385264.0968778252
 20
48411.226929334145
 30
7550.0
 11
385762.85667204624
 21
49097.677812340575
 31
7550.0
  0
LINE
  5
312
330
17
100
AcDbEntity
  8
UPPER
100
AcDbLine
 10
385762.85667204624
 20
49097.677812340575
 30
7550.0
 11
386255.3277228896
 21
49783.31910672689
 31
7550.0
  0
LINE
  5
313
330
17
100
AcDbEntity
  8
UPPER
100
AcDbLine
 10
386255.3277228896
 20
49783.31910672689
 30
7550.0
 11
386745.743735607
 21
50464.106714334506
 31
7550.0
  0
LINE
  5
314
330
17
100
AcDbEntity
  8
UPPER
100
AcDbLine
 10
386745.743735607
 20
50464.106714334506
 30
7550.0
 11
387238.4997408356
 21
51136.12587911105
 31
7550.0
  0
LINE
  5
315
330
17
100
AcDbEntity
  8
UPPER
100
AcDbLine
 10
387238.4997408356
 20
51136.12587911105
 30
7550.0
 11
387737.9464937888
 21
51795.782683399506
 31
7550.0
  0
LINE
  5
316
330
17
100
AcDbEntity
  8
UPPER
100
AcDbLine
 10
387737.9464937888
 20
51795.782683399506
 30
7550.0
 11
388248.1794978438
 21
52439.98053211216
 31
7550.0
  0
LINE
  5
317
330
17
100
AcDbEntity
  8
UPPER
100
AcDbLine
 10
388248.1794978438
 20
52439.98053211216
 30
7550.0
 11
388772.8329899644
 21
53066.272991901824
 31
7550.0
  0
LINE
  5
318
330
17
100
AcDbEntity
  8
UPPER
100
AcDbLine
 10
388772.8329899644
 20
53066.272991901824
 30
7550.0
 11
389314.8891855163
 21
53672.9856208822
 31
7550.0
  0
LINE
  5
319
330
17
100
AcDbEntity
  8
UPPER
100
AcDbLine
 10
389314.8891855163
 20
53672.9856208822
 30
7550.0
 11
389876.51252146985
 21
54259.30104161789
 31
7550.0
  0
LINE
  5
31A
330
17
100
AcDbEntity
  8
UPPER
100
AcDbLine
 10
389876.51252146985
 20
54259.30104161789
 30
7550.0
 11
390458.917580484
 21
54825.30339009505
 31
7550.0
  0
LINE
  5
31B
330
17
100
AcDbEntity
  8
UPPER
100
AcDbLine
 10
390458.917580484
 20
54825.30339009505
 30
7550.0
 11
391062.2778702221
 21
55371.98031838838
 31
7550.0
  0
LINE
  5
31C
330
17
100
AcDbEntity
  8
UPPER
100
AcDbLine
 10
391062.2778702221
 20
55371.98031838838
 30
7550.0
 11
391685.68074227514
 21
55901.18283420601
 31
7550.0
  0
LINE
  5
31D
330
17
100
AcDbEntity
  8
UPPER
100
AcDbLine
 10
391685.68074227514
 20
55901.18283420601
 30
7550.0
 11
392327.1315532527
 21
56415.54532043678
 31
7550.0
  0
LINE
  5
31E
330
17
100
AcDbEntity
  8
UPPER
100
AcDbLine
 10
392327.1315532527
 20
56415.54532043678
 30
7550.0
 11
392983.6078028427
 21
56918.36999026879
 31
7550.0
  0
LINE
  5
31F
330
17
100
AcDbEntity
  8
UPPER
100
AcDbLine
 10
392983.6078028427
 20
56918.36999026879
 30
7550.0
 11
393651.1615464532
 21
57413.481705438884
 31
7550.0
  0
LINE
  5
320
330
17
100
AcDbEntity
  8
UPPER
100
AcDbLine
 10
393651.1615464532
 20
57413.481705438884
 30
7550.0
 11
394325.0659948378
 21
57905.06043738625
 31
7550.0
  0
LINE
  5
321
330
17
100
AcDbEntity
  8
UPPER
100
AcDbLine
 10
394325.0659948378
 20
57905.06043738625
 30
7550.0
 11
395000.0
 21
58397.459621556125
 31
7550.0
  0
LINE
  5
322
330
17
100
AcDbEntity
  8
UPPER
100
AcDbLine
 10
395000.0
 20
58397.459621556125
 30
7550.0
 11
395670.26219844876
 21
58895.01920209726
 31
7550.0
  0
LINE
  5
323
330
17
100
AcDbEntity
  8
UPPER
100
AcDbLine
 10
395670.26219844876
 20
58895.01920209726
 30
7550.0
 11
396330.0050391896
 21
59401.882267990484
 31
7550.0
  0
LINE
  5
324
330
17
100
AcDbEntity
  8
UPPER
100
AcDbLine
 10
396330.0050391896
 20
59401.882267990484
 30
7550.0
 11
396973.47784597566
 21
59921.8238450872
 31
7550.0
  0
LINE
  5
325
330
17
100
AcDbEntity
  8
UPPER
100
AcDbLine
 10
396973.47784597566
 20
59921.8238450872
 30
7550.0
 11
397595.2675100446
 21
60458.099656581726
 31
7550.0
  0
LINE
  5
326
330
17
100
AcDbEntity
  8
UPPER
100
AcDbLine
 10
397595.2675100446
 20
60458.099656581726
 30
7550.0
 11
398190.5254137228
 21
61013.32154243062
 31
7550.0
  0
LINE
  5
327
330
17
100
AcDbEntity
  8
UPPER
100
AcDbLine
 10
398190.5254137228
 20
61013.32154243062
 30
7550.0
 11
398755.16975212947
 21
61589.36479928877
 31
7550.0
  0
LINE
  5
328
330
17
100
AcDbEntity
  8
UPPER
100
AcDbLine
 10
398755.16975212947
 20
61589.36479928877
 30
7550.0
 11
399286.05352677027
 21
62187.31104398422
 31
7550.0
  0
LINE
  5
329
330
17
100
AcDbEntity
  8
UPPER
100
AcDbLine
 10
399286.05352677027
 20
62187.31104398422
 30
7550.0
 11
399781.0900808081
 21
62807.42840279889
 31
7550.0
  0
LINE
  5
32A
330
17
100
AcDbEntity
  8
UPPER
100
AcDbLine
 10
399781.0900808081
 20
62807.42840279889
 30
7550.0
 11
400239.33005597425
 21
63449.188978671955
 31
7550.0
  0
LINE
  5
32B
330
17
100
AcDbEntity
  8
UPPER
100
AcDbLine
 10
400239.33005597425
 20
63449.188978671955
 30
7550.0
 11
400660.98597878887
 21
64111.32174232884
 31
7550.0
  0
LINE
  5
32C
330
17
100
AcDbEntity
  8
UPPER
100
AcDbLine
 10
400660.98597878887
 20
64111.32174232884
 30
7550.0
 11
401047.40321561805
 21
64791.897320559525
 31
7550.0
  0
LINE
  5
32D
330
17
100
AcDbEntity
  8
UPPER
100
AcDbLine
 10
401047.40321561805
 20
64791.897320559525
 30
7550.0
 11
401400.97864761937
 21
65488.43969610905
 31
7550.0
  0
LINE
  5
32E
330
17
100
AcDbEntity
  8
UPPER
100
AcDbLine
 10
401400.97864761937
 20
65488.43969610905
 30
7550.0
 11
401725.0309783856
 21
66198.05865710671
 31
7550.0
  0
LINE
  5
32F
330
17
100
AcDbEntity
  8
UPPER
100
AcDbLine
 10
401725.0309783856
 20
66198.05865710671
 30
7550.0
 11
402023.628971162
 21
66917.59599206742
 31
7550.0
  0
LINE
  5
330
330
17
100
AcDbEntity
  8
UPPER
100
AcDbLine
 10
402023.628971162
 20
66917.59599206742
 30
7550.0
 11
402301.38599895255
 21
67643.77795364722
 31
7550.0
  0
LINE
  5
331
330
17
100
AcDbEntity
  8
UPPER
100
AcDbLine
 10
402301.38599895255
 20
67643.77795364722
 30
7550.0
 11
402563.2309737491
 21
68373.36642543483
 31
7550.0
  0
LINE
  5
332
330
17
100
AcDbEntity
  8
UPPER
100
AcDbLine
 10
402563.2309737491
 20
68373.36642543483
 30
7550.0
 11
402814.16691409197
 21
69103.30151626753
 31
7550.0
  0
LINE
  5
333
330
17
100
AcDbEntity
  8
UPPER
100
AcDbLine
 10
402814.16691409197
 20
69103.30151626753
 30
7550.0
 11
403059.02905072045
 21
69830.82895188873
 31
7550.0
  0
LINE
  5
334
330
17
100
AcDbEntity
  8
UPPER
100
AcDbLine
 10
403059.02905072045
 20
69830.82895188873
 30
7550.0
 11
403302.25442293
 21
70553.60659278902
 31
7550.0
  0
LINE
  5
335
330
17
100
AcDbEntity
  8
UPPER
100
AcDbLine
 10
403302.25442293
 20
70553.60659278902
 30
7550.0
 11
403547.6743773407
 21
71269.7856233845
 31
7550.0
  0
LINE
  5
336
330
17
100
AcDbEntity
  8
UPPER
100
AcDbLine
 10
403547.6743773407
 20
71269.7856233845
 30
7550.0
 11
403798.3402696429
 21
71978.06336317367
 31
7550.0
  0
LINE
  5
337
330
17
100
AcDbEntity
  8
UPPER
100
AcDbLine
 10
403798.3402696429
 20
71978.06336317367
 30
7550.0
 11
404056.3910407368
 21
72677.70616905454
 31
7550.0
  0
LINE
  5
338
330
17
100
AcDbEntity
  8
UPPER
100
AcDbLine
 10
404056.3910407368
 20
72677.70616905454
 30
7550.0
 11
404322.9692699019
 21
73368.54244960383
 31
7550.0
  0
LINE
  5
339
330
17
100
AcDbEntity
  8
UPPER
100
AcDbLine
 10
404322.9692699019
 20
73368.54244960383
 30
7550.0
 11
404598.1899000364
 21
74050.92731713386
 31
7550.0
  0
LINE
  5
33A
330
17
100
AcDbEntity
  8
UPPER
100
AcDbLine
 10
404598.1899000364
 20
74050.92731713386
 30
7550.0
 11
404881.16320186225
 21
74725.68178646747
 31
7550.0
  0
LINE
  5
33B
330
17
100
AcDbEntity
  8
UPPER
100
AcDbLine
 10
404881.16320186225
 20
74725.68178646747
 30
7550.0
 11
405170.07082526264
 21
75394.01062350301
 31
7550.0
  0
LINE
  5
33C
330
17
100
AcDbEntity
  8
UPPER
100
AcDbLine
 10
405170.07082526264
 20
75394.01062350301
 30
7550.0
 11
405462.29111171974
 21
76057.40389606934
 31
7550.0
  0
LINE
  5
33D
330
17
100
AcDbEntity
  8
UPPER
100
AcDbLine
 10
405462.29111171974
 20
76057.40389606934
 30
7550.0
 11
405754.56734581204
 21
76717.52794264068
 31
7550.0
  0
LINE
  5
33E
330
17
100
AcDbEntity
  8
UPPER
100
AcDbLine
 10
405754.56734581204
 20
76717.52794264068
 30
7550.0
 11
406043.2394655315
 21
77376.09921991544
 31
7550.0
  0
LINE
  5
33F
330
17
100
AcDbEntity
  8
UPPER
100
AcDbLine
 10
406043.2394655315
 20
77376.09921991544
 30
7550.0
 11
406325.96664496465
 21
78034.13762359876
 31
7550.0
  0
LINE
  5
340
330
17
100
AcDbEntity
  8
UPPER
100
AcDbLine
 10
406325.96664496465
 20
78034.13762359876
 30
7550.0
 11
406602.62179638824
 21
78691.65651000368
 31
7549.875893523582
  0
LINE
  5
341
330
17
100
AcDbEntity
  8
UPPER
100
AcDbLine
 10
406602.62179638824
 20
78691.65651000368
 30
7549.875893523582
 11
406873.2589335031
 21
79348.59051454489
 31
7548.283372613405
  0
LINE
  5
342
330
17
100
AcDbEntity
  8
UPPER
100
AcDbLine
 10
406873.2589335031
 20
79348.59051454489
 30
7548.283372613405
 11
407137.9330355337
 21
80004.87539471622
 31
7544.882781473571
  0
LINE
  5
343
330
17
100
AcDbEntity
  8
UPPER
100
AcDbLine
 10
407137.9330355337
 20
80004.87539471622
 30
7544.882781473571
 11
407396.70002351934
 21
80660.44804358465
 31
7539.708502352216
  0
LINE
  5
344
330
17
100
AcDbEntity
  8
UPPER
100
AcDbLine
 10
407396.70002351934
 20
80660.44804358465
 30
7539.708502352216
 11
407649.61673636304
 21
81315.2465028929
 31
7532.794917497474
  0
LINE
  5
345
330
17
100
AcDbEntity
  8
UPPER
100
AcDbLine
 10
407649.61673636304
 20
81315.2465028929
 30
7532.794917497474
 11
407896.74090664665
 21
81969.2099757676
 31
7524.176409157481
  0
LINE
  5
346
330
17
100
AcDbEntity
  8
UPPER
100
AcDbLine
 10
407896.74090664665
 20
81969.2099757676
 30
7524.176409157481
 11
408138.13113621814
 21
82622.27883903011
 31
7513.887359580375
  0
LINE
  5
347
330
17
100
AcDbEntity
  8
UPPER
100
AcDbLine
 10
408138.13113621814
 20
82622.27883903011
 30
7513.887359580375
 11
408373.8468715606
 21
83274.39465510471
 31
7501.962151014291
  0
LINE
  5
348
330
17
100
AcDbEntity
  8
UPPER
100
AcDbLine
 10
408373.8468715606
 20
83274.39465510471
 30
7501.962151014291
 11
408603.9483789497
 21
83925.50018352323
 31
7488.435165707361
  0
LINE
  5
349
330
17
100
AcDbEntity
  8
UPPER
100
AcDbLine
 10
408603.9483789497
 20
83925.50018352323
 30
7488.435165707361
 11
408828.4967194079
 21
84575.5393920202
 31
7473.340785907729
  0
LINE
  5
34A
330
17
100
AcDbEntity
  8
UPPER
100
AcDbLine
 10
408828.4967194079
 20
84575.5393920202
 30
7473.340785907729
 11
409047.55372346326
 21
85224.4574672183
 31
7456.713393863525
  0
LINE
  5
34B
330
17
100
AcDbEntity
  8
UPPER
100
AcDbLine
 10
409047.55372346326
 20
85224.4574672183
 30
7456.713393863525
 11
409261.18196572113
 21
85872.20082489878
 31
7438.587371822884
  0
LINE
  5
34C
330
17
100
AcDbEntity
  8
UPPER
100
AcDbLine
 10
409261.18196572113
 20
85872.20082489878
 30
7438.587371822884
 11
409469.44473925605
 21
86518.717119855
 31
7418.997102033945
  0
LINE
  5
34D
330
17
100
AcDbEntity
  8
UPPER
100
AcDbLine
 10
409469.44473925605
 20
86518.717119855
 30
7418.997102033945
 11
409672.40602983336
 21
87163.95525532725
 31
7397.9769667448445
  0
LINE
  5
34E
330
17
100
AcDbEntity
  8
UPPER
100
AcDbLine
 10
409672.40602983336
 20
87163.95525532725
 30
7397.9769667448445
 11
409870.130489967
 21
87807.86539201441
 31
7375.561348203716
  0
LINE
  5
34F
330
17
100
AcDbEntity
  8
UPPER
100
AcDbLine
 10
409870.130489967
 20
87807.86539201441
 30
7375.561348203716
 11
410062.68341282284
 21
88450.39895666164
 31
7351.784628658692
  0
LINE
  5
350
330
17
100
AcDbEntity
  8
UPPER
100
AcDbLine
 10
410062.68341282284
 20
88450.39895666164
 30
7351.784628658692
 11
410250.1307059758
 21
89091.50865022048
 31
7326.681190357916
  0
LINE
  5
351
330
17
100
AcDbEntity
  8
UPPER
100
AcDbLine
 10
410250.1307059758
 20
89091.50865022048
 30
7326.681190357916
 11
410432.53886502853
 21
89731.14845558125
 31
7300.2854155495215
  0
LINE
  5
352
330
17
100
AcDbEntity
  8
UPPER
100
AcDbLine
 10
410432.53886502853
 20
89731.14845558125
 30
7300.2854155495215
 11
410609.97494710004
 21
90369.2736448729
 31
7272.631686481642
  0
LINE
  5
353
330
17
100
AcDbEntity
  8
UPPER
100
AcDbLine
 10
410609.97494710004
 20
90369.2736448729
 30
7272.631686481642
 11
410782.50654419354
 21
91005.84078633065
 31
7243.75438540241
  0
LINE
  5
354
330
17
100
AcDbEntity
  8
UPPER
100
AcDbLine
 10
410782.50654419354
 20
91005.84078633065
 30
7243.75438540241
 11
410950.2017564505
 21
91640.80775072858
 31
7213.687894559966
  0
LINE
  5
355
330
17
100
AcDbEntity
  8
UPPER
100
AcDbLine
 10
410950.2017564505
 20
91640.80775072858
 30
7213.687894559966
 11
411113.1291653005
 21
92274.13371737594
 31
7182.466596202447
  0
LINE
  5
356
330
17
100
AcDbEntity
  8
UPPER
100
AcDbLine
 10
411113.1291653005
 20
92274.13371737594
 30
7182.466596202447
 11
411271.35780651495
 21
92905.77917967587
 31
7150.124872577986
  0
LINE
  5
357
330
17
100
AcDbEntity
  8
UPPER
100
AcDbLine
 10
411271.35780651495
 20
92905.77917967587
 30
7150.124872577986
 11
411424.9571431734
 21
93535.70595024398
 31
7116.697105934725
  0
LINE
  5
358
330
17
100
AcDbEntity
  8
UPPER
100
AcDbLine
 10
411424.9571431734
 20
93535.70595024398
 30
7116.697105934725
 11
411573.9970385502
 21
94163.87716558753
 31
7082.217678520794
  0
LINE
  5
359
330
17
100
AcDbEntity
  8
UPPER
100
AcDbLine
 10
411573.9970385502
 20
94163.87716558753
 30
7082.217678520794
 11
411718.5477289313
 21
94790.25729034224
 31
7046.720972584325
  0
LINE
  5
35A
330
17
100
AcDbEntity
  8
UPPER
100
AcDbLine
 10
411718.5477289313
 20
94790.25729034224
 30
7046.720972584325
 11
411858.67979636876
 21
95414.81212106657
 31
7010.241370373464
  0
LINE
  5
35B
330
17
100
AcDbEntity
  8
UPPER
100
AcDbLine
 10
411858.67979636876
 20
95414.81212106657
 30
7010.241370373464
 11
411994.46414138156
 21
96037.50878959328
 31
6972.813254136343
  0
LINE
  5
35C
330
17
100
AcDbEntity
  8
UPPER
100
AcDbLine
 10
411994.46414138156
 20
96037.50878959328
 30
6972.813254136343
 11
412125.9719556128
 21
96658.31576593632
 31
6934.471006121096
  0
LINE
  5
35D
330
17
100
AcDbEntity
  8
UPPER
100
AcDbLine
 10
412125.9719556128
 20
96658.31576593632
 30
6934.471006121096
 11
412253.2746944495
 21
97277.20286075342
 31
6895.249008575859
  0
LINE
  5
35E
330
17
100
AcDbEntity
  8
UPPER
100
AcDbLine
 10
412253.2746944495
 20
97277.20286075342
 30
6895.249008575859
 11
412376.4440496152
 21
97894.14122736367
 31
6855.181643748754
  0
LINE
  5
35F
330
17
100
AcDbEntity
  8
UPPER
100
AcDbLine
 10
412376.4440496152
 20
97894.14122736367
 30
6855.181643748754
 11
412495.55192174425
 21
98509.10336331908
 31
6814.303293887946
  0
LINE
  5
360
330
17
100
AcDbEntity
  8
UPPER
100
AcDbLine
 10
412495.55192174425
 20
98509.10336331908
 30
6814.303293887946
 11
412610.6703929452
 21
99122.06311153258
 31
6772.6483412415555
  0
LINE
  5
361
330
17
100
AcDbEntity
  8
UPPER
100
AcDbLine
 10
412610.6703929452
 20
99122.06311153258
 30
6772.6483412415555
 11
412721.87169936264
 21
99732.99566095861
 31
6730.251168057719
  0
LINE
  5
362
330
17
100
AcDbEntity
  8
UPPER
100
AcDbLine
 10
412721.87169936264
 20
99732.99566095861
 30
6730.251168057719
 11
412829.22820374643
 21
100341.87754682946
 31
6687.146156584564
  0
LINE
  5
363
330
17
100
AcDbEntity
  8
UPPER
100
AcDbLine
 10
412829.22820374643
 20
100341.87754682946
 30
6687.146156584564
 11
412932.81236803584
 21
100948.6866504464
 31
6643.367689070243
  0
LINE
  5
364
330
17
100
AcDbEntity
  8
UPPER
100
AcDbLine
 10
412932.81236803584
 20
100948.6866504464
 30
6643.367689070243
 11
413032.6967259689
 21
101553.4021985265
 31
6598.950147762883
  0
LINE
  5
365
330
17
100
AcDbEntity
  8
UPPER
100
AcDbLine
 10
413032.6967259689
 20
101553.4021985265
 30
6598.950147762883
 11
413128.95385572314
 21
102156.00476210512
 31
6553.927914910613
  0
LINE
  5
366
330
17
100
AcDbEntity
  8
UPPER
100
AcDbLine
 10
413128.95385572314
 20
102156.00476210512
 30
6553.927914910613
 11
413221.6563525994
 21
102756.47625499482
 31
6508.335372761582
  0
LINE
  5
367
330
17
100
AcDbEntity
  8
UPPER
100
AcDbLine
 10
413221.6563525994
 20
102756.47625499482
 30
6508.335372761582
 11
413310.87680175446
 21
103354.79993180285
 31
6462.206903563914
  0
LINE
  5
368
330
17
100
AcDbEntity
  8
UPPER
100
AcDbLine
 10
413310.87680175446
 20
103354.79993180285
 30
6462.206903563914
 11
413396.6877509926
 21
103950.96038550549
 31
6415.5768895657575
  0
LINE
  5
369
330
17
100
AcDbEntity
  8
UPPER
100
AcDbLine
 10
413396.6877509926
 20
103950.96038550549
 30
6415.5768895657575
 11
413479.1616836244
 21
104544.94354458361
 31
6368.479713015235
  0
LINE
  5
36A
330
17
100
AcDbEntity
  8
UPPER
100
AcDbLine
 10
413479.1616836244
 20
104544.94354458361
 30
6368.479713015235
 11
413558.3709914007
 21
105136.73666971763
 31
6320.949756160496
  0
LINE
  5
36B
330
17
100
AcDbEntity
  8
UPPER
100
AcDbLine
 10
413558.3709914007
 20
105136.73666971763
 30
6320.949756160496
 11
413634.3879475315
 21
105726.32835004566
 31
6273.02140124967
  0
LINE
  5
36C
330
17
100
AcDbEntity
  8
UPPER
100
AcDbLine
 10
413634.3879475315
 20
105726.32835004566
 30
6273.02140124967
 11
413707.2846797963
 21
106313.7084989848
 31
6224.7290305308825
  0
LINE
  5
36D
330
17
100
AcDbEntity
  8
UPPER
100
AcDbLine
 10
413707.2846797963
 20
106313.7084989848
 30
6224.7290305308825
 11
413777.1331437564
 21
106898.86834961735
 31
6176.107026252287
  0
LINE
  5
36E
330
17
100
AcDbEntity
  8
UPPER
100
AcDbLine
 10
413777.1331437564
 20
106898.86834961735
 30
6176.107026252287
 11
413844.00509607623
 21
107481.80044964545
 31
6127.189770662014
  0
LINE
  5
36F
330
17
100
AcDbEntity
  8
UPPER
100
AcDbLine
 10
413844.00509607623
 20
107481.80044964545
 30
6127.189770662014
 11
413907.972067962
 21
108062.49865591318
 31
6078.0116460081945
  0
LINE
  5
370
330
17
100
AcDbEntity
  8
UPPER
100
AcDbLine
 10
413907.972067962
 20
108062.49865591318
 30
6078.0116460081945
 11
413969.1053387275
 21
108640.95812850073
 31
6028.607034538959
  0
LINE
  5
371
330
17
100
AcDbEntity
  8
UPPER
100
AcDbLine
 10
413969.1053387275
 20
108640.95812850073
 30
6028.607034538959
 11
414027.4759094927
 21
109217.17532439076
 31
5979.010318502459
  0
LINE
  5
372
330
17
100
AcDbEntity
  8
UPPER
100
AcDbLine
 10
414027.4759094927
 20
109217.17532439076
 30
5979.010318502459
 11
414083.1544770268
 21
109791.14799071172
 31
5929.255880146822
  0
LINE
  5
373
330
17
100
AcDbEntity
  8
UPPER
100
AcDbLine
 10
414083.1544770268
 20
109791.14799071172
 30
5929.255880146822
 11
414136.2114077403
 21
110362.87515755773
 31
5879.378101720177
  0
LINE
  5
374
330
17
100
AcDbEntity
  8
UPPER
100
AcDbLine
 10
414136.2114077403
 20
110362.87515755773
 30
5879.378101720177
 11
414186.7167118372
 21
110932.35713038947
 31
5829.411365470666
  0
LINE
  5
375
330
17
100
AcDbEntity
  8
UPPER
100
AcDbLine
 10
414186.7167118372
 20
110932.35713038947
 30
5829.411365470666
 11
414234.7400176337
 21
111499.59548201838
 31
5779.390053646435
  0
LINE
  5
376
330
17
100
AcDbEntity
  8
UPPER
100
AcDbLine
 10
414234.7400176337
 20
111499.59548201838
 30
5779.390053646435
 11
414280.3505460519
 21
112064.59304417677
 31
5729.34854849561
  0
LINE
  5
377
330
17
100
AcDbEntity
  8
MIDDLE
100
AcDbLine
 10
414280.3505460519
 20
112064.59304417677
 30
5729.34854849561
 11
414323.61708529684
 21
112627.35389867697
 31
5679.321232266319
  0
LINE
  5
378
330
17
100
AcDbEntity
  8
MIDDLE
100
AcDbLine
 10
414323.61708529684
 20
112627.35389867697
 30
5679.321232266319
 11
414364.6079657242
 21
113187.88336816191
 31
5629.342487206715
  0
LINE
  5
379
330
17
100
AcDbEntity
  8
MIDDLE
100
AcDbLine
 10
414364.6079657242
 20
113187.88336816191
 30
5629.342487206715
 11
414403.3910349069
 21
113746.18800645211
 31
5579.446695564918
  0
LINE
  5
37A
330
17
100
AcDbEntity
  8
MIDDLE
100
AcDbLine
 10
414403.3910349069
 20
113746.18800645211
 30
5579.446695564918
 11
414440.03363290866
 21
114302.27558848992
 31
5529.668239589078
  0
LINE
  5
37B
330
17
100
AcDbEntity
  8
MIDDLE
100
AcDbLine
 10
414440.03363290866
 20
114302.27558848992
 30
5529.668239589078
 11
414474.6025677711
 21
114856.15509988685
 31
5480.041501527326
  0
LINE
  5
37C
330
17
100
AcDbEntity
  8
MIDDLE
100
AcDbLine
 10
414474.6025677711
 20
114856.15509988685
 30
5480.041501527326
 11
414507.1640912238
 21
115407.83672607563
 31
5430.600863627794
  0
LINE
  5
37D
330
17
100
AcDbEntity
  8
MIDDLE
100
AcDbLine
 10
414507.1640912238
 20
115407.83672607563
 30
5430.600863627794
 11
414537.78387462295
 21
115957.3318410722
 31
5381.380708138619
  0
LINE
  5
37E
330
17
100
AcDbEntity
  8
MIDDLE
100
AcDbLine
 10
414537.78387462295
 20
115957.3318410722
 30
5381.380708138619
 11
414566.5269851283
 21
116504.65299585051
 31
5332.415417307922
  0
LINE
  5
37F
330
17
100
AcDbEntity
  8
MIDDLE
100
AcDbLine
 10
414566.5269851283
 20
116504.65299585051
 30
5332.415417307922
 11
414593.4578621235
 21
117049.81390633371
 31
5283.739373383871
  0
LINE
  5
380
330
17
100
AcDbEntity
  8
MIDDLE
100
AcDbLine
 10
414593.4578621235
 20
117049.81390633371
 30
5283.739373383871
 11
414618.64029388933
 21
117592.82944100793
 31
5235.386958614586
  0
LINE
  5
381
330
17
100
AcDbEntity
  8
MIDDLE
100
AcDbLine
 10
414618.64029388933
 20
117592.82944100793
 30
5235.386958614586
 11
414642.13739453524
 21
118133.71560815972
 31
5187.392555248202
  0
LINE
  5
382
330
17
100
AcDbEntity
  8
MIDDLE
100
AcDbLine
 10
414642.13739453524
 20
118133.71560815972
 30
5187.392555248202
 11
414664.0115811982
 21
118672.48954274398
 31
5139.790545532846
  0
LINE
  5
383
330
17
100
AcDbEntity
  8
MIDDLE
100
AcDbLine
 10
414664.0115811982
 20
118672.48954274398
 30
5139.790545532846
 11
414684.32455151447
 21
119209.16949288489
 31
5092.61531171667
  0
LINE
  5
384
330
17
100
AcDbEntity
  8
MIDDLE
100
AcDbLine
 10
414684.32455151447
 20
119209.16949288489
 30
5092.61531171667
 11
414703.13726137223
 21
119743.77480601666
 31
5045.901236047804
  0
LINE
  5
385
330
17
100
AcDbEntity
  8
MIDDLE
100
AcDbLine
 10
414703.13726137223
 20
119743.77480601666
 30
5045.901236047804
 11
414720.50990295195
 21
120276.32591466584
 31
4999.682700774382
  0
LINE
  5
386
330
17
100
AcDbEntity
  8
MIDDLE
100
AcDbLine
 10
414720.50990295195
 20
120276.32591466584
 30
4999.682700774382
 11
414736.50188306026
 21
120806.84432188231
 31
4953.994088144534
  0
LINE
  5
387
330
17
100
AcDbEntity
  8
MIDDLE
100
AcDbLine
 10
414736.50188306026
 20
120806.84432188231
 30
4953.994088144534
 11
414751.17180176615
 21
121335.35258632236
 31
4908.8697804064
  0
LINE
  5
388
330
17
100
AcDbEntity
  8
MIDDLE
100
AcDbLine
 10
414751.17180176615
 20
121335.35258632236
 30
4908.8697804064
 11
414764.57743134396
 21
121861.87430698964
 31
4864.344159808126
  0
LINE
  5
389
330
17
100
AcDbEntity
  8
MIDDLE
100
AcDbLine
 10
414764.57743134396
 20
121861.87430698964
 30
4864.344159808126
 11
414776.7756955317
 21
122386.43410763884
 31
4820.451608597834
  0
LINE
  5
38A
330
17
100
AcDbEntity
  8
MIDDLE
100
AcDbLine
 10
414776.7756955317
 20
122386.43410763884
 30
4820.451608597834
 11
414787.82264910924
 21
122909.05762084632
 31
4777.226509023672
  0
LINE
  5
38B
330
17
100
AcDbEntity
  8
MIDDLE
100
AcDbLine
 10
414787.82264910924
 20
122909.05762084632
 30
4777.226509023672
 11
414797.7734578046
 21
123429.77147175485
 31
4734.703243333771
  0
LINE
  5
38C
330
17
100
AcDbEntity
  8
MIDDLE
100
AcDbLine
 10
414797.7734578046
 20
123429.77147175485
 30
4734.703243333771
 11
414806.6823785331
 21
123948.60326149593
 31
4692.916193776264
  0
LINE
  5
38D
330
17
100
AcDbEntity
  8
MIDDLE
100
AcDbLine
 10
414806.6823785331
 20
123948.60326149593
 30
4692.916193776264
 11
414814.6027399767
 21
124465.581550296
 31
4651.899742599282
  0
LINE
  5
38E
330
17
100
AcDbEntity
  8
MIDDLE
100
AcDbLine
 10
414814.6027399767
 20
124465.581550296
 30
4651.899742599282
 11
414821.58692350844
 21
124980.73584027227
 31
4611.688272050974
  0
LINE
  5
38F
330
17
100
AcDbEntity
  8
MIDDLE
100
AcDbLine
 10
414821.58692350844
 20
124980.73584027227
 30
4611.688272050974
 11
414827.68634446943
 21
125494.0965579236
 31
4572.316164379469
  0
LINE
  5
390
330
17
100
AcDbEntity
  8
MIDDLE
100
AcDbLine
 10
414827.68634446943
 20
125494.0965579236
 30
4572.316164379469
 11
414832.9514338023
 21
126005.69503632188
 31
4533.817801832903
  0
LINE
  5
391
330
17
100
AcDbEntity
  8
MIDDLE
100
AcDbLine
 10
414832.9514338023
 20
126005.69503632188
 30
4533.817801832903
 11
414837.4316200488
 21
126515.56349701012
 31
4496.227566659405
  0
LINE
  5
392
330
17
100
AcDbEntity
  8
MIDDLE
100
AcDbLine
 10
414837.4316200488
 20
126515.56349701012
 30
4496.227566659405
 11
414841.1753117158
 21
127023.7350316127
 31
4459.579841107124
  0
LINE
  5
393
330
17
100
AcDbEntity
  8
MIDDLE
100
AcDbLine
 10
414841.1753117158
 20
127023.7350316127
 30
4459.579841107124
 11
414844.22988001554
 21
127530.24358316517
 31
4423.909007424189
  0
LINE
  5
394
330
17
100
AcDbEntity
  8
MIDDLE
100
AcDbLine
 10
414844.22988001554
 20
127530.24358316517
 30
4423.909007424189
 11
414846.6416419861
 21
128035.1239271676
 31
4389.2494478587305
  0
LINE
  5
395
330
17
100
AcDbEntity
  8
MIDDLE
100
AcDbLine
 10
414846.6416419861
 20
128035.1239271676
 30
4389.2494478587305
 11
414848.4558439963
 21
128538.41165236894
 31
4355.635544658891
  0
LINE
  5
396
330
17
100
AcDbEntity
  8
MIDDLE
100
AcDbLine
 10
414848.4558439963
 20
128538.41165236894
 30
4355.635544658891
 11
414849.7166456412
 21
129040.14314128898
 31
4323.101680072811
  0
LINE
  5
397
330
17
100
AcDbEntity
  8
MIDDLE
100
AcDbLine
 10
414849.7166456412
 20
129040.14314128898
 30
4323.101680072811
 11
414850.46710403234
 21
129540.35555048329
 31
4291.682236348621
  0
LINE
  5
398
330
17
100
AcDbEntity
  8
MIDDLE
100
AcDbLine
 10
414850.46710403234
 20
129540.35555048329
 30
4291.682236348621
 11
414850.7491584885
 21
130039.08679055817
 31
4261.411595734451
  0
LINE
  5
399
330
17
100
AcDbEntity
  8
MIDDLE
100
AcDbLine
 10
414850.7491584885
 20
130039.08679055817
 30
4261.411595734451
 11
414850.60361563094
 21
130536.37550594157
 31
4232.3241404784485
  0
LINE
  5
39A
330
17
100
AcDbEntity
  8
MIDDLE
100
AcDbLine
 10
414850.60361563094
 20
130536.37550594157
 30
4232.3241404784485
 11
414850.0701348878
 21
131032.26105441777
 31
4204.4542528287375
  0
LINE
  5
39B
330
17
100
AcDbEntity
  8
MIDDLE
100
AcDbLine
 10
414850.0701348878
 20
131032.26105441777
 30
4204.4542528287375
 11
414849.1872144138
 21
131526.78348643062
 31
4177.836315033465
  0
LINE
  5
39C
330
17
100
AcDbEntity
  8
MIDDLE
100
AcDbLine
 10
414849.1872144138
 20
131526.78348643062
 30
4177.836315033465
 11
414847.9921774263
 21
132019.98352416404
 31
4152.504709340763
  0
LINE
  5
39D
330
17
100
AcDbEntity
  8
MIDDLE
100
AcDbLine
 10
414847.9921774263
 20
132019.98352416404
 30
4152.504709340763
 11
414846.521158966
 21
132511.90254040473
 31
4128.493817998764
  0
LINE
  5
39E
330
17
100
AcDbEntity
  8
MIDDLE
100
AcDbLine
 10
414846.521158966
 20
132511.90254040473
 30
4128.493817998764
 11
414844.80909308314
 21
133002.58253719556
 31
4105.838023255606
  0
LINE
  5
39F
330
17
100
AcDbEntity
  8
MIDDLE
100
AcDbLine
 10
414844.80909308314
 20
133002.58253719556
 30
4105.838023255606
 11
414842.88970045454
 21
133492.06612428557
 31
4084.571707359418
  0
LINE
  5
3A0
330
17
100
AcDbEntity
  8
MIDDLE
100
AcDbLine
 10
414842.88970045454
 20
133492.06612428557
 30
4084.571707359418
 11
414840.7954764358
 21
133980.39649738313
 31
4064.7292525583493
  0
LINE
  5
3A1
330
17
100
AcDbEntity
  8
MIDDLE
100
AcDbLine
 10
414840.7954764358
 20
133980.39649738313
 30
4064.7292525583493
 11
414838.5576795516
 21
134467.61741622165
 31
4046.3450411005297
  0
LINE
  5
3A2
330
17
100
AcDbEntity
  8
MIDDLE
100
AcDbLine
 10
414838.5576795516
 20
134467.61741622165
 30
4046.3450411005297
 11
414836.2063204275
 21
134953.77318244148
 31
4029.4534552340933
  0
LINE
  5
3A3
330
17
100
AcDbEntity
  8
MIDDLE
100
AcDbLine
 10
414836.2063204275
 20
134953.77318244148
 30
4029.4534552340933
 11
414833.7701511679
 21
135438.90861729818
 31
4014.0888772071744
  0
LINE
  5
3A4
330
17
100
AcDbEntity
  8
MIDDLE
100
AcDbLine
 10
414833.7701511679
 20
135438.90861729818
 30
4014.0888772071744
 11
414831.27665518154
 21
135923.06903920227
 31
4000.2856892679147
  0
LINE
  5
3A5
330
17
100
AcDbEntity
  8
MIDDLE
100
AcDbLine
 10
414831.27665518154
 20
135923.06903920227
 30
4000.2856892679147
 11
414828.7520374603
 21
136406.3002410997
 31
3988.078273664447
  0
LINE
  5
3A6
330
17
100
AcDbEntity
  8
MIDDLE
100
AcDbLine
 10
414828.7520374603
 20
136406.3002410997
 30
3988.078273664447
 11
414826.2212153114
 21
136888.64846769825
 31
3977.501012644906
  0
LINE
  5
3A7
330
17
100
AcDbEntity
  8
MIDDLE
100
AcDbLine
 10
414826.2212153114
 20
136888.64846769825
 30
3977.501012644906
 11
414823.70780954836
 21
137370.1603925488
 31
3968.588288457427
  0
LINE
  5
3A8
330
17
100
AcDbEntity
  8
MIDDLE
100
AcDbLine
 10
414823.70780954836
 20
137370.1603925488
 30
3968.588288457427
 11
414821.23413614195
 21
137850.8830949879
 31
3961.3744833501482
  0
LINE
  5
3A9
330
17
100
AcDbEntity
  8
MIDDLE
100
AcDbLine
 10
414821.23413614195
 20
137850.8830949879
 30
3961.3744833501482
 11
414818.8211983347
 21
138330.8640369499
 31
3955.8939795712054
  0
LINE
  5
3AA
330
17
100
AcDbEntity
  8
MIDDLE
100
AcDbLine
 10
414818.8211983347
 20
138330.8640369499
 30
3955.8939795712054
 11
414816.48867922
 21
138810.1510396558
 31
3952.181159368734
  0
LINE
  5
3AB
330
17
100
AcDbEntity
  8
MIDDLE
100
AcDbLine
 10
414816.48867922
 20
138810.1510396558
 30
3952.181159368734
 11
414814.2549347906
 21
139288.79226018538
 31
3950.270404990869
  0
LINE
  5
3AC
330
17
100
AcDbEntity
  8
MIDDLE
100
AcDbLine
 10
414814.2549347906
 20
139288.79226018538
 30
3950.270404990869
 11
414812.1369874554
 21
139766.83616794253
 31
3950.0
  0
LINE
  5
3AD
330
17
100
AcDbEntity
  8
MIDDLE
100
AcDbLine
 10
414812.1369874554
 20
139766.83616794253
 30
3950.0
 11
414810.1505200297
 21
140244.33152101832
 31
3950.0
  0
LINE
  5
3AE
330
17
100
AcDbEntity
  8
MIDDLE
100
AcDbLine
 10
414810.1505200297
 20
140244.33152101832
 30
3950.0
 11
414808.30987019854
 21
140721.3273424623
 31
3950.0
  0
LINE
  5
3AF
330
17
100
AcDbEntity
  8
MIDDLE
100
AcDbLine
 10
414808.30987019854
 20
140721.3273424623
 30
3950.0
 11
414806.628025456
 21
141197.87289646754
 31
3950.0
  0
LINE
  5
3B0
330
17
100
AcDbEntity
  8
MIDDLE
100
AcDbLine
 10
414806.628025456
 20
141197.87289646754
 30
3950.0
 11
414805.1166185216
 21
141674.01766447854
 31
3950.0
  0
LINE
  5
3B1
330
17
100
AcDbEntity
  8
MIDDLE
100
AcDbLine
 10
414805.1166185216
 20
141674.01766447854
 30
3950.0
 11
414803.7859232355
 21
142149.81132122874
 31
3950.0
  0
LINE
  5
3B2
330
17
100
AcDbEntity
  8
MIDDLE
100
AcDbLine
 10
414803.7859232355
 20
142149.81132122874
 30
3950.0
 11
414802.64485093334
 21
142625.3037107159
 31
3950.0
  0
LINE
  5
3B3
330
17
100
AcDbEntity
  8
MIDDLE
100
AcDbLine
 10
414802.64485093334
 20
142625.3037107159
 30
3950.0
 11
414801.70094730234
 21
143100.54482212279
 31
3950.0
  0
LINE
  5
3B4
330
17
100
AcDbEntity
  8
MIDDLE
100
AcDbLine
 10
414801.70094730234
 20
143100.54482212279
 30
3950.0
 11
414800.9603897195
 21
143575.58476569143
 31
3950.0
  0
LINE
  5
3B5
330
17
100
AcDbEntity
  8
MIDDLE
100
AcDbLine
 10
414800.9603897195
 20
143575.58476569143
 30
3950.0
 11
414800.4279850724
 21
144050.47374855814
 31
3950.0
  0
LINE
  5
3B6
330
17
100
AcDbEntity
  8
MIDDLE
100
AcDbLine
 10
414800.4279850724
 20
144050.47374855814
 30
3950.0
 11
414800.10716806387
 21
144525.2620505568
 31
3950.0
  0
LINE
  5
3B7
330
17
100
AcDbEntity
  8
MIDDLE
100
AcDbLine
 10
414800.10716806387
 20
144525.2620505568
 30
3950.0
 11
414800.0
 21
144999.99999999997
 31
3950.0
  0
LINE
  5
3B8
330
17
100
AcDbEntity
  8
MIDDLE
100
AcDbLine
 10
414800.0
 20
144999.99999999997
 30
3950.0
 11
414800.10716806387
 21
145474.73794944317
 31
3950.0
  0
LINE
  5
3B9
330
17
100
AcDbEntity
  8
MIDDLE
100
AcDbLine
 10
414800.10716806387
 20
145474.73794944317
 30
3950.0
 11
414800.4279850724
 21
145949.5262514419
 31
3950.0
  0
LINE
  5
3BA
330
17
100
AcDbEntity
  8
MIDDLE
100
AcDbLine
 10
414800.4279850724
 20
145949.5262514419
 30
3950.0
 11
414800.9603897195
 21
146424.41523430854
 31
3950.0
  0
LINE
  5
3BB
330
17
100
AcDbEntity
  8
MIDDLE
100
AcDbLine
 10
414800.9603897195
 20
146424.41523430854
 30
3950.0
 11
414801.70094730234
 21
146899.45517787721
 31
3950.0
  0
LINE
  5
3BC
330
17
100
AcDbEntity
  8
MIDDLE
100
AcDbLine
 10
414801.70094730234
 20
146899.45517787721
 30
3950.0
 11
414802.64485093334
 21
147374.69628928407
 31
3950.0
  0
LINE
  5
3BD
330
17
100
AcDbEntity
  8
MIDDLE
100
AcDbLine
 10
414802.64485093334
 20
147374.69628928407
 30
3950.0
 11
414803.7859232355
 21
147850.18867877123
 31
3950.0
  0
LINE
  5
3BE
330
17
100
AcDbEntity
  8
MIDDLE
100
AcDbLine
 10
414803.7859232355
 20
147850.18867877123
 30
3950.0
 11
414805.1166185216
 21
148325.98233552137
 31
3950.0
  0
LINE
  5
3BF
330
17
100
AcDbEntity
  8
MIDDLE
100
AcDbLine
 10
414805.1166185216
 20
148325.98233552137
 30
3950.0
 11
414806.628025456
 21
148802.12710353243
 31
3950.0
  0
LINE
  5
3C0
330
17
100
AcDbEntity
  8
MIDDLE
100
AcDbLine
 10
414806.628025456
 20
148802.12710353243
 30
3950.0
 11
414808.30987019854
 21
149278.67265753774
 31
3950.0
  0
LINE
  5
3C1
330
17
100
AcDbEntity
  8
MIDDLE
100
AcDbLine
 10
414808.30987019854
 20
149278.67265753774
 30
3950.0
 11
414810.15052002977
 21
149755.66847898165
 31
3950.0
  0
LINE
  5
3C2
330
17
100
AcDbEntity
  8
MIDDLE
100
AcDbLine
 10
414810.15052002977
 20
149755.66847898165
 30
3950.0
 11
414812.1369874554
 21
150233.1638320574
 31
3950.0
  0
LINE
  5
3C3
330
17
100
AcDbEntity
  8
MIDDLE
100
AcDbLine
 10
414812.1369874554
 20
150233.1638320574
 30
3950.0
 11
414814.2549347906
 21
150711.2077398145
 31
3949.729595009131
  0
LINE
  5
3C4
330
17
100
AcDbEntity
  8
MIDDLE
100
AcDbLine
 10
414814.2549347906
 20
150711.2077398145
 30
3949.729595009131
 11
414816.48867922
 21
151189.84896034424
 31
3947.8188406312665
  0
LINE
  5
3C5
330
17
100
AcDbEntity
  8
MIDDLE
100
AcDbLine
 10
414816.48867922
 20
151189.84896034424
 30
3947.8188406312665
 11
414818.8211983347
 21
151669.1359630501
 31
3944.106020428795
  0
LINE
  5
3C6
330
17
100
AcDbEntity
  8
MIDDLE
100
AcDbLine
 10
414818.8211983347
 20
151669.1359630501
 30
3944.106020428795
 11
414821.23413614195
 21
152149.11690501208
 31
3938.6255166498527
  0
LINE
  5
3C7
330
17
100
AcDbEntity
  8
MIDDLE
100
AcDbLine
 10
414821.23413614195
 20
152149.11690501208
 30
3938.6255166498527
 11
414823.70780954836
 21
152629.8396074511
 31
3931.4117115425747
  0
LINE
  5
3C8
330
17
100
AcDbEntity
  8
MIDDLE
100
AcDbLine
 10
414823.70780954836
 20
152629.8396074511
 30
3931.4117115425747
 11
414826.22121531144
 21
153111.35153230172
 31
3922.498987355095
  0
LINE
  5
3C9
330
17
100
AcDbEntity
  8
MIDDLE
100
AcDbLine
 10
414826.22121531144
 20
153111.35153230172
 30
3922.498987355095
 11
414828.7520374603
 21
153593.69975890027
 31
3911.9217263355545
  0
LINE
  5
3CA
330
17
100
AcDbEntity
  8
MIDDLE
100
AcDbLine
 10
414828.7520374603
 20
153593.69975890027
 30
3911.9217263355545
 11
414831.27665518154
 21
154076.9309607977
 31
3899.7143107320862
  0
LINE
  5
3CB
330
17
100
AcDbEntity
  8
MIDDLE
100
AcDbLine
 10
414831.27665518154
 20
154076.9309607977
 30
3899.7143107320862
 11
414833.7701511679
 21
154561.09138270185
 31
3885.9111227928242
  0
LINE
  5
3CC
330
17
100
AcDbEntity
  8
MIDDLE
100
AcDbLine
 10
414833.7701511679
 20
154561.09138270185
 30
3885.9111227928242
 11
414836.20632042753
 21
155046.22681755843
 31
3870.546544765908
  0
LINE
  5
3CD
330
17
100
AcDbEntity
  8
MIDDLE
100
AcDbLine
 10
414836.20632042753
 20
155046.22681755843
 30
3870.546544765908
 11
414838.55767955154
 21
155532.38258377832
 31
3853.6549588994726
  0
LINE
  5
3CE
330
17
100
AcDbEntity
  8
MIDDLE
100
AcDbLine
 10
414838.55767955154
 20
155532.38258377832
 30
3853.6549588994726
 11
414840.7954764358
 21
156019.6035026168
 31
3835.270747441652
  0
LINE
  5
3CF
330
17
100
AcDbEntity
  8
MIDDLE
100
AcDbLine
 10
414840.7954764358
 20
156019.6035026168
 30
3835.270747441652
 11
414842.88970045454
 21
156507.93387571446
 31
3815.4282926405804
  0
LINE
  5
3D0
330
17
100
AcDbEntity
  8
MIDDLE
100
AcDbLine
 10
414842.88970045454
 20
156507.93387571446
 30
3815.4282926405804
 11
414844.80909308314
 21
156997.41746280435
 31
3794.1619767443995
  0
LINE
  5
3D1
330
17
100
AcDbEntity
  8
MIDDLE
100
AcDbLine
 10
414844.80909308314
 20
156997.41746280435
 30
3794.1619767443995
 11
414846.521158966
 21
157488.09745959516
 31
3771.506182001242
  0
LINE
  5
3D2
330
17
100
AcDbEntity
  8
MIDDLE
100
AcDbLine
 10
414846.521158966
 20
157488.09745959516
 30
3771.506182001242
 11
414847.99217742623
 21
157980.01647583593
 31
3747.4952906592403
  0
LINE
  5
3D3
330
17
100
AcDbEntity
  8
MIDDLE
100
AcDbLine
 10
414847.99217742623
 20
157980.01647583593
 30
3747.4952906592403
 11
414849.1872144138
 21
158473.21651356932
 31
3722.163684966537
  0
LINE
  5
3D4
330
17
100
AcDbEntity
  8
MIDDLE
100
AcDbLine
 10
414849.1872144138
 20
158473.21651356932
 30
3722.163684966537
 11
414850.0701348878
 21
158967.7389455822
 31
3695.5457471712643
  0
LINE
  5
3D5
330
17
100
AcDbEntity
  8
MIDDLE
100
AcDbLine
 10
414850.0701348878
 20
158967.7389455822
 30
3695.5457471712643
 11
414850.60361563094
 21
159463.62449405834
 31
3667.675859521559
  0
LINE
  5
3D6
330
17
100
AcDbEntity
  8
MIDDLE
100
AcDbLine
 10
414850.60361563094
 20
159463.62449405834
 30
3667.675859521559
 11
414850.7491584885
 21
159960.91320944185
 31
3638.588404265546
  0
LINE
  5
3D7
330
17
100
AcDbEntity
  8
MIDDLE
100
AcDbLine
 10
414850.7491584885
 20
159960.91320944185
 30
3638.588404265546
 11
414850.4671040324
 21
160459.64444951667
 31
3608.317763651381
  0
LINE
  5
3D8
330
17
100
AcDbEntity
  8
MIDDLE
100
AcDbLine
 10
414850.4671040324
 20
160459.64444951667
 30
3608.317763651381
 11
414849.7166456412
 21
160959.856858711
 31
3576.898319927191
  0
LINE
  5
3D9
330
17
100
AcDbEntity
  8
MIDDLE
100
AcDbLine
 10
414849.7166456412
 20
160959.856858711
 30
3576.898319927191
 11
414848.4558439963
 21
161461.58834763098
 31
3544.3644553411114
  0
LINE
  5
3DA
330
17
100
AcDbEntity
  8
MIDDLE
100
AcDbLine
 10
414848.4558439963
 20
161461.58834763098
 30
3544.3644553411114
 11
414846.6416419861
 21
161964.87607283235
 31
3510.750552141272
  0
LINE
  5
3DB
330
17
100
AcDbEntity
  8
MIDDLE
100
AcDbLine
 10
414846.6416419861
 20
161964.87607283235
 30
3510.750552141272
 11
414844.2298800156
 21
162469.7564168348
 31
3476.0909925758137
  0
LINE
  5
3DC
330
17
100
AcDbEntity
  8
MIDDLE
100
AcDbLine
 10
414844.2298800156
 20
162469.7564168348
 30
3476.0909925758137
 11
414841.1753117158
 21
162976.26496838726
 31
3440.420158892879
  0
LINE
  5
3DD
330
17
100
AcDbEntity
  8
MIDDLE
100
AcDbLine
 10
414841.1753117158
 20
162976.26496838726
 30
3440.420158892879
 11
414837.4316200488
 21
163484.43650298985
 31
3403.772433340598
  0
LINE
  5
3DE
330
17
100
AcDbEntity
  8
MIDDLE
100
AcDbLine
 10
414837.4316200488
 20
163484.43650298985
 30
3403.772433340598
 11
414832.9514338023
 21
163994.304963678
 31
3366.1821981671064
  0
LINE
  5
3DF
330
17
100
AcDbEntity
  8
MIDDLE
100
AcDbLine
 10
414832.9514338023
 20
163994.304963678
 30
3366.1821981671064
 11
414827.68634446943
 21
164505.90344207635
 31
3327.683835620534
  0
LINE
  5
3E0
330
17
100
AcDbEntity
  8
MIDDLE
100
AcDbLine
 10
414827.68634446943
 20
164505.90344207635
 30
3327.683835620534
 11
414821.58692350844
 21
165019.2641597277
 31
3288.3117279490293
  0
LINE
  5
3E1
330
17
100
AcDbEntity
  8
MIDDLE
100
AcDbLine
 10
414821.58692350844
 20
165019.2641597277
 30
3288.3117279490293
 11
414814.6027399767
 21
165534.418449704
 31
3248.100257400714
  0
LINE
  5
3E2
330
17
100
AcDbEntity
  8
MIDDLE
100
AcDbLine
 10
414814.6027399767
 20
165534.418449704
 30
3248.100257400714
 11
414806.68237853306
 21
166051.39673850403
 31
3207.0838062237394
  0
LINE
  5
3E3
330
17
100
AcDbEntity
  8
MIDDLE
100
AcDbLine
 10
414806.68237853306
 20
166051.39673850403
 30
3207.0838062237394
 11
414797.77345780464
 21
166570.22852824506
 31
3165.2967566662323
  0
LINE
  5
3E4
330
17
100
AcDbEntity
  8
MIDDLE
100
AcDbLine
 10
414797.77345780464
 20
166570.22852824506
 30
3165.2967566662323
 11
414787.82264910924
 21
167090.94237915365
 31
3122.773490976331
  0
LINE
  5
3E5
330
17
100
AcDbEntity
  8
MIDDLE
100
AcDbLine
 10
414787.82264910924
 20
167090.94237915365
 30
3122.773490976331
 11
414776.7756955317
 21
167613.56589236122
 31
3079.548391402161
  0
LINE
  5
3E6
330
17
100
AcDbEntity
  8
MIDDLE
100
AcDbLine
 10
414776.7756955317
 20
167613.56589236122
 30
3079.548391402161
 11
414764.57743134396
 21
168138.1256930103
 31
3035.655840191877
  0
LINE
  5
3E7
330
17
100
AcDbEntity
  8
MIDDLE
100
AcDbLine
 10
414764.57743134396
 20
168138.1256930103
 30
3035.655840191877
 11
414751.17180176615
 21
168664.6474136776
 31
2991.1302195936037
  0
LINE
  5
3E8
330
17
100
AcDbEntity
  8
MIDDLE
100
AcDbLine
 10
414751.17180176615
 20
168664.6474136776
 30
2991.1302195936037
 11
414736.50188306026
 21
169193.1556781176
 31
2946.0059118554777
  0
LINE
  5
3E9
330
17
100
AcDbEntity
  8
MIDDLE
100
AcDbLine
 10
414736.50188306026
 20
169193.1556781176
 30
2946.0059118554777
 11
414720.50990295195
 21
169723.67408533412
 31
2900.3172992256214
  0
LINE
  5
3EA
330
17
100
AcDbEntity
  8
MIDDLE
100
AcDbLine
 10
414720.50990295195
 20
169723.67408533412
 30
2900.3172992256214
 11
414703.13726137223
 21
170256.22519398332
 31
2854.098763952199
  0
LINE
  5
3EB
330
17
100
AcDbEntity
  8
MIDDLE
100
AcDbLine
 10
414703.13726137223
 20
170256.22519398332
 30
2854.098763952199
 11
414684.3245515144
 21
170790.83050711505
 31
2807.384688283333
  0
LINE
  5
3EC
330
17
100
AcDbEntity
  8
MIDDLE
100
AcDbLine
 10
414684.3245515144
 20
170790.83050711505
 30
2807.384688283333
 11
414664.0115811982
 21
171327.51045725608
 31
2760.209454467151
  0
LINE
  5
3ED
330
17
100
AcDbEntity
  8
MIDDLE
100
AcDbLine
 10
414664.0115811982
 20
171327.51045725608
 30
2760.209454467151
 11
414642.13739453524
 21
171866.28439184025
 31
2712.6074447518026
  0
LINE
  5
3EE
330
17
100
AcDbEntity
  8
MIDDLE
100
AcDbLine
 10
414642.13739453524
 20
171866.28439184025
 30
2712.6074447518026
 11
414618.64029388933
 21
172407.17055899205
 31
2664.6130413854175
  0
LINE
  5
3EF
330
17
100
AcDbEntity
  8
MIDDLE
100
AcDbLine
 10
414618.64029388933
 20
172407.17055899205
 30
2664.6130413854175
 11
414593.45786212356
 21
172950.18609366624
 31
2616.2606266161315
  0
LINE
  5
3F0
330
17
100
AcDbEntity
  8
MIDDLE
100
AcDbLine
 10
414593.45786212356
 20
172950.18609366624
 30
2616.2606266161315
 11
414566.5269851283
 21
173495.34700414952
 31
2567.5845826920727
  0
LINE
  5
3F1
330
17
100
AcDbEntity
  8
MIDDLE
100
AcDbLine
 10
414566.5269851283
 20
173495.34700414952
 30
2567.5845826920727
 11
414537.78387462295
 21
174042.66815892767
 31
2518.619291861393
  0
LINE
  5
3F2
330
17
100
AcDbEntity
  8
MIDDLE
100
AcDbLine
 10
414537.78387462295
 20
174042.66815892767
 30
2518.619291861393
 11
414507.1640912238
 21
174592.16327392435
 31
2469.3991363722107
  0
LINE
  5
3F3
330
17
100
AcDbEntity
  8
MIDDLE
100
AcDbLine
 10
414507.1640912238
 20
174592.16327392435
 30
2469.3991363722107
 11
414474.60256777116
 21
175143.84490011312
 31
2419.958498472679
  0
LINE
  5
3F4
330
17
100
AcDbEntity
  8
MIDDLE
100
AcDbLine
 10
414474.60256777116
 20
175143.84490011312
 30
2419.958498472679
 11
414440.03363290866
 21
175697.72441151005
 31
2370.3317604109257
  0
LINE
  5
3F5
330
17
100
AcDbEntity
  8
MIDDLE
100
AcDbLine
 10
414440.03363290866
 20
175697.72441151005
 30
2370.3317604109257
 11
414403.3910349069
 21
176253.81199354786
 31
2320.5533044350855
  0
LINE
  5
3F6
330
17
100
AcDbEntity
  8
MIDDLE
100
AcDbLine
 10
414403.3910349069
 20
176253.81199354786
 30
2320.5533044350855
 11
414364.6079657242
 21
176812.11663183797
 31
2270.657512793297
  0
LINE
  5
3F7
330
17
100
AcDbEntity
  8
MIDDLE
100
AcDbLine
 10
414364.6079657242
 20
176812.11663183797
 30
2270.657512793297
 11
414323.61708529684
 21
177372.64610132304
 31
2220.6787677336756
  0
LINE
  5
3F8
330
17
100
AcDbEntity
  8
MIDDLE
100
AcDbLine
 10
414323.61708529684
 20
177372.64610132304
 30
2220.6787677336756
 11
414280.3505460519
 21
177935.40695582316
 31
2170.6514515043937
  0
LINE
  5
3F9
330
17
100
AcDbEntity
  8
MIDDLE
100
AcDbLine
 10
414280.3505460519
 20
177935.40695582316
 30
2170.6514515043937
 11
414234.7400176337
 21
178500.40451798157
 31
2120.6099463535693
  0
LINE
  5
3FA
330
17
100
AcDbEntity
  8
LOWER
100
AcDbLine
 10
414234.7400176337
 20
178500.40451798157
 30
2120.6099463535693
 11
414186.7167118372
 21
179067.64286961046
 31
2070.5886345293375
  0
LINE
  5
3FB
330
17
100
AcDbEntity
  8
LOWER
100
AcDbLine
 10
414186.7167118372
 20
179067.64286961046
 30
2070.5886345293375
 11
414136.2114077403
 21
179637.12484244228
 31
2020.6218982798182
  0
LINE
  5
3FC
330
17
100
AcDbEntity
  8
LOWER
100
AcDbLine
 10
414136.2114077403
 20
179637.12484244228
 30
2020.6218982798182
 11
414083.1544770268
 21
180208.85200928824
 31
1970.7441198531817
  0
LINE
  5
3FD
330
17
100
AcDbEntity
  8
LOWER
100
AcDbLine
 10
414083.1544770268
 20
180208.85200928824
 30
1970.7441198531817
 11
414027.4759094927
 21
180782.82467560918
 31
1920.9896814975448
  0
LINE
  5
3FE
330
17
100
AcDbEntity
  8
LOWER
100
AcDbLine
 10
414027.4759094927
 20
180782.82467560918
 30
1920.9896814975448
 11
413969.1053387274
 21
181359.0418714993
 31
1871.3929654610447
  0
LINE
  5
3FF
330
17
100
AcDbEntity
  8
LOWER
100
AcDbLine
 10
413969.1053387274
 20
181359.0418714993
 30
1871.3929654610447
 11
413907.972067962
 21
181937.50134408672
 31
1821.9883539918178
  0
LINE
  5
400
330
17
100
AcDbEntity
  8
LOWER
100
AcDbLine
 10
413907.972067962
 20
181937.50134408672
 30
1821.9883539918178
 11
413844.00509607623
 21
182518.19955035453
 31
1772.8102293379911
  0
LINE
  5
401
330
17
100
AcDbEntity
  8
LOWER
100
AcDbLine
 10
413844.00509607623
 20
182518.19955035453
 30
1772.8102293379911
 11
413777.1331437564
 21
183101.1316503826
 31
1723.892973747716
  0
LINE
  5
402
330
17
100
AcDbEntity
  8
LOWER
100
AcDbLine
 10
413777.1331437564
 20
183101.1316503826
 30
1723.892973747716
 11
413707.2846797963
 21
183686.29150101525
 31
1675.2709694691127
  0
LINE
  5
403
330
17
100
AcDbEntity
  8
LOWER
100
AcDbLine
 10
413707.2846797963
 20
183686.29150101525
 30
1675.2709694691127
 11
413634.38794753153
 21
184273.67164995425
 31
1626.9785987503353
  0
LINE
  5
404
330
17
100
AcDbEntity
  8
LOWER
100
AcDbLine
 10
413634.38794753153
 20
184273.67164995425
 30
1626.9785987503353
 11
413558.37099140073
 21
184863.2633302823
 31
1579.0502438395079
  0
LINE
  5
405
330
17
100
AcDbEntity
  8
LOWER
100
AcDbLine
 10
413558.37099140073
 20
184863.2633302823
 30
1579.0502438395079
 11
413479.1616836244
 21
185455.05645541634
 31
1531.5202869847683
  0
LINE
  5
406
330
17
100
AcDbEntity
  8
LOWER
100
AcDbLine
 10
413479.1616836244
 20
185455.05645541634
 30
1531.5202869847683
 11
413396.6877509926
 21
186049.03961449445
 31
1484.4231104342452
  0
LINE
  5
407
330
17
100
AcDbEntity
  8
LOWER
100
AcDbLine
 10
413396.6877509926
 20
186049.03961449445
 30
1484.4231104342452
 11
413310.87680175446
 21
186645.20006819713
 31
1437.7930964360894
  0
LINE
  5
408
330
17
100
AcDbEntity
  8
LOWER
100
AcDbLine
 10
413310.87680175446
 20
186645.20006819713
 30
1437.7930964360894
 11
413221.65635259944
 21
187243.52374500508
 31
1391.6646272384278
  0
LINE
  5
409
330
17
100
AcDbEntity
  8
LOWER
100
AcDbLine
 10
413221.65635259944
 20
187243.52374500508
 30
1391.6646272384278
 11
413128.95385572314
 21
187843.99523789494
 31
1346.0720850893827
  0
LINE
  5
40A
330
17
100
AcDbEntity
  8
LOWER
100
AcDbLine
 10
413128.95385572314
 20
187843.99523789494
 30
1346.0720850893827
 11
413032.69672596885
 21
188446.5978014735
 31
1301.0498522371204
  0
LINE
  5
40B
330
17
100
AcDbEntity
  8
LOWER
100
AcDbLine
 10
413032.69672596885
 20
188446.5978014735
 30
1301.0498522371204
 11
412932.8123680359
 21
189051.31334955353
 31
1256.63231092976
  0
LINE
  5
40C
330
17
100
AcDbEntity
  8
LOWER
100
AcDbLine
 10
412932.8123680359
 20
189051.31334955353
 30
1256.63231092976
 11
412829.22820374643
 21
189658.1224531705
 31
1212.8538434154384
  0
LINE
  5
40D
330
17
100
AcDbEntity
  8
LOWER
100
AcDbLine
 10
412829.22820374643
 20
189658.1224531705
 30
1212.8538434154384
 11
412721.87169936264
 21
190267.00433904133
 31
1169.7488319422837
  0
LINE
  5
40E
330
17
100
AcDbEntity
  8
LOWER
100
AcDbLine
 10
412721.87169936264
 20
190267.00433904133
 30
1169.7488319422837
 11
412610.6703929452
 21
190877.93688846737
 31
1127.3516587584481
  0
LINE
  5
40F
330
17
100
AcDbEntity
  8
LOWER
100
AcDbLine
 10
412610.6703929452
 20
190877.93688846737
 30
1127.3516587584481
 11
412495.55192174425
 21
191490.89663668087
 31
1085.6967061120577
  0
LINE
  5
410
330
17
100
AcDbEntity
  8
LOWER
100
AcDbLine
 10
412495.55192174425
 20
191490.89663668087
 30
1085.6967061120577
 11
412376.4440496152
 21
192105.8587726363
 31
1044.8183562512488
  0
LINE
  5
411
330
17
100
AcDbEntity
  8
LOWER
100
AcDbLine
 10
412376.4440496152
 20
192105.8587726363
 30
1044.8183562512488
 11
412253.27469444956
 21
192722.79713924642
 31
1004.7509914241508
  0
LINE
  5
412
330
17
100
AcDbEntity
  8
LOWER
100
AcDbLine
 10
412253.27469444956
 20
192722.79713924642
 30
1004.7509914241508
 11
412125.9719556128
 21
193341.6842340636
 31
965.5289938789072
  0
LINE
  5
413
330
17
100
AcDbEntity
  8
LOWER
100
AcDbLine
 10
412125.9719556128
 20
193341.6842340636
 30
965.5289938789072
 11
411994.46414138156
 21
193962.49121040668
 31
927.1867458636609
  0
LINE
  5
414
330
17
100
AcDbEntity
  8
LOWER
100
AcDbLine
 10
411994.46414138156
 20
193962.49121040668
 30
927.1867458636609
 11
411858.6797963687
 21
194585.18787893342
 31
889.7586296265381
  0
LINE
  5
415
330
17
100
AcDbEntity
  8
LOWER
100
AcDbLine
 10
411858.6797963687
 20
194585.18787893342
 30
889.7586296265381
 11
411718.5477289313
 21
195209.74270965773
 31
853.2790274156783
  0
LINE
  5
416
330
17
100
AcDbEntity
  8
LOWER
100
AcDbLine
 10
411718.5477289313
 20
195209.74270965773
 30
853.2790274156783
 11
411573.9970385502
 21
195836.12283441232
 31
817.7823214792137
  0
LINE
  5
417
330
17
100
AcDbEntity
  8
LOWER
100
AcDbLine
 10
411573.9970385502
 20
195836.12283441232
 30
817.7823214792137
 11
411424.9571431734
 21
196464.29404975596
 31
783.3028940652782
  0
LINE
  5
418
330
17
100
AcDbEntity
  8
LOWER
100
AcDbLine
 10
411424.9571431734
 20
196464.29404975596
 30
783.3028940652782
 11
411271.35780651495
 21
197094.22082032415
 31
749.875127422011
  0
LINE
  5
419
330
17
100
AcDbEntity
  8
LOWER
100
AcDbLine
 10
411271.35780651495
 20
197094.22082032415
 30
749.875127422011
 11
411113.1291653005
 21
197725.86628262402
 31
717.5334037975545
  0
LINE
  5
41A
330
17
100
AcDbEntity
  8
LOWER
100
AcDbLine
 10
411113.1291653005
 20
197725.86628262402
 30
717.5334037975545
 11
410950.2017564505
 21
198359.19224927135
 31
686.3121054400376
  0
LINE
  5
41B
330
17
100
AcDbEntity
  8
LOWER
100
AcDbLine
 10
410950.2017564505
 20
198359.19224927135
 30
686.3121054400376
 11
410782.5065441936
 21
198994.15921366922
 31
656.2456145975979
  0
LINE
  5
41C
330
17
100
AcDbEntity
  8
LOWER
100
AcDbLine
 10
410782.5065441936
 20
198994.15921366922
 30
656.2456145975979
 11
410609.97494710004
 21
199630.7263551271
 31
627.3683135183608
  0
LINE
  5
41D
330
17
100
AcDbEntity
  8
LOWER
100
AcDbLine
 10
410609.97494710004
 20
199630.7263551271
 30
627.3683135183608
 11
410432.53886502853
 21
200268.85154441872
 31
599.714584450481
  0
LINE
  5
41E
330
17
100
AcDbEntity
  8
LOWER
100
AcDbLine
 10
410432.53886502853
 20
200268.85154441872
 30
599.714584450481
 11
410250.1307059758
 21
200908.49134977948
 31
573.3188096420854
  0
LINE
  5
41F
330
17
100
AcDbEntity
  8
LOWER
100
AcDbLine
 10
410250.1307059758
 20
200908.49134977948
 30
573.3188096420854
 11
410062.68341282284
 21
201549.6010433384
 31
548.2153713413096
  0
LINE
  5
420
330
17
100
AcDbEntity
  8
LOWER
100
AcDbLine
 10
410062.68341282284
 20
201549.6010433384
 30
548.2153713413096
 11
409870.130489967
 21
202192.13460798556
 31
524.4386517962857
  0
LINE
  5
421
330
17
100
AcDbEntity
  8
LOWER
100
AcDbLine
 10
409870.130489967
 20
202192.13460798556
 30
524.4386517962857
 11
409672.40602983336
 21
202836.04474467272
 31
502.0230332551576
  0
LINE
  5
422
330
17
100
AcDbEntity
  8
LOWER
100
AcDbLine
 10
409672.40602983336
 20
202836.04474467272
 30
502.0230332551576
 11
409469.4447392561
 21
203481.28288014495
 31
481.00289796605676
  0
LINE
  5
423
330
17
100
AcDbEntity
  8
LOWER
100
AcDbLine
 10
409469.4447392561
 20
203481.28288014495
 30
481.00289796605676
 11
409261.18196572113
 21
204127.79917510125
 31
461.4126281771154
  0
LINE
  5
424
330
17
100
AcDbEntity
  8
LOWER
100
AcDbLine
 10
409261.18196572113
 20
204127.79917510125
 30
461.4126281771154
 11
409047.5537234633
 21
204775.54253278163
 31
443.2866061364766
  0
LINE
  5
425
330
17
100
AcDbEntity
  8
LOWER
100
AcDbLine
 10
409047.5537234633
 20
204775.54253278163
 30
443.2866061364766
 11
408828.4967194079
 21
205424.46060797977
 31
426.65921409227224
  0
LINE
  5
426
330
17
100
AcDbEntity
  8
LOWER
100
AcDbLine
 10
408828.4967194079
 20
205424.46060797977
 30
426.65921409227224
 11
408603.9483789497
 21
206074.49981647672
 31
411.56483429263926
  0
LINE
  5
427
330
17
100
AcDbEntity
  8
LOWER
100
AcDbLine
 10
408603.9483789497
 20
206074.49981647672
 30
411.56483429263926
 11
408373.8468715607
 21
206725.60534489524
 31
398.0378489857106
  0
LINE
  5
428
330
17
100
AcDbEntity
  8
LOWER
100
AcDbLine
 10
408373.8468715607
 20
206725.60534489524
 30
398.0378489857106
 11
408138.1311362182
 21
207377.72116096984
 31
386.112640419626
  0
LINE
  5
429
330
17
100
AcDbEntity
  8
LOWER
100
AcDbLine
 10
408138.1311362182
 20
207377.72116096984
 30
386.112640419626
 11
407896.7409066467
 21
208030.79002423226
 31
375.8235908425203
  0
LINE
  5
42A
330
17
100
AcDbEntity
  8
LOWER
100
AcDbLine
 10
407896.7409066467
 20
208030.79002423226
 30
375.8235908425203
 11
407649.6167363631
 21
208684.75349710716
 31
367.2050825025259
  0
LINE
  5
42B
330
17
100
AcDbEntity
  8
LOWER
100
AcDbLine
 10
407649.6167363631
 20
208684.75349710716
 30
367.2050825025259
 11
407396.70002351934
 21
209339.5519564153
 31
360.2914976477849
  0
LINE
  5
42C
330
17
100
AcDbEntity
  8
LOWER
100
AcDbLine
 10
407396.70002351934
 20
209339.5519564153
 30
360.2914976477849
 11
407137.93303553376
 21
209995.1246052837
 31
355.1172185264293
  0
LINE
  5
42D
330
17
100
AcDbEntity
  8
LOWER
100
AcDbLine
 10
407137.93303553376
 20
209995.1246052837
 30
355.1172185264293
 11
406873.2589335031
 21
210651.40948545505
 31
351.71662738659523
  0
LINE
  5
42E
330
17
100
AcDbEntity
  8
LOWER
100
AcDbLine
 10
406873.2589335031
 20
210651.40948545505
 30
351.71662738659523
 11
406602.6217963882
 21
211308.34348999633
 31
350.12410647641843
  0
LINE
  5
42F
330
17
100
AcDbEntity
  8
LOWER
100
AcDbLine
 10
406602.6217963882
 20
211308.34348999633
 30
350.12410647641843
 11
406325.96664496465
 21
211965.86237640123
 31
350.0000000000005
  0
LINE
  5
430
330
17
100
AcDbEntity
  8
LOWER
100
AcDbLine
 10
406325.96664496465
 20
211965.86237640123
 30
350.0000000000005
 11
406043.23946553154
 21
212623.9007800845
 31
350.0000000000005
  0
LINE
  5
431
330
17
100
AcDbEntity
  8
LOWER
100
AcDbLine
 10
406043.23946553154
 20
212623.9007800845
 30
350.0000000000005
 11
405754.2071209291
 21
213282.3123991651
 31
350.0000000000005
  0
LINE
  5
432
330
17
100
AcDbEntity
  8
LOWER
100
AcDbLine
 10
405754.2071209291
 20
213282.3123991651
 30
350.0000000000005
 11
405456.4247601755
 21
213939.94220449997
 31
350.0000000000005
  0
LINE
  5
433
330
17
100
AcDbEntity
  8
LOWER
100
AcDbLine
 10
405456.4247601755
 20
213939.94220449997
 30
350.0000000000005
 11
405146.13036643807
 21
214594.93644736675
 31
350.0000000000005
  0
LINE
  5
434
330
17
100
AcDbEntity
  8
LOWER
100
AcDbLine
 10
405146.13036643807
 20
214594.93644736675
 30
350.0000000000005
 11
404819.96738504316
 21
215245.4893687177
 31
350.0000000000005
  0
LINE
  5
435
330
17
100
AcDbEntity
  8
LOWER
100
AcDbLine
 10
404819.96738504316
 20
215245.4893687177
 30
350.0000000000005
 11
404475.2164785665
 21
215889.96938237568
 31
350.0000000000005
  0
LINE
  5
436
330
17
100
AcDbEntity
  8
LOWER
100
AcDbLine
 10
404475.2164785665
 20
215889.96938237568
 30
350.0000000000005
 11
404109.96382252907
 21
216527.02813782706
 31
350.0000000000005
  0
LINE
  5
437
330
17
100
AcDbEntity
  8
LOWER
100
AcDbLine
 10
404109.96382252907
 20
216527.02813782706
 30
350.0000000000005
 11
403723.2264614477
 21
217155.69900159768
 31
350.0000000000005
  0
LINE
  5
438
330
17
100
AcDbEntity
  8
LOWER
100
AcDbLine
 10
403723.2264614477
 20
217155.69900159768
 30
350.0000000000005
 11
403315.0284031824
 21
217775.47924163297
 31
350.0000000000005
  0
LINE
  5
439
330
17
100
AcDbEntity
  8
LOWER
100
AcDbLine
 10
403315.0284031824
 20
217775.47924163297
 30
350.0000000000005
 11
402886.42362553964
 21
218386.39086217206
 31
350.0000000000005
  0
LINE
  5
43A
330
17
100
AcDbEntity
  8
LOWER
100
AcDbLine
 10
402886.42362553964
 20
218386.39086217206
 30
350.0000000000005
 11
402439.4648432784
 21
218989.01598603424
 31
350.0000000000005
  0
LINE
  5
43B
330
17
100
AcDbEntity
  8
LOWER
100
AcDbLine
 10
402439.4648432784
 20
218989.01598603424
 30
350.0000000000005
 11
401977.1196024066
 21
219584.5038753691
 31
350.0000000000005
  0
LINE
  5
43C
330
17
100
AcDbEntity
  8
LOWER
100
AcDbLine
 10
401977.1196024066
 20
219584.5038753691
 30
350.0000000000005
 11
401503.1378967912
 21
220174.54806504134
 31
350.0000000000005
  0
LINE
  5
43D
330
17
100
AcDbEntity
  8
LOWER
100
AcDbLine
 10
401503.1378967912
 20
220174.54806504134
 30
350.0000000000005
 11
401021.87790970714
 21
220761.33358784273
 31
350.0000000000005
  0
LINE
  5
43E
330
17
100
AcDbEntity
  8
LOWER
100
AcDbLine
 10
401021.87790970714
 20
220761.33358784273
 30
350.0000000000005
 11
400538.09855172754
 21
221347.4558223327
 31
350.0000000000005
  0
LINE
  5
43F
330
17
100
AcDbEntity
  8
LOWER
100
AcDbLine
 10
400538.09855172754
 20
221347.4558223327
 30
350.0000000000005
 11
400056.72909550864
 21
221935.8140126632
 31
350.0000000000005
  0
LINE
  5
440
330
17
100
AcDbEntity
  8
LOWER
100
AcDbLine
 10
400056.72909550864
 20
221935.8140126632
 30
350.0000000000005
 11
399582.62731916236
 21
222529.48391521568
 31
350.0000000000005
  0
LINE
  5
441
330
17
100
AcDbEntity
  8
LOWER
100
AcDbLine
 10
399582.62731916236
 20
222529.48391521568
 30
350.0000000000005
 11
399120.3381108211
 21
223131.57524320207
 31
350.0000000000005
  0
LINE
  5
442
330
17
100
AcDbEntity
  8
LOWER
100
AcDbLine
 10
399120.3381108211
 20
223131.57524320207
 30
350.0000000000005
 11
398673.86443413893
 21
223745.08053939883
 31
350.0000000000005
  0
LINE
  5
443
330
17
100
AcDbEntity
  8
LOWER
100
AcDbLine
 10
398673.86443413893
 20
223745.08053939883
 30
350.0000000000005
 11
398246.4619139293
 21
224372.7227525164
 31
350.0000000000005
  0
LINE
  5
444
330
17
100
AcDbEntity
  8
LOWER
100
AcDbLine
 10
398246.4619139293
 20
224372.7227525164
 30
350.0000000000005
 11
397840.4671081592
 21
225016.8090829067
 31
350.0000000000005
  0
LINE
  5
445
330
17
100
AcDbEntity
  8
LOWER
100
AcDbLine
 10
397840.4671081592
 20
225016.8090829067
 30
350.0000000000005
 11
397457.1678496046
 21
225679.098574419
 31
350.0000000000005
  0
LINE
  5
446
330
17
100
AcDbEntity
  8
LOWER
100
AcDbLine
 10
397457.1678496046
 20
225679.098574419
 30
350.0000000000005
 11
397096.72195403225
 21
226360.6904563549
 31
350.0000000000005
  0
LINE
  5
447
330
17
100
AcDbEntity
  8
LOWER
100
AcDbLine
 10
397096.72195403225
 20
226360.6904563549
 30
350.0000000000005
 11
396758.128207704
 21
227061.9393975874
 31
350.0000000000005
  0
LINE
  5
448
330
17
100
AcDbEntity
  8
LOWER
100
AcDbLine
 10
396758.128207704
 20
227061.9393975874
 30
350.0000000000005
 11
396439.250985248
 21
227782.40265836514
 31
350.0000000000005
  0
LINE
  5
449
330
17
100
AcDbEntity
  8
LOWER
100
AcDbLine
 10
396439.250985248
 20
227782.40265836514
 30
350.0000000000005
 11
396136.8972374129
 21
228520.8226665668
 31
350.0000000000005
  0
LINE
  5
44A
330
17
100
AcDbEntity
  8
LOWER
100
AcDbLine
 10
396136.8972374129
 20
228520.8226665668
 30
350.0000000000005
 11
395846.9420563613
 21
229275.14687239222
 31
350.0000000000005
  0
LINE
  5
44B
330
17
100
AcDbEntity
  8
LOWER
100
AcDbLine
 10
395846.9420563613
 20
229275.14687239222
 30
350.0000000000005
 11
395564.4966984587
 21
230042.58492935626
 31
350.0000000000005
  0
LINE
  5
44C
330
17
100
AcDbEntity
  8
LOWER
100
AcDbLine
 10
395564.4966984587
 20
230042.58492935626
 30
350.0000000000005
 11
395284.1109343354
 21
230819.70139930883
 31
350.0000000000005
  0
LINE
  5
44D
330
17
100
AcDbEntity
  8
LOWER
100
AcDbLine
 10
395284.1109343354
 20
230819.70139930883
 30
350.0000000000005
 11
395000.00000000006
 21
231602.5403784438
 31
350.0000000000005
  0
LINE
  5
44E
330
17
100
AcDbEntity
  8
LOWER
100
AcDbLine
 10
395000.00000000006
 20
231602.5403784438
 30
350.0000000000005
 11
394706.28531622933
 21
232386.77678271473
 31
350.0000000000005
  0
LINE
  5
44F
330
17
100
AcDbEntity
  8
LOWER
100
AcDbLine
 10
394706.28531622933
 20
232386.77678271473
 30
350.0000000000005
 11
394397.23757660674
 21
233167.88760212957
 31
350.0000000000005
  0
LINE
  5
450
330
17
100
AcDbEntity
  8
LOWER
100
AcDbLine
 10
394397.23757660674
 20
233167.88760212957
 30
350.0000000000005
 11
394067.5108004264
 21
233941.3353113879
 31
350.0000000000005
  0
LINE
  5
451
330
17
100
AcDbEntity
  8
LOWER
100
AcDbLine
 10
394067.5108004264
 20
233941.3353113879
 30
350.0000000000005
 11
393712.3564999792
 21
234702.7548723678
 31
350.0000000000005
  0
LINE
  5
452
330
17
100
AcDbEntity
  8
LOWER
100
AcDbLine
 10
393712.3564999792
 20
234702.7548723678
 30
350.0000000000005
 11
393327.80818959663
 21
235448.1354274106
 31
350.0000000000005
  0
LINE
  5
453
330
17
100
AcDbEntity
  8
LOWER
100
AcDbLine
 10
393327.80818959663
 20
235448.1354274106
 30
350.0000000000005
 11
392910.82800751715
 21
236173.987886146
 31
350.0000000000005
  0
LINE
  5
454
330
17
100
AcDbEntity
  8
LOWER
100
AcDbLine
 10
392910.82800751715
 20
236173.987886146
 30
350.0000000000005
 11
392459.40914986306
 21
236877.4901555963
 31
350.0000000000005
  0
LINE
  5
455
330
17
100
AcDbEntity
  8
LOWER
100
AcDbLine
 10
392459.40914986306
 20
236877.4901555963
 30
350.0000000000005
 11
391972.6300291206
 21
237556.60273377635
 31
350.0000000000005
  0
LINE
  5
456
330
17
100
AcDbEntity
  8
LOWER
100
AcDbLine
 10
391972.6300291206
 20
237556.60273377635
 30
350.0000000000005
 11
391450.65845473163
 21
238210.14873920876
 31
350.0000000000005
  0
LINE
  5
457
330
17
100
AcDbEntity
  8
LOWER
100
AcDbLine
 10
391450.65845473163
 20
238210.14873920876
 30
350.0000000000005
 11
390894.70657059044
 21
238837.85412077638
 31
350.0000000000005
  0
LINE
  5
458
330
17
100
AcDbEntity
  8
LOWER
100
AcDbLine
 10
390894.70657059044
 20
238837.85412077638
 30
350.0000000000005
 11
390306.93965199793
 21
239440.3457047693
 31
350.0000000000005
  0
LINE
  5
459
330
17
100
AcDbEntity
  8
LOWER
100
AcDbLine
 10
390306.93965199793
 20
239440.3457047693
 30
350.0000000000005
 11
389690.34404644574
 21
240019.10679593292
 31
350.0000000000005
  0
LINE
  5
45A
330
17
100
AcDbEntity
  8
LOWER
100
AcDbLine
 10
389690.34404644574
 20
240019.10679593292
 30
350.0000000000005
 11
389048.5614325706
 21
240576.39215478473
 31
350.0000000000005
  0
LINE
  5
45B
330
17
100
AcDbEntity
  8
LOWER
100
AcDbLine
 10
389048.5614325706
 20
240576.39215478473
 30
350.0000000000005
 11
388385.698079773
 21
241115.10621847358
 31
350.0000000000005
  0
LINE
  5
45C
330
17
100
AcDbEntity
  8
LOWER
100
AcDbLine
 10
388385.698079773
 20
241115.10621847358
 30
350.0000000000005
 11
387706.1188474828
 21
241638.65031244728
 31
350.0000000000005
  0
LINE
  5
45D
330
17
100
AcDbEntity
  8
LOWER
100
AcDbLine
 10
387706.1188474828
 20
241638.65031244728
 30
350.0000000000005
 11
387014.23622163036
 21
242150.74621736072
 31
350.0000000000005
  0
LINE
  5
45E
330
17
100
AcDbEntity
  8
LOWER
100
AcDbLine
 10
387014.23622163036
 20
242150.74621736072
 30
350.0000000000005
 11
386314.3047257524
 21
242655.24472409725
 31
350.0000000000005
  0
LINE
  5
45F
330
17
100
AcDbEntity
  8
LOWER
100
AcDbLine
 10
386314.3047257524
 20
242655.24472409725
 30
350.0000000000005
 11
385610.23057092115
 21
243155.92866002792
 31
350.0000000000005
  0
LINE
  5
460
330
17
100
AcDbEntity
  8
LOWER
100
AcDbLine
 10
385610.23057092115
 20
243155.92866002792
 30
350.0000000000005
 11
384905.4054535666
 21
243656.32025249884
 31
350.0000000000005
  0
LINE
  5
461
330
17
100
AcDbEntity
  8
LOWER
100
AcDbLine
 10
384905.4054535666
 20
243656.32025249884
 30
350.0000000000005
 11
384202.5720283337
 21
244159.50258488543
 31
350.0000000000005
  0
LINE
  5
462
330
17
100
AcDbEntity
  8
LOWER
100
AcDbLine
 10
384202.5720283337
 20
244159.50258488543
 30
350.0000000000005
 11
383503.7268501787
 21
244667.96429498712
 31
350.0000000000005
  0
LINE
  5
463
330
17
100
AcDbEntity
  8
LOWER
100
AcDbLine
 10
383503.7268501787
 20
244667.96429498712
 30
350.0000000000005
 11
382810.0645883623
 21
245183.4755888269
 31
350.0000000000005
  0
LINE
  5
464
330
17
100
AcDbEntity
  8
LOWER
100
AcDbLine
 10
382810.0645883623
 20
245183.4755888269
 30
350.0000000000005
 11
382121.9651690401
 21
245707.0021431209
 31
350.0000000000005
  0
LINE
  5
465
330
17
100
AcDbEntity
  8
LOWER
100
AcDbLine
 10
382121.9651690401
 20
245707.0021431209
 30
350.0000000000005
 11
381439.0233131958
 21
246238.66161706534
 31
350.0000000000005
  0
LINE
  5
466
330
17
100
AcDbEntity
  8
LOWER
100
AcDbLine
 10
381439.0233131958
 20
246238.66161706534
 30
350.0000000000005
 11
380760.11781385157
 21
246777.72537778917
 31
350.0000000000005
  0
LINE
  5
467
330
17
100
AcDbEntity
  8
LOWER
100
AcDbLine
 10
380760.11781385157
 20
246777.72537778917
 30
350.0000000000005
 11
380083.51594683836
 21
247322.66576763015
 31
350.0000000000005
  0
LINE
  5
468
330
17
100
AcDbEntity
  8
LOWER
100
AcDbLine
 10
380083.51594683836
 20
247322.66576763015
 30
350.0000000000005
 11
379407.00672864786
 21
247871.24691859912
 31
350.0000000000005
  0
LINE
  5
469
330
17
100
AcDbEntity
  8
LOWER
100
AcDbLine
 10
379407.00672864786
 20
247871.24691859912
 30
350.0000000000005
 11
378728.0554036404
 21
248420.65486718592
 31
350.0000000000005
  0
LINE
  5
46A
330
17
100
AcDbEntity
  8
LOWER
100
AcDbLine
 10
378728.0554036404
 20
248420.65486718592
 30
350.0000000000005
 11
378043.9902847217
 21
248967.6854612485
 31
350.0000000000005
  0
LINE
  5
46B
330
17
100
AcDbEntity
  8
LOWER
100
AcDbLine
 10
378043.9902847217
 20
248967.6854612485
 30
350.0000000000005
 11
377353.1702802452
 21
249510.2156661949
 31
350.0000000000005
  0
LINE
  5
46C
330
17
100
AcDbEntity
  8
LOWER
100
AcDbLine
 10
377353.1702802452
 20
249510.2156661949
 30
350.0000000000005
 11
376655.5059235704
 21
250047.9959642101
 31
350.1241064764189
  0
LINE
  5
46D
330
17
100
AcDbEntity
  8
LOWER
100
AcDbLine
 10
376655.5059235704
 20
250047.9959642101
 30
350.1241064764189
 11
375951.03322691715
 21
250580.9303451336
 31
351.71662738659523
  0
LINE
  5
46E
330
17
100
AcDbEntity
  8
LOWER
100
AcDbLine
 10
375951.03322691715
 20
250580.9303451336
 30
351.71662738659523
 11
375239.78991220886
 21
251108.92305254363
 31
355.1172185264284
  0
LINE
  5
46F
330
17
100
AcDbEntity
  8
LOWER
100
AcDbLine
 10
375239.78991220886
 20
251108.92305254363
 30
355.1172185264284
 11
374521.81540859176
 21
251631.87861016105
 31
360.291497647784
  0
LINE
  5
470
330
17
100
AcDbEntity
  8
LOWER
100
AcDbLine
 10
374521.81540859176
 20
251631.87861016105
 30
360.291497647784
 11
373797.15084945224
 21
252149.70184822718
 31
367.2050825025259
  0
LINE
  5
471
330
17
100
AcDbEntity
  8
LOWER
100
AcDbLine
 10
373797.15084945224
 20
252149.70184822718
 30
367.2050825025259
 11
373065.839068935
 21
252662.29792984625
 31
375.82359084251846
  0
LINE
  5
472
330
17
100
AcDbEntity
  8
LOWER
100
AcDbLine
 10
373065.839068935
 20
252662.29792984625
 30
375.82359084251846
 11
372327.9245979591
 21
253169.57237728604
 31
386.11264041962335
  0
LINE
  5
473
330
17
100
AcDbEntity
  8
LOWER
100
AcDbLine
 10
372327.9245979591
 20
253169.57237728604
 30
386.11264041962335
 11
371583.45365973725
 21
253671.43109822724
 31
398.03784898570973
  0
LINE
  5
474
330
17
100
AcDbEntity
  8
LOWER
100
AcDbLine
 10
371583.45365973725
 20
253671.43109822724
 30
398.03784898570973
 11
370832.4741647963
 21
254167.78041195447
 31
411.56483429263835
  0
LINE
  5
475
330
17
100
AcDbEntity
  8
LOWER
100
AcDbLine
 10
370832.4741647963
 20
254167.78041195447
 30
411.56483429263835
 11
370075.03570550005
 21
254658.52707548105
 31
426.6592140922714
  0
LINE
  5
476
330
17
100
AcDbEntity
  8
LOWER
100
AcDbLine
 10
370075.03570550005
 20
254658.52707548105
 30
426.6592140922714
 11
369311.1895500768
 21
255143.57830960018
 31
443.2866061364753
  0
LINE
  5
477
330
17
100
AcDbEntity
  8
LOWER
100
AcDbLine
 10
369311.1895500768
 20
255143.57830960018
 30
443.2866061364753
 11
368540.98863615235
 21
255622.8418248531
 31
461.4126281771136
  0
LINE
  5
478
330
17
100
AcDbEntity
  8
LOWER
100
AcDbLine
 10
368540.98863615235
 20
255622.8418248531
 30
461.4126281771136
 11
367764.4875637903
 21
256096.22584740832
 31
481.002897966055
  0
LINE
  5
479
330
17
100
AcDbEntity
  8
LOWER
100
AcDbLine
 10
367764.4875637903
 20
256096.22584740832
 30
481.002897966055
 11
366981.74258804054
 21
256563.6391448428
 31
502.02303325515584
  0
LINE
  5
47A
330
17
100
AcDbEntity
  8
LOWER
100
AcDbLine
 10
366981.74258804054
 20
256563.6391448428
 30
502.02303325515584
 11
366192.81161099847
 21
257024.99105181824
 31
524.438651796284
  0
LINE
  5
47B
330
17
100
AcDbEntity
  8
LOWER
100
AcDbLine
 10
366192.81161099847
 20
257024.99105181824
 30
524.438651796284
 11
365397.754173377
 21
257480.19149564402
 31
548.2153713413078
  0
LINE
  5
47C
330
17
100
AcDbEntity
  8
LOWER
100
AcDbLine
 10
365397.754173377
 20
257480.19149564402
 30
548.2153713413078
 11
364596.6314455931
 21
257929.15102171918
 31
573.3188096420831
  0
LINE
  5
47D
330
17
100
AcDbEntity
  8
LOWER
100
AcDbLine
 10
364596.6314455931
 20
257929.15102171918
 30
573.3188096420831
 11
363789.5062183706
 21
258371.78081884707
 31
599.7145844504832
  0
LINE
  5
47E
330
17
100
AcDbEntity
  8
LOWER
100
AcDbLine
 10
363789.5062183706
 20
258371.78081884707
 30
599.7145844504832
 11
362976.44289286353
 21
258807.99274441245
 31
627.3683135183687
  0
LINE
  5
47F
330
17
100
AcDbEntity
  8
LOWER
100
AcDbLine
 10
362976.44289286353
 20
258807.99274441245
 30
627.3683135183687
 11
362157.50747030036
 21
259237.6993494162
 31
656.2456145975952
  0
LINE
  5
480
330
17
100
AcDbEntity
  8
LOWER
100
AcDbLine
 10
362157.50747030036
 20
259237.6993494162
 30
656.2456145975952
 11
361332.76754115237
 21
259660.81390335853
 31
686.312105440035
  0
LINE
  5
481
330
17
100
AcDbEntity
  8
LOWER
100
AcDbLine
 10
361332.76754115237
 20
259660.81390335853
 30
686.312105440035
 11
360502.29227383086
 21
260077.25041896343
 31
717.5334037975518
  0
LINE
  5
482
330
17
100
AcDbEntity
  8
LOWER
100
AcDbLine
 10
360502.29227383086
 20
260077.25041896343
 30
717.5334037975518
 11
359666.1524029132
 21
260486.92367673732
 31
749.8751274220141
  0
LINE
  5
483
330
17
100
AcDbEntity
  8
LOWER
100
AcDbLine
 10
359666.1524029132
 20
260486.92367673732
 30
749.8751274220141
 11
358824.4202169042
 21
260889.7492493533
 31
783.302894065275
  0
LINE
  5
484
330
17
100
AcDbEntity
  8
LOWER
100
AcDbLine
 10
358824.4202169042
 20
260889.7492493533
 30
783.302894065275
 11
357977.1695455315
 21
261285.6435258563
 31
817.7823214792062
  0
LINE
  5
485
330
17
100
AcDbEntity
  8
LOWER
100
AcDbLine
 10
357977.1695455315
 20
261285.6435258563
 30
817.7823214792062
 11
357124.4757465841
 21
261674.52373567823
 31
853.2790274156694
  0
LINE
  5
486
330
17
100
AcDbEntity
  8
LOWER
100
AcDbLine
 10
357124.4757465841
 20
261674.52373567823
 30
853.2790274156694
 11
356266.41569229256
 21
262056.30797245898
 31
889.7586296265358
  0
LINE
  5
487
330
17
100
AcDbEntity
  8
LOWER
100
AcDbLine
 10
356266.41569229256
 20
262056.30797245898
 30
889.7586296265358
 11
355403.06775525806
 21
262430.9152176638
 31
927.1867458636574
  0
LINE
  5
488
330
17
100
AcDbEntity
  8
LOWER
100
AcDbLine
 10
355403.06775525806
 20
262430.9152176638
 30
927.1867458636574
 11
354534.51179393084
 21
262798.26536399225
 31
965.5289938789044
  0
LINE
  5
489
330
17
100
AcDbEntity
  8
LOWER
100
AcDbLine
 10
354534.51179393084
 20
262798.26536399225
 30
965.5289938789044
 11
353660.82913764584
 21
263158.279238569
 31
1004.7509914241482
  0
LINE
  5
48A
330
17
100
AcDbEntity
  8
LOWER
100
AcDbLine
 10
353660.82913764584
 20
263158.279238569
 30
1004.7509914241482
 11
352782.1025712169
 21
263510.8786259118
 31
1044.8183562512381
  0
LINE
  5
48B
330
17
100
AcDbEntity
  8
LOWER
100
AcDbLine
 10
352782.1025712169
 20
263510.8786259118
 30
1044.8183562512381
 11
351898.4163190934
 21
263855.9862906679
 31
1085.6967061120533
  0
LINE
  5
48C
330
17
100
AcDbEntity
  8
LOWER
100
AcDbLine
 10
351898.4163190934
 20
263855.9862906679
 30
1085.6967061120533
 11
351009.8560290869
 21
264193.5260001134
 31
1127.3516587584447
  0
LINE
  5
48D
330
17
100
AcDbEntity
  8
LOWER
100
AcDbLine
 10
351009.8560290869
 20
264193.5260001134
 30
1127.3516587584447
 11
350116.5087556682
 21
264523.42254640826
 31
1169.7488319422887
  0
LINE
  5
48E
330
17
100
AcDbEntity
  8
LOWER
100
AcDbLine
 10
350116.5087556682
 20
264523.42254640826
 30
1169.7488319422887
 11
349218.4629428427
 21
264845.6017685991
 31
1212.8538434154343
  0
LINE
  5
48F
330
17
100
AcDbEntity
  8
LOWER
100
AcDbLine
 10
349218.4629428427
 20
264845.6017685991
 30
1212.8538434154343
 11
348315.80840660684
 21
265159.9905743657
 31
1256.6323109297573
  0
LINE
  5
490
330
17
100
AcDbEntity
  8
LOWER
100
AcDbLine
 10
348315.80840660684
 20
265159.9905743657
 30
1256.6323109297573
 11
347408.63631699124
 21
265466.5169615016
 31
1301.0498522371238
  0
LINE
  5
491
330
17
100
AcDbEntity
  8
LOWER
100
AcDbLine
 10
347408.63631699124
 20
265466.5169615016
 30
1301.0498522371238
 11
346497.03917969635
 21
265765.1100391246
 31
1346.0720850893874
  0
LINE
  5
492
330
17
100
AcDbEntity
  8
LOWER
100
AcDbLine
 10
346497.03917969635
 20
265765.1100391246
 30
1346.0720850893874
 11
345581.1108173235
 21
266055.70004860975
 31
1391.6646272384176
  0
LINE
  5
493
330
17
100
AcDbEntity
  8
LOWER
100
AcDbLine
 10
345581.1108173235
 20
266055.70004860975
 30
1391.6646272384176
 11
344660.94635020895
 21
266338.2183842381
 31
1437.7930964360773
  0
LINE
  5
494
330
17
100
AcDbEntity
  8
LOWER
100
AcDbLine
 10
344660.94635020895
 20
266338.2183842381
 30
1437.7930964360773
 11
343736.6421768648
 21
266612.5976135566
 31
1484.4231104342498
  0
LINE
  5
495
330
17
100
AcDbEntity
  8
LOWER
100
AcDbLine
 10
343736.6421768648
 20
266612.5976135566
 30
1484.4231104342498
 11
342808.2959540341
 21
266878.7714974401
 31
1531.5202869847649
  0
LINE
  5
496
330
17
100
AcDbEntity
  8
LOWER
100
AcDbLine
 10
342808.2959540341
 20
266878.7714974401
 30
1531.5202869847649
 11
341876.0065763619
 21
267136.675009853
 31
1579.0502438395042
  0
LINE
  5
497
330
17
100
AcDbEntity
  8
LOWER
100
AcDbLine
 10
341876.0065763619
 20
267136.675009853
 30
1579.0502438395042
 11
340939.87415569334
 21
267386.2443573009
 31
1626.978598750331
  0
LINE
  5
498
330
17
100
AcDbEntity
  8
LOWER
100
AcDbLine
 10
340939.87415569334
 20
267386.2443573009
 30
1626.978598750331
 11
340000.00000000006
 21
267627.4169979695
 31
1675.2709694691098
  0
LINE
  5
499
330
17
100
AcDbEntity
  8
LOWER
100
AcDbLine
 10
340000.00000000006
 20
267627.4169979695
 30
1675.2709694691098
 11
339056.48659194325
 21
267860.1316605422
 31
1723.8929737477124
  0
LINE
  5
49A
330
17
100
AcDbEntity
  8
LOWER
100
AcDbLine
 10
339056.48659194325
 20
267860.1316605422
 30
1723.8929737477124
 11
338109.43756707915
 21
268084.3283626931
 31
1772.8102293379861
  0
LINE
  5
49B
330
17
100
AcDbEntity
  8
LOWER
100
AcDbLine
 10
338109.43756707915
 20
268084.3283626931
 30
1772.8102293379861
 11
337158.95769171155
 21
268299.9484292477
 31
1821.9883539918053
  0
LINE
  5
49C
330
17
100
AcDbEntity
  8
LOWER
100
AcDbLine
 10
337158.95769171155
 20
268299.9484292477
 30
1821.9883539918053
 11
336205.15284040006
 21
268506.9345100075
 31
1871.3929654610406
  0
LINE
  5
49D
330
17
100
AcDbEntity
  8
LOWER
100
AcDbLine
 10
336205.15284040006
 20
268506.9345100075
 30
1871.3929654610406
 11
335248.1299731297
 21
268705.2305972316
 31
1920.9896814975407
  0
LINE
  5
49E
330
17
100
AcDbEntity
  8
LOWER
100
AcDbLine
 10
335248.1299731297
 20
268705.2305972316
 30
1920.9896814975407
 11
334287.99711214605
 21
268894.78204277117
 31
1970.7441198531847
  0
LINE
  5
49F
330
17
100
AcDbEntity
  8
LOWER
100
AcDbLine
 10
334287.99711214605
 20
268894.78204277117
 30
1970.7441198531847
 11
333324.86331846635
 21
269075.53557485045
 31
2020.6218982798302
  0
LINE
  5
4A0
330
17
100
AcDbEntity
  8
LOWER
100
AcDbLine
 10
333324.86331846635
 20
269075.53557485045
 30
2020.6218982798302
 11
332358.8386680702
 21
269247.4393144904
 31
2070.588634529334
  0
LINE
  5
4A1
330
17
100
AcDbEntity
  8
LOWER
100
AcDbLine
 10
332358.8386680702
 20
269247.4393144904
 30
2070.588634529334
 11
331390.03422777826
 21
269410.44279156893
 31
2120.609946353565
  0
LINE
  5
4A2
330
17
100
AcDbEntity
  8
LOWER
100
AcDbLine
 10
331390.03422777826
 20
269410.44279156893
 30
2120.609946353565
 11
330418.56203082483
 21
269564.496960513
 31
2170.6514515043896
  0
LINE
  5
4A3
330
17
100
AcDbEntity
  8
MIDDLE
100
AcDbLine
 10
330418.56203082483
 20
269564.496960513
 30
2170.6514515043896
 11
329444.5350521324
 21
269709.5542156187
 31
2220.6787677336797
  0
LINE
  5
4A4
330
17
100
AcDbEntity
  8
MIDDLE
100
AcDbLine
 10
329444.5350521324
 20
269709.5542156187
 30
2220.6787677336797
 11
328468.067183295
 21
269845.56840599293
 31
2270.657512793284
  0
LINE
  5
4A5
330
17
100
AcDbEntity
  8
MIDDLE
100
AcDbLine
 10
328468.067183295
 20
269845.56840599293
 30
2270.657512793284
 11
327489.27320727514
 21
269972.494850114
 31
2320.5533044350736
  0
LINE
  5
4A6
330
17
100
AcDbEntity
  8
MIDDLE
100
AcDbLine
 10
327489.27320727514
 20
269972.494850114
 30
2320.5533044350736
 11
326508.26877282606
 21
270090.2903500049
 31
2370.3317604109125
  0
LINE
  5
4A7
330
17
100
AcDbEntity
  8
MIDDLE
100
AcDbLine
 10
326508.26877282606
 20
270090.2903500049
 30
2370.3317604109125
 11
325525.1703686422
 21
270198.91320501664
 31
2419.9584984726744
  0
LINE
  5
4A8
330
17
100
AcDbEntity
  8
MIDDLE
100
AcDbLine
 10
325525.1703686422
 20
270198.91320501664
 30
2419.9584984726744
 11
324540.0952972494
 21
270298.3232252158
 31
2469.3991363722066
  0
LINE
  5
4A9
330
17
100
AcDbEntity
  8
MIDDLE
100
AcDbLine
 10
324540.0952972494
 20
270298.3232252158
 30
2469.3991363722066
 11
323553.1616486372
 21
270388.481744373
 31
2518.61929186138
  0
LINE
  5
4AA
330
17
100
AcDbEntity
  8
MIDDLE
100
AcDbLine
 10
323553.1616486372
 20
270388.481744373
 30
2518.61929186138
 11
322564.48827364633
 21
270469.351632549
 31
2567.584582692069
  0
LINE
  5
4AB
330
17
100
AcDbEntity
  8
MIDDLE
100
AcDbLine
 10
322564.48827364633
 20
270469.351632549
 30
2567.584582692069
 11
321574.1947571155
 21
270540.8973082724
 31
2616.2606266161283
  0
LINE
  5
4AC
330
17
100
AcDbEntity
  8
MIDDLE
100
AcDbLine
 10
321574.1947571155
 20
270540.8973082724
 30
2616.2606266161283
 11
320582.4013907962
 21
270603.0847503078
 31
2664.6130413854144
  0
LINE
  5
4AD
330
17
100
AcDbEntity
  8
MIDDLE
100
AcDbLine
 10
320582.4013907962
 20
270603.0847503078
 30
2664.6130413854144
 11
319589.229146043
 21
270655.8815090085
 31
2712.607444751798
  0
LINE
  5
4AE
330
17
100
AcDbEntity
  8
MIDDLE
100
AcDbLine
 10
319589.229146043
 20
270655.8815090085
 30
2712.607444751798
 11
318594.7996462879
 21
270699.2567172524
 31
2760.2094544671622
  0
LINE
  5
4AF
330
17
100
AcDbEntity
  8
MIDDLE
100
AcDbLine
 10
318594.7996462879
 20
270699.2567172524
 30
2760.2094544671622
 11
317599.23513930704
 21
270733.18110095523
 31
2807.3846882833377
  0
LINE
  5
4B0
330
17
100
AcDbEntity
  8
MIDDLE
100
AcDbLine
 10
317599.23513930704
 20
270733.18110095523
 30
2807.3846882833377
 11
316602.65846928454
 21
270757.62698916
 31
2854.098763952203
  0
LINE
  5
4B1
330
17
100
AcDbEntity
  8
MIDDLE
100
AcDbLine
 10
316602.65846928454
 20
270757.62698916
 30
2854.098763952203
 11
315605.19304868643
 21
270772.56832369906
 31
2900.3172992256254
  0
LINE
  5
4B2
330
17
100
AcDbEntity
  8
MIDDLE
100
AcDbLine
 10
315605.19304868643
 20
270772.56832369906
 30
2900.3172992256254
 11
314606.962829949
 21
270777.98066842405
 31
2946.005911855474
  0
LINE
  5
4B3
330
17
100
AcDbEntity
  8
MIDDLE
100
AcDbLine
 10
314606.962829949
 20
270777.98066842405
 30
2946.005911855474
 11
313608.09227699233
 21
270773.84121800394
 31
2991.1302195936005
  0
LINE
  5
4B4
330
17
100
AcDbEntity
  8
MIDDLE
100
AcDbLine
 10
313608.09227699233
 20
270773.84121800394
 30
2991.1302195936005
 11
312608.70633656334
 21
270760.1288062854
 31
3035.655840191873
  0
LINE
  5
4B5
330
17
100
AcDbEntity
  8
MIDDLE
100
AcDbLine
 10
312608.70633656334
 20
270760.1288062854
 30
3035.655840191873
 11
311608.93040942174
 21
270736.8239142144
 31
3079.548391402159
  0
LINE
  5
4B6
330
17
100
AcDbEntity
  8
MIDDLE
100
AcDbLine
 10
311608.93040942174
 20
270736.8239142144
 30
3079.548391402159
 11
310608.8903213738
 21
270703.9086773172
 31
3122.77349097632
  0
LINE
  5
4B7
330
17
100
AcDbEntity
  8
MIDDLE
100
AcDbLine
 10
310608.8903213738
 20
270703.9086773172
 30
3122.77349097632
 11
309608.7122941626
 21
270661.3668927363
 31
3165.2967566662287
  0
LINE
  5
4B8
330
17
100
AcDbEntity
  8
MIDDLE
100
AcDbLine
 10
309608.7122941626
 20
270661.3668927363
 30
3165.2967566662287
 11
308608.5229162254
 21
270609.18402582116
 31
3207.083806223736
  0
LINE
  5
4B9
330
17
100
AcDbEntity
  8
MIDDLE
100
AcDbLine
 10
308608.5229162254
 20
270609.18402582116
 30
3207.083806223736
 11
307608.44911332225
 21
270547.34721627034
 31
3248.100257400711
  0
LINE
  5
4BA
330
17
100
AcDbEntity
  8
MIDDLE
100
AcDbLine
 10
307608.44911332225
 20
270547.34721627034
 30
3248.100257400711
 11
306608.61811904947
 21
270475.84528382367
 31
3288.311727949019
  0
LINE
  5
4BB
330
17
100
AcDbEntity
  8
MIDDLE
100
AcDbLine
 10
306608.61811904947
 20
270475.84528382367
 30
3288.311727949019
 11
305609.1574452431
 21
270394.6687335025
 31
3327.6838356205244
  0
LINE
  5
4BC
330
17
100
AcDbEntity
  8
MIDDLE
100
AcDbLine
 10
305609.1574452431
 20
270394.6687335025
 30
3327.6838356205244
 11
304610.19485228165
 21
270303.80976039637
 31
3366.1821981671037
  0
LINE
  5
4BD
330
17
100
AcDbEntity
  8
MIDDLE
100
AcDbLine
 10
304610.19485228165
 20
270303.80976039637
 30
3366.1821981671037
 11
303611.85831929796
 21
270203.2622539941
 31
3403.772433340595
  0
LINE
  5
4BE
330
17
100
AcDbEntity
  8
MIDDLE
100
AcDbLine
 10
303611.85831929796
 20
270203.2622539941
 30
3403.772433340595
 11
302614.27601430577
 21
270093.02180205897
 31
3440.4201588928763
  0
LINE
  5
4BF
330
17
100
AcDbEntity
  8
MIDDLE
100
AcDbLine
 10
302614.27601430577
 20
270093.02180205897
 30
3440.4201588928763
 11
301617.5762642538
 21
269973.08569404535
 31
3476.090992575811
  0
LINE
  5
4C0
330
17
100
AcDbEntity
  8
MIDDLE
100
AcDbLine
 10
301617.5762642538
 20
269973.08569404535
 30
3476.090992575811
 11
300621.88752501283
 21
269843.4529240565
 31
3510.750552141275
  0
LINE
  5
4C1
330
17
100
AcDbEntity
  8
MIDDLE
100
AcDbLine
 10
300621.88752501283
 20
269843.4529240565
 30
3510.750552141275
 11
299627.3383513059
 21
269704.1241933427
 31
3544.3644553411086
  0
LINE
  5
4C2
330
17
100
AcDbEntity
  8
MIDDLE
100
AcDbLine
 10
299627.3383513059
 20
269704.1241933427
 30
3544.3644553411086
 11
298634.0573665892
 21
269555.10191233776
 31
3576.898319927189
  0
LINE
  5
4C3
330
17
100
AcDbEntity
  8
MIDDLE
100
AcDbLine
 10
298634.0573665892
 20
269555.10191233776
 30
3576.898319927189
 11
297642.1732328939
 21
269396.39020223456
 31
3608.317763651379
  0
LINE
  5
4C4
330
17
100
AcDbEntity
  8
MIDDLE
100
AcDbLine
 10
297642.1732328939
 20
269396.39020223456
 30
3608.317763651379
 11
296651.8146206366
 21
269227.99489609775
 31
3638.5884042655484
  0
LINE
  5
4C5
330
17
100
AcDbEntity
  8
MIDDLE
100
AcDbLine
 10
296651.8146206366
 20
269227.99489609775
 30
3638.5884042655484
 11
295663.11017840833
 21
269049.92353951454
 31
3667.6758595215515
  0
LINE
  5
4C6
330
17
100
AcDbEntity
  8
MIDDLE
100
AcDbLine
 10
295663.11017840833
 20
269049.92353951454
 30
3667.6758595215515
 11
294676.1885027477
 21
268862.1853907812
 31
3695.5457471712575
  0
LINE
  5
4C7
330
17
100
AcDbEntity
  8
MIDDLE
100
AcDbLine
 10
294676.1885027477
 20
268862.1853907812
 30
3695.5457471712575
 11
293691.17810791166
 21
268664.7914206276
 31
3722.16368496653
  0
LINE
  5
4C8
330
17
100
AcDbEntity
  8
MIDDLE
100
AcDbLine
 10
293691.17810791166
 20
268664.7914206276
 30
3722.16368496653
 11
292708.2073956489
 21
268457.7543114781
 31
3747.495290659238
  0
LINE
  5
4C9
330
17
100
AcDbEntity
  8
MIDDLE
100
AcDbLine
 10
292708.2073956489
 20
268457.7543114781
 30
3747.495290659238
 11
291727.404624987
 21
268241.0884562489
 31
3771.5061820012365
  0
LINE
  5
4CA
330
17
100
AcDbEntity
  8
MIDDLE
100
AcDbLine
 10
291727.404624987
 20
268241.0884562489
 30
3771.5061820012365
 11
290748.8978820393
 21
268014.8099566827
 31
3794.161976744394
  0
LINE
  5
4CB
330
17
100
AcDbEntity
  8
MIDDLE
100
AcDbLine
 10
290748.8978820393
 20
268014.8099566827
 30
3794.161976744394
 11
289772.8150498435
 21
267778.9366212207
 31
3815.428292640582
  0
LINE
  5
4CC
330
17
100
AcDbEntity
  8
MIDDLE
100
AcDbLine
 10
289772.8150498435
 20
267778.9366212207
 30
3815.428292640582
 11
288799.28377823974
 21
267533.4879624137
 31
3835.2707474416507
  0
LINE
  5
4CD
330
17
100
AcDbEntity
  8
MIDDLE
100
AcDbLine
 10
288799.28377823974
 20
267533.4879624137
 30
3835.2707474416507
 11
287828.43145379383
 21
267278.4851938691
 31
3853.654958899471
  0
LINE
  5
4CE
330
17
100
AcDbEntity
  8
MIDDLE
100
AcDbLine
 10
287828.43145379383
 20
267278.4851938691
 30
3853.654958899471
 11
286860.38516977994
 21
267013.9512267403
 31
3870.5465447659067
  0
LINE
  5
4CF
330
17
100
AcDbEntity
  8
MIDDLE
100
AcDbLine
 10
286860.38516977994
 20
267013.9512267403
 30
3870.5465447659067
 11
285895.2716962265
 21
266739.9106657547
 31
3885.9111227928274
  0
LINE
  5
4D0
330
17
100
AcDbEntity
  8
MIDDLE
100
AcDbLine
 10
285895.2716962265
 20
266739.9106657547
 30
3885.9111227928274
 11
284933.21745003725
 21
266456.38980478316
 31
3899.7143107320876
  0
LINE
  5
4D1
330
17
100
AcDbEntity
  8
MIDDLE
100
AcDbLine
 10
284933.21745003725
 20
266456.38980478316
 30
3899.7143107320876
 11
283974.34846519324
 21
266163.41662195255
 31
3911.9217263355554
  0
LINE
  5
4D2
330
17
100
AcDbEntity
  8
MIDDLE
100
AcDbLine
 10
283974.34846519324
 20
266163.41662195255
 30
3911.9217263355554
 11
283018.7903630475
 21
265861.0207743018
 31
3922.498987355096
  0
LINE
  5
4D3
330
17
100
AcDbEntity
  8
MIDDLE
100
AcDbLine
 10
283018.7903630475
 20
265861.0207743018
 30
3922.498987355096
 11
282066.66832271847
 21
265549.2335919832
 31
3931.4117115425743
  0
LINE
  5
4D4
330
17
100
AcDbEntity
  8
MIDDLE
100
AcDbLine
 10
282066.66832271847
 20
265549.2335919832
 30
3931.4117115425743
 11
281118.1070515931
 21
265228.08807201195
 31
3938.6255166498518
  0
LINE
  5
4D5
330
17
100
AcDbEntity
  8
MIDDLE
100
AcDbLine
 10
281118.1070515931
 20
265228.08807201195
 30
3938.6255166498518
 11
280173.230755945
 21
264897.6188715618
 31
3944.1060204287946
  0
LINE
  5
4D6
330
17
100
AcDbEntity
  8
MIDDLE
100
AcDbLine
 10
280173.230755945
 20
264897.6188715618
 30
3944.1060204287946
 11
279232.16311167966
 21
264557.86230081384
 31
3947.818840631266
  0
LINE
  5
4D7
330
17
100
AcDbEntity
  8
MIDDLE
100
AcDbLine
 10
279232.16311167966
 20
264557.86230081384
 30
3947.818840631266
 11
278295.02723521274
 21
264208.8563153567
 31
3949.729595009131
  0
LINE
  5
4D8
330
17
100
AcDbEntity
  8
MIDDLE
100
AcDbLine
 10
278295.02723521274
 20
264208.8563153567
 30
3949.729595009131
 11
277361.9456544911
 21
263850.6405081414
 31
3950.0
  0
LINE
  5
4D9
330
17
100
AcDbEntity
  8
MIDDLE
100
AcDbLine
 10
277361.9456544911
 20
263850.6405081414
 30
3950.0
 11
276433.0402801653
 21
263483.256100994
 31
3950.0
  0
LINE
  5
4DA
330
17
100
AcDbEntity
  8
MIDDLE
100
AcDbLine
 10
276433.0402801653
 20
263483.256100994
 30
3950.0
 11
275508.43237691926
 21
263106.7459356864
 31
3950.0
  0
LINE
  5
4DB
330
17
100
AcDbEntity
  8
MIDDLE
100
AcDbLine
 10
275508.43237691926
 20
263106.7459356864
 30
3950.0
 11
274588.2425349693
 21
262721.15446457
 31
3950.0
  0
LINE
  5
4DC
330
17
100
AcDbEntity
  8
MIDDLE
100
AcDbLine
 10
274588.2425349693
 20
262721.15446457
 30
3950.0
 11
273672.5906417382
 21
262326.52774077404
 31
3950.0
  0
LINE
  5
4DD
330
17
100
AcDbEntity
  8
MIDDLE
100
AcDbLine
 10
273672.5906417382
 20
262326.52774077404
 30
3950.0
 11
272761.59585371404
 21
261922.91340797118
 31
3950.0
  0
LINE
  5
4DE
330
17
100
AcDbEntity
  8
MIDDLE
100
AcDbLine
 10
272761.59585371404
 20
261922.91340797118
 30
3950.0
 11
271855.3765684988
 21
261510.36068971292
 31
3950.0
  0
LINE
  5
4DF
330
17
100
AcDbEntity
  8
MIDDLE
100
AcDbLine
 10
271855.3765684988
 20
261510.36068971292
 30
3950.0
 11
270954.05039706005
 21
261088.920378339
 31
3950.0
  0
LINE
  5
4E0
330
17
100
AcDbEntity
  8
MIDDLE
100
AcDbLine
 10
270954.05039706005
 20
261088.920378339
 30
3950.0
 11
270057.7341361889
 21
260658.64482346343
 31
3950.0
  0
LINE
  5
4E1
330
17
100
AcDbEntity
  8
MIDDLE
100
AcDbLine
 10
270057.7341361889
 20
260658.64482346343
 30
3950.0
 11
269166.54374117526
 21
260219.58792003995
 31
3950.0
  0
LINE
  5
4E2
330
17
100
AcDbEntity
  8
MIDDLE
100
AcDbLine
 10
269166.54374117526
 20
260219.58792003995
 30
3950.0
 11
268280.594298707
 21
259771.80509601152
 31
3950.0
  0
LINE
  5
4E3
330
17
100
AcDbEntity
  8
MIDDLE
100
AcDbLine
 10
268280.594298707
 20
259771.80509601152
 30
3950.0
 11
267400.0000000001
 21
259315.35329954597
 31
3950.0
  0
LINE
  5
4E4
330
17
100
AcDbEntity
  8
MIDDLE
100
AcDbLine
 10
267400.0000000001
 20
259315.35329954597
 30
3950.0
 11
266524.8741141702
 21
258850.2909858625
 31
3950.0
  0
LINE
  5
4E5
330
17
100
AcDbEntity
  8
MIDDLE
100
AcDbLine
 10
266524.8741141702
 20
258850.2909858625
 30
3950.0
 11
265655.32896185026
 21
258376.6781036528
 31
3950.0
  0
LINE
  5
4E6
330
17
100
AcDbEntity
  8
MIDDLE
100
AcDbLine
 10
265655.32896185026
 20
258376.6781036528
 30
3950.0
 11
264791.4758890648
 21
257894.57608110053
 31
3950.0
  0
LINE
  5
4E7
330
17
100
AcDbEntity
  8
MIDDLE
100
AcDbLine
 10
264791.4758890648
 20
257894.57608110053
 30
3950.0
 11
263933.4252413646
 21
257404.04781150245
 31
3950.0
  0
LINE
  5
4E8
330
17
100
AcDbEntity
  8
MIDDLE
100
AcDbLine
 10
263933.4252413646
 20
257404.04781150245
 30
3950.0
 11
263081.2863382337
 21
256905.15763849692
 31
3950.0
  0
LINE
  5
4E9
330
17
100
AcDbEntity
  8
MIDDLE
100
AcDbLine
 10
263081.2863382337
 20
256905.15763849692
 30
3950.0
 11
262235.16744777263
 21
256397.97134090247
 31
3950.0
  0
LINE
  5
4EA
330
17
100
AcDbEntity
  8
MIDDLE
100
AcDbLine
 10
262235.16744777263
 20
256397.97134090247
 30
3950.0
 11
261395.17576166792
 21
255882.55611717285
 31
3950.0
  0
LINE
  5
4EB
330
17
100
AcDbEntity
  8
MIDDLE
100
AcDbLine
 10
261395.17576166792
 20
255882.55611717285
 30
3950.0
 11
260561.41737045118
 21
255358.98056946966
 31
3950.0
  0
LINE
  5
4EC
330
17
100
AcDbEntity
  8
MIDDLE
100
AcDbLine
 10
260561.41737045118
 20
255358.98056946966
 30
3950.0
 11
259733.9972390596
 21
254827.31468736133
 31
3950.0
  0
LINE
  5
4ED
330
17
100
AcDbEntity
  8
MIDDLE
100
AcDbLine
 10
259733.9972390596
 20
254827.31468736133
 30
3950.0
 11
258913.01918270308
 21
254287.62983115064
 31
3950.0
  0
LINE
  5
4EE
330
17
100
AcDbEntity
  8
MIDDLE
100
AcDbLine
 10
258913.01918270308
 20
254287.62983115064
 30
3950.0
 11
258098.58584304186
 21
253739.99871483524
 31
3950.0
  0
LINE
  5
4EF
330
17
100
AcDbEntity
  8
MIDDLE
100
AcDbLine
 10
258098.58584304186
 20
253739.99871483524
 30
3950.0
 11
257290.79866468714
 21
253184.4953887082
 31
3950.270404990869
  0
LINE
  5
4F0
330
17
100
AcDbEntity
  8
MIDDLE
100
AcDbLine
 10
257290.79866468714
 20
253184.4953887082
 30
3950.270404990869
 11
256489.75787202694
 21
252621.19522160196
 31
3952.1811593687344
  0
LINE
  5
4F1
330
17
100
AcDbEntity
  8
MIDDLE
100
AcDbLine
 10
256489.75787202694
 20
252621.19522160196
 30
3952.1811593687344
 11
255695.56244638676
 21
252050.17488278192
 31
3955.893979571206
  0
LINE
  5
4F2
330
17
100
AcDbEntity
  8
MIDDLE
100
AcDbLine
 10
255695.56244638676
 20
252050.17488278192
 30
3955.893979571206
 11
254908.31010352873
 21
251471.5123234934
 31
3961.374483350149
  0
LINE
  5
4F3
330
17
100
AcDbEntity
  8
MIDDLE
100
AcDbLine
 10
254908.31010352873
 20
251471.5123234934
 30
3961.374483350149
 11
254128.0972714987
 21
250885.28675816944
 31
3968.588288457426
  0
LINE
  5
4F4
330
17
100
AcDbEntity
  8
MIDDLE
100
AcDbLine
 10
254128.0972714987
 20
250885.28675816944
 30
3968.588288457426
 11
253355.01906882576
 21
250291.57864530315
 31
3977.501012644905
  0
LINE
  5
4F5
330
17
100
AcDbEntity
  8
MIDDLE
100
AcDbLine
 10
253355.01906882576
 20
250291.57864530315
 30
3977.501012644905
 11
252589.1692830819
 21
249690.46966799194
 31
3988.078273664446
  0
LINE
  5
4F6
330
17
100
AcDbEntity
  8
MIDDLE
100
AcDbLine
 10
252589.1692830819
 20
249690.46966799194
 30
3988.078273664446
 11
251830.6403498051
 21
249082.04271415647
 31
4000.2856892679138
  0
LINE
  5
4F7
330
17
100
AcDbEntity
  8
MIDDLE
100
AcDbLine
 10
251830.6403498051
 20
249082.04271415647
 30
4000.2856892679138
 11
251079.52333179588
 21
248466.38185644354
 31
4014.0888772071735
  0
LINE
  5
4F8
330
17
100
AcDbEntity
  8
MIDDLE
100
AcDbLine
 10
251079.52333179588
 20
248466.38185644354
 30
4014.0888772071735
 11
250335.90789879014
 21
247843.5723318164
 31
4029.4534552340924
  0
LINE
  5
4F9
330
17
100
AcDbEntity
  8
MIDDLE
100
AcDbLine
 10
250335.90789879014
 20
247843.5723318164
 30
4029.4534552340924
 11
249599.88230751612
 21
247213.70052083975
 31
4046.345041100528
  0
LINE
  5
4FA
330
17
100
AcDbEntity
  8
MIDDLE
100
AcDbLine
 10
249599.88230751612
 20
247213.70052083975
 30
4046.345041100528
 11
248871.5333821387
 21
246576.85392666355
 31
4064.7292525583484
  0
LINE
  5
4FB
330
17
100
AcDbEntity
  8
MIDDLE
100
AcDbLine
 10
248871.5333821387
 20
246576.85392666355
 30
4064.7292525583484
 11
248150.9464950998
 21
245933.1211537149
 31
4084.571707359416
  0
LINE
  5
4FC
330
17
100
AcDbEntity
  8
MIDDLE
100
AcDbLine
 10
248150.9464950998
 20
245933.1211537149
 30
4084.571707359416
 11
247438.2055483582
 21
245282.59188610106
 31
4105.838023255596
  0
LINE
  5
4FD
330
17
100
AcDbEntity
  8
MIDDLE
100
AcDbLine
 10
247438.2055483582
 20
245282.59188610106
 30
4105.838023255596
 11
246733.39295503413
 21
244625.35686573214
 31
4128.493817998762
  0
LINE
  5
4FE
330
17
100
AcDbEntity
  8
MIDDLE
100
AcDbLine
 10
246733.39295503413
 20
244625.35686573214
 30
4128.493817998762
 11
246036.58962146592
 21
243961.50787016918
 31
4152.50470934076
  0
LINE
  5
4FF
330
17
100
AcDbEntity
  8
MIDDLE
100
AcDbLine
 10
246036.58962146592
 20
243961.50787016918
 30
4152.50470934076
 11
245347.8749296802
 21
243291.13769020262
 31
4177.8363150334635
  0
LINE
  5
500
330
17
100
AcDbEntity
  8
MIDDLE
100
AcDbLine
 10
245347.8749296802
 20
243291.13769020262
 30
4177.8363150334635
 11
244667.32672028465
 21
242614.34010717057
 31
4204.454252828736
  0
LINE
  5
501
330
17
100
AcDbEntity
  8
MIDDLE
100
AcDbLine
 10
244667.32672028465
 20
242614.34010717057
 30
4204.454252828736
 11
243995.02127578552
 21
241931.20987002118
 31
4232.32414047844
  0
LINE
  5
502
330
17
100
AcDbEntity
  8
MIDDLE
100
AcDbLine
 10
243995.02127578552
 20
241931.20987002118
 30
4232.32414047844
 11
243331.03330433503
 21
241241.84267212698
 31
4261.411595734454
  0
LINE
  5
503
330
17
100
AcDbEntity
  8
MIDDLE
100
AcDbLine
 10
243331.03330433503
 20
241241.84267212698
 30
4261.411595734454
 11
242675.4359239148
 21
240546.33512785778
 31
4291.682236348619
  0
LINE
  5
504
330
17
100
AcDbEntity
  8
MIDDLE
100
AcDbLine
 10
242675.4359239148
 20
240546.33512785778
 30
4291.682236348619
 11
242028.30064695695
 21
239844.78474891768
 31
4323.101680072809
  0
LINE
  5
505
330
17
100
AcDbEntity
  8
MIDDLE
100
AcDbLine
 10
242028.30064695695
 20
239844.78474891768
 30
4323.101680072809
 11
241389.6973654104
 21
239137.2899204559
 31
4355.635544658888
  0
LINE
  5
506
330
17
100
AcDbEntity
  8
MIDDLE
100
AcDbLine
 10
241389.6973654104
 20
239137.2899204559
 30
4355.635544658888
 11
240759.69433625403
 21
238423.94987695536
 31
4389.249447858729
  0
LINE
  5
507
330
17
100
AcDbEntity
  8
MIDDLE
100
AcDbLine
 10
240759.69433625403
 20
238423.94987695536
 30
4389.249447858729
 11
240138.35816746304
 21
237704.8646779092
 31
4423.90900742418
  0
LINE
  5
508
330
17
100
AcDbEntity
  8
MIDDLE
100
AcDbLine
 10
240138.35816746304
 20
237704.8646779092
 30
4423.90900742418
 11
239525.75380442917
 21
236980.13518328828
 31
4459.579841107115
  0
LINE
  5
509
330
17
100
AcDbEntity
  8
MIDDLE
100
AcDbLine
 10
239525.75380442917
 20
236980.13518328828
 30
4459.579841107115
 11
238921.94451684237
 21
236249.86302881103
 31
4496.227566659401
  0
LINE
  5
50A
330
17
100
AcDbEntity
  8
MIDDLE
100
AcDbLine
 10
238921.94451684237
 20
236249.86302881103
 30
4496.227566659401
 11
238326.99188603583
 21
235514.1506010213
 31
4533.817801832893
  0
LINE
  5
50B
330
17
100
AcDbEntity
  8
MIDDLE
100
AcDbLine
 10
238326.99188603583
 20
235514.1506010213
 30
4533.817801832893
 11
237740.95579279636
 21
234773.1010121791
 31
4572.316164379459
  0
LINE
  5
50C
330
17
100
AcDbEntity
  8
MIDDLE
100
AcDbLine
 10
237740.95579279636
 20
234773.1010121791
 30
4572.316164379459
 11
237163.8944056465
 21
234026.81807497624
 31
4611.688272050964
  0
LINE
  5
50D
330
17
100
AcDbEntity
  8
MIDDLE
100
AcDbLine
 10
237163.8944056465
 20
234026.81807497624
 30
4611.688272050964
 11
236595.8641695997
 21
233275.40627708
 31
4651.899742599286
  0
LINE
  5
50E
330
17
100
AcDbEntity
  8
MIDDLE
100
AcDbLine
 10
236595.8641695997
 20
233275.40627708
 30
4651.899742599286
 11
236036.91979539205
 21
232518.9707555159
 31
4692.916193776261
  0
LINE
  5
50F
330
17
100
AcDbEntity
  8
MIDDLE
100
AcDbLine
 10
236036.91979539205
 20
232518.9707555159
 30
4692.916193776261
 11
235487.11424919355
 21
231757.61727089257
 31
4734.703243333768
  0
LINE
  5
510
330
17
100
AcDbEntity
  8
MIDDLE
100
AcDbLine
 10
235487.11424919355
 20
231757.61727089257
 30
4734.703243333768
 11
234946.49874280184
 21
230991.45218148147
 31
4777.226509023669
  0
LINE
  5
511
330
17
100
AcDbEntity
  8
MIDDLE
100
AcDbLine
 10
234946.49874280184
 20
230991.45218148147
 30
4777.226509023669
 11
234415.1227243207
 21
230220.582417155
 31
4820.451608597845
  0
LINE
  5
512
330
17
100
AcDbEntity
  8
MIDDLE
100
AcDbLine
 10
234415.1227243207
 20
230220.582417155
 30
4820.451608597845
 11
233893.03386932745
 21
229445.11545319343
 31
4864.344159808131
  0
LINE
  5
513
330
17
100
AcDbEntity
  8
MIDDLE
100
AcDbLine
 10
233893.03386932745
 20
229445.11545319343
 30
4864.344159808131
 11
233380.2780725279
 21
228665.159283965
 31
4908.869780406404
  0
LINE
  5
514
330
17
100
AcDbEntity
  8
MIDDLE
100
AcDbLine
 10
233380.2780725279
 20
228665.159283965
 30
4908.869780406404
 11
232876.8994399058
 21
227880.8223964906
 31
4953.994088144537
  0
LINE
  5
515
330
17
100
AcDbEntity
  8
MIDDLE
100
AcDbLine
 10
232876.8994399058
 20
227880.8223964906
 30
4953.994088144537
 11
232382.94028136574
 21
227092.2137438993
 31
4999.682700774378
  0
LINE
  5
516
330
17
100
AcDbEntity
  8
MIDDLE
100
AcDbLine
 10
232382.94028136574
 20
227092.2137438993
 30
4999.682700774378
 11
231898.44110387162
 21
226299.44271878028
 31
5045.9012360478
  0
LINE
  5
517
330
17
100
AcDbEntity
  8
MIDDLE
100
AcDbLine
 10
231898.44110387162
 20
226299.44271878028
 30
5045.9012360478
 11
231423.44060508412
 21
225502.61912644294
 31
5092.615311716666
  0
LINE
  5
518
330
17
100
AcDbEntity
  8
MIDDLE
100
AcDbLine
 10
231423.44060508412
 20
225502.61912644294
 30
5092.615311716666
 11
230957.97566749732
 21
224701.85315808994
 31
5139.790545532849
  0
LINE
  5
519
330
17
100
AcDbEntity
  8
MIDDLE
100
AcDbLine
 10
230957.97566749732
 20
224701.85315808994
 30
5139.790545532849
 11
230502.0813530769
 21
223897.25536391314
 31
5187.392555248197
  0
LINE
  5
51A
330
17
100
AcDbEntity
  8
MIDDLE
100
AcDbLine
 10
230502.0813530769
 20
223897.25536391314
 30
5187.392555248197
 11
230055.7908983999
 21
223088.93662611747
 31
5235.386958614583
  0
LINE
  5
51B
330
17
100
AcDbEntity
  8
MIDDLE
100
AcDbLine
 10
230055.7908983999
 20
223088.93662611747
 30
5235.386958614583
 11
229619.1357102991
 21
222277.00813188398
 31
5283.739373383867
  0
LINE
  5
51C
330
17
100
AcDbEntity
  8
MIDDLE
100
AcDbLine
 10
229619.1357102991
 20
222277.00813188398
 30
5283.739373383867
 11
229192.1453620119
 21
221461.58134627808
 31
5332.415417307918
  0
LINE
  5
51D
330
17
100
AcDbEntity
  8
MIDDLE
100
AcDbLine
 10
229192.1453620119
 20
221461.58134627808
 30
5332.415417307918
 11
228774.8475898342
 21
220642.7679851105
 31
5381.380708138617
  0
LINE
  5
51E
330
17
100
AcDbEntity
  8
MIDDLE
100
AcDbLine
 10
228774.8475898342
 20
220642.7679851105
 30
5381.380708138617
 11
228367.26829028165
 21
219820.6799877611
 31
5430.600863627789
  0
LINE
  5
51F
330
17
100
AcDbEntity
  8
MIDDLE
100
AcDbLine
 10
228367.26829028165
 20
219820.6799877611
 30
5430.600863627789
 11
227969.43151775672
 21
218995.4294899698
 31
5480.041501527321
  0
LINE
  5
520
330
17
100
AcDbEntity
  8
MIDDLE
100
AcDbLine
 10
227969.43151775672
 20
218995.4294899698
 30
5480.041501527321
 11
227581.35948272384
 21
218167.12879660673
 31
5529.668239589075
  0
LINE
  5
521
330
17
100
AcDbEntity
  8
MIDDLE
100
AcDbLine
 10
227581.35948272384
 20
218167.12879660673
 30
5529.668239589075
 11
227203.07255039198
 21
217335.89035442664
 31
5579.446695564913
  0
LINE
  5
522
330
17
100
AcDbEntity
  8
MIDDLE
100
AcDbLine
 10
227203.07255039198
 20
217335.89035442664
 30
5579.446695564913
 11
226834.58923990492
 21
216501.8267248165
 31
5629.342487206721
  0
LINE
  5
523
330
17
100
AcDbEntity
  8
MIDDLE
100
AcDbLine
 10
226834.58923990492
 20
216501.8267248165
 30
5629.342487206721
 11
226475.92622403943
 21
215665.05055654532
 31
5679.321232266325
  0
LINE
  5
524
330
17
100
AcDbEntity
  8
MIDDLE
100
AcDbLine
 10
226475.92622403943
 20
215665.05055654532
 30
5679.321232266325
 11
226127.09832941057
 21
214825.6745585208
 31
5729.348548495606
  0
LINE
  5
525
330
17
100
AcDbEntity
  8
MIDDLE
100
AcDbLine
 10
226127.09832941057
 20
214825.6745585208
 30
5729.348548495606
 11
225788.1185371848
 21
213983.81147256514
 31
5779.390053646431
  0
LINE
  5
526
330
17
100
AcDbEntity
  8
UPPER
100
AcDbLine
 10
225788.1185371848
 20
213983.81147256514
 30
5779.390053646431
 11
225458.9979842995
 21
213139.57404621498
 31
5829.411365470662
  0
LINE
  5
527
330
17
100
AcDbEntity
  8
UPPER
100
AcDbLine
 10
225458.9979842995
 20
213139.57404621498
 30
5829.411365470662
 11
225139.74596518846
 21
212293.07500555387
 31
5879.378101720173
  0
LINE
  5
528
330
17
100
AcDbEntity
  8
UPPER
100
AcDbLine
 10
225139.74596518846
 20
212293.07500555387
 30
5879.378101720173
 11
224830.3699340135
 21
211444.42702808714
 31
5929.25588014681
  0
LINE
  5
529
330
17
100
AcDbEntity
  8
UPPER
100
AcDbLine
 10
224830.3699340135
 20
211444.42702808714
 30
5929.25588014681
 11
224530.87550739912
 21
210593.74271566284
 31
5979.010318502446
  0
LINE
  5
52A
330
17
100
AcDbEntity
  8
UPPER
100
AcDbLine
 10
224530.87550739912
 20
210593.74271566284
 30
5979.010318502446
 11
224241.26646767172
 21
209741.13456745175
 31
6028.607034538955
  0
LINE
  5
52B
330
17
100
AcDbEntity
  8
UPPER
100
AcDbLine
 10
224241.26646767172
 20
209741.13456745175
 30
6028.607034538955
 11
223961.54476660062
 21
208886.71495299143
 31
6078.011646008182
  0
LINE
  5
52C
330
17
100
AcDbEntity
  8
UPPER
100
AcDbLine
 10
223961.54476660062
 20
208886.71495299143
 30
6078.011646008182
 11
223691.71052963892
 21
208030.59608530116
 31
6127.189770662
  0
LINE
  5
52D
330
17
100
AcDbEntity
  8
UPPER
100
AcDbLine
 10
223691.71052963892
 20
208030.59608530116
 30
6127.189770662
 11
223431.76206066494
 21
207172.8899940788
 31
6176.107026252276
  0
LINE
  5
52E
330
17
100
AcDbEntity
  8
UPPER
100
AcDbLine
 10
223431.76206066494
 20
207172.8899940788
 30
6176.107026252276
 11
223181.69584721976
 21
206313.70849898475
 31
6224.729030530887
  0
LINE
  5
52F
330
17
100
AcDbEntity
  8
UPPER
100
AcDbLine
 10
223181.69584721976
 20
206313.70849898475
 30
6224.729030530887
 11
222941.50656624156
 21
205453.16318302247
 31
6273.021401249664
  0
LINE
  5
530
330
17
100
AcDbEntity
  8
UPPER
100
AcDbLine
 10
222941.50656624156
 20
205453.16318302247
 30
6273.021401249664
 11
222711.1870902927
 21
204591.36536602108
 31
6320.949756160491
  0
LINE
  5
531
330
17
100
AcDbEntity
  8
UPPER
100
AcDbLine
 10
222711.1870902927
 20
204591.36536602108
 30
6320.949756160491
 11
222490.72849427888
 21
203728.4260782306
 31
6368.479713015231
  0
LINE
  5
532
330
17
100
AcDbEntity
  8
UPPER
100
AcDbLine
 10
222490.72849427888
 20
203728.4260782306
 30
6368.479713015231
 11
222280.12006265725
 21
202864.4560340352
 31
6415.576889565763
  0
LINE
  5
533
330
17
100
AcDbEntity
  8
UPPER
100
AcDbLine
 10
222280.12006265725
 20
202864.4560340352
 30
6415.576889565763
 11
222079.3492971319
 21
201999.5656057943
 31
6462.206903563918
  0
LINE
  5
534
330
17
100
AcDbEntity
  8
UPPER
100
AcDbLine
 10
222079.3492971319
 20
201999.5656057943
 30
6462.206903563918
 11
221888.40192483264
 21
201133.8647978156
 31
6508.3353727615795
  0
LINE
  5
535
330
17
100
AcDbEntity
  8
UPPER
100
AcDbLine
 10
221888.40192483264
 20
201133.8647978156
 30
6508.3353727615795
 11
221707.26190697617
 21
200267.4632204715
 31
6553.927914910617
  0
LINE
  5
536
330
17
100
AcDbEntity
  8
UPPER
100
AcDbLine
 10
221707.26190697617
 20
200267.4632204715
 30
6553.927914910617
 11
221535.91144800605
 21
199400.470064465
 31
6598.950147762879
  0
LINE
  5
537
330
17
100
AcDbEntity
  8
UPPER
100
AcDbLine
 10
221535.91144800605
 20
199400.470064465
 30
6598.950147762879
 11
221374.33100520726
 21
198532.99407525052
 31
6643.367689070239
  0
LINE
  5
538
330
17
100
AcDbEntity
  8
UPPER
100
AcDbLine
 10
221374.33100520726
 20
198532.99407525052
 30
6643.367689070239
 11
221222.49929879457
 21
197665.14352762038
 31
6687.14615658456
  0
LINE
  5
539
330
17
100
AcDbEntity
  8
UPPER
100
AcDbLine
 10
221222.49929879457
 20
197665.14352762038
 30
6687.14615658456
 11
221080.3933224695
 21
196797.0262004619
 31
6730.251168057715
  0
LINE
  5
53A
330
17
100
AcDbEntity
  8
UPPER
100
AcDbLine
 10
221080.3933224695
 20
196797.0262004619
 30
6730.251168057715
 11
220947.9883544434
 21
195928.74935169445
 31
6772.648341241553
  0
LINE
  5
53B
330
17
100
AcDbEntity
  8
UPPER
100
AcDbLine
 10
220947.9883544434
 20
195928.74935169445
 30
6772.648341241553
 11
220825.25796892258
 21
195060.41969339014
 31
6814.303293887942
  0
LINE
  5
53C
330
17
100
AcDbEntity
  8
UPPER
100
AcDbLine
 10
220825.25796892258
 20
195060.41969339014
 30
6814.303293887942
 11
220712.1740480523
 21
194192.14336709038
 31
6855.181643748752
  0
LINE
  5
53D
330
17
100
AcDbEntity
  8
UPPER
100
AcDbLine
 10
220712.1740480523
 20
194192.14336709038
 30
6855.181643748752
 11
220608.7067943152
 21
193324.02591932105
 31
6895.249008575842
  0
LINE
  5
53E
330
17
100
AcDbEntity
  8
UPPER
100
AcDbLine
 10
220608.7067943152
 20
193324.02591932105
 30
6895.249008575842
 11
220514.82474338092
 21
192456.17227731555
 31
6934.471006121092
  0
LINE
  5
53F
330
17
100
AcDbEntity
  8
UPPER
100
AcDbLine
 10
220514.82474338092
 20
192456.17227731555
 30
6934.471006121092
 11
220430.49477740214
 21
191588.68672495332
 31
6972.813254136339
  0
LINE
  5
540
330
17
100
AcDbEntity
  8
UPPER
100
AcDbLine
 10
220430.49477740214
 20
191588.68672495332
 30
6972.813254136339
 11
220355.68213875286
 21
190721.67287891748
 31
7010.24137037346
  0
LINE
  5
541
330
17
100
AcDbEntity
  8
UPPER
100
AcDbLine
 10
220355.68213875286
 20
190721.67287891748
 30
7010.24137037346
 11
220290.3504442053
 21
189855.23366508263
 31
7046.720972584322
  0
LINE
  5
542
330
17
100
AcDbEntity
  8
UPPER
100
AcDbLine
 10
220290.3504442053
 20
189855.23366508263
 30
7046.720972584322
 11
220234.46169953997
 21
188989.47129513725
 31
7082.217678520787
  0
LINE
  5
543
330
17
100
AcDbEntity
  8
UPPER
100
AcDbLine
 10
220234.46169953997
 20
188989.47129513725
 30
7082.217678520787
 11
220187.97631458455
 21
188124.48724344722
 31
7116.697105934728
  0
LINE
  5
544
330
17
100
AcDbEntity
  8
UPPER
100
AcDbLine
 10
220187.97631458455
 20
188124.48724344722
 30
7116.697105934728
 11
220150.85311867745
 21
187260.38222416939
 31
7150.12487257799
  0
LINE
  5
545
330
17
100
AcDbEntity
  8
UPPER
100
AcDbLine
 10
220150.85311867745
 20
187260.38222416939
 30
7150.12487257799
 11
220123.04937655028
 21
186397.25616861746
 31
7182.4665962024455
  0
LINE
  5
546
330
17
100
AcDbEntity
  8
UPPER
100
AcDbLine
 10
220123.04937655028
 20
186397.25616861746
 30
7182.4665962024455
 11
220104.5208046246
 21
185535.20820289213
 31
7213.687894559962
  0
LINE
  5
547
330
17
100
AcDbEntity
  8
UPPER
100
AcDbLine
 10
220104.5208046246
 20
185535.20820289213
 30
7213.687894559962
 11
220095.2215877181
 21
184674.3366257776
 31
7243.754385402408
  0
LINE
  5
548
330
17
100
AcDbEntity
  8
UPPER
100
AcDbLine
 10
220095.2215877181
 20
184674.3366257776
 30
7243.754385402408
 11
220095.1043961544
 21
183814.73888691326
 31
7272.6316864816345
  0
LINE
  5
549
330
17
100
AcDbEntity
  8
UPPER
100
AcDbLine
 10
220095.1043961544
 20
183814.73888691326
 30
7272.6316864816345
 11
220104.12040327155
 21
182956.51156524476
 31
7300.285415549514
  0
LINE
  5
54A
330
17
100
AcDbEntity
  8
UPPER
100
AcDbLine
 10
220104.12040327155
 20
182956.51156524476
 30
7300.285415549514
 11
220122.21930332345
 21
182099.7503477628
 31
7326.68119035791
  0
LINE
  5
54B
330
17
100
AcDbEntity
  8
UPPER
100
AcDbLine
 10
220122.21930332345
 20
182099.7503477628
 30
7326.68119035791
 11
220149.34932976883
 21
181244.5500085343
 31
7351.784628658686
  0
LINE
  5
54C
330
17
100
AcDbEntity
  8
UPPER
100
AcDbLine
 10
220149.34932976883
 20
181244.5500085343
 30
7351.784628658686
 11
220185.45727394178
 21
180391.00438803222
 31
7375.561348203711
  0
LINE
  5
54D
330
17
100
AcDbEntity
  8
UPPER
100
AcDbLine
 10
220185.45727394178
 20
180391.00438803222
 30
7375.561348203711
 11
220230.48850409838
 21
179539.20637277077
 31
7397.976966744845
  0
LINE
  5
54E
330
17
100
AcDbEntity
  8
UPPER
100
AcDbLine
 10
220230.48850409838
 20
179539.20637277077
 30
7397.976966744845
 11
220284.3869848329
 21
178689.2478752502
 31
7418.99710203394
  0
LINE
  5
54F
330
17
100
AcDbEntity
  8
UPPER
100
AcDbLine
 10
220284.3869848329
 20
178689.2478752502
 30
7418.99710203394
 11
220347.09529685823
 21
177841.21981421666
 31
7438.587371822886
  0
LINE
  5
550
330
17
100
AcDbEntity
  8
UPPER
100
AcDbLine
 10
220347.09529685823
 20
177841.21981421666
 30
7438.587371822886
 11
220418.55465714366
 21
176995.21209524816
 31
7456.713393863519
  0
LINE
  5
551
330
17
100
AcDbEntity
  8
UPPER
100
AcDbLine
 10
220418.55465714366
 20
176995.21209524816
 30
7456.713393863519
 11
220498.70493940465
 21
176151.31359166148
 31
7473.340785907728
  0
LINE
  5
552
330
17
100
AcDbEntity
  8
UPPER
100
AcDbLine
 10
220498.70493940465
 20
176151.31359166148
 30
7473.340785907728
 11
220587.48469493672
 21
175309.61212575805
 31
7488.435165707365
  0
LINE
  5
553
330
17
100
AcDbEntity
  8
UPPER
100
AcDbLine
 10
220587.48469493672
 20
175309.61212575805
 30
7488.435165707365
 11
220684.83117378879
 21
174470.19445040377
 31
7501.962151014288
  0
LINE
  5
554
330
17
100
AcDbEntity
  8
UPPER
100
AcDbLine
 10
220684.83117378879
 20
174470.19445040377
 30
7501.962151014288
 11
220790.68034626832
 21
173633.14623095182
 31
7513.887359580376
  0
LINE
  5
555
330
17
100
AcDbEntity
  8
UPPER
100
AcDbLine
 10
220790.68034626832
 20
173633.14623095182
 30
7513.887359580376
 11
220904.96692477132
 21
172798.55202751784
 31
7524.176409157483
  0
LINE
  5
556
330
17
100
AcDbEntity
  8
UPPER
100
AcDbLine
 10
220904.96692477132
 20
172798.55202751784
 30
7524.176409157483
 11
221027.6243859314
 21
171966.4952776042
 31
7532.794917497473
  0
LINE
  5
557
330
17
100
AcDbEntity
  8
UPPER
100
AcDbLine
 10
221027.6243859314
 20
171966.4952776042
 30
7532.794917497473
 11
221158.58499308035
 21
171137.0582790829
 31
7539.708502352216
  0
LINE
  5
558
330
17
100
AcDbEntity
  8
UPPER
100
AcDbLine
 10
221158.58499308035
 20
171137.0582790829
 30
7539.708502352216
 11
221297.77981901343
 21
170310.32217354517
 31
7544.882781473571
  0
LINE
  5
559
330
17
100
AcDbEntity
  8
UPPER
100
AcDbLine
 10
221297.77981901343
 20
170310.32217354517
 30
7544.882781473571
 11
221445.13876905228
 21
169486.36693001352
 31
7548.283372613405
  0
LINE
  5
55A
330
17
100
AcDbEntity
  8
UPPER
100
AcDbLine
 10
221445.13876905228
 20
169486.36693001352
 30
7548.283372613405
 11
221600.59060439855
 21
168665.27132902952
 31
7549.875893523582
  0
LINE
  5
55B
330
17
100
AcDbEntity
  8
UPPER
100
AcDbLine
 10
221600.59060439855
 20
168665.27132902952
 30
7549.875893523582
 11
221764.06296577063
 21
167847.11294711748
 31
7550.0
  0
LINE
  5
55C
330
17
100
AcDbEntity
  8
UPPER
100
AcDbLine
 10
221764.06296577063
 20
167847.11294711748
 30
7550.0
 11
221935.48239731672
 21
167031.96814162677
 31
7550.0
  0
LINE
  5
55D
330
17
100
AcDbEntity
  8
UPPER
100
AcDbLine
 10
221935.48239731672
 20
167031.96814162677
 30
7550.0
 11
222114.9665338384
 21
166219.95547029955
 31
7550.0
  0
LINE
  5
55E
330
17
100
AcDbEntity
  8
UPPER
100
AcDbLine
 10
222114.9665338384
 20
166219.95547029955
 30
7550.0
 11
222304.9962268891
 21
165411.7595501207
 31
7550.0
  0
LINE
  5
55F
330
17
100
AcDbEntity
  8
UPPER
100
AcDbLine
 10
222304.9962268891
 20
165411.7595501207
 30
7550.0
 11
222509.47218542325
 21
164608.52231551442
 31
7550.0
  0
LINE
  5
560
330
17
100
AcDbEntity
  8
UPPER
100
AcDbLine
 10
222509.47218542325
 20
164608.52231551442
 30
7550.0
 11
222731.87875249545
 21
163811.4451048181
 31
7550.0
  0
LINE
  5
561
330
17
100
AcDbEntity
  8
UPPER
100
AcDbLine
 10
222731.87875249545
 20
163811.4451048181
 30
7550.0
 11
222975.0332487314
 21
163021.70007520524
 31
7550.0
  0
LINE
  5
562
330
17
100
AcDbEntity
  8
UPPER
100
AcDbLine
 10
222975.0332487314
 20
163021.70007520524
 30
7550.0
 11
223240.90190940796
 21
162240.34431844443
 31
7550.0
  0
LINE
  5
563
330
17
100
AcDbEntity
  8
UPPER
100
AcDbLine
 10
223240.90190940796
 20
162240.34431844443
 30
7550.0
 11
223530.46085408021
 21
161468.2352685794
 31
7550.0
  0
LINE
  5
564
330
17
100
AcDbEntity
  8
UPPER
100
AcDbLine
 10
223530.46085408021
 20
161468.2352685794
 30
7550.0
 11
223843.60917287171
 21
160705.95276839906
 31
7550.0
  0
LINE
  5
565
330
17
100
AcDbEntity
  8
UPPER
100
AcDbLine
 10
223843.60917287171
 20
160705.95276839906
 30
7550.0
 11
224179.1385751075
 21
159953.73295314933
 31
7550.0
  0
LINE
  5
566
330
17
100
AcDbEntity
  8
UPPER
100
AcDbLine
 10
224179.1385751075
 20
159953.73295314933
 30
7550.0
 11
224534.76119883623
 21
159211.4185920453
 31
7550.0
  0
LINE
  5
567
330
17
100
AcDbEntity
  8
UPPER
100
AcDbLine
 10
224534.76119883623
 20
159211.4185920453
 30
7550.0
 11
224907.19426645047
 21
158478.42972436725
 31
7550.0
  0
LINE
  5
568
330
17
100
AcDbEntity
  8
UPPER
100
AcDbLine
 10
224907.19426645047
 20
158478.42972436725
 30
7550.0
 11
225292.29743690527
 21
157753.7573776222
 31
7550.0
  0
LINE
  5
569
330
17
100
AcDbEntity
  8
UPPER
100
AcDbLine
 10
225292.29743690527
 20
157753.7573776222
 30
7550.0
 11
225685.25608898173
 21
157035.98191540845
 31
7550.0
  0
LINE
  5
56A
330
17
100
AcDbEntity
  8
UPPER
100
AcDbLine
 10
225685.25608898173
 20
157035.98191540845
 30
7550.0
 11
226080.80150088842
 21
156323.31619897162
 31
7550.0
  0
LINE
  5
56B
330
17
100
AcDbEntity
  8
UPPER
100
AcDbLine
 10
226080.80150088842
 20
156323.31619897162
 30
7550.0
 11
226473.45707943905
 21
155613.67233385783
 31
7550.0
  0
LINE
  5
56C
330
17
100
AcDbEntity
  8
UPPER
100
AcDbLine
 10
226473.45707943905
 20
155613.67233385783
 30
7550.0
 11
226857.79852390397
 21
154904.7493904342
 31
7550.0
  0
LINE
  5
56D
330
17
100
AcDbEntity
  8
UPPER
100
AcDbLine
 10
226857.79852390397
 20
154904.7493904342
 30
7550.0
 11
227228.71514468614
 21
154194.13821294677
 31
7550.0
  0
LINE
  5
56E
330
17
100
AcDbEntity
  8
UPPER
100
AcDbLine
 10
227228.71514468614
 20
154194.13821294677
 30
7550.0
 11
227581.6595242539
 21
153479.43834007008
 31
7550.0
  0
LINE
  5
56F
330
17
100
AcDbEntity
  8
UPPER
100
AcDbLine
 10
227581.6595242539
 20
153479.43834007008
 30
7550.0
 11
227912.87330486017
 21
152758.38121548598
 31
7550.0
  0
LINE
  5
570
330
17
100
AcDbEntity
  8
UPPER
100
AcDbLine
 10
227912.87330486017
 20
152758.38121548598
 30
7550.0
 11
228219.57808097234
 21
152028.95332227868
 31
7550.0
  0
LINE
  5
571
330
17
100
AcDbEntity
  8
UPPER
100
AcDbLine
 10
228219.57808097234
 20
152028.95332227868
 30
7550.0
 11
228500.12210135983
 21
151289.5126664242
 31
7550.0
  0
LINE
  5
572
330
17
100
AcDbEntity
  8
UPPER
100
AcDbLine
 10
228500.12210135983
 20
151289.5126664242
 30
7550.0
 11
228754.07565794402
 21
150538.8921810599
 31
7550.0
  0
LINE
  5
573
330
17
100
AcDbEntity
  8
UPPER
100
AcDbLine
 10
228754.07565794402
 20
150538.8921810599
 30
7550.0
 11
228982.27054604708
 21
149776.48412402475
 31
7550.0
  0
LINE
  5
574
330
17
100
AcDbEntity
  8
UPPER
100
AcDbLine
 10
228982.27054604708
 20
149776.48412402475
 30
7550.0
 11
229186.78169825787
 21
149002.3003763107
 31
7550.0
  0
LINE
  5
575
330
17
100
AcDbEntity
  8
UPPER
100
AcDbLine
 10
229186.78169825787
 20
149002.3003763107
 30
7550.0
 11
229370.85188709138
 21
148217.00467994332
 31
7550.0
  0
LINE
  5
576
330
17
100
AcDbEntity
  8
UPPER
100
AcDbLine
 10
229370.85188709138
 20
148217.00467994332
 30
7550.0
 11
229538.76312274917
 21
147421.91422500083
 31
7550.0
  0
LINE
  5
577
330
17
100
AcDbEntity
  8
UPPER
100
AcDbLine
 10
229538.76312274917
 20
147421.91422500083
 30
7550.0
 11
229695.66090862473
 21
146618.96953752707
 31
7550.0
  0
LINE
  5
578
330
17
100
AcDbEntity
  8
UPPER
100
AcDbLine
 10
229695.66090862473
 20
146618.96953752707
 30
7550.0
 11
229847.33973648894
 21
145810.6732532312
 31
7550.0
  0
LINE
  5
579
330
17
100
AcDbEntity
  8
UPPER
100
AcDbLine
 10
229847.33973648894
 20
145810.6732532312
 30
7550.0
 11
229999.99999999997
 21
145000.00000000003
 31
7550.0
  0
LINE
  5
57A
330
17
100
AcDbEntity
  8
UPPER
100
AcDbLine
 10
229999.99999999997
 20
145000.00000000003
 30
7550.0
 11
230159.98779544645
 21
144190.281167686
 31
7550.0
  0
LINE
  5
57B
330
17
100
AcDbEntity
  8
UPPER
100
AcDbLine
 10
230159.98779544645
 20
144190.281167686
 30
7550.0
 11
230333.5298042212
 21
143385.06973176307
 31
7550.0
  0
LINE
  5
57C
330
17
100
AcDbEntity
  8
UPPER
100
AcDbLine
 10
230333.5298042212
 20
143385.06973176307
 30
7550.0
 11
230526.47558243366
 21
142587.99144123422
 31
7550.0
  0
LINE
  5
57D
330
17
100
AcDbEntity
  8
UPPER
100
AcDbLine
 10
230526.47558243366
 20
142587.99144123422
 30
7550.0
 11
230744.05911869483
 21
141802.58951556328
 31
7550.0
  0
LINE
  5
57E
330
17
100
AcDbEntity
  8
UPPER
100
AcDbLine
 10
230744.05911869483
 20
141802.58951556328
 30
7550.0
 11
230990.69048998473
 21
141032.17047084955
 31
7550.0
  0
LINE
  5
57F
330
17
100
AcDbEntity
  8
UPPER
100
AcDbLine
 10
230990.69048998473
 20
141032.17047084955
 30
7550.0
 11
231269.7869035751
 21
140279.65878075556
 31
7550.0
  0
LINE
  5
580
330
17
100
AcDbEntity
  8
UPPER
100
AcDbLine
 10
231269.7869035751
 20
140279.65878075556
 30
7550.0
 11
231583.650440542
 21
139547.46776202484
 31
7550.0
  0
LINE
  5
581
330
17
100
AcDbEntity
  8
UPPER
100
AcDbLine
 10
231583.650440542
 20
139547.46776202484
 30
7550.0
 11
231933.39751391922
 21
138837.39336799528
 31
7550.0
  0
LINE
  5
582
330
17
100
AcDbEntity
  8
UPPER
100
AcDbLine
 10
231933.39751391922
 20
138837.39336799528
 30
7550.0
 11
232318.9425374888
 21
138150.5365074127
 31
7550.0
  0
LINE
  5
583
330
17
100
AcDbEntity
  8
UPPER
100
AcDbLine
 10
232318.9425374888
 20
138150.5365074127
 30
7550.0
 11
232739.03569416807
 21
137487.25813066176
 31
7550.0
  0
LINE
  5
584
330
17
100
AcDbEntity
  8
UPPER
100
AcDbLine
 10
232739.03569416807
 20
137487.25813066176
 30
7550.0
 11
233191.35212353157
 21
136847.16970873726
 31
7550.0
  0
LINE
  5
585
330
17
100
AcDbEntity
  8
UPPER
100
AcDbLine
 10
233191.35212353157
 20
136847.16970873726
 30
7550.0
 11
233672.62744038782
 21
136229.15995310614
 31
7550.0
  0
LINE
  5
586
330
17
100
AcDbEntity
  8
UPPER
100
AcDbLine
 10
233672.62744038782
 20
136229.15995310614
 30
7550.0
 11
234178.83236535368
 21
135631.45677772473
 31
7550.0
  0
LINE
  5
587
330
17
100
AcDbEntity
  8
UPPER
100
AcDbLine
 10
234178.83236535368
 20
135631.45677772473
 30
7550.0
 11
234705.37749396655
 21
135051.7216834013
 31
7550.0
  0
LINE
  5
588
330
17
100
AcDbEntity
  8
UPPER
100
AcDbLine
 10
234705.37749396655
 20
135051.7216834013
 30
7550.0
 11
235247.3379333489
 21
134487.17204483933
 31
7550.0
  0
LINE
  5
589
330
17
100
AcDbEntity
  8
UPPER
100
AcDbLine
 10
235247.3379333489
 20
134487.17204483933
 30
7550.0
 11
235799.68675182742
 21
133934.7252922965
 31
7550.0
  0
LINE
  5
58A
330
17
100
AcDbEntity
  8
UPPER
100
AcDbLine
 10
235799.68675182742
 20
133934.7252922965
 30
7550.0
 11
236357.5259484455
 21
133391.15778315175
 31
7550.0
  0
LINE
  5
58B
330
17
100
AcDbEntity
  8
UPPER
100
AcDbLine
 10
236357.5259484455
 20
133391.15778315175
 30
7550.0
 11
236916.30396023954
 21
132853.27031984445
 31
7550.0
  0
LINE
  5
58C
330
17
100
AcDbEntity
  8
UPPER
100
AcDbLine
 10
236916.30396023954
 20
132853.27031984445
 30
7550.0
 11
237472.00956290713
 21
132318.0518377857
 31
7550.0
  0
LINE
  5
58D
330
17
100
AcDbEntity
  8
UPPER
100
AcDbLine
 10
237472.00956290713
 20
132318.0518377857
 30
7550.0
 11
238021.33333710334
 21
131782.83278755227
 31
7550.0
  0
LINE
  5
58E
330
17
100
AcDbEntity
  8
UPPER
100
AcDbLine
 10
238021.33333710334
 20
131782.83278755227
 30
7550.0
 11
238561.7895974157
 21
131245.42017528738
 31
7550.0
  0
LINE
  5
58F
330
17
100
AcDbEntity
  8
UPPER
100
AcDbLine
 10
238561.7895974157
 20
131245.42017528738
 30
7550.0
 11
239091.79372448812
 21
130704.20708636015
 31
7550.0
  0
LINE
  5
590
330
17
100
AcDbEntity
  8
UPPER
100
AcDbLine
 10
239091.79372448812
 20
130704.20708636015
 30
7550.0
 11
239610.69209891514
 21
130158.25076046104
 31
7550.0
  0
LINE
  5
591
330
17
100
AcDbEntity
  8
UPPER
100
AcDbLine
 10
239610.69209891514
 20
130158.25076046104
 30
7550.0
 11
240118.74419549678
 21
129607.31485169675
 31
7550.0
  0
LINE
  5
592
330
17
100
AcDbEntity
  8
UPPER
100
AcDbLine
 10
240118.74419549678
 20
129607.31485169675
 30
7550.0
 11
240617.05874191772
 21
129051.87331777347
 31
7550.0
  0
LINE
  5
593
330
17
100
AcDbEntity
  8
UPPER
100
AcDbLine
 10
240617.05874191772
 20
129051.87331777347
 30
7550.0
 11
241107.4880629867
 21
128493.07534733703
 31
7550.0
  0
LINE
  5
594
330
17
100
AcDbEntity
  8
UPPER
100
AcDbLine
 10
241107.4880629867
 20
128493.07534733703
 30
7550.0
 11
241592.48671410084
 21
127932.67275436882
 31
7550.0
  0
LINE
  5
595
330
17
100
AcDbEntity
  8
UPPER
100
AcDbLine
 10
241592.48671410084
 20
127932.67275436882
 30
7550.0
 11
242074.94216250177
 21
127372.91323961382
 31
7550.0
  0
LINE
  5
596
330
17
100
AcDbEntity
  8
UPPER
100
AcDbLine
 10
242074.94216250177
 20
127372.91323961382
 30
7550.0
 11
242557.96269082752
 21
126816.38391243387
 31
7550.0
  0
LINE
  5
597
330
17
100
AcDbEntity
  8
UPPER
100
AcDbLine
 10
242557.96269082752
 20
126816.38391243387
 30
7550.0
 11
243043.46487279213
 21
126264.77478356536
 31
7550.0
  0
LINE
  5
598
330
17
100
AcDbEntity
  8
UPPER
100
AcDbLine
 10
243043.46487279213
 20
126264.77478356536
 30
7550.0
 11
243531.5081620844
 21
125718.20589561705
 31
7549.875893523582
  0
LINE
  5
599
330
17
100
AcDbEntity
  8
UPPER
100
AcDbLine
 10
243531.5081620844
 20
125718.20589561705
 30
7549.875893523582
 11
244022.00328372378
 21
125176.66740612
 31
7548.283372613405
  0
LINE
  5
59A
330
17
100
AcDbEntity
  8
UPPER
100
AcDbLine
 10
244022.00328372378
 20
125176.66740612
 30
7548.283372613405
 11
244514.86154889135
 21
124640.14815141389
 31
7544.8827814735705
  0
LINE
  5
59B
330
17
100
AcDbEntity
  8
UPPER
100
AcDbLine
 10
244514.86154889135
 20
124640.14815141389
 30
7544.8827814735705
 11
245009.99487963942
 21
124108.63565856499
 31
7539.708502352216
  0
LINE
  5
59C
330
17
100
AcDbEntity
  8
UPPER
100
AcDbLine
 10
245009.99487963942
 20
124108.63565856499
 30
7539.708502352216
 11
245507.3158333494
 21
123582.11615767048
 31
7532.794917497475
  0
LINE
  5
59D
330
17
100
AcDbEntity
  8
UPPER
100
AcDbLine
 10
245507.3158333494
 20
123582.11615767048
 30
7532.794917497475
 11
246006.73762692974
 21
123060.57459454714
 31
7524.176409157483
  0
LINE
  5
59E
330
17
100
AcDbEntity
  8
UPPER
100
AcDbLine
 10
246006.73762692974
 20
123060.57459454714
 30
7524.176409157483
 11
246508.17416075058
 21
122543.99464379372
 31
7513.887359580377
  0
LINE
  5
59F
330
17
100
AcDbEntity
  8
UPPER
100
AcDbLine
 10
246508.17416075058
 20
122543.99464379372
 30
7513.887359580377
 11
247011.54004230272
 21
122032.35872223058
 31
7501.962151014289
  0
LINE
  5
5A0
330
17
100
AcDbEntity
  8
UPPER
100
AcDbLine
 10
247011.54004230272
 20
122032.35872223058
 30
7501.962151014289
 11
247516.75060957836
 21
121525.64800270509
 31
7488.435165707367
  0
LINE
  5
5A1
330
17
100
AcDbEntity
  8
UPPER
100
AcDbLine
 10
247516.75060957836
 20
121525.64800270509
 30
7488.435165707367
 11
248023.72195416514
 21
121023.84242826156
 31
7473.340785907729
  0
LINE
  5
5A2
330
17
100
AcDbEntity
  8
UPPER
100
AcDbLine
 10
248023.72195416514
 20
121023.84242826156
 30
7473.340785907729
 11
248532.37094404356
 21
120526.92072667266
 31
7456.713393863525
  0
LINE
  5
5A3
330
17
100
AcDbEntity
  8
UPPER
100
AcDbLine
 10
248532.37094404356
 20
120526.92072667266
 30
7456.713393863525
 11
249042.61524608688
 21
120034.8604253224
 31
7438.587371822887
  0
LINE
  5
5A4
330
17
100
AcDbEntity
  8
UPPER
100
AcDbLine
 10
249042.61524608688
 20
120034.8604253224
 30
7438.587371822887
 11
249554.37334825148
 21
119547.63786644067
 31
7418.9971020339435
  0
LINE
  5
5A5
330
17
100
AcDbEntity
  8
UPPER
100
AcDbLine
 10
249554.37334825148
 20
119547.63786644067
 30
7418.9971020339435
 11
250067.56458145328
 21
119065.22822268198
 31
7397.976966744842
  0
LINE
  5
5A6
330
17
100
AcDbEntity
  8
UPPER
100
AcDbLine
 10
250067.56458145328
 20
119065.22822268198
 30
7397.976966744842
 11
250582.1091411244
 21
118587.60551304273
 31
7375.561348203712
  0
LINE
  5
5A7
330
17
100
AcDbEntity
  8
UPPER
100
AcDbLine
 10
250582.1091411244
 20
118587.60551304273
 30
7375.561348203712
 11
251097.92810844193
 21
118114.74261911368
 31
7351.784628658693
  0
LINE
  5
5A8
330
17
100
AcDbEntity
  8
UPPER
100
AcDbLine
 10
251097.92810844193
 20
118114.74261911368
 30
7351.784628658693
 11
251614.9434712233
 21
117646.61130166051
 31
7326.681190357917
  0
LINE
  5
5A9
330
17
100
AcDbEntity
  8
UPPER
100
AcDbLine
 10
251614.9434712233
 20
117646.61130166051
 30
7326.681190357917
 11
252133.07814448263
 21
117183.18221752801
 31
7300.285415549517
  0
LINE
  5
5AA
330
17
100
AcDbEntity
  8
UPPER
100
AcDbLine
 10
252133.07814448263
 20
117183.18221752801
 30
7300.285415549517
 11
252652.2559906403
 21
116724.42493686225
 31
7272.631686481638
  0
LINE
  5
5AB
330
17
100
AcDbEntity
  8
UPPER
100
AcDbLine
 10
252652.2559906403
 20
116724.42493686225
 30
7272.631686481638
 11
253172.40183938202
 21
116270.30796064387
 31
7243.75438540241
  0
LINE
  5
5AC
330
17
100
AcDbEntity
  8
UPPER
100
AcDbLine
 10
253172.40183938202
 20
116270.30796064387
 30
7243.75438540241
 11
253693.4415071592
 21
115820.79873852903
 31
7213.68789455997
  0
LINE
  5
5AD
330
17
100
AcDbEntity
  8
UPPER
100
AcDbLine
 10
253693.4415071592
 20
115820.79873852903
 30
7213.68789455997
 11
254215.30181632657
 21
115375.86368698993
 31
7182.466596202449
  0
LINE
  5
5AE
330
17
100
AcDbEntity
  8
UPPER
100
AcDbLine
 10
254215.30181632657
 20
115375.86368698993
 30
7182.466596202449
 11
254737.91061390983
 21
114935.46820775088
 31
7150.124872577994
  0
LINE
  5
5AF
330
17
100
AcDbEntity
  8
UPPER
100
AcDbLine
 10
254737.91061390983
 20
114935.46820775088
 30
7150.124872577994
 11
255261.1967900001
 21
114499.5767065117
 31
7116.697105934731
  0
LINE
  5
5B0
330
17
100
AcDbEntity
  8
UPPER
100
AcDbLine
 10
255261.1967900001
 20
114499.5767065117
 30
7116.697105934731
 11
255785.0902957669
 21
114068.15261195465
 31
7082.2176785207885
  0
LINE
  5
5B1
330
17
100
AcDbEntity
  8
UPPER
100
AcDbLine
 10
255785.0902957669
 20
114068.15261195465
 30
7082.2176785207885
 11
256309.52216108562
 21
113641.15839502779
 31
7046.720972584338
  0
LINE
  5
5B2
330
17
100
AcDbEntity
  8
UPPER
100
AcDbLine
 10
256309.52216108562
 20
113641.15839502779
 30
7046.720972584338
 11
256834.424511777
 21
113218.55558849683
 31
7010.2413703734655
  0
LINE
  5
5B3
330
17
100
AcDbEntity
  8
UPPER
100
AcDbLine
 10
256834.424511777
 20
113218.55558849683
 30
7010.2413703734655
 11
257359.73058644624
 21
112800.30480676315
 31
6972.813254136343
  0
LINE
  5
5B4
330
17
100
AcDbEntity
  8
UPPER
100
AcDbLine
 10
257359.73058644624
 20
112800.30480676315
 30
6972.813254136343
 11
257885.37475292623
 21
112386.36576593666
 31
6934.471006121097
  0
LINE
  5
5B5
330
17
100
AcDbEntity
  8
UPPER
100
AcDbLine
 10
257885.37475292623
 20
112386.36576593666
 30
6934.471006121097
 11
258411.29252431262
 21
111976.69730416086
 31
6895.249008575846
  0
LINE
  5
5B6
330
17
100
AcDbEntity
  8
UPPER
100
AcDbLine
 10
258411.29252431262
 20
111976.69730416086
 30
6895.249008575846
 11
258937.42057458856
 21
111571.25740218209
 31
6855.18164374877
  0
LINE
  5
5B7
330
17
100
AcDbEntity
  8
UPPER
100
AcDbLine
 10
258937.42057458856
 20
111571.25740218209
 30
6855.18164374877
 11
259463.69675383743
 21
111170.00320415477
 31
6814.303293887948
  0
LINE
  5
5B8
330
17
100
AcDbEntity
  8
UPPER
100
AcDbLine
 10
259463.69675383743
 20
111170.00320415477
 30
6814.303293887948
 11
259990.0601030323
 21
110772.8910386799
 31
6772.648341241549
  0
LINE
  5
5B9
330
17
100
AcDbEntity
  8
UPPER
100
AcDbLine
 10
259990.0601030323
 20
110772.8910386799
 30
6772.648341241549
 11
260516.45086840534
 21
110379.87644006564
 31
6730.25116805772
  0
LINE
  5
5BA
330
17
100
AcDbEntity
  8
UPPER
100
AcDbLine
 10
260516.45086840534
 20
110379.87644006564
 30
6730.25116805772
 11
261042.81051538867
 21
109990.91416980485
 31
6687.146156584566
  0
LINE
  5
5BB
330
17
100
AcDbEntity
  8
UPPER
100
AcDbLine
 10
261042.81051538867
 20
109990.91416980485
 30
6687.146156584566
 11
261569.08174212195
 21
109605.95823826495
 31
6643.367689070237
  0
LINE
  5
5BC
330
17
100
AcDbEntity
  8
UPPER
100
AcDbLine
 10
261569.08174212195
 20
109605.95823826495
 30
6643.367689070237
 11
262095.20849252623
 21
109224.96192657894
 31
6598.950147762885
  0
LINE
  5
5BD
330
17
100
AcDbEntity
  8
UPPER
100
AcDbLine
 10
262095.20849252623
 20
109224.96192657894
 30
6598.950147762885
 11
262621.13596893835
 21
108847.87780873271
 31
6553.927914910615
  0
LINE
  5
5BE
330
17
100
AcDbEntity
  8
UPPER
100
AcDbLine
 10
262621.13596893835
 20
108847.87780873271
 30
6553.927914910615
 11
263146.81064430013
 21
108474.65777384321
 31
6508.335372761584
  0
LINE
  5
5BF
330
17
100
AcDbEntity
  8
UPPER
100
AcDbLine
 10
263146.81064430013
 20
108474.65777384321
 30
6508.335372761584
 11
263672.1802739041
 21
108105.25304861618
 31
6462.206903563924
  0
LINE
  5
5C0
330
17
100
AcDbEntity
  8
UPPER
100
AcDbLine
 10
263672.1802739041
 20
108105.25304861618
 30
6462.206903563924
 11
264197.1939066872
 21
107739.61421998015
 31
6415.57688956575
  0
LINE
  5
5C1
330
17
100
AcDbEntity
  8
UPPER
100
AcDbLine
 10
264197.1939066872
 20
107739.61421998015
 30
6415.57688956575
 11
264721.80189607106
 21
107377.69125788748
 31
6368.479713015253
  0
LINE
  5
5C2
330
17
100
AcDbEntity
  8
UPPER
100
AcDbLine
 10
264721.80189607106
 20
107377.69125788748
 30
6368.479713015253
 11
265245.95591034915
 21
107019.43353827449
 31
6320.949756160497
  0
LINE
  5
5C3
330
17
100
AcDbEntity
  8
UPPER
100
AcDbLine
 10
265245.95591034915
 20
107019.43353827449
 30
6320.949756160497
 11
265769.6089426102
 21
106664.78986617629
 31
6273.02140124967
  0
LINE
  5
5C4
330
17
100
AcDbEntity
  8
UPPER
100
AcDbLine
 10
265769.6089426102
 20
106664.78986617629
 30
6273.02140124967
 11
266292.7153202036
 21
106313.70849898481
 31
6224.729030530892
  0
LINE
  5
5C5
330
17
100
AcDbEntity
  8
UPPER
100
AcDbLine
 10
266292.7153202036
 20
106313.70849898481
 30
6224.729030530892
 11
266815.2307137385
 21
105966.13716984591
 31
6176.107026252281
  0
LINE
  5
5C6
330
17
100
AcDbEntity
  8
UPPER
100
AcDbLine
 10
266815.2307137385
 20
105966.13716984591
 30
6176.107026252281
 11
267337.11214561487
 21
105622.02311118678
 31
6127.189770662007
  0
LINE
  5
5C7
330
17
100
AcDbEntity
  8
UPPER
100
AcDbLine
 10
267337.11214561487
 20
105622.02311118678
 30
6127.189770662007
 11
267858.3179980879
 21
105281.3130783654
 31
6078.011646008187
  0
LINE
  5
5C8
330
17
100
AcDbEntity
  8
UPPER
100
AcDbLine
 10
267858.3179980879
 20
105281.3130783654
 30
6078.011646008187
 11
268378.80802085774
 21
104943.95337343599
 31
6028.607034538961
  0
LINE
  5
5C9
330
17
100
AcDbEntity
  8
UPPER
100
AcDbLine
 10
268378.80802085774
 20
104943.95337343599
 30
6028.607034538961
 11
268898.5433381872
 21
104609.8898690217
 31
5979.010318502452
  0
LINE
  5
5CA
330
17
100
AcDbEntity
  8
UPPER
100
AcDbLine
 10
268898.5433381872
 20
104609.8898690217
 30
5979.010318502452
 11
269417.4864555432
 21
104279.06803228775
 31
5929.255880146816
  0
LINE
  5
5CB
330
17
100
AcDbEntity
  8
UPPER
100
AcDbLine
 10
269417.4864555432
 20
104279.06803228775
 30
5929.255880146816
 11
269935.60126576095
 21
103951.4329490059
 31
5879.378101720178
  0
LINE
  5
5CC
330
17
100
AcDbEntity
  8
UPPER
100
AcDbLine
 10
269935.60126576095
 20
103951.4329490059
 30
5879.378101720178
 11
270452.85305472894
 21
103626.92934770479
 31
5829.411365470676
  0
LINE
  5
5CD
330
17
100
AcDbEntity
  8
UPPER
100
AcDbLine
 10
270452.85305472894
 20
103626.92934770479
 30
5829.411365470676
 11
270969.2085065933
 21
103305.50162389627
 31
5779.390053646445
  0
LINE
  5
5CE
330
17
100
AcDbEntity
  8
UPPER
100
AcDbLine
 10
270969.2085065933
 20
103305.50162389627
 30
5779.390053646445
 11
271484.63570848026
 21
102987.09386437135
 31
5729.348548495612
  0
LINE
  5
5CF
330
17
100
AcDbEntity
  8
MIDDLE
100
AcDbLine
 10
271484.63570848026
 20
102987.09386437135
 30
5729.348548495612
 11
271999.1041547356
 21
102671.64987155772
 31
5679.321232266329
  0
LINE
  5
5D0
330
17
100
AcDbEntity
  8
MIDDLE
100
AcDbLine
 10
271999.1041547356
 20
102671.64987155772
 30
5679.321232266329
 11
272512.5847506801
 21
102359.11318793021
 31
5629.342487206726
  0
LINE
  5
5D1
330
17
100
AcDbEntity
  8
MIDDLE
100
AcDbLine
 10
272512.5847506801
 20
102359.11318793021
 30
5629.342487206726
 11
273025.0498158798
 21
102049.42712046778
 31
5579.446695564919
  0
LINE
  5
5D2
330
17
100
AcDbEntity
  8
MIDDLE
100
AcDbLine
 10
273025.0498158798
 20
102049.42712046778
 30
5579.446695564919
 11
273536.47308692994
 21
101742.5347651488
 31
5529.668239589097
  0
LINE
  5
5D3
330
17
100
AcDbEntity
  8
MIDDLE
100
AcDbLine
 10
273536.47308692994
 20
101742.5347651488
 30
5529.668239589097
 11
274046.82971975487
 21
101438.37903147517
 31
5480.041501527327
  0
LINE
  5
5D4
330
17
100
AcDbEntity
  8
MIDDLE
100
AcDbLine
 10
274046.82971975487
 20
101438.37903147517
 30
5480.041501527327
 11
274556.0962914173
 21
101136.9026670208
 31
5430.6008636277775
  0
LINE
  5
5D5
330
17
100
AcDbEntity
  8
MIDDLE
100
AcDbLine
 10
274556.0962914173
 20
101136.9026670208
 30
5430.6008636277775
 11
275064.2508014443
 21
100838.04828199343
 31
5381.380708138619
  0
LINE
  5
5D6
330
17
100
AcDbEntity
  8
MIDDLE
100
AcDbLine
 10
275064.2508014443
 20
100838.04828199343
 30
5381.380708138619
 11
275571.27267266496
 21
100541.758373803
 31
5332.415417307924
  0
LINE
  5
5D7
330
17
100
AcDbEntity
  8
MIDDLE
100
AcDbLine
 10
275571.27267266496
 20
100541.758373803
 30
5332.415417307924
 11
276077.14275155874
 21
100247.97535163049
 31
5283.739373383889
  0
LINE
  5
5D8
330
17
100
AcDbEntity
  8
MIDDLE
100
AcDbLine
 10
276077.14275155874
 20
100247.97535163049
 30
5283.739373383889
 11
276581.8433081212
 21
99956.64156098581
 31
5235.386958614587
  0
LINE
  5
5D9
330
17
100
AcDbEntity
  8
MIDDLE
100
AcDbLine
 10
276581.8433081212
 20
99956.64156098581
 30
5235.386958614587
 11
277085.35803523834
 21
99667.69930825109
 31
5187.392555248193
  0
LINE
  5
5DA
330
17
100
AcDbEntity
  8
MIDDLE
100
AcDbLine
 10
277085.35803523834
 20
99667.69930825109
 30
5187.392555248193
 11
277587.67204757815
 21
99381.090885198
 31
5139.790545532855
  0
LINE
  5
5DB
330
17
100
AcDbEntity
  8
MIDDLE
100
AcDbLine
 10
277587.67204757815
 20
99381.090885198
 30
5139.790545532855
 11
278088.77187999635
 21
99096.75859347271
 31
5092.6153117166705
  0
LINE
  5
5DC
330
17
100
AcDbEntity
  8
MIDDLE
100
AcDbLine
 10
278088.77187999635
 20
99096.75859347271
 30
5092.6153117166705
 11
278588.64548545476
 21
98814.64476904228
 31
5045.901236047798
  0
LINE
  5
5DD
330
17
100
AcDbEntity
  8
MIDDLE
100
AcDbLine
 10
278588.64548545476
 20
98814.64476904228
 30
5045.901236047798
 11
279087.28223245894
 21
98534.69180659152
 31
4999.682700774384
  0
LINE
  5
5DE
330
17
100
AcDbEntity
  8
MIDDLE
100
AcDbLine
 10
279087.28223245894
 20
98534.69180659152
 30
4999.682700774384
 11
279584.672902012
 21
98256.8421838645
 31
4953.994088144534
  0
LINE
  5
5DF
330
17
100
AcDbEntity
  8
MIDDLE
100
AcDbLine
 10
279584.672902012
 20
98256.8421838645
 30
4953.994088144534
 11
280080.8096840857
 21
97981.03848594386
 31
4908.869780406409
  0
LINE
  5
5E0
330
17
100
AcDbEntity
  8
MIDDLE
100
AcDbLine
 10
280080.8096840857
 20
97981.03848594386
 30
4908.869780406409
 11
280575.6861736131
 21
97707.22342945739
 31
4864.344159808135
  0
LINE
  5
5E1
330
17
100
AcDbEntity
  8
MIDDLE
100
AcDbLine
 10
280575.6861736131
 20
97707.22342945739
 30
4864.344159808135
 11
281069.2973660023
 21
97435.33988670673
 31
4820.451608597836
  0
LINE
  5
5E2
330
17
100
AcDbEntity
  8
MIDDLE
100
AcDbLine
 10
281069.2973660023
 20
97435.33988670673
 30
4820.451608597836
 11
281561.6396521714
 21
97165.3309097098
 31
4777.226509023689
  0
LINE
  5
5E3
330
17
100
AcDbEntity
  8
MIDDLE
100
AcDbLine
 10
281561.6396521714
 20
97165.3309097098
 30
4777.226509023689
 11
282052.71081311203
 21
96897.13975414785
 31
4734.703243333772
  0
LINE
  5
5E4
330
17
100
AcDbEntity
  8
MIDDLE
100
AcDbLine
 10
282052.71081311203
 20
96897.13975414785
 30
4734.703243333772
 11
282542.5100139751
 21
96630.70990321261
 31
4692.916193776266
  0
LINE
  5
5E5
330
17
100
AcDbEntity
  8
MIDDLE
100
AcDbLine
 10
282542.5100139751
 20
96630.70990321261
 30
4692.916193776266
 11
283031.03779768967
 21
96365.98509134236
 31
4651.89974259929
  0
LINE
  5
5E6
330
17
100
AcDbEntity
  8
MIDDLE
100
AcDbLine
 10
283031.03779768967
 20
96365.98509134236
 30
4651.89974259929
 11
283518.2960781107
 21
96102.90932784215
 31
4611.688272050968
  0
LINE
  5
5E7
330
17
100
AcDbEntity
  8
MIDDLE
100
AcDbLine
 10
283518.2960781107
 20
96102.90932784215
 30
4611.688272050968
 11
284004.2881327004
 21
95841.42692037958
 31
4572.316164379464
  0
LINE
  5
5E8
330
17
100
AcDbEntity
  8
MIDDLE
100
AcDbLine
 10
284004.2881327004
 20
95841.42692037958
 30
4572.316164379464
 11
284489.01859474735
 21
95581.48249834821
 31
4533.817801832897
  0
LINE
  5
5E9
330
17
100
AcDbEntity
  8
MIDDLE
100
AcDbLine
 10
284489.01859474735
 20
95581.48249834821
 30
4533.817801832897
 11
284972.493445123
 21
95323.02103609212
 31
4496.2275666594
  0
LINE
  5
5EA
330
17
100
AcDbEntity
  8
MIDDLE
100
AcDbLine
 10
284972.493445123
 20
95323.02103609212
 30
4496.2275666594
 11
285454.7200035801
 21
95065.98787598398
 31
4459.579841107119
  0
LINE
  5
5EB
330
17
100
AcDbEntity
  8
MIDDLE
100
AcDbLine
 10
285454.7200035801
 20
95065.98787598398
 30
4459.579841107119
 11
285935.70691959653
 21
94810.32875134848
 31
4423.909007424184
  0
LINE
  5
5EC
330
17
100
AcDbEntity
  8
MIDDLE
100
AcDbLine
 10
285935.70691959653
 20
94810.32875134848
 30
4423.909007424184
 11
286415.4641627665
 21
94555.98980922514
 31
4389.249447858731
  0
LINE
  5
5ED
330
17
100
AcDbEntity
  8
MIDDLE
100
AcDbLine
 10
286415.4641627665
 20
94555.98980922514
 30
4389.249447858731
 11
286894.0030127423
 21
94302.91763296227
 31
4355.635544658898
  0
LINE
  5
5EE
330
17
100
AcDbEntity
  8
MIDDLE
100
AcDbLine
 10
286894.0030127423
 20
94302.91763296227
 30
4355.635544658898
 11
287371.3360487317
 21
94051.05926463529
 31
4323.101680072812
  0
LINE
  5
5EF
330
17
100
AcDbEntity
  8
MIDDLE
100
AcDbLine
 10
287371.3360487317
 20
94051.05926463529
 30
4323.101680072812
 11
287847.47713855165
 21
93800.36222728244
 31
4291.682236348622
  0
LINE
  5
5F0
330
17
100
AcDbEntity
  8
MIDDLE
100
AcDbLine
 10
287847.47713855165
 20
93800.36222728244
 30
4291.682236348622
 11
288322.4414272458
 21
93550.77454695023
 31
4261.4115957344575
  0
LINE
  5
5F1
330
17
100
AcDbEntity
  8
MIDDLE
100
AcDbLine
 10
288322.4414272458
 20
93550.77454695023
 30
4261.4115957344575
 11
288796.24532526574
 21
93302.24477454221
 31
4232.324140478454
  0
LINE
  5
5F2
330
17
100
AcDbEntity
  8
MIDDLE
100
AcDbLine
 10
288796.24532526574
 20
93302.24477454221
 30
4232.324140478454
 11
289268.9064962223
 21
93054.72200746402
 31
4204.454252828738
  0
LINE
  5
5F3
330
17
100
AcDbEntity
  8
MIDDLE
100
AcDbLine
 10
289268.9064962223
 20
93054.72200746402
 30
4204.454252828738
 11
289740.4438442102
 21
92808.15591105766
 31
4177.836315033466
  0
LINE
  5
5F4
330
17
100
AcDbEntity
  8
MIDDLE
100
AcDbLine
 10
289740.4438442102
 20
92808.15591105766
 30
4177.836315033466
 11
290210.8775007109
 21
92562.4967398179
 31
4152.504709340763
  0
LINE
  5
5F5
330
17
100
AcDbEntity
  8
MIDDLE
100
AcDbLine
 10
290210.8775007109
 20
92562.4967398179
 30
4152.504709340763
 11
290680.2288110771
 21
92317.69535838478
 31
4128.493817998757
  0
LINE
  5
5F6
330
17
100
AcDbEntity
  8
MIDDLE
100
AcDbLine
 10
290680.2288110771
 20
92317.69535838478
 30
4128.493817998757
 11
291148.52032060316
 21
92073.70326230538
 31
4105.8380232556065
  0
LINE
  5
5F7
330
17
100
AcDbEntity
  8
MIDDLE
100
AcDbLine
 10
291148.52032060316
 20
92073.70326230538
 30
4105.8380232556065
 11
291615.77576018847
 21
91830.47259855695
 31
4084.5717073594187
  0
LINE
  5
5F8
330
17
100
AcDbEntity
  8
MIDDLE
100
AcDbLine
 10
291615.77576018847
 20
91830.47259855695
 30
4084.5717073594187
 11
292082.0200315941
 21
91587.95618582764
 31
4064.7292525583503
  0
LINE
  5
5F9
330
17
100
AcDbEntity
  8
MIDDLE
100
AcDbLine
 10
292082.0200315941
 20
91587.95618582764
 30
4064.7292525583503
 11
292547.2791923025
 21
91346.10753454498
 31
4046.3450411005297
  0
LINE
  5
5FA
330
17
100
AcDbEntity
  8
MIDDLE
100
AcDbLine
 10
292547.2791923025
 20
91346.10753454498
 30
4046.3450411005297
 11
293011.58043998154
 21
91104.8808666485
 31
4029.4534552340906
  0
LINE
  5
5FB
330
17
100
AcDbEntity
  8
MIDDLE
100
AcDbLine
 10
293011.58043998154
 20
91104.8808666485
 30
4029.4534552340906
 11
293474.9520965593
 21
90864.23113509918
 31
4014.088877207178
  0
LINE
  5
5FC
330
17
100
AcDbEntity
  8
MIDDLE
100
AcDbLine
 10
293474.9520965593
 20
90864.23113509918
 30
4014.088877207178
 11
293937.42359191604
 21
90624.11404311832
 31
4000.2856892679156
  0
LINE
  5
5FD
330
17
100
AcDbEntity
  8
MIDDLE
100
AcDbLine
 10
293937.42359191604
 20
90624.11404311832
 30
4000.2856892679156
 11
294399.0254471957
 21
90384.48606315268
 31
3988.078273664445
  0
LINE
  5
5FE
330
17
100
AcDbEntity
  8
MIDDLE
100
AcDbLine
 10
294399.0254471957
 20
90384.48606315268
 30
3988.078273664445
 11
294859.7892577452
 21
90145.30445555657
 31
3977.501012644906
  0
LINE
  5
5FF
330
17
100
AcDbEntity
  8
MIDDLE
100
AcDbLine
 10
294859.7892577452
 20
90145.30445555657
 30
3977.501012644906
 11
295319.7476756871
 21
89906.52728698654
 31
3968.588288457427
  0
LINE
  5
600
330
17
100
AcDbEntity
  8
MIDDLE
100
AcDbLine
 10
295319.7476756871
 20
89906.52728698654
 30
3968.588288457427
 11
295778.9343921273
 21
89668.11344850386
 31
3961.3744833501473
  0
LINE
  5
601
330
17
100
AcDbEntity
  8
MIDDLE
100
AcDbLine
 10
295778.9343921273
 20
89668.11344850386
 30
3961.3744833501473
 11
296237.3841190094
 21
89430.02267337644
 31
3955.8939795712063
  0
LINE
  5
602
330
17
100
AcDbEntity
  8
MIDDLE
100
AcDbLine
 10
296237.3841190094
 20
89430.02267337644
 30
3955.8939795712063
 11
296695.13257061853
 21
89192.21555457628
 31
3952.181159368734
  0
LINE
  5
603
330
17
100
AcDbEntity
  8
MIDDLE
100
AcDbLine
 10
296695.13257061853
 20
89192.21555457628
 30
3952.181159368734
 11
297152.21644473786
 21
88954.65356196741
 31
3950.2704049908693
  0
LINE
  5
604
330
17
100
AcDbEntity
  8
MIDDLE
100
AcDbLine
 10
297152.21644473786
 20
88954.65356196741
 30
3950.2704049908693
 11
297608.6734034718
 21
88717.29905917618
 31
3950.0
  0
LINE
  5
605
330
17
100
AcDbEntity
  8
MIDDLE
100
AcDbLine
 10
297608.6734034718
 20
88717.29905917618
 30
3950.0
 11
298064.5420537327
 21
88480.11532014227
 31
3950.0
  0
LINE
  5
606
330
17
100
AcDbEntity
  8
MIDDLE
100
AcDbLine
 10
298064.5420537327
 20
88480.11532014227
 30
3950.0
 11
298519.8619274046
 21
88243.06654534151
 31
3950.0
  0
LINE
  5
607
330
17
100
AcDbEntity
  8
MIDDLE
100
AcDbLine
 10
298519.8619274046
 20
88243.06654534151
 30
3950.0
 11
298974.67346118786
 21
88006.11787767724
 31
3950.0
  0
LINE
  5
608
330
17
100
AcDbEntity
  8
MIDDLE
100
AcDbLine
 10
298974.67346118786
 20
88006.11787767724
 30
3950.0
 11
299429.0179761293
 21
87769.23541803595
 31
3950.0
  0
LINE
  5
609
330
17
100
AcDbEntity
  8
MIDDLE
100
AcDbLine
 10
299429.0179761293
 20
87769.23541803595
 30
3950.0
 11
299882.93765684805
 21
87532.3862404995
 31
3950.0
  0
LINE
  5
60A
330
17
100
AcDbEntity
  8
MIDDLE
100
AcDbLine
 10
299882.93765684805
 20
87532.3862404995
 30
3950.0
 11
300336.4755304614
 21
87295.53840721158
 31
3950.0
  0
LINE
  5
60B
330
17
100
AcDbEntity
  8
MIDDLE
100
AcDbLine
 10
300336.4755304614
 20
87295.53840721158
 30
3950.0
 11
300789.6754452181
 21
87058.66098289286
 31
3950.0
  0
LINE
  5
60C
330
17
100
AcDbEntity
  8
MIDDLE
100
AcDbLine
 10
300789.6754452181
 20
87058.66098289286
 30
3950.0
 11
301242.5820488466
 21
86821.72404899915
 31
3950.0
  0
LINE
  5
60D
330
17
100
AcDbEntity
  8
MIDDLE
100
AcDbLine
 10
301242.5820488466
 20
86821.72404899915
 30
3950.0
 11
301695.24076662393
 21
86584.6987175199
 31
3950.0
  0
LINE
  5
60E
330
17
100
AcDbEntity
  8
MIDDLE
100
AcDbLine
 10
301695.24076662393
 20
86584.6987175199
 30
3950.0
 11
302147.69777917385
 21
86347.55714441094
 31
3950.0
  0
LINE
  5
60F
330
17
100
AcDbEntity
  8
MIDDLE
100
AcDbLine
 10
302147.69777917385
 20
86347.55714441094
 30
3950.0
 11
302600.0
 21
86110.27254265816
 31
3950.0
  0
LINE
  5
610
330
17
100
AcDbEntity
  8
MIDDLE
100
AcDbLine
 10
302600.0
 20
86110.27254265816
 30
3950.0
 11
303052.1950527623
 21
85872.81919496771
 31
3950.0
  0
LINE
  5
611
330
17
100
AcDbEntity
  8
MIDDLE
100
AcDbLine
 10
303052.1950527623
 20
85872.81919496771
 30
3950.0
 11
303504.3312483035
 21
85635.17246607802
 31
3950.0
  0
LINE
  5
612
330
17
100
AcDbEntity
  8
MIDDLE
100
AcDbLine
 10
303504.3312483035
 20
85635.17246607802
 30
3950.0
 11
303956.4575614338
 21
85397.30881469067
 31
3950.0
  0
LINE
  5
613
330
17
100
AcDbEntity
  8
MIDDLE
100
AcDbLine
 10
303956.4575614338
 20
85397.30881469067
 30
3950.0
 11
304408.62360747956
 21
85159.20580501565
 31
3950.0
  0
LINE
  5
614
330
17
100
AcDbEntity
  8
MIDDLE
100
AcDbLine
 10
304408.62360747956
 20
85159.20580501565
 30
3950.0
 11
304860.8796186053
 21
84920.84211792752
 31
3950.0
  0
LINE
  5
615
330
17
100
AcDbEntity
  8
MIDDLE
100
AcDbLine
 10
304860.8796186053
 20
84920.84211792752
 30
3950.0
 11
305313.27641991636
 21
84682.19756172829
 31
3950.0
  0
LINE
  5
616
330
17
100
AcDbEntity
  8
MIDDLE
100
AcDbLine
 10
305313.27641991636
 20
84682.19756172829
 30
3950.0
 11
305765.865405349
 21
84443.25308251451
 31
3950.0
  0
LINE
  5
617
330
17
100
AcDbEntity
  8
MIDDLE
100
AcDbLine
 10
305765.865405349
 20
84443.25308251451
 30
3950.0
 11
306218.6985133559
 21
84203.99077414486
 31
3950.0
  0
LINE
  5
618
330
17
100
AcDbEntity
  8
MIDDLE
100
AcDbLine
 10
306218.6985133559
 20
84203.99077414486
 30
3950.0
 11
306671.8282023968
 21
83964.39388780376
 31
3950.0
  0
LINE
  5
619
330
17
100
AcDbEntity
  8
MIDDLE
100
AcDbLine
 10
306671.8282023968
 20
83964.39388780376
 30
3950.0
 11
307125.3074262376
 21
83724.44684116066
 31
3950.0
  0
LINE
  5
61A
330
17
100
AcDbEntity
  8
MIDDLE
100
AcDbLine
 10
307125.3074262376
 20
83724.44684116066
 30
3950.0
 11
307579.1896090727
 21
83484.13522711874
 31
3950.0
  0
LINE
  5
61B
330
17
100
AcDbEntity
  8
MIDDLE
100
AcDbLine
 10
307579.1896090727
 20
83484.13522711874
 30
3950.0
 11
308033.5286204714
 21
83243.44582215272
 31
3949.729595009131
  0
LINE
  5
61C
330
17
100
AcDbEntity
  8
MIDDLE
100
AcDbLine
 10
308033.5286204714
 20
83243.44582215272
 30
3949.729595009131
 11
308488.3787501614
 21
83002.36659423211
 31
3947.818840631267
  0
LINE
  5
61D
330
17
100
AcDbEntity
  8
MIDDLE
100
AcDbLine
 10
308488.3787501614
 20
83002.36659423211
 30
3947.818840631267
 11
308943.7946826558
 21
82760.88671032636
 31
3944.106020428795
  0
LINE
  5
61E
330
17
100
AcDbEntity
  8
MIDDLE
100
AcDbLine
 10
308943.7946826558
 20
82760.88671032636
 30
3944.106020428795
 11
309399.83147173084
 21
82518.99654349177
 31
3938.6255166498518
  0
LINE
  5
61F
330
17
100
AcDbEntity
  8
MIDDLE
100
AcDbLine
 10
309399.83147173084
 20
82518.99654349177
 30
3938.6255166498518
 11
309856.5445147645
 21
82276.68767953543
 31
3931.411711542575
  0
LINE
  5
620
330
17
100
AcDbEntity
  8
MIDDLE
100
AcDbLine
 10
309856.5445147645
 20
82276.68767953543
 30
3931.411711542575
 11
310313.9895269433
 21
82033.95292325484
 31
3922.4989873550967
  0
LINE
  5
621
330
17
100
AcDbEntity
  8
MIDDLE
100
AcDbLine
 10
310313.9895269433
 20
82033.95292325484
 30
3922.4989873550967
 11
310772.2225153442
 21
81790.7863042524
 31
3911.9217263355526
  0
LINE
  5
622
330
17
100
AcDbEntity
  8
MIDDLE
100
AcDbLine
 10
310772.2225153442
 20
81790.7863042524
 30
3911.9217263355526
 11
311231.2997529023
 21
81547.1830823206
 31
3899.714310732089
  0
LINE
  5
623
330
17
100
AcDbEntity
  8
MIDDLE
100
AcDbLine
 10
311231.2997529023
 20
81547.1830823206
 30
3899.714310732089
 11
311691.2777522728
 21
81303.13975239724
 31
3885.9111227928242
  0
LINE
  5
624
330
17
100
AcDbEntity
  8
MIDDLE
100
AcDbLine
 10
311691.2777522728
 20
81303.13975239724
 30
3885.9111227928242
 11
312152.21323959087
 21
81058.65404909014
 31
3870.546544765914
  0
LINE
  5
625
330
17
100
AcDbEntity
  8
MIDDLE
100
AcDbLine
 10
312152.21323959087
 20
81058.65404909014
 30
3870.546544765914
 11
312614.1631281459
 21
80813.72495076664
 31
3853.654958899473
  0
LINE
  5
626
330
17
100
AcDbEntity
  8
MIDDLE
100
AcDbLine
 10
312614.1631281459
 20
80813.72495076664
 30
3853.654958899473
 11
313077.18449197017
 21
80568.35268321075
 31
3835.270747441646
  0
LINE
  5
627
330
17
100
AcDbEntity
  8
MIDDLE
100
AcDbLine
 10
313077.18449197017
 20
80568.35268321075
 30
3835.270747441646
 11
313541.33453935693
 21
80322.53872284254
 31
3815.4282926405845
  0
LINE
  5
628
330
17
100
AcDbEntity
  8
MIDDLE
100
AcDbLine
 10
313541.33453935693
 20
80322.53872284254
 30
3815.4282926405845
 11
314006.67058631364
 21
80076.28579950095
 31
3794.1619767443963
  0
LINE
  5
629
330
17
100
AcDbEntity
  8
MIDDLE
100
AcDbLine
 10
314006.67058631364
 20
80076.28579950095
 30
3794.1619767443963
 11
314473.25002995686
 21
79829.59789878958
 31
3771.506182001239
  0
LINE
  5
62A
330
17
100
AcDbEntity
  8
MIDDLE
100
AcDbLine
 10
314473.25002995686
 20
79829.59789878958
 30
3771.506182001239
 11
314941.1303218627
 21
79582.48026398197
 31
3747.4952906592403
  0
LINE
  5
62B
330
17
100
AcDbEntity
  8
MIDDLE
100
AcDbLine
 10
314941.1303218627
 20
79582.48026398197
 30
3747.4952906592403
 11
315410.36894137616
 21
79334.93939748834
 31
3722.1636849665374
  0
LINE
  5
62C
330
17
100
AcDbEntity
  8
MIDDLE
100
AcDbLine
 10
315410.36894137616
 20
79334.93939748834
 30
3722.1636849665374
 11
315881.0233688899
 21
79086.98306188182
 31
3695.5457471712557
  0
LINE
  5
62D
330
17
100
AcDbEntity
  8
MIDDLE
100
AcDbLine
 10
315881.0233688899
 20
79086.98306188182
 30
3695.5457471712557
 11
316353.1510591033
 21
78838.62028048384
 31
3667.6758595215597
  0
LINE
  5
62E
330
17
100
AcDbEntity
  8
MIDDLE
100
AcDbLine
 10
316353.1510591033
 20
78838.62028048384
 30
3667.6758595215597
 11
316826.80941426556
 21
78589.8613375084
 31
3638.5884042655466
  0
LINE
  5
62F
330
17
100
AcDbEntity
  8
MIDDLE
100
AcDbLine
 10
316826.80941426556
 20
78589.8613375084
 30
3638.5884042655466
 11
317302.05575741595
 21
78340.71777776585
 31
3608.317763651393
  0
LINE
  5
630
330
17
100
AcDbEntity
  8
MIDDLE
100
AcDbLine
 10
317302.05575741595
 20
78340.71777776585
 30
3608.317763651393
 11
317778.9473056271
 21
78091.2024059243
 31
3576.898319927192
  0
LINE
  5
631
330
17
100
AcDbEntity
  8
MIDDLE
100
AcDbLine
 10
317778.9473056271
 20
78091.2024059243
 30
3576.898319927192
 11
318257.5411432613
 21
77841.3292853312
 31
3544.3644553411123
  0
LINE
  5
632
330
17
100
AcDbEntity
  8
MIDDLE
100
AcDbLine
 10
318257.5411432613
 20
77841.3292853312
 30
3544.3644553411123
 11
318737.89419524727
 21
77591.11373639277
 31
3510.750552141278
  0
LINE
  5
633
330
17
100
AcDbEntity
  8
MIDDLE
100
AcDbLine
 10
318737.89419524727
 20
77591.11373639277
 30
3510.750552141278
 11
319220.0632003878
 21
77340.57233451377
 31
3476.090992575826
  0
LINE
  5
634
330
17
100
AcDbEntity
  8
MIDDLE
100
AcDbLine
 10
319220.0632003878
 20
77340.57233451377
 30
3476.090992575826
 11
319704.10468470416
 21
77089.72290759669
 31
3440.42015889288
  0
LINE
  5
635
330
17
100
AcDbEntity
  8
MIDDLE
100
AcDbLine
 10
319704.10468470416
 20
77089.72290759669
 30
3440.42015889288
 11
320190.0749348282
 21
76838.58453310226
 31
3403.772433340599
  0
LINE
  5
636
330
17
100
AcDbEntity
  8
MIDDLE
100
AcDbLine
 10
320190.0749348282
 20
76838.58453310226
 30
3403.772433340599
 11
320678.0299714503
 21
76587.17753467016
 31
3366.182198167108
  0
LINE
  5
637
330
17
100
AcDbEntity
  8
MIDDLE
100
AcDbLine
 10
320678.0299714503
 20
76587.17753467016
 30
3366.182198167108
 11
321168.0255228302
 21
76335.5234783032
 31
3327.6838356205285
  0
LINE
  5
638
330
17
100
AcDbEntity
  8
MIDDLE
100
AcDbLine
 10
321168.0255228302
 20
76335.5234783032
 30
3327.6838356205285
 11
321660.11699838075
 21
76083.64516811448
 31
3288.3117279490366
  0
LINE
  5
639
330
17
100
AcDbEntity
  8
MIDDLE
100
AcDbLine
 10
321660.11699838075
 20
76083.64516811448
 30
3288.3117279490366
 11
322154.35946233355
 21
75831.56664163829
 31
3248.100257400715
  0
LINE
  5
63A
330
17
100
AcDbEntity
  8
MIDDLE
100
AcDbLine
 10
322154.35946233355
 20
75831.56664163829
 30
3248.100257400715
 11
322650.80760749173
 21
75579.31316470855
 31
3207.0838062237403
  0
LINE
  5
63B
330
17
100
AcDbEntity
  8
MIDDLE
100
AcDbLine
 10
322650.80760749173
 20
75579.31316470855
 30
3207.0838062237403
 11
323149.51572908333
 21
75326.91122590276
 31
3165.2967566662333
  0
LINE
  5
63C
330
17
100
AcDbEntity
  8
MIDDLE
100
AcDbLine
 10
323149.51572908333
 20
75326.91122590276
 30
3165.2967566662333
 11
323650.5376987193
 21
75074.38853055608
 31
3122.7734909763317
  0
LINE
  5
63D
330
17
100
AcDbEntity
  8
MIDDLE
100
AcDbLine
 10
323650.5376987193
 20
75074.38853055608
 30
3122.7734909763317
 11
324153.9269384659
 21
74821.77399434564
 31
3079.54839140217
  0
LINE
  5
63E
330
17
100
AcDbEntity
  8
MIDDLE
100
AcDbLine
 10
324153.9269384659
 20
74821.77399434564
 30
3079.54839140217
 11
324659.7363950428
 21
74569.09773644707
 31
3035.6558401918846
  0
LINE
  5
63F
330
17
100
AcDbEntity
  8
MIDDLE
100
AcDbLine
 10
324659.7363950428
 20
74569.09773644707
 30
3035.6558401918846
 11
325168.01851414825
 21
74316.3910722662
 31
2991.130219593597
  0
LINE
  5
640
330
17
100
AcDbEntity
  8
MIDDLE
100
AcDbLine
 10
325168.01851414825
 20
74316.3910722662
 30
2991.130219593597
 11
325678.82521492755
 21
74063.68650574694
 31
2946.005911855487
  0
LINE
  5
641
330
17
100
AcDbEntity
  8
MIDDLE
100
AcDbLine
 10
325678.82521492755
 20
74063.68650574694
 30
2946.005911855487
 11
326192.20786458894
 21
73811.0177212574
 31
2900.3172992256304
  0
LINE
  5
642
330
17
100
AcDbEntity
  8
MIDDLE
100
AcDbLine
 10
326192.20786458894
 20
73811.0177212574
 30
2900.3172992256304
 11
326708.21725317306
 21
73558.41957505897
 31
2854.0987639521927
  0
LINE
  5
643
330
17
100
AcDbEntity
  8
MIDDLE
100
AcDbLine
 10
326708.21725317306
 20
73558.41957505897
 30
2854.0987639521927
 11
327226.9035684891
 21
73305.92808635766
 31
2807.3846882833413
  0
LINE
  5
644
330
17
100
AcDbEntity
  8
MIDDLE
100
AcDbLine
 10
327226.9035684891
 20
73305.92808635766
 30
2807.3846882833413
 11
327748.3163712236
 21
73053.58042794185
 31
2760.2094544671518
  0
LINE
  5
645
330
17
100
AcDbEntity
  8
MIDDLE
100
AcDbLine
 10
327748.3163712236
 20
73053.58042794185
 30
2760.2094544671518
 11
328272.50457022636
 21
72801.41491641098
 31
2712.60744475182
  0
LINE
  5
646
330
17
100
AcDbEntity
  8
MIDDLE
100
AcDbLine
 10
328272.50457022636
 20
72801.41491641098
 30
2712.60744475182
 11
328799.51639798936
 21
72549.47100199373
 31
2664.613041385419
  0
LINE
  5
647
330
17
100
AcDbEntity
  8
MIDDLE
100
AcDbLine
 10
328799.51639798936
 20
72549.47100199373
 30
2664.613041385419
 11
329329.39938631764
 21
72297.78925796405
 31
2616.260626616117
  0
LINE
  5
648
330
17
100
AcDbEntity
  8
MIDDLE
100
AcDbLine
 10
329329.39938631764
 20
72297.78925796405
 30
2616.260626616117
 11
329862.2003422067
 21
72046.4113696535
 31
2567.584582692082
  0
LINE
  5
649
330
17
100
AcDbEntity
  8
MIDDLE
100
AcDbLine
 10
329862.2003422067
 20
72046.4113696535
 30
2567.584582692082
 11
330397.9653239327
 21
71795.38012306564
 31
2518.619291861385
  0
LINE
  5
64A
330
17
100
AcDbEntity
  8
MIDDLE
100
AcDbLine
 10
330397.9653239327
 20
71795.38012306564
 30
2518.619291861385
 11
330936.73961735895
 21
71544.73939309649
 31
2469.3991363722116
  0
LINE
  5
64B
330
17
100
AcDbEntity
  8
MIDDLE
100
AcDbLine
 10
330936.73961735895
 20
71544.73939309649
 30
2469.3991363722116
 11
331478.5677124739
 21
71294.53413136202
 31
2419.95849847268
  0
LINE
  5
64C
330
17
100
AcDbEntity
  8
MIDDLE
100
AcDbLine
 10
331478.5677124739
 20
71294.53413136202
 30
2419.95849847268
 11
332023.49328016123
 21
71044.81035363863
 31
2370.33176041091
  0
LINE
  5
64D
330
17
100
AcDbEntity
  8
MIDDLE
100
AcDbLine
 10
332023.49328016123
 20
71044.81035363863
 30
2370.33176041091
 11
332571.5591492133
 21
70795.61512691998
 31
2320.5533044350873
  0
LINE
  5
64E
330
17
100
AcDbEntity
  8
MIDDLE
100
AcDbLine
 10
332571.5591492133
 20
70795.61512691998
 30
2320.5533044350873
 11
333122.8072835956
 21
70546.99655609208
 31
2270.6575127932815
  0
LINE
  5
64F
330
17
100
AcDbEntity
  8
MIDDLE
100
AcDbLine
 10
333122.8072835956
 20
70546.99655609208
 30
2270.6575127932815
 11
333677.2787599676
 21
70299.00377023466
 31
2220.678767733677
  0
LINE
  5
650
330
17
100
AcDbEntity
  8
MIDDLE
100
AcDbLine
 10
333677.2787599676
 20
70299.00377023466
 30
2220.678767733677
 11
334235.01374546764
 21
70051.68690854817
 31
2170.651451504395
  0
LINE
  5
651
330
17
100
AcDbEntity
  8
MIDDLE
100
AcDbLine
 10
334235.01374546764
 20
70051.68690854817
 30
2170.651451504395
 11
334796.0514757729
 21
69805.09710591461
 31
2120.6099463535706
  0
LINE
  5
652
330
17
100
AcDbEntity
  8
LOWER
100
AcDbLine
 10
334796.0514757729
 20
69805.09710591461
 30
2120.6099463535706
 11
335360.4302334338
 21
69559.28647809423
 31
2070.5886345293393
  0
LINE
  5
653
330
17
100
AcDbEntity
  8
LOWER
100
AcDbLine
 10
335360.4302334338
 20
69559.28647809423
 30
2070.5886345293393
 11
335928.1873264987
 21
69314.30810656367
 31
2020.6218982798366
  0
LINE
  5
654
330
17
100
AcDbEntity
  8
LOWER
100
AcDbLine
 10
335928.1873264987
 20
69314.30810656367
 30
2020.6218982798366
 11
336499.3590674301
 21
69070.21602299948
 31
1970.7441198531817
  0
LINE
  5
655
330
17
100
AcDbEntity
  8
LOWER
100
AcDbLine
 10
336499.3590674301
 20
69070.21602299948
 30
1970.7441198531817
 11
337073.98075232015
 21
68827.06519341248
 31
1920.9896814975464
  0
LINE
  5
656
330
17
100
AcDbEntity
  8
LOWER
100
AcDbLine
 10
337073.98075232015
 20
68827.06519341248
 30
1920.9896814975464
 11
337652.0866404148
 21
68584.91150193664
 31
1871.3929654610458
  0
LINE
  5
657
330
17
100
AcDbEntity
  8
LOWER
100
AcDbLine
 10
337652.0866404148
 20
68584.91150193664
 30
1871.3929654610458
 11
338233.70993395
 21
68343.81173427864
 31
1821.9883539918187
  0
LINE
  5
658
330
17
100
AcDbEntity
  8
LOWER
100
AcDbLine
 10
338233.70993395
 20
68343.81173427864
 30
1821.9883539918187
 11
338818.8827583089
 21
68103.82356083223
 31
1772.810229337983
  0
LINE
  5
659
330
17
100
AcDbEntity
  8
LOWER
100
AcDbLine
 10
338818.8827583089
 20
68103.82356083223
 30
1772.810229337983
 11
339407.63614250516
 21
67865.00551946326
 31
1723.892973747709
  0
LINE
  5
65A
330
17
100
AcDbEntity
  8
LOWER
100
AcDbLine
 10
339407.63614250516
 20
67865.00551946326
 30
1723.892973747709
 11
339999.99999999994
 21
67627.41699796951
 31
1675.270969469115
  0
LINE
  5
65B
330
17
100
AcDbEntity
  8
LOWER
100
AcDbLine
 10
339999.99999999994
 20
67627.41699796951
 30
1675.270969469115
 11
340596.0031098582
 21
67391.11821622199
 31
1626.9785987503358
  0
LINE
  5
65C
330
17
100
AcDbEntity
  8
LOWER
100
AcDbLine
 10
340596.0031098582
 20
67391.11821622199
 30
1626.9785987503358
 11
341195.67309825
 21
67156.17020799218
 31
1579.050243839509
  0
LINE
  5
65D
330
17
100
AcDbEntity
  8
LOWER
100
AcDbLine
 10
341195.67309825
 20
67156.17020799218
 30
1579.050243839509
 11
341799.03642030444
 21
66922.63480247099
 31
1531.5202869847546
  0
LINE
  5
65E
330
17
100
AcDbEntity
  8
LOWER
100
AcDbLine
 10
341799.03642030444
 20
66922.63480247099
 30
1531.5202869847546
 11
342406.11834232026
 21
66690.57460548576
 31
1484.4231104342543
  0
LINE
  5
65F
330
17
100
AcDbEntity
  8
LOWER
100
AcDbLine
 10
342406.11834232026
 20
66690.57460548576
 30
1484.4231104342543
 11
343016.94292434125
 21
66460.05298041899
 31
1437.7930964360824
  0
LINE
  5
660
330
17
100
AcDbEntity
  8
LOWER
100
AcDbLine
 10
343016.94292434125
 20
66460.05298041899
 30
1437.7930964360824
 11
343631.53300310054
 21
66231.13402883807
 31
1391.6646272384216
  0
LINE
  5
661
330
17
100
AcDbEntity
  8
LOWER
100
AcDbLine
 10
343631.53300310054
 20
66231.13402883807
 30
1391.6646272384216
 11
344249.9101753384
 21
66003.88257083786
 31
1346.072085089392
  0
LINE
  5
662
330
17
100
AcDbEntity
  8
LOWER
100
AcDbLine
 10
344249.9101753384
 20
66003.88257083786
 30
1346.072085089392
 11
344872.0947815048
 21
65778.36412510547
 31
1301.0498522371288
  0
LINE
  5
663
330
17
100
AcDbEntity
  8
LOWER
100
AcDbLine
 10
344872.0947815048
 20
65778.36412510547
 30
1301.0498522371288
 11
345498.1058898423
 21
65554.6448887114
 31
1256.6323109297532
  0
LINE
  5
664
330
17
100
AcDbEntity
  8
LOWER
100
AcDbLine
 10
345498.1058898423
 20
65554.6448887114
 30
1256.6323109297532
 11
346127.96128086484
 21
65332.79171663435
 31
1212.8538434154477
  0
LINE
  5
665
330
17
100
AcDbEntity
  8
LOWER
100
AcDbLine
 10
346127.96128086484
 20
65332.79171663435
 30
1212.8538434154477
 11
346761.67743223195
 21
65112.87210102418
 31
1169.748831942285
  0
LINE
  5
666
330
17
100
AcDbEntity
  8
LOWER
100
AcDbLine
 10
346761.67743223195
 20
65112.87210102418
 30
1169.748831942285
 11
347399.2695040224
 21
64894.95415021267
 31
1127.3516587584634
  0
LINE
  5
667
330
17
100
AcDbEntity
  8
LOWER
100
AcDbLine
 10
347399.2695040224
 20
64894.95415021267
 30
1127.3516587584634
 11
348040.7513244182
 21
64679.10656747385
 31
1085.696706112058
  0
LINE
  5
668
330
17
100
AcDbEntity
  8
LOWER
100
AcDbLine
 10
348040.7513244182
 20
64679.10656747385
 30
1085.696706112058
 11
348686.1353757961
 21
64465.39862954556
 31
1044.8183562512359
  0
LINE
  5
669
330
17
100
AcDbEntity
  8
LOWER
100
AcDbLine
 10
348686.1353757961
 20
64465.39862954556
 30
1044.8183562512359
 11
349335.4327812377
 21
64253.90016491444
 31
1004.7509914241592
  0
LINE
  5
66A
330
17
100
AcDbEntity
  8
LOWER
100
AcDbLine
 10
349335.4327812377
 20
64253.90016491444
 30
1004.7509914241592
 11
349988.65329146077
 21
64044.68153187298
 31
965.5289938789084
  0
LINE
  5
66B
330
17
100
AcDbEntity
  8
LOWER
100
AcDbLine
 10
349988.65329146077
 20
64044.68153187298
 30
965.5289938789084
 11
350645.80527217226
 21
63837.81359635644
 31
927.1867458636618
  0
LINE
  5
66C
330
17
100
AcDbEntity
  8
LOWER
100
AcDbLine
 10
350645.80527217226
 20
63837.81359635644
 30
927.1867458636618
 11
351306.8956918542
 21
63633.367709563405
 31
889.7586296265393
  0
LINE
  5
66D
330
17
100
AcDbEntity
  8
LOWER
100
AcDbLine
 10
351306.8956918542
 20
63633.367709563405
 30
889.7586296265393
 11
351971.9301099829
 21
63431.41568537
 31
853.2790274156783
  0
LINE
  5
66E
330
17
100
AcDbEntity
  8
LOWER
100
AcDbLine
 10
351971.9301099829
 20
63431.41568537
 30
853.2790274156783
 11
352640.91266568296
 21
63232.02977754222
 31
817.782321479203
  0
LINE
  5
66F
330
17
100
AcDbEntity
  8
LOWER
100
AcDbLine
 10
352640.91266568296
 20
63232.02977754222
 30
817.782321479203
 11
353313.8460668263
 21
63035.28265675573
 31
783.302894065284
  0
LINE
  5
670
330
17
100
AcDbEntity
  8
LOWER
100
AcDbLine
 10
353313.8460668263
 20
63035.28265675573
 30
783.302894065284
 11
353990.7315795752
 21
62841.247387426716
 31
749.8751274220115
  0
LINE
  5
671
330
17
100
AcDbEntity
  8
LOWER
100
AcDbLine
 10
353990.7315795752
 20
62841.247387426716
 30
749.8751274220115
 11
354671.5690183728
 21
62649.99740436599
 31
717.533403797566
  0
LINE
  5
672
330
17
100
AcDbEntity
  8
LOWER
100
AcDbLine
 10
354671.5690183728
 20
62649.99740436599
 30
717.533403797566
 11
355356.3567363902
 21
62461.606489257545
 31
686.3121054400376
  0
LINE
  5
673
330
17
100
AcDbEntity
  8
LOWER
100
AcDbLine
 10
355356.3567363902
 20
62461.606489257545
 30
686.3121054400376
 11
356045.0916164243
 21
62276.14874697457
 31
656.2456145975992
  0
LINE
  5
674
330
17
100
AcDbEntity
  8
LOWER
100
AcDbLine
 10
356045.0916164243
 20
62276.14874697457
 30
656.2456145975992
 11
356737.7690622595
 21
62093.698581735254
 31
627.368313518371
  0
LINE
  5
675
330
17
100
AcDbEntity
  8
LOWER
100
AcDbLine
 10
356737.7690622595
 20
62093.698581735254
 30
627.368313518371
 11
357434.3829904889
 21
61914.33067310932
 31
599.7145844504823
  0
LINE
  5
676
330
17
100
AcDbEntity
  8
LOWER
100
AcDbLine
 10
357434.3829904889
 20
61914.33067310932
 30
599.7145844504823
 11
358134.9258228009
 21
61738.119951880915
 31
573.3188096420866
  0
LINE
  5
677
330
17
100
AcDbEntity
  8
LOWER
100
AcDbLine
 10
358134.9258228009
 20
61738.119951880915
 30
573.3188096420866
 11
358839.3884787352
 21
61565.141575775204
 31
548.215371341311
  0
LINE
  5
678
330
17
100
AcDbEntity
  8
LOWER
100
AcDbLine
 10
358839.3884787352
 20
61565.141575775204
 30
548.215371341311
 11
359547.76036890846
 21
61395.4709050572
 31
524.4386517962903
  0
LINE
  5
679
330
17
100
AcDbEntity
  8
LOWER
100
AcDbLine
 10
359547.76036890846
 20
61395.4709050572
 30
524.4386517962903
 11
360260.0293887134
 21
61229.18347800923
 31
502.0230332551541
  0
LINE
  5
67A
330
17
100
AcDbEntity
  8
LOWER
100
AcDbLine
 10
360260.0293887134
 20
61229.18347800923
 30
502.0230332551541
 11
360976.18191249244
 21
61066.354986295664
 31
481.0028979660528
  0
LINE
  5
67B
330
17
100
AcDbEntity
  8
LOWER
100
AcDbLine
 10
360976.18191249244
 20
61066.354986295664
 30
481.0028979660528
 11
361696.2027881919
 21
60907.06125022108
 31
461.4126281771154
  0
LINE
  5
67C
330
17
100
AcDbEntity
  8
LOWER
100
AcDbLine
 10
361696.2027881919
 20
60907.06125022108
 30
461.4126281771154
 11
362420.075332493
 21
60751.37819389096
 31
443.2866061364766
  0
LINE
  5
67D
330
17
100
AcDbEntity
  8
LOWER
100
AcDbLine
 10
362420.075332493
 20
60751.37819389096
 30
443.2866061364766
 11
363147.7813264268
 21
60599.38182028178
 31
426.6592140922727
  0
LINE
  5
67E
330
17
100
AcDbEntity
  8
LOWER
100
AcDbLine
 10
363147.7813264268
 20
60599.38182028178
 30
426.6592140922727
 11
363879.3010114717
 21
60451.14818622825
 31
411.5648342926401
  0
LINE
  5
67F
330
17
100
AcDbEntity
  8
LOWER
100
AcDbLine
 10
363879.3010114717
 20
60451.14818622825
 30
411.5648342926401
 11
364614.61308613664
 21
60306.75337733536
 31
398.0378489857079
  0
LINE
  5
680
330
17
100
AcDbEntity
  8
LOWER
100
AcDbLine
 10
364614.61308613664
 20
60306.75337733536
 30
398.0378489857079
 11
365353.6947030311
 21
60166.27348282385
 31
386.11264041962824
  0
LINE
  5
681
330
17
100
AcDbEntity
  8
LOWER
100
AcDbLine
 10
365353.6947030311
 20
60166.27348282385
 30
386.11264041962824
 11
366096.5214664235
 21
60029.78457031466
 31
375.8235908425189
  0
LINE
  5
682
330
17
100
AcDbEntity
  8
LOWER
100
AcDbLine
 10
366096.5214664235
 20
60029.78457031466
 30
375.8235908425189
 11
366843.0674302873
 21
59897.3626605635
 31
367.20508250252993
  0
LINE
  5
683
330
17
100
AcDbEntity
  8
LOWER
100
AcDbLine
 10
366843.0674302873
 20
59897.3626605635
 30
367.20508250252993
 11
367593.3050968412
 21
59769.083702149655
 31
360.29149764778623
  0
LINE
  5
684
330
17
100
AcDbEntity
  8
LOWER
100
AcDbLine
 10
367593.3050968412
 20
59769.083702149655
 30
360.29149764778623
 11
368347.2054155751
 21
59645.02354613022
 31
355.1172185264284
  0
LINE
  5
685
330
17
100
AcDbEntity
  8
LOWER
100
AcDbLine
 10
368347.2054155751
 20
59645.02354613022
 30
355.1172185264284
 11
369104.737782773
 21
59525.25792066491
 31
351.71662738659614
  0
LINE
  5
686
330
17
100
AcDbEntity
  8
LOWER
100
AcDbLine
 10
369104.737782773
 20
59525.25792066491
 30
351.71662738659614
 11
369865.8700415273
 21
59409.86240562063
 31
350.1241064764189
  0
LINE
  5
687
330
17
100
AcDbEntity
  8
LOWER
100
AcDbLine
 10
369865.8700415273
 20
59409.86240562063
 30
350.1241064764189
 11
370630.56848224305
 21
59298.912407164265
 31
350.0000000000005
  0
LINE
  5
688
330
17
100
AcDbEntity
  8
LOWER
100
AcDbLine
 10
370630.56848224305
 20
59298.912407164265
 30
350.0000000000005
 11
371398.79784364084
 21
59192.48313234927
 31
350.0000000000005
  0
LINE
  5
689
330
17
100
AcDbEntity
  8
LOWER
100
AcDbLine
 10
371398.79784364084
 20
59192.48313234927
 30
350.0000000000005
 11
372170.5464509535
 21
59090.8449641224
 31
350.0000000000005
  0
LINE
  5
68A
330
17
100
AcDbEntity
  8
LOWER
100
AcDbLine
 10
372170.5464509535
 20
59090.8449641224
 30
350.0000000000005
 11
372946.0904486508
 21
58996.68210005727
 31
350.0000000000005
  0
LINE
  5
68B
330
17
100
AcDbEntity
  8
LOWER
100
AcDbLine
 10
372946.0904486508
 20
58996.68210005727
 30
350.0000000000005
 11
373725.8064526047
 21
58914.1657388998
 31
350.0000000000005
  0
LINE
  5
68C
330
17
100
AcDbEntity
  8
LOWER
100
AcDbLine
 10
373725.8064526047
 20
58914.1657388998
 30
350.0000000000005
 11
374509.91890408646
 21
58847.0942623739
 31
350.0000000000005
  0
LINE
  5
68D
330
17
100
AcDbEntity
  8
LOWER
100
AcDbLine
 10
374509.91890408646
 20
58847.0942623739
 30
350.0000000000005
 11
375298.4845523097
 21
58798.63059504497
 31
350.0000000000005
  0
LINE
  5
68E
330
17
100
AcDbEntity
  8
LOWER
100
AcDbLine
 10
375298.4845523097
 20
58798.63059504497
 30
350.0000000000005
 11
376091.39375214826
 21
58771.10270264006
 31
350.0000000000005
  0
LINE
  5
68F
330
17
100
AcDbEntity
  8
LOWER
100
AcDbLine
 10
376091.39375214826
 20
58771.10270264006
 30
350.0000000000005
 11
376888.3838873715
 21
58765.84618542225
 31
350.0000000000005
  0
LINE
  5
690
330
17
100
AcDbEntity
  8
LOWER
100
AcDbLine
 10
376888.3838873715
 20
58765.84618542225
 30
350.0000000000005
 11
377689.0637170594
 21
58783.09724522586
 31
350.0000000000005
  0
LINE
  5
691
330
17
100
AcDbEntity
  8
LOWER
100
AcDbLine
 10
377689.0637170594
 20
58783.09724522586
 30
350.0000000000005
 11
378492.946771874
 21
58821.94184591185
 31
350.0000000000005
  0
LINE
  5
692
330
17
100
AcDbEntity
  8
LOWER
100
AcDbLine
 10
378492.946771874
 20
58821.94184591185
 30
350.0000000000005
 11
379299.4913787077
 21
58880.32413334442
 31
350.0000000000005
  0
LINE
  5
693
330
17
100
AcDbEntity
  8
LOWER
100
AcDbLine
 10
379299.4913787077
 20
58880.32413334442
 30
350.0000000000005
 11
380108.1444984114
 21
58955.114266398625
 31
350.0000000000005
  0
LINE
  5
694
330
17
100
AcDbEntity
  8
LOWER
100
AcDbLine
 10
380108.1444984114
 20
58955.114266398625
 30
350.0000000000005
 11
380918.38634417026
 21
59042.2328770566
 31
350.0000000000005
  0
LINE
  5
695
330
17
100
AcDbEntity
  8
LOWER
100
AcDbLine
 10
380918.38634417026
 20
59042.2328770566
 30
350.0000000000005
 11
381729.77271952794
 21
59136.82656880835
 31
350.0000000000005
  0
LINE
  5
696
330
17
100
AcDbEntity
  8
LOWER
100
AcDbLine
 10
381729.77271952794
 20
59136.82656880835
 30
350.0000000000005
 11
382541.97217573563
 21
59233.486316058756
 31
350.0000000000005
  0
LINE
  5
697
330
17
100
AcDbEntity
  8
LOWER
100
AcDbLine
 10
382541.97217573563
 20
59233.486316058756
 30
350.0000000000005
 11
383354.7954276691
 21
59326.4984683848
 31
350.0000000000005
  0
LINE
  5
698
330
17
100
AcDbEntity
  8
LOWER
100
AcDbLine
 10
383354.7954276691
 20
59326.4984683848
 30
350.0000000000005
 11
384168.2149650697
 21
59410.11639896129
 31
350.0000000000005
  0
LINE
  5
699
330
17
100
AcDbEntity
  8
LOWER
100
AcDbLine
 10
384168.2149650697
 20
59410.11639896129
 30
350.0000000000005
 11
384982.37342111475
 21
59478.83974909405
 31
350.0000000000005
  0
LINE
  5
69A
330
17
100
AcDbEntity
  8
LOWER
100
AcDbLine
 10
384982.37342111475
 20
59478.83974909405
 30
350.0000000000005
 11
385797.5799756012
 21
59527.68776537623
 31
350.0000000000005
  0
LINE
  5
69B
330
17
100
AcDbEntity
  8
LOWER
100
AcDbLine
 10
385797.5799756012
 20
59527.68776537623
 30
350.0000000000005
 11
386614.2948322363
 21
59552.45342657426
 31
350.0000000000005
  0
LINE
  5
69C
330
17
100
AcDbEntity
  8
LOWER
100
AcDbLine
 10
386614.2948322363
 20
59552.45342657426
 30
350.0000000000005
 11
387433.10257276864
 21
59549.92590601745
 31
350.0000000000005
  0
LINE
  5
69D
330
17
100
AcDbEntity
  8
LOWER
100
AcDbLine
 10
387433.10257276864
 20
59549.92590601745
 30
350.0000000000005
 11
388254.67590886605
 21
59518.07037238535
 31
350.0000000000005
  0
LINE
  5
69E
330
17
100
AcDbEntity
  8
LOWER
100
AcDbLine
 10
388254.67590886605
 20
59518.07037238535
 30
350.0000000000005
 11
389079.73198218254
 21
59456.15612792841
 31
350.0000000000005
  0
LINE
  5
69F
330
17
100
AcDbEntity
  8
LOWER
100
AcDbLine
 10
389079.73198218254
 20
59456.15612792841
 30
350.0000000000005
 11
389908.98386541166
 21
59364.82652241044
 31
350.0000000000005
  0
LINE
  5
6A0
330
17
100
AcDbEntity
  8
LOWER
100
AcDbLine
 10
389908.98386541166
 20
59364.82652241044
 30
350.0000000000005
 11
390743.0902611106
 21
59246.106845699614
 31
350.0000000000005
  0
LINE
  5
6A1
330
17
100
AcDbEntity
  8
LOWER
100
AcDbLine
 10
390743.0902611106
 20
59246.106845699614
 30
350.0000000000005
 11
391582.60655866005
 21
59103.3493581111
 31
350.0000000000005
  0
LINE
  5
6A2
330
17
100
AcDbEntity
  8
LOWER
100
AcDbLine
 10
391582.60655866005
 20
59103.3493581111
 30
350.0000000000005
 11
392427.94038139086
 21
58941.117621931386
 31
350.0000000000005
  0
LINE
  5
6A3
330
17
100
AcDbEntity
  8
LOWER
100
AcDbLine
 10
392427.94038139086
 20
58941.117621931386
 30
350.0000000000005
 11
393279.31453542167
 21
58765.0152040153
 31
350.0000000000005
  0
LINE
  5
6A4
330
17
100
AcDbEntity
  8
LOWER
100
AcDbLine
 10
393279.31453542167
 20
58765.0152040153
 30
350.0000000000005
 11
394136.73987019557
 21
58581.46648659846
 31
350.0000000000005
  0
LINE
  5
6A5
330
17
100
AcDbEntity
  8
LOWER
100
AcDbLine
 10
394136.73987019557
 20
58581.46648659846
 30
350.0000000000005
 11
395000.0000000001
 21
58397.45962155611
 31
350.0000000000005
  0
LINE
  5
6A6
330
17
100
AcDbEntity
  8
LOWER
100
AcDbLine
 10
395000.0000000001
 20
58397.45962155611
 30
350.0000000000005
 11
395868.6491474579
 21
58220.26348032486
 31
350.0000000000005
  0
LINE
  5
6A7
330
17
100
AcDbEntity
  8
LOWER
100
AcDbLine
 10
395868.6491474579
 20
58220.26348032486
 30
350.0000000000005
 11
396742.0235934665
 21
58057.13169892107
 31
350.0000000000005
  0
LINE
  5
6A8
330
17
100
AcDbEntity
  8
LOWER
100
AcDbLine
 10
396742.0235934665
 20
58057.13169892107
 30
350.0000000000005
 11
397619.2663984771
 21
57915.00753412973
 31
350.0000000000005
  0
LINE
  5
6A9
330
17
100
AcDbEntity
  8
LOWER
100
AcDbLine
 10
397619.2663984771
 20
57915.00753412973
 30
350.0000000000005
 11
398499.36424556153
 21
57800.24320286088
 31
350.0000000000005
  0
LINE
  5
6AA
330
17
100
AcDbEntity
  8
LOWER
100
AcDbLine
 10
398499.36424556153
 20
57800.24320286088
 30
350.0000000000005
 11
399381.1944949522
 21
57718.3466740711
 31
350.0000000000005
  0
LINE
  5
6AB
330
17
100
AcDbEntity
  8
LOWER
100
AcDbLine
 10
399381.1944949522
 20
57718.3466740711
 30
350.0000000000005
 11
400263.5798788384
 21
57673.76755581142
 31
350.0000000000005
  0
LINE
  5
6AC
330
17
100
AcDbEntity
  8
LOWER
100
AcDbLine
 10
400263.5798788384
 20
57673.76755581142
 30
350.0000000000005
 11
401145.34774509567
 21
57669.73183371721
 31
350.0000000000005
  0
LINE
  5
6AD
330
17
100
AcDbEntity
  8
LOWER
100
AcDbLine
 10
401145.34774509567
 20
57669.73183371721
 30
350.0000000000005
 11
402025.3904126816
 21
57708.132863724386
 31
350.0000000000005
  0
LINE
  5
6AE
330
17
100
AcDbEntity
  8
LOWER
100
AcDbLine
 10
402025.3904126816
 20
57708.132863724386
 30
350.0000000000005
 11
402902.72305342706
 21
57789.483315893616
 31
350.0000000000005
  0
LINE
  5
6AF
330
17
100
AcDbEntity
  8
LOWER
100
AcDbLine
 10
402902.72305342706
 20
57789.483315893616
 30
350.0000000000005
 11
403776.5355774195
 21
57912.92984005793
 31
350.0000000000005
  0
LINE
  5
6B0
330
17
100
AcDbEntity
  8
LOWER
100
AcDbLine
 10
403776.5355774195
 20
57912.92984005793
 30
350.0000000000005
 11
404646.23527270555
 21
58076.3292203022
 31
350.0000000000005
  0
LINE
  5
6B1
330
17
100
AcDbEntity
  8
LOWER
100
AcDbLine
 10
404646.23527270555
 20
58076.3292203022
 30
350.0000000000005
 11
405511.4774228919
 21
58276.38185048801
 31
350.0000000000005
  0
LINE
  5
6B2
330
17
100
AcDbEntity
  8
LOWER
100
AcDbLine
 10
405511.4774228919
 20
58276.38185048801
 30
350.0000000000005
 11
406372.1817748512
 21
58508.81563998252
 31
350.0000000000005
  0
LINE
  5
6B3
330
17
100
AcDbEntity
  8
LOWER
100
AcDbLine
 10
406372.1817748512
 20
58508.81563998252
 30
350.0000000000005
 11
407228.5335190038
 21
58768.61107980518
 31
350.0000000000005
  0
LINE
  5
6B4
330
17
100
AcDbEntity
  8
LOWER
100
AcDbLine
 10
407228.5335190038
 20
58768.61107980518
 30
350.0000000000005
 11
408080.96833346714
 21
59050.256279795336
 31
350.0000000000005
  0
LINE
  5
6B5
330
17
100
AcDbEntity
  8
LOWER
100
AcDbLine
 10
408080.96833346714
 20
59050.256279795336
 30
350.0000000000005
 11
408930.1419811287
 21
59348.019419727425
 31
350.0000000000005
  0
LINE
  5
6B6
330
17
100
AcDbEntity
  8
LOWER
100
AcDbLine
 10
408930.1419811287
 20
59348.019419727425
 30
350.0000000000005
 11
409776.88588190626
 21
59656.22530686581
 31
350.0000000000005
  0
LINE
  5
6B7
330
17
100
AcDbEntity
  8
LOWER
100
AcDbLine
 10
409776.88588190626
 20
59656.22530686581
 30
350.0000000000005
 11
410622.15095676447
 21
59969.522634184286
 31
350.0000000000005
  0
LINE
  5
6B8
330
17
100
AcDbEntity
  8
LOWER
100
AcDbLine
 10
410622.15095676447
 20
59969.522634184286
 30
350.0000000000005
 11
411466.94280323933
 21
60283.1290901754
 31
350.0000000000005
  0
LINE
  5
6B9
330
17
100
AcDbEntity
  8
LOWER
100
AcDbLine
 10
411466.94280323933
 20
60283.1290901754
 30
350.0000000000005
 11
412312.2518673795
 21
60593.04265347951
 31
350.0000000000005
  0
LINE
  5
6BA
330
17
100
AcDbEntity
  8
LOWER
100
AcDbLine
 10
412312.2518673795
 20
60593.04265347951
 30
350.0000000000005
 11
413158.9826850704
 21
60896.20915337512
 31
350.0000000000005
  0
LINE
  5
6BB
330
17
100
AcDbEntity
  8
LOWER
100
AcDbLine
 10
413158.9826850704
 20
60896.20915337512
 30
350.0000000000005
 11
414007.8864480947
 21
61190.63840274831
 31
350.0000000000005
  0
LINE
  5
6BC
330
17
100
AcDbEntity
  8
LOWER
100
AcDbLine
 10
414007.8864480947
 20
61190.63840274831
 30
350.0000000000005
 11
414859.50109049055
 21
61475.46380242132
 31
350.0000000000005
  0
LINE
  5
6BD
330
17
100
AcDbEntity
  8
LOWER
100
AcDbLine
 10
414859.50109049055
 20
61475.46380242132
 30
350.0000000000005
 11
415714.1027857228
 21
61750.943145816775
 31
350.0000000000005
  0
LINE
  5
6BE
330
17
100
AcDbEntity
  8
LOWER
100
AcDbLine
 10
415714.1027857228
 20
61750.943145816775
 30
350.0000000000005
 11
416571.67220564815
 21
62018.401280634505
 31
350.0000000000005
  0
LINE
  5
6BF
330
17
100
AcDbEntity
  8
LOWER
100
AcDbLine
 10
416571.67220564815
 20
62018.401280634505
 30
350.0000000000005
 11
417431.87814249616
 21
62280.1181648397
 31
350.0000000000005
  0
LINE
  5
6C0
330
17
100
AcDbEntity
  8
LOWER
100
AcDbLine
 10
417431.87814249616
 20
62280.1181648397
 30
350.0000000000005
 11
418294.0801718873
 21
62539.16854586883
 31
350.0000000000005
  0
LINE
  5
6C1
330
17
100
AcDbEntity
  8
LOWER
100
AcDbLine
 10
418294.0801718873
 20
62539.16854586883
 30
350.0000000000005
 11
419157.35098571575
 21
62799.22186232848
 31
350.0000000000005
  0
LINE
  5
6C2
330
17
100
AcDbEntity
  8
LOWER
100
AcDbLine
 10
419157.35098571575
 20
62799.22186232848
 30
350.0000000000005
 11
420020.52731796145
 21
63064.282680378186
 31
350.0000000000005
  0
LINE
  5
6C3
330
17
100
AcDbEntity
  8
LOWER
100
AcDbLine
 10
420020.52731796145
 20
63064.282680378186
 30
350.0000000000005
 11
420882.7667539842
 21
63336.897280922385
 31
350.0000000000005
  0
LINE
  5
6C4
330
17
100
AcDbEntity
  8
LOWER
100
AcDbLine
 10
420882.7667539842
 20
63336.897280922385
 30
350.0000000000005
 11
421743.9034720309
 21
63617.275364819536
 31
350.1241064764189
  0
LINE
  5
6C5
330
17
100
AcDbEntity
  8
LOWER
100
AcDbLine
 10
421743.9034720309
 20
63617.275364819536
 30
350.1241064764189
 11
422603.82800403045
 21
63905.43658487983
 31
351.71662738659484
  0
LINE
  5
6C6
330
17
100
AcDbEntity
  8
LOWER
100
AcDbLine
 10
422603.82800403045
 20
63905.43658487983
 30
351.71662738659484
 11
423462.4302687779
 21
64201.39912100147
 31
355.1172185264297
  0
LINE
  5
6C7
330
17
100
AcDbEntity
  8
LOWER
100
AcDbLine
 10
423462.4302687779
 20
64201.39912100147
 30
355.1172185264297
 11
424319.5995983278
 21
64505.179668921744
 31
360.2914976477831
  0
LINE
  5
6C8
330
17
100
AcDbEntity
  8
LOWER
100
AcDbLine
 10
424319.5995983278
 20
64505.179668921744
 30
360.2914976477831
 11
425175.22476461635
 21
64816.793429376856
 31
367.2050825025259
  0
LINE
  5
6C9
330
17
100
AcDbEntity
  8
LOWER
100
AcDbLine
 10
425175.22476461635
 20
64816.793429376856
 30
367.2050825025259
 11
426029.1940062939
 21
65136.254097671736
 31
375.82359084252073
  0
LINE
  5
6CA
330
17
100
AcDbEntity
  8
LOWER
100
AcDbLine
 10
426029.1940062939
 20
65136.254097671736
 30
375.82359084252073
 11
426881.3950557725
 21
65463.57385366568
 31
386.1126404196229
  0
LINE
  5
6CB
330
17
100
AcDbEntity
  8
LOWER
100
AcDbLine
 10
426881.3950557725
 20
65463.57385366568
 30
386.1126404196229
 11
427731.71516647405
 21
65798.7633521763
 31
398.0378489857106
  0
LINE
  5
6CC
330
17
100
AcDbEntity
  8
LOWER
100
AcDbLine
 10
427731.71516647405
 20
65798.7633521763
 30
398.0378489857106
 11
428580.04114026675
 21
66141.83171380359
 31
411.56483429263255
  0
LINE
  5
6CD
330
17
100
AcDbEntity
  8
LOWER
100
AcDbLine
 10
428580.04114026675
 20
66141.83171380359
 30
411.56483429263255
 11
429426.2593550953
 21
66492.78651618028
 31
426.6592140922705
  0
LINE
  5
6CE
330
17
100
AcDbEntity
  8
LOWER
100
AcDbLine
 10
429426.2593550953
 20
66492.78651618028
 30
426.6592140922705
 11
430270.2557927797
 21
66851.63378564772
 31
443.2866061364802
  0
LINE
  5
6CF
330
17
100
AcDbEntity
  8
LOWER
100
AcDbLine
 10
430270.2557927797
 20
66851.63378564772
 30
443.2866061364802
 11
431111.91606698924
 21
67218.37798936342
 31
461.41262817711316
  0
LINE
  5
6D0
330
17
100
AcDbEntity
  8
LOWER
100
AcDbLine
 10
431111.91606698924
 20
67218.37798936342
 30
461.41262817711316
 11
431951.1254513768
 21
67593.02202784165
 31
481.0028979660577
  0
LINE
  5
6D1
330
17
100
AcDbEntity
  8
LOWER
100
AcDbLine
 10
431951.1254513768
 20
67593.02202784165
 30
481.0028979660577
 11
432787.76890786114
 21
67975.56722792813
 31
502.02303325515896
  0
LINE
  5
6D2
330
17
100
AcDbEntity
  8
LOWER
100
AcDbLine
 10
432787.76890786114
 20
67975.56722792813
 30
502.02303325515896
 11
433621.7311150597
 21
68366.0133362138
 31
524.4386517962876
  0
LINE
  5
6D3
330
17
100
AcDbEntity
  8
LOWER
100
AcDbLine
 10
433621.7311150597
 20
68366.0133362138
 30
524.4386517962876
 11
434452.89649685426
 21
68764.35851289013
 31
548.215371341307
  0
LINE
  5
6D4
330
17
100
AcDbEntity
  8
LOWER
100
AcDbLine
 10
434452.89649685426
 20
68764.35851289013
 30
548.215371341307
 11
435281.14925108355
 21
69170.59932604343
 31
573.3188096420827
  0
LINE
  5
6D5
330
17
100
AcDbEntity
  8
LOWER
100
AcDbLine
 10
435281.14925108355
 20
69170.59932604343
 30
573.3188096420827
 11
436106.37337835785
 21
69584.73074639759
 31
599.7145844504779
  0
LINE
  5
6D6
330
17
100
AcDbEntity
  8
LOWER
100
AcDbLine
 10
436106.37337835785
 20
69584.73074639759
 30
599.7145844504779
 11
436928.4527109821
 21
70006.74614250088
 31
627.3683135183666
  0
LINE
  5
6D7
330
17
100
AcDbEntity
  8
LOWER
100
AcDbLine
 10
436928.4527109821
 20
70006.74614250088
 30
627.3683135183666
 11
437747.2709419814
 21
70436.63727636136
 31
656.245614597585
  0
LINE
  5
6D8
330
17
100
AcDbEntity
  8
LOWER
100
AcDbLine
 10
437747.2709419814
 20
70436.63727636136
 30
656.245614597585
 11
438562.7116542231
 21
70874.39429953348
 31
686.3121054400341
  0
LINE
  5
6D9
330
17
100
AcDbEntity
  8
LOWER
100
AcDbLine
 10
438562.7116542231
 20
70874.39429953348
 30
686.3121054400341
 11
439374.65834961896
 21
71320.00574965385
 31
717.5334037975518
  0
LINE
  5
6DA
330
17
100
AcDbEntity
  8
LOWER
100
AcDbLine
 10
439374.65834961896
 20
71320.00574965385
 30
717.5334037975518
 11
440182.99447840924
 21
71773.45854743199
 31
749.875127422007
  0
LINE
  5
6DB
330
17
100
AcDbEntity
  8
LOWER
100
AcDbLine
 10
440182.99447840924
 20
71773.45854743199
 30
749.875127422007
 11
440987.6034685114
 21
72234.73799409393
 31
783.3028940652804
  0
LINE
  5
6DC
330
17
100
AcDbEntity
  8
LOWER
100
AcDbLine
 10
440987.6034685114
 20
72234.73799409393
 30
783.3028940652804
 11
441788.36875492864
 21
72703.82776928073
 31
817.7823214792106
  0
LINE
  5
6DD
330
17
100
AcDbEntity
  8
LOWER
100
AcDbLine
 10
441788.36875492864
 20
72703.82776928073
 30
817.7823214792106
 11
442585.1738092106
 21
73180.70992940417
 31
853.2790274156742
  0
LINE
  5
6DE
330
17
100
AcDbEntity
  8
LOWER
100
AcDbLine
 10
442585.1738092106
 20
73180.70992940417
 30
853.2790274156742
 11
443377.9021689544
 21
73665.36490645836
 31
889.7586296265341
  0
LINE
  5
6DF
330
17
100
AcDbEntity
  8
LOWER
100
AcDbLine
 10
443377.9021689544
 20
73665.36490645836
 30
889.7586296265341
 11
444166.4374673399
 21
74157.77150728952
 31
927.1867458636689
  0
LINE
  5
6E0
330
17
100
AcDbEntity
  8
LOWER
100
AcDbLine
 10
444166.4374673399
 20
74157.77150728952
 30
927.1867458636689
 11
444950.6634626882
 21
74657.90691332334
 31
965.5289938789031
  0
LINE
  5
6E1
330
17
100
AcDbEntity
  8
LOWER
100
AcDbLine
 10
444950.6634626882
 20
74657.90691332334
 30
965.5289938789031
 11
445730.4640680389
 21
75165.74668075178
 31
1004.7509914241539
  0
LINE
  5
6E2
330
17
100
AcDbEntity
  8
LOWER
100
AcDbLine
 10
445730.4640680389
 20
75165.74668075178
 30
1004.7509914241539
 11
446505.7233807307
 21
75681.26474117846
 31
1044.8183562512306
  0
LINE
  5
6E3
330
17
100
AcDbEntity
  8
LOWER
100
AcDbLine
 10
446505.7233807307
 20
75681.26474117846
 30
1044.8183562512306
 11
447276.32571198395
 21
76204.43340272213
 31
1085.6967061120533
  0
LINE
  5
6E4
330
17
100
AcDbEntity
  8
LOWER
100
AcDbLine
 10
447276.32571198395
 20
76204.43340272213
 30
1085.6967061120533
 11
448042.1556164697
 21
76735.22335158104
 31
1127.3516587584438
  0
LINE
  5
6E5
330
17
100
AcDbEntity
  8
LOWER
100
AcDbLine
 10
448042.1556164697
 20
76735.22335158104
 30
1127.3516587584438
 11
448803.09792186227
 21
77273.60365405375
 31
1169.7488319422798
  0
LINE
  5
6E6
330
17
100
AcDbEntity
  8
LOWER
100
AcDbLine
 10
448803.09792186227
 20
77273.60365405375
 30
1169.7488319422798
 11
449559.0377583627
 21
77819.54175902111
 31
1212.8538434154268
  0
LINE
  5
6E7
330
17
100
AcDbEntity
  8
LOWER
100
AcDbLine
 10
449559.0377583627
 20
77819.54175902111
 30
1212.8538434154268
 11
450309.8605881861
 21
78373.0035008848
 31
1256.632310929763
  0
LINE
  5
6E8
330
17
100
AcDbEntity
  8
LOWER
100
AcDbLine
 10
450309.8605881861
 20
78373.0035008848
 30
1256.632310929763
 11
451055.45223500254
 21
78933.95310296328
 31
1301.0498522371079
  0
LINE
  5
6E9
330
17
100
AcDbEntity
  8
LOWER
100
AcDbLine
 10
451055.45223500254
 20
78933.95310296328
 30
1301.0498522371079
 11
451795.69891332736
 21
79502.35318134687
 31
1346.0720850893852
  0
LINE
  5
6EA
330
17
100
AcDbEntity
  8
LOWER
100
AcDbLine
 10
451795.69891332736
 20
79502.35318134687
 30
1346.0720850893852
 11
452530.48725784407
 21
80078.16474920588
 31
1391.6646272384314
  0
LINE
  5
6EB
330
17
100
AcDbEntity
  8
LOWER
100
AcDbLine
 10
452530.48725784407
 20
80078.16474920588
 30
1391.6646272384314
 11
453259.7043526591
 21
80661.34722155606
 31
1437.7930964360767
  0
LINE
  5
6EC
330
17
100
AcDbEntity
  8
LOWER
100
AcDbLine
 10
453259.7043526591
 20
80661.34722155606
 30
1437.7930964360767
 11
453983.2377604779
 21
81251.85842047865
 31
1484.423110434248
  0
LINE
  5
6ED
330
17
100
AcDbEntity
  8
LOWER
100
AcDbLine
 10
453983.2377604779
 20
81251.85842047865
 30
1484.423110434248
 11
454700.97555168683
 21
81849.65458079014
 31
1531.520286984748
  0
LINE
  5
6EE
330
17
100
AcDbEntity
  8
LOWER
100
AcDbLine
 10
454700.97555168683
 20
81849.65458079014
 30
1531.520286984748
 11
455412.80633334536
 21
82454.69035616794
 31
1579.0502438395029
  0
LINE
  5
6EF
330
17
100
AcDbEntity
  8
LOWER
100
AcDbLine
 10
455412.80633334536
 20
82454.69035616794
 30
1579.0502438395029
 11
456118.61927806516
 21
83066.91882572159
 31
1626.9785987503296
  0
LINE
  5
6F0
330
17
100
AcDbEntity
  8
LOWER
100
AcDbLine
 10
456118.61927806516
 20
83066.91882572159
 30
1626.9785987503296
 11
456818.30415278004
 21
83686.29150101509
 31
1675.2709694691084
  0
LINE
  5
6F1
330
17
100
AcDbEntity
  8
LOWER
100
AcDbLine
 10
456818.30415278004
 20
83686.29150101509
 30
1675.2709694691084
 11
457511.7513473917
 21
84312.75833353643
 31
1723.8929737477022
  0
LINE
  5
6F2
330
17
100
AcDbEntity
  8
LOWER
100
AcDbLine
 10
457511.7513473917
 20
84312.75833353643
 30
1723.8929737477022
 11
458198.851903282
 21
84946.2677226081
 31
1772.8102293379932
  0
LINE
  5
6F3
330
17
100
AcDbEntity
  8
LOWER
100
AcDbLine
 10
458198.851903282
 20
84946.2677226081
 30
1772.8102293379932
 11
458879.49754168786
 21
85586.76652374359
 31
1821.988353991795
  0
LINE
  5
6F4
330
17
100
AcDbEntity
  8
LOWER
100
AcDbLine
 10
458879.49754168786
 20
85586.76652374359
 30
1821.988353991795
 11
459553.5806919282
 21
86234.20005744426
 31
1871.3929654610392
  0
LINE
  5
6F5
330
17
100
AcDbEntity
  8
LOWER
100
AcDbLine
 10
459553.5806919282
 20
86234.20005744426
 30
1871.3929654610392
 11
460220.9945194712
 21
86888.51211843107
 31
1920.9896814975407
  0
LINE
  5
6F6
330
17
100
AcDbEntity
  8
LOWER
100
AcDbLine
 10
460220.9945194712
 20
86888.51211843107
 30
1920.9896814975407
 11
460881.6329538404
 21
87549.64498531584
 31
1970.744119853175
  0
LINE
  5
6F7
330
17
100
AcDbEntity
  8
LOWER
100
AcDbLine
 10
460881.6329538404
 20
87549.64498531584
 30
1970.744119853175
 11
461535.3907163453
 21
88217.53943070349
 31
2020.6218982798302
  0
LINE
  5
6F8
330
17
100
AcDbEntity
  8
LOWER
100
AcDbLine
 10
461535.3907163453
 20
88217.53943070349
 30
2020.6218982798302
 11
462182.16334763024
 21
88892.13473172426
 31
2070.5886345293156
  0
LINE
  5
6F9
330
17
100
AcDbEntity
  8
LOWER
100
AcDbLine
 10
462182.16334763024
 20
88892.13473172426
 30
2070.5886345293156
 11
462821.84723503713
 21
89573.36868099611
 31
2120.609946353564
  0
LINE
  5
6FA
330
17
100
AcDbEntity
  8
LOWER
100
AcDbLine
 10
462821.84723503713
 20
89573.36868099611
 30
2120.609946353564
 11
463454.33963976474
 21
90261.17759800763
 31
2170.651451504388
  0
LINE
  5
6FB
330
17
100
AcDbEntity
  8
MIDDLE
100
AcDbLine
 10
463454.33963976474
 20
90261.17759800763
 30
2170.651451504388
 11
464079.53872382815
 21
90955.49634092646
 31
2220.6787677336706
  0
LINE
  5
6FC
330
17
100
AcDbEntity
  8
MIDDLE
100
AcDbLine
 10
464079.53872382815
 20
90955.49634092646
 30
2220.6787677336706
 11
464697.34357680014
 21
91656.25831882354
 31
2270.6575127932915
  0
LINE
  5
6FD
330
17
100
AcDbEntity
  8
MIDDLE
100
AcDbLine
 10
464697.34357680014
 20
91656.25831882354
 30
2270.6575127932915
 11
465307.654242333
 21
92363.39550431244
 31
2320.55330443508
  0
LINE
  5
6FE
330
17
100
AcDbEntity
  8
MIDDLE
100
AcDbLine
 10
465307.654242333
 20
92363.39550431244
 30
2320.55330443508
 11
465910.3717444503
 21
93076.83844660164
 31
2370.331760410921
  0
LINE
  5
6FF
330
17
100
AcDbEntity
  8
MIDDLE
100
AcDbLine
 10
465910.3717444503
 20
93076.83844660164
 30
2370.331760410921
 11
466505.398113601
 21
93796.51628495299
 31
2419.958498472674
  0
LINE
  5
700
330
17
100
AcDbEntity
  8
MIDDLE
100
AcDbLine
 10
466505.398113601
 20
93796.51628495299
 30
2419.958498472674
 11
467092.63641246903
 21
94522.3567625454
 31
2469.3991363722052
  0
LINE
  5
701
330
17
100
AcDbEntity
  8
MIDDLE
100
AcDbLine
 10
467092.63641246903
 20
94522.3567625454
 30
2469.3991363722052
 11
467671.9907615287
 21
95254.28624073748
 31
2518.619291861396
  0
LINE
  5
702
330
17
100
AcDbEntity
  8
MIDDLE
100
AcDbLine
 10
467671.9907615287
 20
95254.28624073748
 30
2518.619291861396
 11
468243.3663643418
 21
95992.22971372887
 31
2567.584582692059
  0
LINE
  5
703
330
17
100
AcDbEntity
  8
MIDDLE
100
AcDbLine
 10
468243.3663643418
 20
95992.22971372887
 30
2567.584582692059
 11
468806.66953258537
 21
96736.11082361134
 31
2616.2606266161274
  0
LINE
  5
704
330
17
100
AcDbEntity
  8
MIDDLE
100
AcDbLine
 10
468806.66953258537
 20
96736.11082361134
 30
2616.2606266161274
 11
469361.80771080375
 21
97485.85187580949
 31
2664.6130413853966
  0
LINE
  5
705
330
17
100
AcDbEntity
  8
MIDDLE
100
AcDbLine
 10
469361.80771080375
 20
97485.85187580949
 30
2664.6130413853966
 11
469908.6895008801
 21
98241.37385490462
 31
2712.6074447517967
  0
LINE
  5
706
330
17
100
AcDbEntity
  8
MIDDLE
100
AcDbLine
 10
469908.6895008801
 20
98241.37385490462
 30
2712.6074447517967
 11
470447.2246862145
 21
99002.59644083754
 31
2760.2094544671454
  0
LINE
  5
707
330
17
100
AcDbEntity
  8
MIDDLE
100
AcDbLine
 10
470447.2246862145
 20
99002.59644083754
 30
2760.2094544671454
 11
470977.32425560866
 21
99769.4380254876
 31
2807.38468828332
  0
LINE
  5
708
330
17
100
AcDbEntity
  8
MIDDLE
100
AcDbLine
 10
470977.32425560866
 20
99769.4380254876
 30
2807.38468828332
 11
471498.9004268439
 21
100541.81572962031
 31
2854.0987639522014
  0
LINE
  5
709
330
17
100
AcDbEntity
  8
MIDDLE
100
AcDbLine
 10
471498.9004268439
 20
100541.81572962031
 30
2854.0987639522014
 11
472011.86666994775
 21
101319.64542020016
 31
2900.317299225609
  0
LINE
  5
70A
330
17
100
AcDbEntity
  8
MIDDLE
100
AcDbLine
 10
472011.86666994775
 20
101319.64542020016
 30
2900.317299225609
 11
472516.13773014495
 21
102102.8417280666
 31
2946.005911855466
  0
LINE
  5
70B
330
17
100
AcDbEntity
  8
MIDDLE
100
AcDbLine
 10
472516.13773014495
 20
102102.8417280666
 30
2946.005911855466
 11
473011.62965047976
 21
102891.31806596108
 31
2991.130219593606
  0
LINE
  5
70C
330
17
100
AcDbEntity
  8
MIDDLE
100
AcDbLine
 10
473011.62965047976
 20
102891.31806596108
 30
2991.130219593606
 11
473498.25979410915
 21
103684.98664690796
 31
3035.6558401918646
  0
LINE
  5
70D
330
17
100
AcDbEntity
  8
MIDDLE
100
AcDbLine
 10
473498.25979410915
 20
103684.98664690796
 30
3035.6558401918646
 11
473975.9468662576
 21
104483.75850294069
 31
3079.5483914021647
  0
LINE
  5
70E
330
17
100
AcDbEntity
  8
MIDDLE
100
AcDbLine
 10
473975.9468662576
 20
104483.75850294069
 30
3079.5483914021647
 11
474444.6109358244
 21
105287.54350416391
 31
3122.7734909763117
  0
LINE
  5
70F
330
17
100
AcDbEntity
  8
MIDDLE
100
AcDbLine
 10
474444.6109358244
 20
105287.54350416391
 30
3122.7734909763117
 11
474904.17345664377
 21
106096.25037815608
 31
3165.296756666228
  0
LINE
  5
710
330
17
100
AcDbEntity
  8
MIDDLE
100
AcDbLine
 10
474904.17345664377
 20
106096.25037815608
 30
3165.296756666228
 11
475354.55728838255
 21
106909.78672969475
 31
3207.0838062237485
  0
LINE
  5
711
330
17
100
AcDbEntity
  8
MIDDLE
100
AcDbLine
 10
475354.55728838255
 20
106909.78672969475
 30
3207.0838062237485
 11
475795.6867170781
 21
107728.05906080946
 31
3248.1002574007102
  0
LINE
  5
712
330
17
100
AcDbEntity
  8
MIDDLE
100
AcDbLine
 10
475795.6867170781
 20
107728.05906080946
 30
3248.1002574007102
 11
476227.4874753042
 21
108550.97279115237
 31
3288.311727949032
  0
LINE
  5
713
330
17
100
AcDbEntity
  8
MIDDLE
100
AcDbLine
 10
476227.4874753042
 20
108550.97279115237
 30
3288.311727949032
 11
476649.88676196075
 21
109378.4322786766
 31
3327.6838356205367
  0
LINE
  5
714
330
17
100
AcDbEntity
  8
MIDDLE
100
AcDbLine
 10
476649.88676196075
 20
109378.4322786766
 30
3327.6838356205367
 11
477062.81326168246
 21
110210.34084062472
 31
3366.1821981671023
  0
LINE
  5
715
330
17
100
AcDbEntity
  8
MIDDLE
100
AcDbLine
 10
477062.81326168246
 20
110210.34084062472
 30
3366.1821981671023
 11
477466.19716385973
 21
111046.60077481696
 31
3403.772433340594
  0
LINE
  5
716
330
17
100
AcDbEntity
  8
MIDDLE
100
AcDbLine
 10
477466.19716385973
 20
111046.60077481696
 30
3403.772433340594
 11
477859.9701812652
 21
111887.11338122914
 31
3440.4201588928754
  0
LINE
  5
717
330
17
100
AcDbEntity
  8
MIDDLE
100
AcDbLine
 10
477859.9701812652
 20
111887.11338122914
 30
3440.4201588928754
 11
478244.0655682833
 21
112731.77898386373
 31
3476.0909925758097
  0
LINE
  5
718
330
17
100
AcDbEntity
  8
MIDDLE
100
AcDbLine
 10
478244.0655682833
 20
112731.77898386373
 30
3476.0909925758097
 11
478618.4181387332
 21
113580.49695289892
 31
3510.750552141274
  0
LINE
  5
719
330
17
100
AcDbEntity
  8
MIDDLE
100
AcDbLine
 10
478618.4181387332
 20
113580.49695289892
 30
3510.750552141274
 11
478982.96428328374
 21
114433.16572711285
 31
3544.364455341097
  0
LINE
  5
71A
330
17
100
AcDbEntity
  8
MIDDLE
100
AcDbLine
 10
478982.96428328374
 20
114433.16572711285
 30
3544.364455341097
 11
479337.6419864541
 21
115289.68283657981
 31
3576.898319927188
  0
LINE
  5
71B
330
17
100
AcDbEntity
  8
MIDDLE
100
AcDbLine
 10
479337.6419864541
 20
115289.68283657981
 30
3576.898319927188
 11
479682.39084319153
 21
116149.9449256231
 31
3608.3177636513783
  0
LINE
  5
71C
330
17
100
AcDbEntity
  8
MIDDLE
100
AcDbLine
 10
479682.39084319153
 20
116149.9449256231
 30
3608.3177636513783
 11
480017.15207502834
 21
117013.84777602903
 31
3638.588404265543
  0
LINE
  5
71D
330
17
100
AcDbEntity
  8
MIDDLE
100
AcDbLine
 10
480017.15207502834
 20
117013.84777602903
 30
3638.588404265543
 11
480341.8685458064
 21
117881.28633050653
 31
3667.675859521556
  0
LINE
  5
71E
330
17
100
AcDbEntity
  8
MIDDLE
100
AcDbLine
 10
480341.8685458064
 20
117881.28633050653
 30
3667.675859521556
 11
480656.4847769679
 21
118752.15471638924
 31
3695.5457471712616
  0
LINE
  5
71F
330
17
100
AcDbEntity
  8
MIDDLE
100
AcDbLine
 10
480656.4847769679
 20
118752.15471638924
 30
3695.5457471712616
 11
480960.9469624084
 21
119626.34626957485
 31
3722.1636849665338
  0
LINE
  5
720
330
17
100
AcDbEntity
  8
MIDDLE
100
AcDbLine
 10
480960.9469624084
 20
119626.34626957485
 30
3722.1636849665338
 11
481255.20298288524
 21
120503.7535586911
 31
3747.4952906592375
  0
LINE
  5
721
330
17
100
AcDbEntity
  8
MIDDLE
100
AcDbLine
 10
481255.20298288524
 20
120503.7535586911
 30
3747.4952906592375
 11
481539.2024199789
 21
121384.26840948327
 31
3771.506182001244
  0
LINE
  5
722
330
17
100
AcDbEntity
  8
MIDDLE
100
AcDbLine
 10
481539.2024199789
 20
121384.26840948327
 30
3771.506182001244
 11
481812.89656960266
 21
122267.78192941827
 31
3794.1619767443935
  0
LINE
  5
723
330
17
100
AcDbEntity
  8
MIDDLE
100
AcDbLine
 10
481812.89656960266
 20
122267.78192941827
 30
3794.1619767443935
 11
482076.23845505656
 21
123154.18453249393
 31
3815.4282926405817
  0
LINE
  5
724
330
17
100
AcDbEntity
  8
MIDDLE
100
AcDbLine
 10
482076.23845505656
 20
123154.18453249393
 30
3815.4282926405817
 11
482329.1828396215
 21
124043.36596424974
 31
3835.270747441644
  0
LINE
  5
725
330
17
100
AcDbEntity
  8
MIDDLE
100
AcDbLine
 10
482329.1828396215
 20
124043.36596424974
 30
3835.270747441644
 11
482571.68623869005
 21
124935.21532697072
 31
3853.654958899471
  0
LINE
  5
726
330
17
100
AcDbEntity
  8
MIDDLE
100
AcDbLine
 10
482571.68623869005
 20
124935.21532697072
 30
3853.654958899471
 11
482803.7069314299
 21
125829.62110507612
 31
3870.546544765906
  0
LINE
  5
727
330
17
100
AcDbEntity
  8
MIDDLE
100
AcDbLine
 10
482803.7069314299
 20
125829.62110507612
 30
3870.546544765906
 11
483025.20497197757
 21
126726.47119068867
 31
3885.9111227928224
  0
LINE
  5
728
330
17
100
AcDbEntity
  8
MIDDLE
100
AcDbLine
 10
483025.20497197757
 20
126726.47119068867
 30
3885.9111227928224
 11
483236.1422001576
 21
127625.65290937311
 31
3899.7143107320826
  0
LINE
  5
729
330
17
100
AcDbEntity
  8
MIDDLE
100
AcDbLine
 10
483236.1422001576
 20
127625.65290937311
 30
3899.7143107320826
 11
483436.48225172487
 21
128527.05304603947
 31
3911.9217263355554
  0
LINE
  5
72A
330
17
100
AcDbEntity
  8
MIDDLE
100
AcDbLine
 10
483436.48225172487
 20
128527.05304603947
 30
3911.9217263355554
 11
483626.19056812674
 21
129430.55787100147
 31
3922.4989873550953
  0
LINE
  5
72B
330
17
100
AcDbEntity
  8
MIDDLE
100
AcDbLine
 10
483626.19056812674
 20
129430.55787100147
 30
3922.4989873550953
 11
483805.2344057829
 21
130336.05316618599
 31
3931.411711542573
  0
LINE
  5
72C
330
17
100
AcDbEntity
  8
MIDDLE
100
AcDbLine
 10
483805.2344057829
 20
130336.05316618599
 30
3931.411711542573
 11
483973.5828448782
 21
131243.4242514815
 31
3938.625516649853
  0
LINE
  5
72D
330
17
100
AcDbEntity
  8
MIDDLE
100
AcDbLine
 10
483973.5828448782
 20
131243.4242514815
 30
3938.625516649853
 11
484131.2067976682
 21
132152.55601121997
 31
3944.1060204287937
  0
LINE
  5
72E
330
17
100
AcDbEntity
  8
MIDDLE
100
AcDbLine
 10
484131.2067976682
 20
132152.55601121997
 30
3944.1060204287937
 11
484278.07901629346
 21
133063.33292078818
 31
3947.8188406312665
  0
LINE
  5
72F
330
17
100
AcDbEntity
  8
MIDDLE
100
AcDbLine
 10
484278.07901629346
 20
133063.33292078818
 30
3947.8188406312665
 11
484414.17410010035
 21
133975.63907335143
 31
3949.729595009131
  0
LINE
  5
730
330
17
100
AcDbEntity
  8
MIDDLE
100
AcDbLine
 10
484414.17410010035
 20
133975.63907335143
 30
3949.729595009131
 11
484539.468502467
 21
134889.3582066936
 31
3950.0
  0
LINE
  5
731
330
17
100
AcDbEntity
  8
MIDDLE
100
AcDbLine
 10
484539.468502467
 20
134889.3582066936
 30
3950.0
 11
484653.9405371317
 21
135804.37373015663
 31
3950.0
  0
LINE
  5
732
330
17
100
AcDbEntity
  8
MIDDLE
100
AcDbLine
 10
484653.9405371317
 20
135804.37373015663
 30
3950.0
 11
484757.57038402115
 21
136720.56875167476
 31
3950.0
  0
LINE
  5
733
330
17
100
AcDbEntity
  8
MIDDLE
100
AcDbLine
 10
484757.57038402115
 20
136720.56875167476
 30
3950.0
 11
484850.3400945798
 21
137637.8261048996
 31
3950.0
  0
LINE
  5
734
330
17
100
AcDbEntity
  8
MIDDLE
100
AcDbLine
 10
484850.3400945798
 20
137637.8261048996
 30
3950.0
 11
484932.23359659384
 21
138556.02837639887
 31
3950.0
  0
LINE
  5
735
330
17
100
AcDbEntity
  8
MIDDLE
100
AcDbLine
 10
484932.23359659384
 20
138556.02837639887
 30
3950.0
 11
485003.2366985133
 21
139475.0579329311
 31
3950.0
  0
LINE
  5
736
330
17
100
AcDbEntity
  8
MIDDLE
100
AcDbLine
 10
485003.2366985133
 20
139475.0579329311
 30
3950.0
 11
485063.33709326776
 21
140394.7969487839
 31
3950.0
  0
LINE
  5
737
330
17
100
AcDbEntity
  8
MIDDLE
100
AcDbLine
 10
485063.33709326776
 20
140394.7969487839
 30
3950.0
 11
485112.52436157566
 21
141315.12743316358
 31
3950.0
  0
LINE
  5
738
330
17
100
AcDbEntity
  8
MIDDLE
100
AcDbLine
 10
485112.52436157566
 20
141315.12743316358
 30
3950.0
 11
485150.7899747465
 21
142235.931257637
 31
3950.0
  0
LINE
  5
739
330
17
100
AcDbEntity
  8
MIDDLE
100
AcDbLine
 10
485150.7899747465
 20
142235.931257637
 30
3950.0
 11
485178.1272969745
 21
143157.0901836129
 31
3950.0
  0
LINE
  5
73A
330
17
100
AcDbEntity
  8
MIDDLE
100
AcDbLine
 10
485178.1272969745
 20
143157.0901836129
 30
3950.0
 11
485194.53158712306
 21
144078.48588985065
 31
3950.0
  0
LINE
  5
73B
330
17
100
AcDbEntity
  8
MIDDLE
100
AcDbLine
 10
485194.53158712306
 20
144078.48588985065
 30
3950.0
 11
485200.00000000006
 21
145000.0
 31
3950.0
  0
LWPOLYLINE
  5
73C
330
17
100
AcDbEntity
  8
FLOOR
100
AcDbPolyline
 90
4
 70
1
 10
180000.0
 20
0.0
 10
500000.0
 20
0.0
 10
500000.0
 20
300000.0
 10
180000.0
 20
300000.0
  0
POINT
  5
73D
330
17
100
AcDbEntity
  8
CVS2_GUIDES
100
AcDbPoint
 10
226660.08299744257
 20
169069.60167032108
 30
450.0000000000005
  0
POINT
  5
73E
330
17
100
AcDbEntity
  8
CVS2_GUIDES
100
AcDbPoint
 10
222469.9614561577
 20
163384.1085861195
 30
450.0000000000005
  0
POINT
  5
73F
330
17
100
AcDbEntity
  8
CVS2_GUIDES
100
AcDbPoint
 10
218095.29039330955
 20
156506.52163867798
 30
450.0000000000005
  0
POINT
  5
740
330
17
100
AcDbEntity
  8
CVS2_GUIDES
100
AcDbPoint
 10
214164.38881952723
 20
149134.22183195676
 30
450.0000000000005
  0
POINT
  5
741
330
17
100
AcDbEntity
  8
CVS2_GUIDES
100
AcDbPoint
 10
210764.7843995333
 20
141294.91782562458
 30
450.0000000000005
  0
POINT
  5
742
330
17
100
AcDbEntity
  8
CVS2_GUIDES
100
AcDbPoint
 10
207981.56595621124
 20
133029.15002500365
 30
450.0000000000005
  0
ENDSEC
  0
SECTION
  2
OBJECTS
  0
DICTIONARY
  5
A
330
0
100
AcDbDictionary
281
1
  3
ACAD_COLOR
350
B
  3
ACAD_GROUP
350
C
  3
ACAD_LAYOUT
350
D
  3
ACAD_MATERIAL
350
E
  3
ACAD_MLEADERSTYLE
350
F
  3
ACAD_MLINESTYLE
350
10
  3
ACAD_PLOTSETTINGS
350
11
  3
ACAD_PLOTSTYLENAME
350
12
  3
ACAD_SCALELIST
350
14
  3
ACAD_TABLESTYLE
350
15
  3
ACAD_VISUALSTYLE
350
16
  3
EZDXF_META
350
2D
  0
DICTIONARY
  5
B
330
A
100
AcDbDictionary
281
1
  0
DICTIONARY
  5
C
330
A
100
AcDbDictionary
281
1
  0
DICTIONARY
  5
D
330
A
100
AcDbDictionary
281
1
  3
Model
350
1A
  3
Layout1
350
1E
  0
DICTIONARY
  5
E
330
A
100
AcDbDictionary
281
1
  3
ByBlock
350
1F
  3
ByLayer
350
20
  3
Global
350
21
  0
DICTIONARY
  5
F
330
A
100
AcDbDictionary
281
1
  3
Standard
350
2C
  0
DICTIONARY
  5
10
330
A
100
AcDbDictionary
281
1
  3
Standard
350
22
  0
DICTIONARY
  5
11
330
A
100
AcDbDictionary
281
1
  0
ACDBDICTIONARYWDFLT
  5
12
330
A
100
AcDbDictionary
281
1
  3
Normal
350
13
100
AcDbDictionaryWithDefault
340
13
  0
ACDBPLACEHOLDER
  5
13
330
12
  0
DICTIONARY
  5
14
330
A
100
AcDbDictionary
281
1
  0
DICTIONARY
  5
15
330
A
100
AcDbDictionary
281
1
  0
DICTIONARY
  5
16
330
A
100
AcDbDictionary
281
1
  0
LAYOUT
  5
1A
330
D
100
AcDbPlotSettings
  1

  4
A3
  6

 40
7.5
 41
20.0
 42
7.5
 43
20.0
 44
420.0
 45
297.0
 46
0.0
 47
0.0
 48
0.0
 49
0.0
140
0.0
141
0.0
142
1.0
143
1.0
 70
1024
 72
1
 73
0
 74
5
  7

 75
16
 76
0
 77
2
 78
300
147
1.0
148
0.0
149
0.0
100
AcDbLayout
  1
Model
 70
1
 71
0
 10
0.0
 20
0.0
 11
420.0
 21
297.0
 12
0.0
 22
0.0
 32
0.0
 14
1e+20
 24
1e+20
 34
1e+20
 15
-1e+20
 25
-1e+20
 35
-1e+20
146
0.0
 13
0.0
 23
0.0
 33
0.0
 16
1.0
 26
0.0
 36
0.0
 17
0.0
 27
1.0
 37
0.0
 76
1
330
17
  0
LAYOUT
  5
1E
330
D
100
AcDbPlotSettings
  1

  4
A3
  6

 40
7.5
 41
20.0
 42
7.5
 43
20.0
 44
420.0
 45
297.0
 46
0.0
 47
0.0
 48
0.0
 49
0.0
140
0.0
141
0.0
142
1.0
143
1.0
 70
0
 72
1
 73
0
 74
5
  7

 75
16
 76
0
 77
2
 78
300
147
1.0
148
0.0
149
0.0
100
AcDbLayout
  1
Layout1
 70
1
 71
1
 10
0.0
 20
0.0
 11
420.0
 21
297.0
 12
0.0
 22
0.0
 32
0.0
 14
1e+20
 24
1e+20
 34
1e+20
 15
-1e+20
 25
-1e+20
 35
-1e+20
146
0.0
 13
0.0
 23
0.0
 33
0.0
 16
1.0
 26
0.0
 36
0.0
 17
0.0
 27
1.0
 37
0.0
 76
1
330
1B
  0
MATERIAL
  5
1F
102
{ACAD_REACTORS
330
E
102
}
330
E
100
AcDbMaterial
  1
ByBlock
  2

 70
0
 40
1.0
 71
1
 41
1.0
 91
-1023410177
 42
1.0
 72
1
  3

 73
1
 74
1
 75
1
 44
0.5
 73
0
 45
1.0
 46
1.0
 77
1
  4

 78
1
 79
1
170
1
 48
1.0
171
1
  6

172
1
173
1
174
1
140
1.0
141
1.0
175
1
  7

176
1
177
1
178
1
143
1.0
179
1
  8

270
1
271
1
272
1
145
1.0
146
1.0
273
1
  9

274
1
275
1
276
1
 42
1.0
 72
1
  3

 73
1
 74
1
 75
1
 94
63
  0
MATERIAL
  5
20
102
{ACAD_REACTORS
330
E
102
}
330
E
100
AcDbMaterial
  1
ByLayer
  2

 70
0
 40
1.0
 71
1
 41
1.0
 91
-1023410177
 42
1.0
 72
1
  3

 73
1
 74
1
 75
1
 44
0.5
 73
0
 45
1.0
 46
1.0
 77
1
  4

 78
1
 79
1
170
1
 48
1.0
171
1
  6

172
1
173
1
174
1
140
1.0
141
1.0
175
1
  7

176
1
177
1
178
1
143
1.0
179
1
  8

270
1
271
1
272
1
145
1.0
146
1.0
273
1
  9

274
1
275
1
276
1
 42
1.0
 72
1
  3

 73
1
 74
1
 75
1
 94
63
  0
MATERIAL
  5
21
102
{ACAD_REACTORS
330
E
102
}
330
E
100
AcDbMaterial
  1
Global
  2

 70
0
 40
1.0
 71
1
 41
1.0
 91
-1023410177
 42
1.0
 72
1
  3

 73
1
 74
1
 75
1
 44
0.5
 73
0
 45
1.0
 46
1.0
 77
1
  4

 78
1
 79
1
170
1
 48
1.0
171
1
  6

172
1
173
1
174
1
140
1.0
141
1.0
175
1
  7

176
1
177
1
178
1
143
1.0
179
1
  8

270
1
271
1
272
1
145
1.0
146
1.0
273
1
  9

274
1
275
1
276
1
 42
1.0
 72
1
  3

 73
1
 74
1
 75
1
 94
63
  0
MLINESTYLE
  5
22
102
{ACAD_REACTORS
330
10
102
}
330
10
100
AcDbMlineStyle
  2
Standard
 70
0
  3

 62
256
 51
90.0
 52
90.0
 71
2
 49
0.5
 62
256
  6
BYLAYER
 49
-0.5
 62
256
  6
BYLAYER
  0
MLEADERSTYLE
  5
2C
102
{ACAD_REACTORS
330
F
102
}
330
F
100
AcDbMLeaderStyle
179
2
170
2
171
1
172
0
 90
2
 40
0.0
 41
0.0
173
1
 91
-1056964608
 92
-2
290
1
 42
2.0
291
1
 43
8.0
  3
Standard
 44
4.0
300

342
29
174
1
175
1
176
0
178
1
 93
-1056964608
 45
4.0
292
0
297
0
 46
4.0
 94
-1056964608
 47
1.0
 49
1.0
140
1.0
294
1
141
0.0
177
0
142
1.0
295
0
296
0
143
3.75
271
0
272
9
273
9
  0
DICTIONARY
  5
2D
330
A
100
AcDbDictionary
280
1
281
1
  3
CREATED_BY_EZDXF
350
2E
  3
WRITTEN_BY_EZDXF
350
745
  0
DICTIONARYVAR
  5
2E
330
2D
100
DictionaryVariables
280
0
  1
1.4.4 @ 2026-10-07T10:37:51.774766+00:00
  0
DICTIONARYVAR
  5
745
330
2D
100
DictionaryVariables
280
0
  1
1.4.4 @ 2026-10-07T10:37:51.812188+00:00
  0
ENDSEC
  0
EOF
