  0
SECTION
  2
HEADER
  9
$ACADVER
  1
AC1024
  9
$ACADMAINTVER
 70
6
  9
$DWGCODEPAGE
  3
ANSI_1252
  9
$LASTSAVEDBY
  1
ezdxf
  9
$INSBASE
 10
0.0
 20
0.0
 30
0.0
  9
$EXTMIN
 10
1e+20
 20
1e+20
 30
1e+20
  9
$EXTMAX
 10
-1e+20
 20
-1e+20
 30
-1e+20
  9
$LIMMIN
 10
0.0
 20
0.0
  9
$LIMMAX
 10
420.0
 20
297.0
  9
$ORTHOMODE
 70
0
  9
$REGENMODE
 70
1
  9
$FILLMODE
 70
1
  9
$QTEXTMODE
 70
0
  9
$MIRRTEXT
 70
1
  9
$LTSCALE
 40
1.0
  9
$ATTMODE
 70
1
  9
$TEXTSIZE
 40
2.5
  9
$TRACEWID
 40
1.0
  9
$TEXTSTYLE
  7
Standard
  9
$CLAYER
  8
0
  9
$CELTYPE
  6
ByLayer
  9
$CECOLOR
 62
256
  9
$CELTSCALE
 40
1.0
  9
$DISPSILH
 70
0
  9
$DIMSCALE
 40
1.0
  9
$DIMASZ
 40
2.5
  9
$DIMEXO
 40
0.625
  9
$DIMDLI
 40
3.75
  9
$DIMRND
 40
0.0
  9
$DIMDLE
 40
0.0
  9
$DIMEXE
 40
1.25
  9
$DIMTP
 40
0.0
  9
$DIMTM
 40
0.0
  9
$DIMTXT
 40
2.5
  9
$DIMCEN
 40
2.5
  9
$DIMTSZ
 40
0.0
  9
$DIMTOL
 70
0
  9
$DIMLIM
 70
0
  9
$DIMTIH
 70
0
  9
$DIMTOH
 70
0
  9
$DIMSE1
 70
0
  9
$DIMSE2
 70
0
  9
$DIMTAD
 70
1
  9
$DIMZIN
 70
8
  9
$DIMBLK
  1

  9
$DIMASO
 70
1
  9
$DIMSHO
 70
1
  9
$DIMPOST
  1

  9
$DIMAPOST
  1

  9
$DIMALT
 70
0
  9
$DIMALTD
 70
3
  9
$DIMALTF
 40
0.03937007874
  9
$DIMLFAC
 40
1.0
  9
$DIMTOFL
 70
1
  9
$DIMTVP
 40
0.0
  9
$DIMTIX
 70
0
  9
$DIMSOXD
 70
0
  9
$DIMSAH
 70
0
  9
$DIMBLK1
  1

  9
$DIMBLK2
  1

  9
$DIMSTYLE
  2
ISO-25
  9
$DIMCLRD
 70
0
  9
$DIMCLRE
 70
0
  9
$DIMCLRT
 70
0
  9
$DIMTFAC
 40
1.0
  9
$DIMGAP
 40
0.625
  9
$DIMJUST
 70
0
  9
$DIMSD1
 70
0
  9
$DIMSD2
 70
0
  9
$DIMTOLJ
 70
0
  9
$DIMTZIN
 70
8
  9
$DIMALTZ
 70
0
  9
$DIMALTTZ
 70
0
  9
$DIMUPT
 70
0
  9
$DIMDEC
 70
2
  9
$DIMTDEC
 70
2
  9
$DIMALTU
 70
2
  9
$DIMALTTD
 70
3
  9
$DIMTXSTY
  7
Standard
  9
$DIMAUNIT
 70
0
  9
$DIMADEC
 70
0
  9
$DIMALTRND
 40
0.0
  9
$DIMAZIN
 70
0
  9
$DIMDSEP
 70
44
  9
$DIMATFIT
 70
3
  9
$DIMFRAC
 70
0
  9
$DIMLDRBLK
  1

  9
$DIMLUNIT
 70
2
  9
$DIMLWD
 70
-2
  9
$DIMLWE
 70
-2
  9
$DIMTMOVE
 70
0
  9
$DIMFXL
 40
1.0
  9
$DIMFXLON
 70
0
  9
$DIMJOGANG
 40
0.785398163397
  9
$DIMTFILL
 70
0
  9
$DIMTFILLCLR
 70
0
  9
$DIMARCSYM
 70
0
  9
$DIMLTYPE
  6

  9
$DIMLTEX1
  6

  9
$DIMLTEX2
  6

  9
$DIMTXTDIRECTION
 70
0
  9
$LUNITS
 70
2
  9
$LUPREC
 70
4
  9
$SKETCHINC
 40
1.0
  9
$FILLETRAD
 40
10.0
  9
$AUNITS
 70
0
  9
$AUPREC
 70
2
  9
$MENU
  1
.
  9
$ELEVATION
 40
0.0
  9
$PELEVATION
 40
0.0
  9
$THICKNESS
 40
0.0
  9
$LIMCHECK
 70
0
  9
$CHAMFERA
 40
0.0
  9
$CHAMFERB
 40
0.0
  9
$CHAMFERC
 40
0.0
  9
$CHAMFERD
 40
0.0
  9
$SKPOLY
 70
0
  9
$TDCREATE
 40
2461321.5008564815
  9
$TDUCREATE
 40
2458532.153996898
  9
$TDUPDATE
 40
2461321.5008564815
  9
$TDUUPDATE
 40
2458532.1544311
  9
$TDINDWG
 40
0.0
  9
$TDUSRTIMER
 40
0.0
  9
$USRTIMER
 70
1
  9
$ANGBASE
 50
0.0
  9
$ANGDIR
 70
0
  9
$PDMODE
 70
0
  9
$PDSIZE
 40
0.0
  9
$PLINEWID
 40
0.0
  9
$SPLFRAME
 70
0
  9
$SPLINETYPE
 70
6
  9
$SPLINESEGS
 70
8
  9
$HANDSEED
  5
801
  9
$SURFTAB1
 70
6
  9
$SURFTAB2
 70
6
  9
$SURFTYPE
 70
6
  9
$SURFU
 70
6
  9
$SURFV
 70
6
  9
$UCSBASE
  2

  9
$UCSNAME
  2

  9
$UCSORG
 10
0.0
 20
0.0
 30
0.0
  9
$UCSXDIR
 10
1.0
 20
0.0
 30
0.0
  9
$UCSYDIR
 10
0.0
 20
1.0
 30
0.0
  9
$UCSORTHOREF
  2

  9
$UCSORTHOVIEW
 70
0
  9
$UCSORGTOP
 10
0.0
 20
0.0
 30
0.0
  9
$UCSORGBOTTOM
 10
0.0
 20
0.0
 30
0.0
  9
$UCSORGLEFT
 10
0.0
 20
0.0
 30
0.0
  9
$UCSORGRIGHT
 10
0.0
 20
0.0
 30
0.0
  9
$UCSORGFRONT
 10
0.0
 20
0.0
 30
0.0
  9
$UCSORGBACK
 10
0.0
 20
0.0
 30
0.0
  9
$PUCSBASE
  2

  9
$PUCSNAME
  2

  9
$PUCSORG
 10
0.0
 20
0.0
 30
0.0
  9
$PUCSXDIR
 10
1.0
 20
0.0
 30
0.0
  9
$PUCSYDIR
 10
0.0
 20
1.0
 30
0.0
  9
$PUCSORTHOREF
  2

  9
$PUCSORTHOVIEW
 70
0
  9
$PUCSORGTOP
 10
0.0
 20
0.0
 30
0.0
  9
$PUCSORGBOTTOM
 10
0.0
 20
0.0
 30
0.0
  9
$PUCSORGLEFT
 10
0.0
 20
0.0
 30
0.0
  9
$PUCSORGRIGHT
 10
0.0
 20
0.0
 30
0.0
  9
$PUCSORGFRONT
 10
0.0
 20
0.0
 30
0.0
  9
$PUCSORGBACK
 10
0.0
 20
0.0
 30
0.0
  9
$USERI1
 70
0
  9
$USERI2
 70
0
  9
$USERI3
 70
0
  9
$USERI4
 70
0
  9
$USERI5
 70
0
  9
$USERR1
 40
0.0
  9
$USERR2
 40
0.0
  9
$USERR3
 40
0.0
  9
$USERR4
 40
0.0
  9
$USERR5
 40
0.0
  9
$WORLDVIEW
 70
1
  9
$SHADEDGE
 70
3
  9
$SHADEDIF
 70
70
  9
$TILEMODE
 70
1
  9
$MAXACTVP
 70
64
  9
$PINSBASE
 10
0.0
 20
0.0
 30
0.0
  9
$PLIMCHECK
 70
0
  9
$PEXTMIN
 10
1e+20
 20
1e+20
 30
1e+20
  9
$PEXTMAX
 10
-1e+20
 20
-1e+20
 30
-1e+20
  9
$PLIMMIN
 10
0.0
 20
0.0
  9
$PLIMMAX
 10
420.0
 20
297.0
  9
$UNITMODE
 70
0
  9
$VISRETAIN
 70
1
  9
$PLINEGEN
 70
0
  9
$PSLTSCALE
 70
1
  9
$TREEDEPTH
 70
3020
  9
$CMLSTYLE
  2
Standard
  9
$CMLJUST
 70
0
  9
$CMLSCALE
 40
20.0
  9
$PROXYGRAPHICS
 70
1
  9
$MEASUREMENT
 70
1
  9
$CELWEIGHT
370
-1
  9
$ENDCAPS
280
0
  9
$JOINSTYLE
280
0
  9
$LWDISPLAY
290
0
  9
$INSUNITS
 70
4
  9
$HYPERLINKBASE
  1

  9
$STYLESHEET
  1

  9
$XEDIT
290
1
  9
$CEPSNTYPE
380
0
  9
$PSTYLEMODE
290
1
  9
$FINGERPRINTGUID
  2
{FBC90BA2-A6E1-47A1-A70A-8CB6ADC0EC75}
  9
$VERSIONGUID
  2
{D32D432F-8027-42EC-A0D8-7B3D001073D8}
  9
$EXTNAMES
290
1
  9
$PSVPSCALE
 40
0.0
  9
$OLESTARTUP
290
0
  9
$SORTENTS
280
127
  9
$INDEXCTL
280
0
  9
$HIDETEXT
280
1
  9
$XCLIPFRAME
280
1
  9
$HALOGAP
280
0
  9
$OBSCOLOR
 70
257
  9
$OBSLTYPE
280
0
  9
$INTERSECTIONDISPLAY
280
0
  9
$INTERSECTIONCOLOR
 70
257
  9
$DIMASSOC
280
2
  9
$PROJECTNAME
  1

  9
$CAMERADISPLAY
290
0
  9
$LENSLENGTH
 40
50.0
  9
$CAMERAHEIGHT
 40
0.0
  9
$STEPSPERSEC
 40
24.0
  9
$STEPSIZE
 40
100.0
  9
$3DDWFPREC
 40
2.0
  9
$PSOLWIDTH
 40
0.005
  9
$PSOLHEIGHT
 40
0.08
  9
$LOFTANG1
 40
1.570796326795
  9
$LOFTANG2
 40
1.570796326795
  9
$LOFTMAG1
 40
0.0
  9
$LOFTMAG2
 40
0.0
  9
$LOFTPARAM
 70
7
  9
$LOFTNORMALS
280
1
  9
$LATITUDE
 40
37.795
  9
$LONGITUDE
 40
-122.394
  9
$NORTHDIRECTION
 40
0.0
  9
$TIMEZONE
 70
-8000
  9
$LIGHTGLYPHDISPLAY
280
1
  9
$TILEMODELIGHTSYNCH
280
1
  9
$CMATERIAL
347
20
  9
$SOLIDHIST
280
0
  9
$SHOWHIST
280
1
  9
$DWFFRAME
280
2
  9
$DGNFRAME
280
2
  9
$REALWORLDSCALE
290
1
  9
$INTERFERECOLOR
 62
256
  9
$CSHADOW
280
0
  9
$SHADOWPLANELOCATION
 40
0.0
  0
ENDSEC
  0
SECTION
  2
CLASSES
  0
CLASS
  1
ACDBDICTIONARYWDFLT
  2
AcDbDictionaryWithDefault
  3
ObjectDBX Classes
 90
0
 91
0
280
0
281
0
  0
CLASS
  1
SUN
  2
AcDbSun
  3
SCENEOE
 90
1153
 91
0
280
0
281
0
  0
CLASS
  1
VISUALSTYLE
  2
AcDbVisualStyle
  3
ObjectDBX Classes
 90
4095
 91
0
280
0
281
0
  0
CLASS
  1
MATERIAL
  2
AcDbMaterial
  3
ObjectDBX Classes
 90
1153
 91
0
280
0
281
0
  0
CLASS
  1
SCALE
  2
AcDbScale
  3
ObjectDBX Classes
 90
1153
 91
0
280
0
281
0
  0
CLASS
  1
TABLESTYLE
  2
AcDbTableStyle
  3
ObjectDBX Classes
 90
4095
 91
0
280
0
281
0
  0
CLASS
  1
MLEADERSTYLE
  2
AcDbMLeaderStyle
  3
ACDB_MLEADERSTYLE_CLASS
 90
4095
 91
0
280
0
281
0
  0
CLASS
  1
DICTIONARYVAR
  2
AcDbDictionaryVar
  3
ObjectDBX Classes
 90
0
 91
0
280
0
281
0
  0
CLASS
  1
CELLSTYLEMAP
  2
AcDbCellStyleMap
  3
ObjectDBX Classes
 90
1152
 91
0
280
0
281
0
  0
CLASS
  1
MENTALRAYRENDERSETTINGS
  2
AcDbMentalRayRenderSettings
  3
SCENEOE
 90
1024
 91
0
280
0
281
0
  0
CLASS
  1
ACDBDETAILVIEWSTYLE
  2
AcDbDetailViewStyle
  3
ObjectDBX Classes
 90
1025
 91
0
280
0
281
0
  0
CLASS
  1
ACDBSECTIONVIEWSTYLE
  2
AcDbSectionViewStyle
  3
ObjectDBX Classes
 90
1025
 91
0
280
0
281
0
  0
CLASS
  1
RASTERVARIABLES
  2
AcDbRasterVariables
  3
ISM
 90
0
 91
0
280
0
281
0
  0
CLASS
  1
LAYOUT
  2
AcDbLayout
  3
ObjectDBX Classes
 90
0
 91
0
280
0
281
0
  0
CLASS
  1
ACDBPLACEHOLDER
  2
AcDbPlaceHolder
  3
ObjectDBX Classes
 90
0
 91
0
280
0
281
0
  0
ENDSEC
  0
SECTION
  2
TABLES
  0
TABLE
  2
VPORT
  5
8
330
0
100
AcDbSymbolTable
 70
1
  0
VPORT
  5
23
330
8
100
AcDbSymbolTableRecord
100
AcDbViewportTableRecord
  2
*Active
 70
0
 10
0.0
 20
0.0
 11
1.0
 21
1.0
 12
0.0
 22
0.0
 13
0.0
 23
0.0
 14
0.5
 24
0.5
 15
0.5
 25
0.5
 16
0.0
 26
0.0
 36
1.0
 17
0.0
 27
0.0
 37
0.0
 40
1000.0
 41
1.34
 42
50.0
 43
0.0
 44
0.0
 50
0.0
 51
0.0
 71
0
 72
1000
 73
1
 74
3
 75
0
 76
0
 77
0
 78
0
281
0
 65
0
146
0.0
  0
ENDTAB
  0
TABLE
  2
LTYPE
  5
2
330
0
100
AcDbSymbolTable
 70
3
  0
LTYPE
  5
24
330
2
100
AcDbSymbolTableRecord
100
AcDbLinetypeTableRecord
  2
ByBlock
 70
0
  3

 72
65
 73
0
 40
0.0
  0
LTYPE
  5
25
330
2
100
AcDbSymbolTableRecord
100
AcDbLinetypeTableRecord
  2
ByLayer
 70
0
  3

 72
65
 73
0
 40
0.0
  0
LTYPE
  5
26
330
2
100
AcDbSymbolTableRecord
100
AcDbLinetypeTableRecord
  2
Continuous
 70
0
  3

 72
65
 73
0
 40
0.0
  0
ENDTAB
  0
TABLE
  2
LAYER
  5
1
330
0
100
AcDbSymbolTable
 70
7
  0
LAYER
  5
27
330
1
100
AcDbSymbolTableRecord
100
AcDbLayerTableRecord
  2
0
 70
0
 62
7
  6
Continuous
370
-3
390
13
347
21
  0
LAYER
  5
28
330
1
100
AcDbSymbolTableRecord
100
AcDbLayerTableRecord
  2
Defpoints
 70
0
 62
7
  6
Continuous
290
0
370
-3
390
13
347
21
  0
LAYER
  5
2F
330
1
100
AcDbSymbolTableRecord
100
AcDbLayerTableRecord
  2
LOWER
 70
0
 62
4
  6
Continuous
370
-3
390
13
347
21
  0
LAYER
  5
30
330
1
100
AcDbSymbolTableRecord
100
AcDbLayerTableRecord
  2
MIDDLE
 70
0
 62
30
  6
Continuous
370
-3
390
13
347
21
  0
LAYER
  5
31
330
1
100
AcDbSymbolTableRecord
100
AcDbLayerTableRecord
  2
UPPER
 70
0
 62
3
  6
Continuous
370
-3
390
13
347
21
  0
LAYER
  5
32
330
1
100
AcDbSymbolTableRecord
100
AcDbLayerTableRecord
  2
FLOOR
 70
0
 62
8
  6
Continuous
370
-3
390
13
347
21
  0
LAYER
  5
33
330
1
100
AcDbSymbolTableRecord
100
AcDbLayerTableRecord
  2
CVS2_GUIDES
 70
0
 62
2
  6
Continuous
370
-3
390
13
347
21
  0
ENDTAB
  0
TABLE
  2
STYLE
  5
5
330
0
100
AcDbSymbolTable
 70
1
  0
STYLE
  5
29
330
5
100
AcDbSymbolTableRecord
100
AcDbTextStyleTableRecord
  2
Standard
 70
0
 40
0.0
 41
1.0
 50
0.0
 71
0
 42
2.5
  3
txt
  4

  0
ENDTAB
  0
TABLE
  2
VIEW
  5
7
330
0
100
AcDbSymbolTable
 70
0
  0
ENDTAB
  0
TABLE
  2
UCS
  5
6
330
0
100
AcDbSymbolTable
 70
0
  0
ENDTAB
  0
TABLE
  2
APPID
  5
3
330
0
100
AcDbSymbolTable
 70
3
  0
APPID
  5
2A
330
3
100
AcDbSymbolTableRecord
100
AcDbRegAppTableRecord
  2
ACAD
 70
0
  0
APPID
  5
7FE
330
3
100
AcDbSymbolTableRecord
100
AcDbRegAppTableRecord
  2
HATCHBACKGROUNDCOLOR
 70
0
  0
APPID
  5
7FF
330
3
100
AcDbSymbolTableRecord
100
AcDbRegAppTableRecord
  2
EZDXF
 70
0
  0
ENDTAB
  0
TABLE
  2
DIMSTYLE
  5
4
330
0
100
AcDbSymbolTable
 70
1
100
AcDbDimStyleTable
  0
DIMSTYLE
105
2B
330
4
100
AcDbSymbolTableRecord
100
AcDbDimStyleTableRecord
  2
Standard
 70
0
 40
1.0
 41
2.5
 42
0.625
 43
3.75
 44
1.25
 45
0.0
 46
0.0
 47
0.0
 48
0.0
 49
2.5
140
2.5
141
2.5
142
0.0
143
0.03937007874
144
1.0
145
0.0
146
1.0
147
0.625
148
0.0
 69
0
 70
0
 71
0
 72
0
 73
0
 74
0
 75
0
 76
0
 77
1
 78
8
 79
3
170
0
171
3
172
1
173
0
174
0
175
0
176
0
177
0
178
0
179
2
271
2
272
2
273
2
274
3
275
0
276
0
277
2
278
44
279
0
280
0
281
0
282
0
283
0
284
8
285
0
286
0
288
0
289
3
290
0
371
-2
372
-2
  0
ENDTAB
  0
TABLE
  2
BLOCK_RECORD
  5
9
330
0
100
AcDbSymbolTable
 70
2
  0
BLOCK_RECORD
  5
17
330
9
100
AcDbSymbolTableRecord
100
AcDbBlockTableRecord
  2
*Model_Space
340
1A
 70
0
280
1
281
0
  0
BLOCK_RECORD
  5
1B
330
9
100
AcDbSymbolTableRecord
100
AcDbBlockTableRecord
  2
*Paper_Space
340
1E
 70
0
280
1
281
0
  0
ENDTAB
  0
ENDSEC
  0
SECTION
  2
BLOCKS
  0
BLOCK
  5
18
330
17
100
AcDbEntity
  8
0
100
AcDbBlockBegin
  2
*Model_Space
 70
0
 10
0.0
 20
0.0
 30
0.0
  3
*Model_Space
  1

  0
ENDBLK
  5
19
330
17
100
AcDbEntity
  8
0
100
AcDbBlockEnd
  0
BLOCK
  5
1C
330
1B
100
AcDbEntity
  8
0
100
AcDbBlockBegin
  2
*Paper_Space
 70
0
 10
0.0
 20
0.0
 30
0.0
  3
*Paper_Space
  1

  0
ENDBLK
  5
1D
330
1B
100
AcDbEntity
  8
0
100
AcDbBlockEnd
  0
ENDSEC
  0
SECTION
  2
ENTITIES
  0
LINE
  5
34
330
17
100
AcDbEntity
  8
LOWER
100
AcDbLine
 10
206000.0
 20
48000.0
 30
350.0
 11
206032.86862779036
 21
48627.17077960592
 31
350.0
  0
LINE
  5
35
330
17
100
AcDbEntity
  8
LOWER
100
AcDbLine
 10
206032.86862779036
 20
48627.17077960592
 30
350.0
 11
206131.11439559716
 21
49247.470144906554
 31
350.0
  0
LINE
  5
36
330
17
100
AcDbEntity
  8
LOWER
100
AcDbLine
 10
206131.11439559716
 20
49247.470144906554
 30
350.0
 11
206293.66090222908
 21
49854.101966249684
 31
350.0
  0
LINE
  5
37
330
17
100
AcDbEntity
  8
LOWER
100
AcDbLine
 10
206293.66090222908
 20
49854.101966249684
 30
350.0
 11
206518.72725414438
 21
50440.4198584548
 31
350.0
  0
LINE
  5
38
330
17
100
AcDbEntity
  8
LOWER
100
AcDbLine
 10
206518.72725414438
 20
50440.4198584548
 30
350.0
 11
206803.84757729337
 21
51000.0
 31
350.0
  0
LINE
  5
39
330
17
100
AcDbEntity
  8
LOWER
100
AcDbLine
 10
206803.84757729337
 20
51000.0
 30
350.0
 11
207145.8980337503
 21
51526.71151375484
 31
350.0
  0
LINE
  5
3A
330
17
100
AcDbEntity
  8
LOWER
100
AcDbLine
 10
207145.8980337503
 20
51526.71151375484
 30
350.0
 11
207541.13104713566
 21
52014.783638153145
 31
350.0
  0
LINE
  5
3B
330
17
100
AcDbEntity
  8
LOWER
100
AcDbLine
 10
207541.13104713566
 20
52014.783638153145
 30
350.0
 11
207985.21636184686
 21
52458.868952864366
 31
350.0
  0
LINE
  5
3C
330
17
100
AcDbEntity
  8
LOWER
100
AcDbLine
 10
207985.21636184686
 20
52458.868952864366
 30
350.0
 11
208473.28848624518
 21
52854.101966249684
 31
350.0
  0
LINE
  5
3D
330
17
100
AcDbEntity
  8
LOWER
100
AcDbLine
 10
208473.28848624518
 20
52854.101966249684
 30
350.0
 11
209000.0
 21
53196.15242270663
 31
350.0
  0
LINE
  5
3E
330
17
100
AcDbEntity
  8
LOWER
100
AcDbLine
 10
209000.0
 20
53196.15242270663
 30
350.0
 11
209559.58014154522
 21
53481.272745855604
 31
350.0
  0
LINE
  5
3F
330
17
100
AcDbEntity
  8
LOWER
100
AcDbLine
 10
209559.58014154522
 20
53481.272745855604
 30
350.0
 11
210145.8980337503
 21
53706.33909777092
 31
350.0
  0
LINE
  5
40
330
17
100
AcDbEntity
  8
LOWER
100
AcDbLine
 10
210145.8980337503
 20
53706.33909777092
 30
350.0
 11
210752.52985509345
 21
53868.885604402836
 31
350.0
  0
LINE
  5
41
330
17
100
AcDbEntity
  8
LOWER
100
AcDbLine
 10
210752.52985509345
 20
53868.885604402836
 30
350.0
 11
211372.82922039408
 21
53967.13137220964
 31
350.0
  0
LINE
  5
42
330
17
100
AcDbEntity
  8
LOWER
100
AcDbLine
 10
211372.82922039408
 20
53967.13137220964
 30
350.0
 11
212000.0
 21
54000.0
 31
350.0
  0
LINE
  5
43
330
17
100
AcDbEntity
  8
LOWER
100
AcDbLine
 10
212000.0
 20
54000.0
 30
350.0
 11
212647.05882352943
 21
54000.0
 31
350.0
  0
LINE
  5
44
330
17
100
AcDbEntity
  8
LOWER
100
AcDbLine
 10
212647.05882352943
 20
54000.0
 30
350.0
 11
213294.11764705883
 21
54000.0
 31
350.0
  0
LINE
  5
45
330
17
100
AcDbEntity
  8
LOWER
100
AcDbLine
 10
213294.11764705883
 20
54000.0
 30
350.0
 11
213941.17647058822
 21
54000.0
 31
350.0
  0
LINE
  5
46
330
17
100
AcDbEntity
  8
LOWER
100
AcDbLine
 10
213941.17647058822
 20
54000.0
 30
350.0
 11
214588.23529411765
 21
54000.0
 31
350.0
  0
LINE
  5
47
330
17
100
AcDbEntity
  8
LOWER
100
AcDbLine
 10
214588.23529411765
 20
54000.0
 30
350.0
 11
215235.29411764708
 21
54000.0
 31
350.0
  0
LINE
  5
48
330
17
100
AcDbEntity
  8
LOWER
100
AcDbLine
 10
215235.29411764708
 20
54000.0
 30
350.0
 11
215882.35294117648
 21
54000.0
 31
350.0
  0
LINE
  5
49
330
17
100
AcDbEntity
  8
LOWER
100
AcDbLine
 10
215882.35294117648
 20
54000.0
 30
350.0
 11
216529.41176470587
 21
54000.0
 31
350.0
  0
LINE
  5
4A
330
17
100
AcDbEntity
  8
LOWER
100
AcDbLine
 10
216529.41176470587
 20
54000.0
 30
350.0
 11
217176.4705882353
 21
54000.0
 31
350.0
  0
LINE
  5
4B
330
17
100
AcDbEntity
  8
LOWER
100
AcDbLine
 10
217176.4705882353
 20
54000.0
 30
350.0
 11
217823.5294117647
 21
54000.0
 31
350.0
  0
LINE
  5
4C
330
17
100
AcDbEntity
  8
LOWER
100
AcDbLine
 10
217823.5294117647
 20
54000.0
 30
350.0
 11
218470.58823529413
 21
54000.0
 31
350.0
  0
LINE
  5
4D
330
17
100
AcDbEntity
  8
LOWER
100
AcDbLine
 10
218470.58823529413
 20
54000.0
 30
350.0
 11
219117.64705882352
 21
54000.0
 31
350.0
  0
LINE
  5
4E
330
17
100
AcDbEntity
  8
LOWER
100
AcDbLine
 10
219117.64705882352
 20
54000.0
 30
350.0
 11
219764.70588235292
 21
54000.0
 31
350.0
  0
LINE
  5
4F
330
17
100
AcDbEntity
  8
LOWER
100
AcDbLine
 10
219764.70588235292
 20
54000.0
 30
350.0
 11
220411.76470588235
 21
54000.0
 31
350.0
  0
LINE
  5
50
330
17
100
AcDbEntity
  8
LOWER
100
AcDbLine
 10
220411.76470588235
 20
54000.0
 30
350.0
 11
221058.82352941178
 21
54000.0
 31
350.0
  0
LINE
  5
51
330
17
100
AcDbEntity
  8
LOWER
100
AcDbLine
 10
221058.82352941178
 20
54000.0
 30
350.0
 11
221705.88235294115
 21
54000.0
 31
350.0
  0
LINE
  5
52
330
17
100
AcDbEntity
  8
LOWER
100
AcDbLine
 10
221705.88235294115
 20
54000.0
 30
350.0
 11
222352.94117647057
 21
54000.0
 31
350.0
  0
LINE
  5
53
330
17
100
AcDbEntity
  8
LOWER
100
AcDbLine
 10
222352.94117647057
 20
54000.0
 30
350.0
 11
223000.0
 21
54000.0
 31
350.0
  0
LINE
  5
54
330
17
100
AcDbEntity
  8
LOWER
100
AcDbLine
 10
223000.0
 20
54000.0
 30
350.0
 11
223647.05882352943
 21
54000.0
 31
350.0
  0
LINE
  5
55
330
17
100
AcDbEntity
  8
LOWER
100
AcDbLine
 10
223647.05882352943
 20
54000.0
 30
350.0
 11
224294.11764705885
 21
54000.0
 31
350.0
  0
LINE
  5
56
330
17
100
AcDbEntity
  8
LOWER
100
AcDbLine
 10
224294.11764705885
 20
54000.0
 30
350.0
 11
224941.17647058822
 21
54000.0
 31
350.0
  0
LINE
  5
57
330
17
100
AcDbEntity
  8
LOWER
100
AcDbLine
 10
224941.17647058822
 20
54000.0
 30
350.0
 11
225588.23529411765
 21
54000.0
 31
350.0
  0
LINE
  5
58
330
17
100
AcDbEntity
  8
LOWER
100
AcDbLine
 10
225588.23529411765
 20
54000.0
 30
350.0
 11
226235.29411764708
 21
54000.0
 31
350.0
  0
LINE
  5
59
330
17
100
AcDbEntity
  8
LOWER
100
AcDbLine
 10
226235.29411764708
 20
54000.0
 30
350.0
 11
226882.35294117648
 21
54000.0
 31
350.0
  0
LINE
  5
5A
330
17
100
AcDbEntity
  8
LOWER
100
AcDbLine
 10
226882.35294117648
 20
54000.0
 30
350.0
 11
227529.41176470587
 21
54000.0
 31
350.0
  0
LINE
  5
5B
330
17
100
AcDbEntity
  8
LOWER
100
AcDbLine
 10
227529.41176470587
 20
54000.0
 30
350.0
 11
228176.4705882353
 21
54000.0
 31
350.0
  0
LINE
  5
5C
330
17
100
AcDbEntity
  8
LOWER
100
AcDbLine
 10
228176.4705882353
 20
54000.0
 30
350.0
 11
228823.5294117647
 21
54000.0
 31
350.0
  0
LINE
  5
5D
330
17
100
AcDbEntity
  8
LOWER
100
AcDbLine
 10
228823.5294117647
 20
54000.0
 30
350.0
 11
229470.58823529413
 21
54000.0
 31
350.0
  0
LINE
  5
5E
330
17
100
AcDbEntity
  8
LOWER
100
AcDbLine
 10
229470.58823529413
 20
54000.0
 30
350.0
 11
230117.64705882352
 21
54000.0
 31
350.0
  0
LINE
  5
5F
330
17
100
AcDbEntity
  8
LOWER
100
AcDbLine
 10
230117.64705882352
 20
54000.0
 30
350.0
 11
230764.70588235292
 21
54000.0
 31
350.0
  0
LINE
  5
60
330
17
100
AcDbEntity
  8
LOWER
100
AcDbLine
 10
230764.70588235292
 20
54000.0
 30
350.0
 11
231411.76470588235
 21
54000.0
 31
350.0
  0
LINE
  5
61
330
17
100
AcDbEntity
  8
LOWER
100
AcDbLine
 10
231411.76470588235
 20
54000.0
 30
350.0
 11
232058.82352941178
 21
54000.0
 31
350.0
  0
LINE
  5
62
330
17
100
AcDbEntity
  8
LOWER
100
AcDbLine
 10
232058.82352941178
 20
54000.0
 30
350.0
 11
232705.88235294115
 21
54000.0
 31
350.0
  0
LINE
  5
63
330
17
100
AcDbEntity
  8
LOWER
100
AcDbLine
 10
232705.88235294115
 20
54000.0
 30
350.0
 11
233352.9411764706
 21
54000.0
 31
350.0
  0
LINE
  5
64
330
17
100
AcDbEntity
  8
LOWER
100
AcDbLine
 10
233352.9411764706
 20
54000.0
 30
350.0
 11
234000.0
 21
54000.0
 31
350.0
  0
LINE
  5
65
330
17
100
AcDbEntity
  8
LOWER
100
AcDbLine
 10
234000.0
 20
54000.0
 30
350.0
 11
234647.05882352943
 21
54000.0
 31
350.0
  0
LINE
  5
66
330
17
100
AcDbEntity
  8
LOWER
100
AcDbLine
 10
234647.05882352943
 20
54000.0
 30
350.0
 11
235294.11764705885
 21
54000.0
 31
350.0
  0
LINE
  5
67
330
17
100
AcDbEntity
  8
LOWER
100
AcDbLine
 10
235294.11764705885
 20
54000.0
 30
350.0
 11
235941.17647058822
 21
54000.0
 31
350.0
  0
LINE
  5
68
330
17
100
AcDbEntity
  8
LOWER
100
AcDbLine
 10
235941.17647058822
 20
54000.0
 30
350.0
 11
236588.23529411765
 21
54000.0
 31
350.0
  0
LINE
  5
69
330
17
100
AcDbEntity
  8
LOWER
100
AcDbLine
 10
236588.23529411765
 20
54000.0
 30
350.0
 11
237235.29411764708
 21
54000.0
 31
350.0
  0
LINE
  5
6A
330
17
100
AcDbEntity
  8
LOWER
100
AcDbLine
 10
237235.29411764708
 20
54000.0
 30
350.0
 11
237882.35294117648
 21
54000.0
 31
350.0
  0
LINE
  5
6B
330
17
100
AcDbEntity
  8
LOWER
100
AcDbLine
 10
237882.35294117648
 20
54000.0
 30
350.0
 11
238529.41176470587
 21
54000.0
 31
350.0
  0
LINE
  5
6C
330
17
100
AcDbEntity
  8
LOWER
100
AcDbLine
 10
238529.41176470587
 20
54000.0
 30
350.0
 11
239176.4705882353
 21
54000.0
 31
350.0
  0
LINE
  5
6D
330
17
100
AcDbEntity
  8
LOWER
100
AcDbLine
 10
239176.4705882353
 20
54000.0
 30
350.0
 11
239823.5294117647
 21
54000.0
 31
350.0
  0
LINE
  5
6E
330
17
100
AcDbEntity
  8
LOWER
100
AcDbLine
 10
239823.5294117647
 20
54000.0
 30
350.0
 11
240470.58823529413
 21
54000.0
 31
350.0
  0
LINE
  5
6F
330
17
100
AcDbEntity
  8
LOWER
100
AcDbLine
 10
240470.58823529413
 20
54000.0
 30
350.0
 11
241117.64705882352
 21
54000.0
 31
350.0
  0
LINE
  5
70
330
17
100
AcDbEntity
  8
LOWER
100
AcDbLine
 10
241117.64705882352
 20
54000.0
 30
350.0
 11
241764.70588235292
 21
54000.0
 31
350.0
  0
LINE
  5
71
330
17
100
AcDbEntity
  8
LOWER
100
AcDbLine
 10
241764.70588235292
 20
54000.0
 30
350.0
 11
242411.76470588235
 21
54000.0
 31
350.0
  0
LINE
  5
72
330
17
100
AcDbEntity
  8
LOWER
100
AcDbLine
 10
242411.76470588235
 20
54000.0
 30
350.0
 11
243058.82352941178
 21
54000.0
 31
350.0
  0
LINE
  5
73
330
17
100
AcDbEntity
  8
LOWER
100
AcDbLine
 10
243058.82352941178
 20
54000.0
 30
350.0
 11
243705.88235294115
 21
54000.0
 31
350.0
  0
LINE
  5
74
330
17
100
AcDbEntity
  8
LOWER
100
AcDbLine
 10
243705.88235294115
 20
54000.0
 30
350.0
 11
244352.94117647057
 21
54000.0
 31
350.0
  0
LINE
  5
75
330
17
100
AcDbEntity
  8
LOWER
100
AcDbLine
 10
244352.94117647057
 20
54000.0
 30
350.0
 11
245000.0
 21
54000.0
 31
350.0
  0
LINE
  5
76
330
17
100
AcDbEntity
  8
LOWER
100
AcDbLine
 10
245000.0
 20
54000.0
 30
350.0
 11
245647.0588235294
 21
54000.0
 31
350.0
  0
LINE
  5
77
330
17
100
AcDbEntity
  8
LOWER
100
AcDbLine
 10
245647.0588235294
 20
54000.0
 30
350.0
 11
246294.11764705885
 21
54000.0
 31
350.0
  0
LINE
  5
78
330
17
100
AcDbEntity
  8
LOWER
100
AcDbLine
 10
246294.11764705885
 20
54000.0
 30
350.0
 11
246941.17647058822
 21
54000.0
 31
350.0
  0
LINE
  5
79
330
17
100
AcDbEntity
  8
LOWER
100
AcDbLine
 10
246941.17647058822
 20
54000.0
 30
350.0
 11
247588.23529411765
 21
54000.0
 31
350.0
  0
LINE
  5
7A
330
17
100
AcDbEntity
  8
LOWER
100
AcDbLine
 10
247588.23529411765
 20
54000.0
 30
350.0
 11
248235.29411764708
 21
54000.0
 31
350.0
  0
LINE
  5
7B
330
17
100
AcDbEntity
  8
LOWER
100
AcDbLine
 10
248235.29411764708
 20
54000.0
 30
350.0
 11
248882.35294117648
 21
54000.0
 31
350.0
  0
LINE
  5
7C
330
17
100
AcDbEntity
  8
LOWER
100
AcDbLine
 10
248882.35294117648
 20
54000.0
 30
350.0
 11
249529.41176470587
 21
54000.0
 31
350.0
  0
LINE
  5
7D
330
17
100
AcDbEntity
  8
LOWER
100
AcDbLine
 10
249529.41176470587
 20
54000.0
 30
350.0
 11
250176.4705882353
 21
54000.0
 31
350.0
  0
LINE
  5
7E
330
17
100
AcDbEntity
  8
LOWER
100
AcDbLine
 10
250176.4705882353
 20
54000.0
 30
350.0
 11
250823.5294117647
 21
54000.0
 31
350.0
  0
LINE
  5
7F
330
17
100
AcDbEntity
  8
LOWER
100
AcDbLine
 10
250823.5294117647
 20
54000.0
 30
350.0
 11
251470.58823529413
 21
54000.0
 31
350.0
  0
LINE
  5
80
330
17
100
AcDbEntity
  8
LOWER
100
AcDbLine
 10
251470.58823529413
 20
54000.0
 30
350.0
 11
252117.64705882352
 21
54000.0
 31
350.0
  0
LINE
  5
81
330
17
100
AcDbEntity
  8
LOWER
100
AcDbLine
 10
252117.64705882352
 20
54000.0
 30
350.0
 11
252764.70588235292
 21
54000.0
 31
350.0
  0
LINE
  5
82
330
17
100
AcDbEntity
  8
LOWER
100
AcDbLine
 10
252764.70588235292
 20
54000.0
 30
350.0
 11
253411.76470588235
 21
54000.0
 31
350.0
  0
LINE
  5
83
330
17
100
AcDbEntity
  8
LOWER
100
AcDbLine
 10
253411.76470588235
 20
54000.0
 30
350.0
 11
254058.82352941178
 21
54000.0
 31
350.0
  0
LINE
  5
84
330
17
100
AcDbEntity
  8
LOWER
100
AcDbLine
 10
254058.82352941178
 20
54000.0
 30
350.0
 11
254705.88235294117
 21
54000.0
 31
350.0
  0
LINE
  5
85
330
17
100
AcDbEntity
  8
LOWER
100
AcDbLine
 10
254705.88235294117
 20
54000.0
 30
350.0
 11
255352.94117647057
 21
54000.0
 31
350.0
  0
LINE
  5
86
330
17
100
AcDbEntity
  8
LOWER
100
AcDbLine
 10
255352.94117647057
 20
54000.0
 30
350.0
 11
256000.0
 21
54000.0
 31
350.0
  0
LINE
  5
87
330
17
100
AcDbEntity
  8
LOWER
100
AcDbLine
 10
256000.0
 20
54000.0
 30
350.0
 11
256647.0588235294
 21
54000.0
 31
350.0
  0
LINE
  5
88
330
17
100
AcDbEntity
  8
LOWER
100
AcDbLine
 10
256647.0588235294
 20
54000.0
 30
350.0
 11
257294.11764705885
 21
54000.0
 31
350.0
  0
LINE
  5
89
330
17
100
AcDbEntity
  8
LOWER
100
AcDbLine
 10
257294.11764705885
 20
54000.0
 30
350.0
 11
257941.17647058822
 21
54000.0
 31
350.0
  0
LINE
  5
8A
330
17
100
AcDbEntity
  8
LOWER
100
AcDbLine
 10
257941.17647058822
 20
54000.0
 30
350.0
 11
258588.23529411768
 21
54000.0
 31
350.0
  0
LINE
  5
8B
330
17
100
AcDbEntity
  8
LOWER
100
AcDbLine
 10
258588.23529411768
 20
54000.0
 30
350.0
 11
259235.29411764708
 21
54000.0
 31
350.0
  0
LINE
  5
8C
330
17
100
AcDbEntity
  8
LOWER
100
AcDbLine
 10
259235.29411764708
 20
54000.0
 30
350.0
 11
259882.35294117648
 21
54000.0
 31
350.0
  0
LINE
  5
8D
330
17
100
AcDbEntity
  8
LOWER
100
AcDbLine
 10
259882.35294117648
 20
54000.0
 30
350.0
 11
260529.41176470584
 21
54000.0
 31
350.0
  0
LINE
  5
8E
330
17
100
AcDbEntity
  8
LOWER
100
AcDbLine
 10
260529.41176470584
 20
54000.0
 30
350.0
 11
261176.4705882353
 21
54000.0
 31
350.0
  0
LINE
  5
8F
330
17
100
AcDbEntity
  8
LOWER
100
AcDbLine
 10
261176.4705882353
 20
54000.0
 30
350.0
 11
261823.5294117647
 21
54000.0
 31
350.0
  0
LINE
  5
90
330
17
100
AcDbEntity
  8
LOWER
100
AcDbLine
 10
261823.5294117647
 20
54000.0
 30
350.0
 11
262470.58823529416
 21
54000.0
 31
350.0
  0
LINE
  5
91
330
17
100
AcDbEntity
  8
LOWER
100
AcDbLine
 10
262470.58823529416
 20
54000.0
 30
350.0
 11
263117.64705882355
 21
54000.0
 31
350.0
  0
LINE
  5
92
330
17
100
AcDbEntity
  8
LOWER
100
AcDbLine
 10
263117.64705882355
 20
54000.0
 30
350.0
 11
263764.70588235295
 21
54000.0
 31
350.0
  0
LINE
  5
93
330
17
100
AcDbEntity
  8
LOWER
100
AcDbLine
 10
263764.70588235295
 20
54000.0
 30
350.0
 11
264411.7647058823
 21
54000.0
 31
350.0
  0
LINE
  5
94
330
17
100
AcDbEntity
  8
LOWER
100
AcDbLine
 10
264411.7647058823
 20
54000.0
 30
350.0
 11
265058.82352941175
 21
54000.0
 31
350.0
  0
LINE
  5
95
330
17
100
AcDbEntity
  8
LOWER
100
AcDbLine
 10
265058.82352941175
 20
54000.0
 30
350.0
 11
265705.88235294115
 21
54000.0
 31
350.0
  0
LINE
  5
96
330
17
100
AcDbEntity
  8
LOWER
100
AcDbLine
 10
265705.88235294115
 20
54000.0
 30
350.0
 11
266352.9411764706
 21
54000.0
 31
350.0
  0
LINE
  5
97
330
17
100
AcDbEntity
  8
LOWER
100
AcDbLine
 10
266352.9411764706
 20
54000.0
 30
350.0
 11
267000.0
 21
54000.0
 31
350.0
  0
LINE
  5
98
330
17
100
AcDbEntity
  8
LOWER
100
AcDbLine
 10
267000.0
 20
54000.0
 30
350.0
 11
267647.0588235294
 21
54000.0
 31
350.0
  0
LINE
  5
99
330
17
100
AcDbEntity
  8
LOWER
100
AcDbLine
 10
267647.0588235294
 20
54000.0
 30
350.0
 11
268294.1176470588
 21
54000.0
 31
350.0
  0
LINE
  5
9A
330
17
100
AcDbEntity
  8
LOWER
100
AcDbLine
 10
268294.1176470588
 20
54000.0
 30
350.0
 11
268941.17647058825
 21
54000.0
 31
350.0
  0
LINE
  5
9B
330
17
100
AcDbEntity
  8
LOWER
100
AcDbLine
 10
268941.17647058825
 20
54000.0
 30
350.0
 11
269588.2352941177
 21
54000.0
 31
350.0
  0
LINE
  5
9C
330
17
100
AcDbEntity
  8
LOWER
100
AcDbLine
 10
269588.2352941177
 20
54000.0
 30
350.0
 11
270235.29411764705
 21
54000.0
 31
350.0
  0
LINE
  5
9D
330
17
100
AcDbEntity
  8
LOWER
100
AcDbLine
 10
270235.29411764705
 20
54000.0
 30
350.0
 11
270882.35294117645
 21
54000.0
 31
350.0
  0
LINE
  5
9E
330
17
100
AcDbEntity
  8
LOWER
100
AcDbLine
 10
270882.35294117645
 20
54000.0
 30
350.0
 11
271529.41176470584
 21
54000.0
 31
350.0
  0
LINE
  5
9F
330
17
100
AcDbEntity
  8
LOWER
100
AcDbLine
 10
271529.41176470584
 20
54000.0
 30
350.0
 11
272176.4705882353
 21
54000.0
 31
350.0
  0
LINE
  5
A0
330
17
100
AcDbEntity
  8
LOWER
100
AcDbLine
 10
272176.4705882353
 20
54000.0
 30
350.0
 11
272823.5294117647
 21
54000.0
 31
350.0
  0
LINE
  5
A1
330
17
100
AcDbEntity
  8
LOWER
100
AcDbLine
 10
272823.5294117647
 20
54000.0
 30
350.0
 11
273470.58823529416
 21
54000.0
 31
350.0
  0
LINE
  5
A2
330
17
100
AcDbEntity
  8
LOWER
100
AcDbLine
 10
273470.58823529416
 20
54000.0
 30
350.0
 11
274117.64705882355
 21
54000.0
 31
350.0
  0
LINE
  5
A3
330
17
100
AcDbEntity
  8
LOWER
100
AcDbLine
 10
274117.64705882355
 20
54000.0
 30
350.0
 11
274764.70588235295
 21
54000.0
 31
350.0
  0
LINE
  5
A4
330
17
100
AcDbEntity
  8
LOWER
100
AcDbLine
 10
274764.70588235295
 20
54000.0
 30
350.0
 11
275411.7647058823
 21
54000.0
 31
350.0
  0
LINE
  5
A5
330
17
100
AcDbEntity
  8
LOWER
100
AcDbLine
 10
275411.7647058823
 20
54000.0
 30
350.0
 11
276058.82352941175
 21
54000.0
 31
350.0
  0
LINE
  5
A6
330
17
100
AcDbEntity
  8
LOWER
100
AcDbLine
 10
276058.82352941175
 20
54000.0
 30
350.0
 11
276705.88235294115
 21
54000.0
 31
350.0
  0
LINE
  5
A7
330
17
100
AcDbEntity
  8
LOWER
100
AcDbLine
 10
276705.88235294115
 20
54000.0
 30
350.0
 11
277352.9411764706
 21
54000.0
 31
350.0
  0
LINE
  5
A8
330
17
100
AcDbEntity
  8
LOWER
100
AcDbLine
 10
277352.9411764706
 20
54000.0
 30
350.0
 11
278000.0
 21
54000.0
 31
350.0
  0
LINE
  5
A9
330
17
100
AcDbEntity
  8
LOWER
100
AcDbLine
 10
278000.0
 20
54000.0
 30
350.0
 11
278627.1707796059
 21
54032.86862779036
 31
350.0
  0
LINE
  5
AA
330
17
100
AcDbEntity
  8
LOWER
100
AcDbLine
 10
278627.1707796059
 20
54032.86862779036
 30
350.0
 11
279247.47014490655
 21
54131.114395597164
 31
350.0
  0
LINE
  5
AB
330
17
100
AcDbEntity
  8
LOWER
100
AcDbLine
 10
279247.47014490655
 20
54131.114395597164
 30
350.0
 11
279854.1019662497
 21
54293.66090222908
 31
350.0
  0
LINE
  5
AC
330
17
100
AcDbEntity
  8
LOWER
100
AcDbLine
 10
279854.1019662497
 20
54293.66090222908
 30
350.0
 11
280440.4198584548
 21
54518.727254144396
 31
350.0
  0
LINE
  5
AD
330
17
100
AcDbEntity
  8
LOWER
100
AcDbLine
 10
280440.4198584548
 20
54518.727254144396
 30
350.0
 11
281000.0
 21
54803.84757729337
 31
350.0
  0
LINE
  5
AE
330
17
100
AcDbEntity
  8
LOWER
100
AcDbLine
 10
281000.0
 20
54803.84757729337
 30
350.0
 11
281526.71151375485
 21
55145.898033750316
 31
350.0
  0
LINE
  5
AF
330
17
100
AcDbEntity
  8
LOWER
100
AcDbLine
 10
281526.71151375485
 20
55145.898033750316
 30
350.0
 11
282014.78363815317
 21
55541.131047135634
 31
350.0
  0
LINE
  5
B0
330
17
100
AcDbEntity
  8
LOWER
100
AcDbLine
 10
282014.78363815317
 20
55541.131047135634
 30
350.0
 11
282458.8689528644
 21
55985.216361846855
 31
350.0
  0
LINE
  5
B1
330
17
100
AcDbEntity
  8
LOWER
100
AcDbLine
 10
282458.8689528644
 20
55985.216361846855
 30
350.0
 11
282854.1019662497
 21
56473.28848624516
 31
350.0
  0
LINE
  5
B2
330
17
100
AcDbEntity
  8
LOWER
100
AcDbLine
 10
282854.1019662497
 20
56473.28848624516
 30
350.0
 11
283196.15242270665
 21
57000.0
 31
350.0
  0
LINE
  5
B3
330
17
100
AcDbEntity
  8
LOWER
100
AcDbLine
 10
283196.15242270665
 20
57000.0
 30
350.0
 11
283481.2727458556
 21
57559.5801415452
 31
350.0
  0
LINE
  5
B4
330
17
100
AcDbEntity
  8
LOWER
100
AcDbLine
 10
283481.2727458556
 20
57559.5801415452
 30
350.0
 11
283706.3390977709
 21
58145.898033750316
 31
350.0
  0
LINE
  5
B5
330
17
100
AcDbEntity
  8
LOWER
100
AcDbLine
 10
283706.3390977709
 20
58145.898033750316
 30
350.0
 11
283868.88560440287
 21
58752.529855093446
 31
350.0
  0
LINE
  5
B6
330
17
100
AcDbEntity
  8
LOWER
100
AcDbLine
 10
283868.88560440287
 20
58752.529855093446
 30
350.0
 11
283967.13137220964
 21
59372.82922039408
 31
350.0
  0
LINE
  5
B7
330
17
100
AcDbEntity
  8
LOWER
100
AcDbLine
 10
283967.13137220964
 20
59372.82922039408
 30
350.0
 11
284000.0
 21
60000.0
 31
350.0
  0
LINE
  5
B8
330
17
100
AcDbEntity
  8
LOWER
100
AcDbLine
 10
284000.0
 20
60000.0
 30
350.0
 11
284000.0
 21
60631.57894736843
 31
350.0
  0
LINE
  5
B9
330
17
100
AcDbEntity
  8
LOWER
100
AcDbLine
 10
284000.0
 20
60631.57894736843
 30
350.0
 11
284000.0
 21
61263.15789473684
 31
350.0
  0
LINE
  5
BA
330
17
100
AcDbEntity
  8
LOWER
100
AcDbLine
 10
284000.0
 20
61263.15789473684
 30
350.0
 11
284000.0
 21
61894.73684210526
 31
350.0
  0
LINE
  5
BB
330
17
100
AcDbEntity
  8
LOWER
100
AcDbLine
 10
284000.0
 20
61894.73684210526
 30
350.0
 11
284000.0
 21
62526.31578947369
 31
350.0
  0
LINE
  5
BC
330
17
100
AcDbEntity
  8
LOWER
100
AcDbLine
 10
284000.0
 20
62526.31578947369
 30
350.0
 11
284000.0
 21
63157.89473684211
 31
350.0
  0
LINE
  5
BD
330
17
100
AcDbEntity
  8
LOWER
100
AcDbLine
 10
284000.0
 20
63157.89473684211
 30
350.0
 11
284000.0
 21
63789.47368421053
 31
350.0
  0
LINE
  5
BE
330
17
100
AcDbEntity
  8
LOWER
100
AcDbLine
 10
284000.0
 20
63789.47368421053
 30
350.0
 11
284000.0
 21
64421.05263157895
 31
350.0
  0
LINE
  5
BF
330
17
100
AcDbEntity
  8
LOWER
100
AcDbLine
 10
284000.0
 20
64421.05263157895
 30
350.0
 11
284000.0
 21
65052.63157894737
 31
350.0
  0
LINE
  5
C0
330
17
100
AcDbEntity
  8
LOWER
100
AcDbLine
 10
284000.0
 20
65052.63157894737
 30
350.0
 11
284000.0
 21
65684.21052631579
 31
350.0
  0
LINE
  5
C1
330
17
100
AcDbEntity
  8
LOWER
100
AcDbLine
 10
284000.0
 20
65684.21052631579
 30
350.0
 11
284000.0
 21
66315.78947368421
 31
350.0
  0
LINE
  5
C2
330
17
100
AcDbEntity
  8
LOWER
100
AcDbLine
 10
284000.0
 20
66315.78947368421
 30
350.0
 11
284000.0
 21
66947.36842105263
 31
350.0
  0
LINE
  5
C3
330
17
100
AcDbEntity
  8
LOWER
100
AcDbLine
 10
284000.0
 20
66947.36842105263
 30
350.0
 11
284000.0
 21
67578.94736842105
 31
350.0
  0
LINE
  5
C4
330
17
100
AcDbEntity
  8
LOWER
100
AcDbLine
 10
284000.0
 20
67578.94736842105
 30
350.0
 11
284000.0
 21
68210.52631578948
 31
350.0
  0
LINE
  5
C5
330
17
100
AcDbEntity
  8
LOWER
100
AcDbLine
 10
284000.0
 20
68210.52631578948
 30
350.0
 11
284000.0
 21
68842.1052631579
 31
350.0
  0
LINE
  5
C6
330
17
100
AcDbEntity
  8
LOWER
100
AcDbLine
 10
284000.0
 20
68842.1052631579
 30
350.0
 11
284000.0
 21
69473.68421052632
 31
350.0
  0
LINE
  5
C7
330
17
100
AcDbEntity
  8
LOWER
100
AcDbLine
 10
284000.0
 20
69473.68421052632
 30
350.0
 11
284000.0
 21
70105.26315789473
 31
350.0
  0
LINE
  5
C8
330
17
100
AcDbEntity
  8
LOWER
100
AcDbLine
 10
284000.0
 20
70105.26315789473
 30
350.0
 11
284000.0
 21
70736.84210526315
 31
350.0
  0
LINE
  5
C9
330
17
100
AcDbEntity
  8
LOWER
100
AcDbLine
 10
284000.0
 20
70736.84210526315
 30
350.0
 11
284000.0
 21
71368.42105263157
 31
350.0
  0
LINE
  5
CA
330
17
100
AcDbEntity
  8
LOWER
100
AcDbLine
 10
284000.0
 20
71368.42105263157
 30
350.0
 11
284000.0
 21
72000.0
 31
350.0
  0
LINE
  5
CB
330
17
100
AcDbEntity
  8
LOWER
100
AcDbLine
 10
284000.0
 20
72000.0
 30
350.0
 11
283967.13137220964
 21
72627.17077960592
 31
350.0
  0
LINE
  5
CC
330
17
100
AcDbEntity
  8
LOWER
100
AcDbLine
 10
283967.13137220964
 20
72627.17077960592
 30
350.0
 11
283868.88560440287
 21
73247.47014490656
 31
350.0
  0
LINE
  5
CD
330
17
100
AcDbEntity
  8
LOWER
100
AcDbLine
 10
283868.88560440287
 20
73247.47014490656
 30
350.0
 11
283706.3390977709
 21
73854.10196624968
 31
350.0
  0
LINE
  5
CE
330
17
100
AcDbEntity
  8
LOWER
100
AcDbLine
 10
283706.3390977709
 20
73854.10196624968
 30
350.0
 11
283481.2727458556
 21
74440.4198584548
 31
350.0
  0
LINE
  5
CF
330
17
100
AcDbEntity
  8
LOWER
100
AcDbLine
 10
283481.2727458556
 20
74440.4198584548
 30
350.0
 11
283196.15242270665
 21
75000.0
 31
350.0
  0
LINE
  5
D0
330
17
100
AcDbEntity
  8
LOWER
100
AcDbLine
 10
283196.15242270665
 20
75000.0
 30
350.0
 11
282854.1019662497
 21
75526.71151375484
 31
350.0
  0
LINE
  5
D1
330
17
100
AcDbEntity
  8
LOWER
100
AcDbLine
 10
282854.1019662497
 20
75526.71151375484
 30
350.0
 11
282458.8689528644
 21
76014.78363815315
 31
350.0
  0
LINE
  5
D2
330
17
100
AcDbEntity
  8
LOWER
100
AcDbLine
 10
282458.8689528644
 20
76014.78363815315
 30
350.0
 11
282014.78363815317
 21
76458.86895286436
 31
350.0
  0
LINE
  5
D3
330
17
100
AcDbEntity
  8
LOWER
100
AcDbLine
 10
282014.78363815317
 20
76458.86895286436
 30
350.0
 11
281526.71151375485
 21
76854.10196624968
 31
350.0
  0
LINE
  5
D4
330
17
100
AcDbEntity
  8
LOWER
100
AcDbLine
 10
281526.71151375485
 20
76854.10196624968
 30
350.0
 11
281000.0
 21
77196.15242270663
 31
350.0
  0
LINE
  5
D5
330
17
100
AcDbEntity
  8
LOWER
100
AcDbLine
 10
281000.0
 20
77196.15242270663
 30
350.0
 11
280440.4198584548
 21
77481.2727458556
 31
350.0
  0
LINE
  5
D6
330
17
100
AcDbEntity
  8
LOWER
100
AcDbLine
 10
280440.4198584548
 20
77481.2727458556
 30
350.0
 11
279854.1019662497
 21
77706.33909777092
 31
350.0
  0
LINE
  5
D7
330
17
100
AcDbEntity
  8
LOWER
100
AcDbLine
 10
279854.1019662497
 20
77706.33909777092
 30
350.0
 11
279247.47014490655
 21
77868.88560440284
 31
350.0
  0
LINE
  5
D8
330
17
100
AcDbEntity
  8
LOWER
100
AcDbLine
 10
279247.47014490655
 20
77868.88560440284
 30
350.0
 11
278627.1707796059
 21
77967.13137220964
 31
350.0
  0
LINE
  5
D9
330
17
100
AcDbEntity
  8
LOWER
100
AcDbLine
 10
278627.1707796059
 20
77967.13137220964
 30
350.0
 11
278000.0
 21
78000.0
 31
350.0
  0
LINE
  5
DA
330
17
100
AcDbEntity
  8
LOWER
100
AcDbLine
 10
278000.0
 20
78000.0
 30
350.0
 11
277368.4210526316
 21
78000.0
 31
350.0
  0
LINE
  5
DB
330
17
100
AcDbEntity
  8
LOWER
100
AcDbLine
 10
277368.4210526316
 20
78000.0
 30
350.0
 11
276736.8421052632
 21
78000.0
 31
350.0
  0
LINE
  5
DC
330
17
100
AcDbEntity
  8
LOWER
100
AcDbLine
 10
276736.8421052632
 20
78000.0
 30
350.0
 11
276105.2631578947
 21
78000.0
 31
350.0
  0
LINE
  5
DD
330
17
100
AcDbEntity
  8
LOWER
100
AcDbLine
 10
276105.2631578947
 20
78000.0
 30
350.0
 11
275473.6842105263
 21
78000.0
 31
350.0
  0
LINE
  5
DE
330
17
100
AcDbEntity
  8
LOWER
100
AcDbLine
 10
275473.6842105263
 20
78000.0
 30
350.0
 11
274842.1052631579
 21
78000.0
 31
350.0
  0
LINE
  5
DF
330
17
100
AcDbEntity
  8
LOWER
100
AcDbLine
 10
274842.1052631579
 20
78000.0
 30
350.0
 11
274210.5263157895
 21
78000.0
 31
350.0
  0
LINE
  5
E0
330
17
100
AcDbEntity
  8
LOWER
100
AcDbLine
 10
274210.5263157895
 20
78000.0
 30
350.0
 11
273578.94736842107
 21
78000.0
 31
350.0
  0
LINE
  5
E1
330
17
100
AcDbEntity
  8
LOWER
100
AcDbLine
 10
273578.94736842107
 20
78000.0
 30
350.0
 11
272947.3684210526
 21
78000.0
 31
350.0
  0
LINE
  5
E2
330
17
100
AcDbEntity
  8
LOWER
100
AcDbLine
 10
272947.3684210526
 20
78000.0
 30
350.0
 11
272315.7894736842
 21
78000.0
 31
350.0
  0
LINE
  5
E3
330
17
100
AcDbEntity
  8
LOWER
100
AcDbLine
 10
272315.7894736842
 20
78000.0
 30
350.0
 11
271684.2105263158
 21
78000.0
 31
350.0
  0
LINE
  5
E4
330
17
100
AcDbEntity
  8
LOWER
100
AcDbLine
 10
271684.2105263158
 20
78000.0
 30
350.0
 11
271052.6315789474
 21
78000.0
 31
350.0
  0
LINE
  5
E5
330
17
100
AcDbEntity
  8
LOWER
100
AcDbLine
 10
271052.6315789474
 20
78000.0
 30
350.0
 11
270421.05263157893
 21
78000.0
 31
350.0
  0
LINE
  5
E6
330
17
100
AcDbEntity
  8
LOWER
100
AcDbLine
 10
270421.05263157893
 20
78000.0
 30
350.0
 11
269789.4736842105
 21
78000.0
 31
350.0
  0
LINE
  5
E7
330
17
100
AcDbEntity
  8
LOWER
100
AcDbLine
 10
269789.4736842105
 20
78000.0
 30
350.0
 11
269157.8947368421
 21
78000.0
 31
350.0
  0
LINE
  5
E8
330
17
100
AcDbEntity
  8
LOWER
100
AcDbLine
 10
269157.8947368421
 20
78000.0
 30
350.0
 11
268526.3157894737
 21
78000.0
 31
350.0
  0
LINE
  5
E9
330
17
100
AcDbEntity
  8
LOWER
100
AcDbLine
 10
268526.3157894737
 20
78000.0
 30
350.0
 11
267894.7368421053
 21
78000.0
 31
350.0
  0
LINE
  5
EA
330
17
100
AcDbEntity
  8
LOWER
100
AcDbLine
 10
267894.7368421053
 20
78000.0
 30
350.0
 11
267263.15789473685
 21
78000.0
 31
350.0
  0
LINE
  5
EB
330
17
100
AcDbEntity
  8
LOWER
100
AcDbLine
 10
267263.15789473685
 20
78000.0
 30
350.0
 11
266631.5789473684
 21
78000.0
 31
350.0
  0
LINE
  5
EC
330
17
100
AcDbEntity
  8
LOWER
100
AcDbLine
 10
266631.5789473684
 20
78000.0
 30
350.0
 11
266000.0
 21
78000.0
 31
350.0
  0
LINE
  5
ED
330
17
100
AcDbEntity
  8
LOWER
100
AcDbLine
 10
266000.0
 20
78000.0
 30
350.0
 11
265372.8292203941
 21
77967.13137220965
 31
350.0
  0
LINE
  5
EE
330
17
100
AcDbEntity
  8
LOWER
100
AcDbLine
 10
265372.8292203941
 20
77967.13137220965
 30
350.0
 11
264752.52985509345
 21
77868.88560440284
 31
350.0
  0
LINE
  5
EF
330
17
100
AcDbEntity
  8
LOWER
100
AcDbLine
 10
264752.52985509345
 20
77868.88560440284
 30
350.0
 11
264145.8980337503
 21
77706.33909777092
 31
350.0
  0
LINE
  5
F0
330
17
100
AcDbEntity
  8
LOWER
100
AcDbLine
 10
264145.8980337503
 20
77706.33909777092
 30
350.0
 11
263559.5801415452
 21
77481.2727458556
 31
350.0
  0
LINE
  5
F1
330
17
100
AcDbEntity
  8
LOWER
100
AcDbLine
 10
263559.5801415452
 20
77481.2727458556
 30
350.0
 11
263000.0
 21
77196.15242270663
 31
350.0
  0
LINE
  5
F2
330
17
100
AcDbEntity
  8
LOWER
100
AcDbLine
 10
263000.0
 20
77196.15242270663
 30
350.0
 11
262473.28848624515
 21
76854.10196624968
 31
350.0
  0
LINE
  5
F3
330
17
100
AcDbEntity
  8
LOWER
100
AcDbLine
 10
262473.28848624515
 20
76854.10196624968
 30
350.0
 11
261985.21636184683
 21
76458.86895286436
 31
350.0
  0
LINE
  5
F4
330
17
100
AcDbEntity
  8
LOWER
100
AcDbLine
 10
261985.21636184683
 20
76458.86895286436
 30
350.0
 11
261541.13104713566
 21
76014.78363815315
 31
350.0
  0
LINE
  5
F5
330
17
100
AcDbEntity
  8
LOWER
100
AcDbLine
 10
261541.13104713566
 20
76014.78363815315
 30
350.0
 11
261145.8980337503
 21
75526.71151375484
 31
350.0
  0
LINE
  5
F6
330
17
100
AcDbEntity
  8
LOWER
100
AcDbLine
 10
261145.8980337503
 20
75526.71151375484
 30
350.0
 11
260803.84757729337
 21
75000.0
 31
350.0
  0
LINE
  5
F7
330
17
100
AcDbEntity
  8
LOWER
100
AcDbLine
 10
260803.84757729337
 20
75000.0
 30
350.0
 11
260518.72725414438
 21
74440.4198584548
 31
350.0
  0
LINE
  5
F8
330
17
100
AcDbEntity
  8
LOWER
100
AcDbLine
 10
260518.72725414438
 20
74440.4198584548
 30
350.0
 11
260293.66090222908
 21
73854.10196624968
 31
350.0
  0
LINE
  5
F9
330
17
100
AcDbEntity
  8
LOWER
100
AcDbLine
 10
260293.66090222908
 20
73854.10196624968
 30
350.0
 11
260131.11439559713
 21
73247.47014490656
 31
350.0
  0
LINE
  5
FA
330
17
100
AcDbEntity
  8
LOWER
100
AcDbLine
 10
260131.11439559713
 20
73247.47014490656
 30
350.0
 11
260032.8686277904
 21
72627.17077960592
 31
350.0
  0
LINE
  5
FB
330
17
100
AcDbEntity
  8
LOWER
100
AcDbLine
 10
260032.8686277904
 20
72627.17077960592
 30
350.0
 11
260000.0
 21
72000.0
 31
350.0
  0
LINE
  5
FC
330
17
100
AcDbEntity
  8
LOWER
100
AcDbLine
 10
260000.0
 20
72000.0
 30
350.0
 11
259967.1313722096
 21
71372.82922039408
 31
350.0
  0
LINE
  5
FD
330
17
100
AcDbEntity
  8
LOWER
100
AcDbLine
 10
259967.1313722096
 20
71372.82922039408
 30
350.0
 11
259868.88560440287
 21
70752.52985509344
 31
350.0
  0
LINE
  5
FE
330
17
100
AcDbEntity
  8
LOWER
100
AcDbLine
 10
259868.88560440287
 20
70752.52985509344
 30
350.0
 11
259706.33909777092
 21
70145.89803375032
 31
350.0
  0
LINE
  5
FF
330
17
100
AcDbEntity
  8
LOWER
100
AcDbLine
 10
259706.33909777092
 20
70145.89803375032
 30
350.0
 11
259481.27274585562
 21
69559.5801415452
 31
350.0
  0
LINE
  5
100
330
17
100
AcDbEntity
  8
LOWER
100
AcDbLine
 10
259481.27274585562
 20
69559.5801415452
 30
350.0
 11
259196.15242270663
 21
69000.0
 31
350.0
  0
LINE
  5
101
330
17
100
AcDbEntity
  8
LOWER
100
AcDbLine
 10
259196.15242270663
 20
69000.0
 30
350.0
 11
258854.1019662497
 21
68473.28848624516
 31
350.0
  0
LINE
  5
102
330
17
100
AcDbEntity
  8
LOWER
100
AcDbLine
 10
258854.1019662497
 20
68473.28848624516
 30
350.0
 11
258458.86895286434
 21
67985.21636184685
 31
350.0
  0
LINE
  5
103
330
17
100
AcDbEntity
  8
LOWER
100
AcDbLine
 10
258458.86895286434
 20
67985.21636184685
 30
350.0
 11
258014.78363815317
 21
67541.13104713564
 31
350.0
  0
LINE
  5
104
330
17
100
AcDbEntity
  8
LOWER
100
AcDbLine
 10
258014.78363815317
 20
67541.13104713564
 30
350.0
 11
257526.71151375482
 21
67145.89803375032
 31
350.0
  0
LINE
  5
105
330
17
100
AcDbEntity
  8
LOWER
100
AcDbLine
 10
257526.71151375482
 20
67145.89803375032
 30
350.0
 11
257000.0
 21
66803.84757729337
 31
350.0
  0
LINE
  5
106
330
17
100
AcDbEntity
  8
LOWER
100
AcDbLine
 10
257000.0
 20
66803.84757729337
 30
350.0
 11
256440.41985845478
 21
66518.7272541444
 31
350.0
  0
LINE
  5
107
330
17
100
AcDbEntity
  8
LOWER
100
AcDbLine
 10
256440.41985845478
 20
66518.7272541444
 30
350.0
 11
255854.1019662497
 21
66293.66090222908
 31
350.0
  0
LINE
  5
108
330
17
100
AcDbEntity
  8
LOWER
100
AcDbLine
 10
255854.1019662497
 20
66293.66090222908
 30
350.0
 11
255247.47014490658
 21
66131.11439559716
 31
350.0
  0
LINE
  5
109
330
17
100
AcDbEntity
  8
LOWER
100
AcDbLine
 10
255247.47014490658
 20
66131.11439559716
 30
350.0
 11
254627.17077960592
 21
66032.86862779036
 31
350.0
  0
LINE
  5
10A
330
17
100
AcDbEntity
  8
LOWER
100
AcDbLine
 10
254627.17077960592
 20
66032.86862779036
 30
350.0
 11
254000.0
 21
66000.0
 31
350.0
  0
LINE
  5
10B
330
17
100
AcDbEntity
  8
LOWER
100
AcDbLine
 10
254000.0
 20
66000.0
 30
350.0
 11
253375.0
 21
66000.0
 31
350.0
  0
LINE
  5
10C
330
17
100
AcDbEntity
  8
LOWER
100
AcDbLine
 10
253375.0
 20
66000.0
 30
350.0
 11
252750.0
 21
66000.0
 31
350.0
  0
LINE
  5
10D
330
17
100
AcDbEntity
  8
LOWER
100
AcDbLine
 10
252750.0
 20
66000.0
 30
350.0
 11
252125.0
 21
66000.0
 31
350.0
  0
LINE
  5
10E
330
17
100
AcDbEntity
  8
LOWER
100
AcDbLine
 10
252125.0
 20
66000.0
 30
350.0
 11
251500.0
 21
66000.0
 31
350.0
  0
LINE
  5
10F
330
17
100
AcDbEntity
  8
LOWER
100
AcDbLine
 10
251500.0
 20
66000.0
 30
350.0
 11
250875.0
 21
66000.0
 31
350.0
  0
LINE
  5
110
330
17
100
AcDbEntity
  8
LOWER
100
AcDbLine
 10
250875.0
 20
66000.0
 30
350.0
 11
250250.0
 21
66000.0
 31
350.0
  0
LINE
  5
111
330
17
100
AcDbEntity
  8
LOWER
100
AcDbLine
 10
250250.0
 20
66000.0
 30
350.0
 11
249625.0
 21
66000.0
 31
350.0
  0
LINE
  5
112
330
17
100
AcDbEntity
  8
LOWER
100
AcDbLine
 10
249625.0
 20
66000.0
 30
350.0
 11
249000.0
 21
66000.0
 31
350.0
  0
LINE
  5
113
330
17
100
AcDbEntity
  8
LOWER
100
AcDbLine
 10
249000.0
 20
66000.0
 30
350.0
 11
248375.0
 21
66000.0
 31
350.0
  0
LINE
  5
114
330
17
100
AcDbEntity
  8
LOWER
100
AcDbLine
 10
248375.0
 20
66000.0
 30
350.0
 11
247750.0
 21
66000.0
 31
350.0
  0
LINE
  5
115
330
17
100
AcDbEntity
  8
LOWER
100
AcDbLine
 10
247750.0
 20
66000.0
 30
350.0
 11
247125.0
 21
66000.0
 31
350.0
  0
LINE
  5
116
330
17
100
AcDbEntity
  8
LOWER
100
AcDbLine
 10
247125.0
 20
66000.0
 30
350.0
 11
246500.0
 21
66000.0
 31
350.0
  0
LINE
  5
117
330
17
100
AcDbEntity
  8
LOWER
100
AcDbLine
 10
246500.0
 20
66000.0
 30
350.0
 11
245875.0
 21
66000.0
 31
350.0
  0
LINE
  5
118
330
17
100
AcDbEntity
  8
LOWER
100
AcDbLine
 10
245875.0
 20
66000.0
 30
350.0
 11
245250.0
 21
66000.0
 31
350.0
  0
LINE
  5
119
330
17
100
AcDbEntity
  8
LOWER
100
AcDbLine
 10
245250.0
 20
66000.0
 30
350.0
 11
244625.0
 21
66000.0
 31
350.0
  0
LINE
  5
11A
330
17
100
AcDbEntity
  8
LOWER
100
AcDbLine
 10
244625.0
 20
66000.0
 30
350.0
 11
244000.0
 21
66000.0
 31
350.0
  0
LINE
  5
11B
330
17
100
AcDbEntity
  8
LOWER
100
AcDbLine
 10
244000.0
 20
66000.0
 30
350.0
 11
243372.82922039408
 21
66032.86862779036
 31
350.0
  0
LINE
  5
11C
330
17
100
AcDbEntity
  8
LOWER
100
AcDbLine
 10
243372.82922039408
 20
66032.86862779036
 30
350.0
 11
242752.52985509342
 21
66131.11439559716
 31
350.0
  0
LINE
  5
11D
330
17
100
AcDbEntity
  8
LOWER
100
AcDbLine
 10
242752.52985509342
 20
66131.11439559716
 30
350.0
 11
242145.8980337503
 21
66293.66090222908
 31
350.0
  0
LINE
  5
11E
330
17
100
AcDbEntity
  8
LOWER
100
AcDbLine
 10
242145.8980337503
 20
66293.66090222908
 30
350.0
 11
241559.58014154522
 21
66518.7272541444
 31
350.0
  0
LINE
  5
11F
330
17
100
AcDbEntity
  8
LOWER
100
AcDbLine
 10
241559.58014154522
 20
66518.7272541444
 30
350.0
 11
241000.0
 21
66803.84757729337
 31
350.0
  0
LINE
  5
120
330
17
100
AcDbEntity
  8
LOWER
100
AcDbLine
 10
241000.0
 20
66803.84757729337
 30
350.0
 11
240473.28848624518
 21
67145.89803375032
 31
350.0
  0
LINE
  5
121
330
17
100
AcDbEntity
  8
LOWER
100
AcDbLine
 10
240473.28848624518
 20
67145.89803375032
 30
350.0
 11
239985.21636184686
 21
67541.13104713564
 31
350.0
  0
LINE
  5
122
330
17
100
AcDbEntity
  8
LOWER
100
AcDbLine
 10
239985.21636184686
 20
67541.13104713564
 30
350.0
 11
239541.13104713566
 21
67985.21636184685
 31
350.0
  0
LINE
  5
123
330
17
100
AcDbEntity
  8
LOWER
100
AcDbLine
 10
239541.13104713566
 20
67985.21636184685
 30
350.0
 11
239145.8980337503
 21
68473.28848624516
 31
350.0
  0
LINE
  5
124
330
17
100
AcDbEntity
  8
LOWER
100
AcDbLine
 10
239145.8980337503
 20
68473.28848624516
 30
350.0
 11
238803.84757729337
 21
69000.0
 31
350.0
  0
LINE
  5
125
330
17
100
AcDbEntity
  8
LOWER
100
AcDbLine
 10
238803.84757729337
 20
69000.0
 30
350.0
 11
238518.72725414438
 21
69559.5801415452
 31
350.0
  0
LINE
  5
126
330
17
100
AcDbEntity
  8
LOWER
100
AcDbLine
 10
238518.72725414438
 20
69559.5801415452
 30
350.0
 11
238293.66090222908
 21
70145.89803375032
 31
350.0
  0
LINE
  5
127
330
17
100
AcDbEntity
  8
LOWER
100
AcDbLine
 10
238293.66090222908
 20
70145.89803375032
 30
350.0
 11
238131.11439559716
 21
70752.52985509344
 31
350.0
  0
LINE
  5
128
330
17
100
AcDbEntity
  8
LOWER
100
AcDbLine
 10
238131.11439559716
 20
70752.52985509344
 30
350.0
 11
238032.86862779036
 21
71372.82922039408
 31
350.0
  0
LINE
  5
129
330
17
100
AcDbEntity
  8
LOWER
100
AcDbLine
 10
238032.86862779036
 20
71372.82922039408
 30
350.0
 11
238000.0
 21
72000.0
 31
350.0
  0
LINE
  5
12A
330
17
100
AcDbEntity
  8
LOWER
100
AcDbLine
 10
238000.0
 20
72000.0
 30
350.0
 11
238000.0
 21
72640.0
 31
350.0
  0
LINE
  5
12B
330
17
100
AcDbEntity
  8
LOWER
100
AcDbLine
 10
238000.0
 20
72640.0
 30
350.0
 11
238000.0
 21
73280.0
 31
350.0
  0
LINE
  5
12C
330
17
100
AcDbEntity
  8
LOWER
100
AcDbLine
 10
238000.0
 20
73280.0
 30
350.0
 11
238000.0
 21
73920.0
 31
350.0
  0
LINE
  5
12D
330
17
100
AcDbEntity
  8
LOWER
100
AcDbLine
 10
238000.0
 20
73920.0
 30
350.0
 11
238000.0
 21
74560.0
 31
350.0
  0
LINE
  5
12E
330
17
100
AcDbEntity
  8
LOWER
100
AcDbLine
 10
238000.0
 20
74560.0
 30
350.0
 11
238000.0
 21
75200.0
 31
350.0
  0
LINE
  5
12F
330
17
100
AcDbEntity
  8
LOWER
100
AcDbLine
 10
238000.0
 20
75200.0
 30
350.0
 11
238000.0
 21
75840.0
 31
350.0
  0
LINE
  5
130
330
17
100
AcDbEntity
  8
LOWER
100
AcDbLine
 10
238000.0
 20
75840.0
 30
350.0
 11
238000.0
 21
76480.0
 31
350.0
  0
LINE
  5
131
330
17
100
AcDbEntity
  8
LOWER
100
AcDbLine
 10
238000.0
 20
76480.0
 30
350.0
 11
238000.0
 21
77120.0
 31
350.0
  0
LINE
  5
132
330
17
100
AcDbEntity
  8
LOWER
100
AcDbLine
 10
238000.0
 20
77120.0
 30
350.0
 11
238000.0
 21
77759.99999999999
 31
350.0
  0
LINE
  5
133
330
17
100
AcDbEntity
  8
LOWER
100
AcDbLine
 10
238000.0
 20
77759.99999999999
 30
350.0
 11
238000.0
 21
78400.0
 31
350.0
  0
LINE
  5
134
330
17
100
AcDbEntity
  8
LOWER
100
AcDbLine
 10
238000.0
 20
78400.0
 30
350.0
 11
238000.0
 21
79039.99999999999
 31
350.0
  0
LINE
  5
135
330
17
100
AcDbEntity
  8
LOWER
100
AcDbLine
 10
238000.0
 20
79039.99999999999
 30
350.0
 11
238000.0
 21
79680.0
 31
350.0
  0
LINE
  5
136
330
17
100
AcDbEntity
  8
LOWER
100
AcDbLine
 10
238000.0
 20
79680.0
 30
350.0
 11
238000.0
 21
80320.0
 31
350.0
  0
LINE
  5
137
330
17
100
AcDbEntity
  8
LOWER
100
AcDbLine
 10
238000.0
 20
80320.0
 30
350.0
 11
238000.0
 21
80960.00000000001
 31
350.0
  0
LINE
  5
138
330
17
100
AcDbEntity
  8
LOWER
100
AcDbLine
 10
238000.0
 20
80960.00000000001
 30
350.0
 11
238000.0
 21
81600.0
 31
350.0
  0
LINE
  5
139
330
17
100
AcDbEntity
  8
LOWER
100
AcDbLine
 10
238000.0
 20
81600.0
 30
350.0
 11
238000.0
 21
82240.00000000001
 31
350.0
  0
LINE
  5
13A
330
17
100
AcDbEntity
  8
LOWER
100
AcDbLine
 10
238000.0
 20
82240.00000000001
 30
350.0
 11
238000.0
 21
82880.0
 31
350.0
  0
LINE
  5
13B
330
17
100
AcDbEntity
  8
LOWER
100
AcDbLine
 10
238000.0
 20
82880.0
 30
350.0
 11
238000.0
 21
83520.0
 31
350.0
  0
LINE
  5
13C
330
17
100
AcDbEntity
  8
LOWER
100
AcDbLine
 10
238000.0
 20
83520.0
 30
350.0
 11
238000.0
 21
84160.0
 31
350.0
  0
LINE
  5
13D
330
17
100
AcDbEntity
  8
LOWER
100
AcDbLine
 10
238000.0
 20
84160.0
 30
350.0
 11
238000.0
 21
84800.0
 31
350.0
  0
LINE
  5
13E
330
17
100
AcDbEntity
  8
LOWER
100
AcDbLine
 10
238000.0
 20
84800.0
 30
350.0
 11
238000.0
 21
85440.0
 31
350.0
  0
LINE
  5
13F
330
17
100
AcDbEntity
  8
LOWER
100
AcDbLine
 10
238000.0
 20
85440.0
 30
350.0
 11
238000.0
 21
86080.0
 31
350.0
  0
LINE
  5
140
330
17
100
AcDbEntity
  8
LOWER
100
AcDbLine
 10
238000.0
 20
86080.0
 30
350.0
 11
238000.0
 21
86720.0
 31
350.0
  0
LINE
  5
141
330
17
100
AcDbEntity
  8
LOWER
100
AcDbLine
 10
238000.0
 20
86720.0
 30
350.0
 11
238000.0
 21
87360.0
 31
350.0
  0
LINE
  5
142
330
17
100
AcDbEntity
  8
LOWER
100
AcDbLine
 10
238000.0
 20
87360.0
 30
350.0
 11
238000.0
 21
88000.0
 31
350.0
  0
LINE
  5
143
330
17
100
AcDbEntity
  8
LOWER
100
AcDbLine
 10
238000.0
 20
88000.0
 30
350.0
 11
237967.1313722096
 21
88627.17077960592
 31
350.0
  0
LINE
  5
144
330
17
100
AcDbEntity
  8
LOWER
100
AcDbLine
 10
237967.1313722096
 20
88627.17077960592
 30
350.0
 11
237868.88560440284
 21
89247.47014490656
 31
350.0
  0
LINE
  5
145
330
17
100
AcDbEntity
  8
LOWER
100
AcDbLine
 10
237868.88560440284
 20
89247.47014490656
 30
350.0
 11
237706.33909777092
 21
89854.10196624968
 31
350.0
  0
LINE
  5
146
330
17
100
AcDbEntity
  8
LOWER
100
AcDbLine
 10
237706.33909777092
 20
89854.10196624968
 30
350.0
 11
237481.27274585562
 21
90440.4198584548
 31
350.0
  0
LINE
  5
147
330
17
100
AcDbEntity
  8
LOWER
100
AcDbLine
 10
237481.27274585562
 20
90440.4198584548
 30
350.0
 11
237196.15242270663
 21
91000.0
 31
350.0
  0
LINE
  5
148
330
17
100
AcDbEntity
  8
LOWER
100
AcDbLine
 10
237196.15242270663
 20
91000.0
 30
350.0
 11
236854.1019662497
 21
91526.71151375484
 31
350.0
  0
LINE
  5
149
330
17
100
AcDbEntity
  8
LOWER
100
AcDbLine
 10
236854.1019662497
 20
91526.71151375484
 30
350.0
 11
236458.86895286434
 21
92014.78363815315
 31
350.0
  0
LINE
  5
14A
330
17
100
AcDbEntity
  8
LOWER
100
AcDbLine
 10
236458.86895286434
 20
92014.78363815315
 30
350.0
 11
236014.78363815314
 21
92458.86895286436
 31
350.0
  0
LINE
  5
14B
330
17
100
AcDbEntity
  8
LOWER
100
AcDbLine
 10
236014.78363815314
 20
92458.86895286436
 30
350.0
 11
235526.71151375482
 21
92854.10196624968
 31
350.0
  0
LINE
  5
14C
330
17
100
AcDbEntity
  8
LOWER
100
AcDbLine
 10
235526.71151375482
 20
92854.10196624968
 30
350.0
 11
235000.0
 21
93196.15242270663
 31
350.0
  0
LINE
  5
14D
330
17
100
AcDbEntity
  8
LOWER
100
AcDbLine
 10
235000.0
 20
93196.15242270663
 30
350.0
 11
234440.41985845478
 21
93481.2727458556
 31
350.0
  0
LINE
  5
14E
330
17
100
AcDbEntity
  8
LOWER
100
AcDbLine
 10
234440.41985845478
 20
93481.2727458556
 30
350.0
 11
233854.1019662497
 21
93706.33909777092
 31
350.0
  0
LINE
  5
14F
330
17
100
AcDbEntity
  8
LOWER
100
AcDbLine
 10
233854.1019662497
 20
93706.33909777092
 30
350.0
 11
233247.47014490658
 21
93868.88560440284
 31
350.0
  0
LINE
  5
150
330
17
100
AcDbEntity
  8
LOWER
100
AcDbLine
 10
233247.47014490658
 20
93868.88560440284
 30
350.0
 11
232627.17077960592
 21
93967.13137220964
 31
350.0
  0
LINE
  5
151
330
17
100
AcDbEntity
  8
LOWER
100
AcDbLine
 10
232627.17077960592
 20
93967.13137220964
 30
350.0
 11
232000.0
 21
94000.0
 31
350.0
  0
LINE
  5
152
330
17
100
AcDbEntity
  8
LOWER
100
AcDbLine
 10
232000.0
 20
94000.0
 30
350.0
 11
231368.4210526316
 21
94000.0
 31
350.0
  0
LINE
  5
153
330
17
100
AcDbEntity
  8
LOWER
100
AcDbLine
 10
231368.4210526316
 20
94000.0
 30
350.0
 11
230736.84210526315
 21
94000.0
 31
350.0
  0
LINE
  5
154
330
17
100
AcDbEntity
  8
LOWER
100
AcDbLine
 10
230736.84210526315
 20
94000.0
 30
350.0
 11
230105.26315789475
 21
94000.0
 31
350.0
  0
LINE
  5
155
330
17
100
AcDbEntity
  8
LOWER
100
AcDbLine
 10
230105.26315789475
 20
94000.0
 30
350.0
 11
229473.6842105263
 21
94000.0
 31
350.0
  0
LINE
  5
156
330
17
100
AcDbEntity
  8
LOWER
100
AcDbLine
 10
229473.6842105263
 20
94000.0
 30
350.0
 11
228842.1052631579
 21
94000.0
 31
350.0
  0
LINE
  5
157
330
17
100
AcDbEntity
  8
LOWER
100
AcDbLine
 10
228842.1052631579
 20
94000.0
 30
350.0
 11
228210.52631578947
 21
94000.0
 31
350.0
  0
LINE
  5
158
330
17
100
AcDbEntity
  8
LOWER
100
AcDbLine
 10
228210.52631578947
 20
94000.0
 30
350.0
 11
227578.94736842104
 21
94000.0
 31
350.0
  0
LINE
  5
159
330
17
100
AcDbEntity
  8
LOWER
100
AcDbLine
 10
227578.94736842104
 20
94000.0
 30
350.0
 11
226947.36842105264
 21
94000.0
 31
350.0
  0
LINE
  5
15A
330
17
100
AcDbEntity
  8
LOWER
100
AcDbLine
 10
226947.36842105264
 20
94000.0
 30
350.0
 11
226315.7894736842
 21
94000.0
 31
350.0
  0
LINE
  5
15B
330
17
100
AcDbEntity
  8
LOWER
100
AcDbLine
 10
226315.7894736842
 20
94000.0
 30
350.0
 11
225684.2105263158
 21
94000.0
 31
350.0
  0
LINE
  5
15C
330
17
100
AcDbEntity
  8
LOWER
100
AcDbLine
 10
225684.2105263158
 20
94000.0
 30
350.0
 11
225052.63157894736
 21
94000.0
 31
350.0
  0
LINE
  5
15D
330
17
100
AcDbEntity
  8
LOWER
100
AcDbLine
 10
225052.63157894736
 20
94000.0
 30
350.0
 11
224421.05263157896
 21
94000.0
 31
350.0
  0
LINE
  5
15E
330
17
100
AcDbEntity
  8
LOWER
100
AcDbLine
 10
224421.05263157896
 20
94000.0
 30
350.0
 11
223789.47368421053
 21
94000.0
 31
350.0
  0
LINE
  5
15F
330
17
100
AcDbEntity
  8
LOWER
100
AcDbLine
 10
223789.47368421053
 20
94000.0
 30
350.0
 11
223157.8947368421
 21
94000.0
 31
350.0
  0
LINE
  5
160
330
17
100
AcDbEntity
  8
LOWER
100
AcDbLine
 10
223157.8947368421
 20
94000.0
 30
350.0
 11
222526.3157894737
 21
94000.0
 31
350.0
  0
LINE
  5
161
330
17
100
AcDbEntity
  8
LOWER
100
AcDbLine
 10
222526.3157894737
 20
94000.0
 30
350.0
 11
221894.73684210525
 21
94000.0
 31
350.0
  0
LINE
  5
162
330
17
100
AcDbEntity
  8
LOWER
100
AcDbLine
 10
221894.73684210525
 20
94000.0
 30
350.0
 11
221263.15789473685
 21
94000.0
 31
350.0
  0
LINE
  5
163
330
17
100
AcDbEntity
  8
LOWER
100
AcDbLine
 10
221263.15789473685
 20
94000.0
 30
350.0
 11
220631.57894736843
 21
94000.0
 31
350.0
  0
LINE
  5
164
330
17
100
AcDbEntity
  8
LOWER
100
AcDbLine
 10
220631.57894736843
 20
94000.0
 30
350.0
 11
220000.0
 21
94000.0
 31
350.0
  0
LINE
  5
165
330
17
100
AcDbEntity
  8
LOWER
100
AcDbLine
 10
220000.0
 20
94000.0
 30
350.0
 11
219372.82922039408
 21
93967.13137220965
 31
350.0
  0
LINE
  5
166
330
17
100
AcDbEntity
  8
LOWER
100
AcDbLine
 10
219372.82922039408
 20
93967.13137220965
 30
350.0
 11
218752.52985509342
 21
93868.88560440284
 31
350.0
  0
LINE
  5
167
330
17
100
AcDbEntity
  8
LOWER
100
AcDbLine
 10
218752.52985509342
 20
93868.88560440284
 30
350.0
 11
218145.8980337503
 21
93706.33909777092
 31
350.0
  0
LINE
  5
168
330
17
100
AcDbEntity
  8
LOWER
100
AcDbLine
 10
218145.8980337503
 20
93706.33909777092
 30
350.0
 11
217559.58014154522
 21
93481.2727458556
 31
350.0
  0
LINE
  5
169
330
17
100
AcDbEntity
  8
LOWER
100
AcDbLine
 10
217559.58014154522
 20
93481.2727458556
 30
350.0
 11
217000.0
 21
93196.15242270663
 31
350.0
  0
LINE
  5
16A
330
17
100
AcDbEntity
  8
LOWER
100
AcDbLine
 10
217000.0
 20
93196.15242270663
 30
350.0
 11
216473.28848624518
 21
92854.10196624968
 31
350.0
  0
LINE
  5
16B
330
17
100
AcDbEntity
  8
LOWER
100
AcDbLine
 10
216473.28848624518
 20
92854.10196624968
 30
350.0
 11
215985.21636184686
 21
92458.86895286436
 31
350.0
  0
LINE
  5
16C
330
17
100
AcDbEntity
  8
LOWER
100
AcDbLine
 10
215985.21636184686
 20
92458.86895286436
 30
350.0
 11
215541.13104713566
 21
92014.78363815315
 31
350.0
  0
LINE
  5
16D
330
17
100
AcDbEntity
  8
LOWER
100
AcDbLine
 10
215541.13104713566
 20
92014.78363815315
 30
350.0
 11
215145.8980337503
 21
91526.71151375484
 31
350.0
  0
LINE
  5
16E
330
17
100
AcDbEntity
  8
LOWER
100
AcDbLine
 10
215145.8980337503
 20
91526.71151375484
 30
350.0
 11
214803.84757729337
 21
91000.0
 31
350.0
  0
LINE
  5
16F
330
17
100
AcDbEntity
  8
LOWER
100
AcDbLine
 10
214803.84757729337
 20
91000.0
 30
350.0
 11
214518.72725414438
 21
90440.4198584548
 31
350.0
  0
LINE
  5
170
330
17
100
AcDbEntity
  8
LOWER
100
AcDbLine
 10
214518.72725414438
 20
90440.4198584548
 30
350.0
 11
214293.66090222908
 21
89854.10196624968
 31
350.0
  0
LINE
  5
171
330
17
100
AcDbEntity
  8
LOWER
100
AcDbLine
 10
214293.66090222908
 20
89854.10196624968
 30
350.0
 11
214131.11439559716
 21
89247.47014490656
 31
350.0
  0
LINE
  5
172
330
17
100
AcDbEntity
  8
LOWER
100
AcDbLine
 10
214131.11439559716
 20
89247.47014490656
 30
350.0
 11
214032.86862779036
 21
88627.17077960592
 31
350.0
  0
LINE
  5
173
330
17
100
AcDbEntity
  8
LOWER
100
AcDbLine
 10
214032.86862779036
 20
88627.17077960592
 30
350.0
 11
214000.0
 21
88000.0
 31
350.0
  0
LINE
  5
174
330
17
100
AcDbEntity
  8
LOWER
100
AcDbLine
 10
214000.0
 20
88000.0
 30
350.0
 11
214000.0
 21
87375.0
 31
350.0
  0
LINE
  5
175
330
17
100
AcDbEntity
  8
LOWER
100
AcDbLine
 10
214000.0
 20
87375.0
 30
350.0
 11
214000.0
 21
86750.0
 31
350.0
  0
LINE
  5
176
330
17
100
AcDbEntity
  8
LOWER
100
AcDbLine
 10
214000.0
 20
86750.0
 30
350.0
 11
214000.0
 21
86125.0
 31
350.0
  0
LINE
  5
177
330
17
100
AcDbEntity
  8
LOWER
100
AcDbLine
 10
214000.0
 20
86125.0
 30
350.0
 11
214000.0
 21
85500.0
 31
350.0
  0
LINE
  5
178
330
17
100
AcDbEntity
  8
LOWER
100
AcDbLine
 10
214000.0
 20
85500.0
 30
350.0
 11
214000.0
 21
84875.0
 31
350.0
  0
LINE
  5
179
330
17
100
AcDbEntity
  8
LOWER
100
AcDbLine
 10
214000.0
 20
84875.0
 30
350.0
 11
214000.0
 21
84250.0
 31
350.0
  0
LINE
  5
17A
330
17
100
AcDbEntity
  8
LOWER
100
AcDbLine
 10
214000.0
 20
84250.0
 30
350.0
 11
214000.0
 21
83625.0
 31
350.0
  0
LINE
  5
17B
330
17
100
AcDbEntity
  8
LOWER
100
AcDbLine
 10
214000.0
 20
83625.0
 30
350.0
 11
214000.0
 21
83000.0
 31
350.0
  0
LINE
  5
17C
330
17
100
AcDbEntity
  8
LOWER
100
AcDbLine
 10
214000.0
 20
83000.0
 30
350.0
 11
214000.0
 21
82375.0
 31
350.0
  0
LINE
  5
17D
330
17
100
AcDbEntity
  8
LOWER
100
AcDbLine
 10
214000.0
 20
82375.0
 30
350.0
 11
214000.0
 21
81750.0
 31
350.0
  0
LINE
  5
17E
330
17
100
AcDbEntity
  8
LOWER
100
AcDbLine
 10
214000.0
 20
81750.0
 30
350.0
 11
214000.0
 21
81125.0
 31
350.0
  0
LINE
  5
17F
330
17
100
AcDbEntity
  8
LOWER
100
AcDbLine
 10
214000.0
 20
81125.0
 30
350.0
 11
214000.0
 21
80500.0
 31
350.0
  0
LINE
  5
180
330
17
100
AcDbEntity
  8
LOWER
100
AcDbLine
 10
214000.0
 20
80500.0
 30
350.0
 11
214000.0
 21
79875.0
 31
350.0
  0
LINE
  5
181
330
17
100
AcDbEntity
  8
LOWER
100
AcDbLine
 10
214000.0
 20
79875.0
 30
350.0
 11
214000.0
 21
79250.0
 31
350.0
  0
LINE
  5
182
330
17
100
AcDbEntity
  8
LOWER
100
AcDbLine
 10
214000.0
 20
79250.0
 30
350.0
 11
214000.0
 21
78625.0
 31
350.0
  0
LINE
  5
183
330
17
100
AcDbEntity
  8
LOWER
100
AcDbLine
 10
214000.0
 20
78625.0
 30
350.0
 11
214000.0
 21
78000.0
 31
350.0
  0
LINE
  5
184
330
17
100
AcDbEntity
  8
LOWER
100
AcDbLine
 10
214000.0
 20
78000.0
 30
350.0
 11
213967.13137220964
 21
77372.82922039408
 31
350.0
  0
LINE
  5
185
330
17
100
AcDbEntity
  8
LOWER
100
AcDbLine
 10
213967.13137220964
 20
77372.82922039408
 30
350.0
 11
213868.88560440284
 21
76752.52985509344
 31
350.0
  0
LINE
  5
186
330
17
100
AcDbEntity
  8
LOWER
100
AcDbLine
 10
213868.88560440284
 20
76752.52985509344
 30
350.0
 11
213706.33909777092
 21
76145.89803375032
 31
350.0
  0
LINE
  5
187
330
17
100
AcDbEntity
  8
LOWER
100
AcDbLine
 10
213706.33909777092
 20
76145.89803375032
 30
350.0
 11
213481.27274585562
 21
75559.5801415452
 31
350.0
  0
LINE
  5
188
330
17
100
AcDbEntity
  8
LOWER
100
AcDbLine
 10
213481.27274585562
 20
75559.5801415452
 30
350.0
 11
213196.15242270663
 21
75000.0
 31
350.0
  0
LINE
  5
189
330
17
100
AcDbEntity
  8
LOWER
100
AcDbLine
 10
213196.15242270663
 20
75000.0
 30
350.0
 11
212854.1019662497
 21
74473.28848624516
 31
350.0
  0
LINE
  5
18A
330
17
100
AcDbEntity
  8
LOWER
100
AcDbLine
 10
212854.1019662497
 20
74473.28848624516
 30
350.0
 11
212458.86895286434
 21
73985.21636184685
 31
350.0
  0
LINE
  5
18B
330
17
100
AcDbEntity
  8
LOWER
100
AcDbLine
 10
212458.86895286434
 20
73985.21636184685
 30
350.0
 11
212014.78363815314
 21
73541.13104713564
 31
350.0
  0
LINE
  5
18C
330
17
100
AcDbEntity
  8
LOWER
100
AcDbLine
 10
212014.78363815314
 20
73541.13104713564
 30
350.0
 11
211526.71151375482
 21
73145.89803375032
 31
350.0
  0
LINE
  5
18D
330
17
100
AcDbEntity
  8
LOWER
100
AcDbLine
 10
211526.71151375482
 20
73145.89803375032
 30
350.0
 11
211000.0
 21
72803.84757729337
 31
350.0
  0
LINE
  5
18E
330
17
100
AcDbEntity
  8
LOWER
100
AcDbLine
 10
211000.0
 20
72803.84757729337
 30
350.0
 11
210440.41985845478
 21
72518.7272541444
 31
350.0
  0
LINE
  5
18F
330
17
100
AcDbEntity
  8
LOWER
100
AcDbLine
 10
210440.41985845478
 20
72518.7272541444
 30
350.0
 11
209854.1019662497
 21
72293.66090222908
 31
350.0
  0
LINE
  5
190
330
17
100
AcDbEntity
  8
LOWER
100
AcDbLine
 10
209854.1019662497
 20
72293.66090222908
 30
350.0
 11
209247.47014490655
 21
72131.11439559716
 31
350.0
  0
LINE
  5
191
330
17
100
AcDbEntity
  8
LOWER
100
AcDbLine
 10
209247.47014490655
 20
72131.11439559716
 30
350.0
 11
208627.17077960592
 21
72032.86862779036
 31
350.0
  0
LINE
  5
192
330
17
100
AcDbEntity
  8
LOWER
100
AcDbLine
 10
208627.17077960592
 20
72032.86862779036
 30
350.0
 11
208000.0
 21
72000.0
 31
350.0
  0
LINE
  5
193
330
17
100
AcDbEntity
  8
LOWER
100
AcDbLine
 10
208000.0
 20
72000.0
 30
350.0
 11
207428.57142857142
 21
72000.0
 31
350.0
  0
LINE
  5
194
330
17
100
AcDbEntity
  8
LOWER
100
AcDbLine
 10
207428.57142857142
 20
72000.0
 30
350.0
 11
206857.14285714287
 21
72000.0
 31
350.0
  0
LINE
  5
195
330
17
100
AcDbEntity
  8
LOWER
100
AcDbLine
 10
206857.14285714287
 20
72000.0
 30
350.0
 11
206285.7142857143
 21
72000.0
 31
350.0
  0
LINE
  5
196
330
17
100
AcDbEntity
  8
LOWER
100
AcDbLine
 10
206285.7142857143
 20
72000.0
 30
350.0
 11
205714.2857142857
 21
72000.0
 31
350.0
  0
LINE
  5
197
330
17
100
AcDbEntity
  8
LOWER
100
AcDbLine
 10
205714.2857142857
 20
72000.0
 30
350.0
 11
205142.85714285713
 21
72000.0
 31
350.0
  0
LINE
  5
198
330
17
100
AcDbEntity
  8
LOWER
100
AcDbLine
 10
205142.85714285713
 20
72000.0
 30
350.0
 11
204571.42857142858
 21
72000.0
 31
350.0
  0
LINE
  5
199
330
17
100
AcDbEntity
  8
LOWER
100
AcDbLine
 10
204571.42857142858
 20
72000.0
 30
350.0
 11
204000.0
 21
72000.0
 31
350.0
  0
LINE
  5
19A
330
17
100
AcDbEntity
  8
LOWER
100
AcDbLine
 10
204000.0
 20
72000.0
 30
350.0
 11
203372.82922039408
 21
72032.86862779035
 31
350.0
  0
LINE
  5
19B
330
17
100
AcDbEntity
  8
LOWER
100
AcDbLine
 10
203372.82922039408
 20
72032.86862779035
 30
350.0
 11
202752.52985509345
 21
72131.11439559716
 31
350.0
  0
LINE
  5
19C
330
17
100
AcDbEntity
  8
LOWER
100
AcDbLine
 10
202752.52985509345
 20
72131.11439559716
 30
350.0
 11
202145.8980337503
 21
72293.66090222908
 31
350.0
  0
LINE
  5
19D
330
17
100
AcDbEntity
  8
LOWER
100
AcDbLine
 10
202145.8980337503
 20
72293.66090222908
 30
350.0
 11
201559.58014154522
 21
72518.7272541444
 31
350.0
  0
LINE
  5
19E
330
17
100
AcDbEntity
  8
LOWER
100
AcDbLine
 10
201559.58014154522
 20
72518.7272541444
 30
350.0
 11
201000.0
 21
72803.84757729337
 31
350.0
  0
LINE
  5
19F
330
17
100
AcDbEntity
  8
LOWER
100
AcDbLine
 10
201000.0
 20
72803.84757729337
 30
350.0
 11
200473.28848624518
 21
73145.89803375032
 31
350.0
  0
LINE
  5
1A0
330
17
100
AcDbEntity
  8
LOWER
100
AcDbLine
 10
200473.28848624518
 20
73145.89803375032
 30
350.0
 11
199985.21636184686
 21
73541.13104713564
 31
350.0
  0
LINE
  5
1A1
330
17
100
AcDbEntity
  8
LOWER
100
AcDbLine
 10
199985.21636184686
 20
73541.13104713564
 30
350.0
 11
199541.13104713566
 21
73985.21636184685
 31
350.0
  0
LINE
  5
1A2
330
17
100
AcDbEntity
  8
LOWER
100
AcDbLine
 10
199541.13104713566
 20
73985.21636184685
 30
350.0
 11
199145.8980337503
 21
74473.28848624516
 31
350.0
  0
LINE
  5
1A3
330
17
100
AcDbEntity
  8
LOWER
100
AcDbLine
 10
199145.8980337503
 20
74473.28848624516
 30
350.0
 11
198803.84757729337
 21
75000.0
 31
350.0
  0
LINE
  5
1A4
330
17
100
AcDbEntity
  8
LOWER
100
AcDbLine
 10
198803.84757729337
 20
75000.0
 30
350.0
 11
198518.72725414438
 21
75559.5801415452
 31
350.0
  0
LINE
  5
1A5
330
17
100
AcDbEntity
  8
LOWER
100
AcDbLine
 10
198518.72725414438
 20
75559.5801415452
 30
350.0
 11
198293.66090222908
 21
76145.89803375032
 31
350.0
  0
LINE
  5
1A6
330
17
100
AcDbEntity
  8
LOWER
100
AcDbLine
 10
198293.66090222908
 20
76145.89803375032
 30
350.0
 11
198131.11439559716
 21
76752.52985509344
 31
350.0
  0
LINE
  5
1A7
330
17
100
AcDbEntity
  8
LOWER
100
AcDbLine
 10
198131.11439559716
 20
76752.52985509344
 30
350.0
 11
198032.86862779036
 21
77372.82922039408
 31
350.0
  0
LINE
  5
1A8
330
17
100
AcDbEntity
  8
LOWER
100
AcDbLine
 10
198032.86862779036
 20
77372.82922039408
 30
350.0
 11
198000.0
 21
78000.0
 31
350.0
  0
LINE
  5
1A9
330
17
100
AcDbEntity
  8
LOWER
100
AcDbLine
 10
198000.0
 20
78000.0
 30
350.0
 11
198000.0
 21
78647.05882352943
 31
350.0
  0
LINE
  5
1AA
330
17
100
AcDbEntity
  8
LOWER
100
AcDbLine
 10
198000.0
 20
78647.05882352943
 30
350.0
 11
198000.0
 21
79294.11764705883
 31
350.0
  0
LINE
  5
1AB
330
17
100
AcDbEntity
  8
LOWER
100
AcDbLine
 10
198000.0
 20
79294.11764705883
 30
350.0
 11
198000.0
 21
79941.17647058824
 31
350.0
  0
LINE
  5
1AC
330
17
100
AcDbEntity
  8
LOWER
100
AcDbLine
 10
198000.0
 20
79941.17647058824
 30
350.0
 11
198000.0
 21
80588.23529411765
 31
350.0
  0
LINE
  5
1AD
330
17
100
AcDbEntity
  8
LOWER
100
AcDbLine
 10
198000.0
 20
80588.23529411765
 30
350.0
 11
198000.0
 21
81235.29411764706
 31
350.0
  0
LINE
  5
1AE
330
17
100
AcDbEntity
  8
LOWER
100
AcDbLine
 10
198000.0
 20
81235.29411764706
 30
350.0
 11
198000.0
 21
81882.35294117646
 31
350.0
  0
LINE
  5
1AF
330
17
100
AcDbEntity
  8
LOWER
100
AcDbLine
 10
198000.0
 20
81882.35294117646
 30
350.0
 11
198000.0
 21
82529.41176470589
 31
350.0
  0
LINE
  5
1B0
330
17
100
AcDbEntity
  8
LOWER
100
AcDbLine
 10
198000.0
 20
82529.41176470589
 30
350.0
 11
198000.0
 21
83176.4705882353
 31
350.0
  0
LINE
  5
1B1
330
17
100
AcDbEntity
  8
LOWER
100
AcDbLine
 10
198000.0
 20
83176.4705882353
 30
350.0
 11
198000.0
 21
83823.5294117647
 31
350.0
  0
LINE
  5
1B2
330
17
100
AcDbEntity
  8
LOWER
100
AcDbLine
 10
198000.0
 20
83823.5294117647
 30
350.0
 11
198000.0
 21
84470.58823529411
 31
350.0
  0
LINE
  5
1B3
330
17
100
AcDbEntity
  8
LOWER
100
AcDbLine
 10
198000.0
 20
84470.58823529411
 30
350.0
 11
198000.0
 21
85117.64705882354
 31
350.0
  0
LINE
  5
1B4
330
17
100
AcDbEntity
  8
LOWER
100
AcDbLine
 10
198000.0
 20
85117.64705882354
 30
350.0
 11
198000.0
 21
85764.70588235294
 31
350.0
  0
LINE
  5
1B5
330
17
100
AcDbEntity
  8
LOWER
100
AcDbLine
 10
198000.0
 20
85764.70588235294
 30
350.0
 11
198000.0
 21
86411.76470588235
 31
350.0
  0
LINE
  5
1B6
330
17
100
AcDbEntity
  8
LOWER
100
AcDbLine
 10
198000.0
 20
86411.76470588235
 30
350.0
 11
198000.0
 21
87058.82352941176
 31
350.0
  0
LINE
  5
1B7
330
17
100
AcDbEntity
  8
LOWER
100
AcDbLine
 10
198000.0
 20
87058.82352941176
 30
350.0
 11
198000.0
 21
87705.88235294117
 31
350.0
  0
LINE
  5
1B8
330
17
100
AcDbEntity
  8
LOWER
100
AcDbLine
 10
198000.0
 20
87705.88235294117
 30
350.0
 11
198000.0
 21
88352.94117647057
 31
350.0
  0
LINE
  5
1B9
330
17
100
AcDbEntity
  8
LOWER
100
AcDbLine
 10
198000.0
 20
88352.94117647057
 30
350.0
 11
198000.0
 21
89000.0
 31
350.0
  0
LINE
  5
1BA
330
17
100
AcDbEntity
  8
LOWER
100
AcDbLine
 10
198000.0
 20
89000.0
 30
350.0
 11
198000.0
 21
89647.05882352943
 31
350.0
  0
LINE
  5
1BB
330
17
100
AcDbEntity
  8
LOWER
100
AcDbLine
 10
198000.0
 20
89647.05882352943
 30
350.0
 11
198000.0
 21
90294.11764705883
 31
350.0
  0
LINE
  5
1BC
330
17
100
AcDbEntity
  8
LOWER
100
AcDbLine
 10
198000.0
 20
90294.11764705883
 30
350.0
 11
198000.0
 21
90941.17647058824
 31
350.0
  0
LINE
  5
1BD
330
17
100
AcDbEntity
  8
LOWER
100
AcDbLine
 10
198000.0
 20
90941.17647058824
 30
350.0
 11
198000.0
 21
91588.23529411765
 31
350.0
  0
LINE
  5
1BE
330
17
100
AcDbEntity
  8
LOWER
100
AcDbLine
 10
198000.0
 20
91588.23529411765
 30
350.0
 11
198000.0
 21
92235.29411764706
 31
350.0
  0
LINE
  5
1BF
330
17
100
AcDbEntity
  8
LOWER
100
AcDbLine
 10
198000.0
 20
92235.29411764706
 30
350.0
 11
198000.0
 21
92882.35294117646
 31
350.0
  0
LINE
  5
1C0
330
17
100
AcDbEntity
  8
LOWER
100
AcDbLine
 10
198000.0
 20
92882.35294117646
 30
350.0
 11
198000.0
 21
93529.41176470589
 31
350.0
  0
LINE
  5
1C1
330
17
100
AcDbEntity
  8
LOWER
100
AcDbLine
 10
198000.0
 20
93529.41176470589
 30
350.0
 11
198000.0
 21
94176.4705882353
 31
350.0
  0
LINE
  5
1C2
330
17
100
AcDbEntity
  8
LOWER
100
AcDbLine
 10
198000.0
 20
94176.4705882353
 30
350.0
 11
198000.0
 21
94823.5294117647
 31
350.0
  0
LINE
  5
1C3
330
17
100
AcDbEntity
  8
LOWER
100
AcDbLine
 10
198000.0
 20
94823.5294117647
 30
350.0
 11
198000.0
 21
95470.58823529411
 31
350.0
  0
LINE
  5
1C4
330
17
100
AcDbEntity
  8
LOWER
100
AcDbLine
 10
198000.0
 20
95470.58823529411
 30
350.0
 11
198000.0
 21
96117.64705882354
 31
350.0
  0
LINE
  5
1C5
330
17
100
AcDbEntity
  8
LOWER
100
AcDbLine
 10
198000.0
 20
96117.64705882354
 30
350.0
 11
198000.0
 21
96764.70588235294
 31
350.0
  0
LINE
  5
1C6
330
17
100
AcDbEntity
  8
LOWER
100
AcDbLine
 10
198000.0
 20
96764.70588235294
 30
350.0
 11
198000.0
 21
97411.76470588235
 31
350.0
  0
LINE
  5
1C7
330
17
100
AcDbEntity
  8
LOWER
100
AcDbLine
 10
198000.0
 20
97411.76470588235
 30
350.0
 11
198000.0
 21
98058.82352941176
 31
350.0
  0
LINE
  5
1C8
330
17
100
AcDbEntity
  8
LOWER
100
AcDbLine
 10
198000.0
 20
98058.82352941176
 30
350.0
 11
198000.0
 21
98705.88235294117
 31
350.0
  0
LINE
  5
1C9
330
17
100
AcDbEntity
  8
LOWER
100
AcDbLine
 10
198000.0
 20
98705.88235294117
 30
350.0
 11
198000.0
 21
99352.94117647057
 31
350.0
  0
LINE
  5
1CA
330
17
100
AcDbEntity
  8
LOWER
100
AcDbLine
 10
198000.0
 20
99352.94117647057
 30
350.0
 11
198000.0
 21
100000.0
 31
350.0
  0
LINE
  5
1CB
330
17
100
AcDbEntity
  8
LOWER
100
AcDbLine
 10
198000.0
 20
100000.0
 30
350.0
 11
198000.0
 21
100647.05882352941
 31
350.0
  0
LINE
  5
1CC
330
17
100
AcDbEntity
  8
LOWER
100
AcDbLine
 10
198000.0
 20
100647.05882352941
 30
350.0
 11
198000.0
 21
101294.11764705883
 31
350.0
  0
LINE
  5
1CD
330
17
100
AcDbEntity
  8
LOWER
100
AcDbLine
 10
198000.0
 20
101294.11764705883
 30
350.0
 11
198000.0
 21
101941.17647058824
 31
350.0
  0
LINE
  5
1CE
330
17
100
AcDbEntity
  8
LOWER
100
AcDbLine
 10
198000.0
 20
101941.17647058824
 30
350.0
 11
198000.0
 21
102588.23529411765
 31
350.0
  0
LINE
  5
1CF
330
17
100
AcDbEntity
  8
LOWER
100
AcDbLine
 10
198000.0
 20
102588.23529411765
 30
350.0
 11
198000.0
 21
103235.29411764706
 31
350.0
  0
LINE
  5
1D0
330
17
100
AcDbEntity
  8
LOWER
100
AcDbLine
 10
198000.0
 20
103235.29411764706
 30
350.0
 11
198000.0
 21
103882.35294117646
 31
350.0
  0
LINE
  5
1D1
330
17
100
AcDbEntity
  8
LOWER
100
AcDbLine
 10
198000.0
 20
103882.35294117646
 30
350.0
 11
198000.0
 21
104529.41176470589
 31
350.0
  0
LINE
  5
1D2
330
17
100
AcDbEntity
  8
LOWER
100
AcDbLine
 10
198000.0
 20
104529.41176470589
 30
350.0
 11
198000.0
 21
105176.4705882353
 31
350.0
  0
LINE
  5
1D3
330
17
100
AcDbEntity
  8
LOWER
100
AcDbLine
 10
198000.0
 20
105176.4705882353
 30
350.0
 11
198000.0
 21
105823.5294117647
 31
350.0
  0
LINE
  5
1D4
330
17
100
AcDbEntity
  8
LOWER
100
AcDbLine
 10
198000.0
 20
105823.5294117647
 30
350.0
 11
198000.0
 21
106470.58823529411
 31
350.0
  0
LINE
  5
1D5
330
17
100
AcDbEntity
  8
LOWER
100
AcDbLine
 10
198000.0
 20
106470.58823529411
 30
350.0
 11
198000.0
 21
107117.64705882354
 31
350.0
  0
LINE
  5
1D6
330
17
100
AcDbEntity
  8
LOWER
100
AcDbLine
 10
198000.0
 20
107117.64705882354
 30
350.0
 11
198000.0
 21
107764.70588235294
 31
350.0
  0
LINE
  5
1D7
330
17
100
AcDbEntity
  8
LOWER
100
AcDbLine
 10
198000.0
 20
107764.70588235294
 30
350.0
 11
198000.0
 21
108411.76470588235
 31
350.0
  0
LINE
  5
1D8
330
17
100
AcDbEntity
  8
LOWER
100
AcDbLine
 10
198000.0
 20
108411.76470588235
 30
350.0
 11
198000.0
 21
109058.82352941176
 31
350.0
  0
LINE
  5
1D9
330
17
100
AcDbEntity
  8
LOWER
100
AcDbLine
 10
198000.0
 20
109058.82352941176
 30
350.0
 11
198000.0
 21
109705.88235294117
 31
350.0
  0
LINE
  5
1DA
330
17
100
AcDbEntity
  8
LOWER
100
AcDbLine
 10
198000.0
 20
109705.88235294117
 30
350.0
 11
198000.0
 21
110352.94117647059
 31
350.0
  0
LINE
  5
1DB
330
17
100
AcDbEntity
  8
LOWER
100
AcDbLine
 10
198000.0
 20
110352.94117647059
 30
350.0
 11
198000.0
 21
111000.0
 31
350.0
  0
LINE
  5
1DC
330
17
100
AcDbEntity
  8
LOWER
100
AcDbLine
 10
198000.0
 20
111000.0
 30
350.0
 11
198000.0
 21
111647.05882352941
 31
350.0
  0
LINE
  5
1DD
330
17
100
AcDbEntity
  8
LOWER
100
AcDbLine
 10
198000.0
 20
111647.05882352941
 30
350.0
 11
198000.0
 21
112294.11764705883
 31
350.0
  0
LINE
  5
1DE
330
17
100
AcDbEntity
  8
LOWER
100
AcDbLine
 10
198000.0
 20
112294.11764705883
 30
350.0
 11
198000.0
 21
112941.17647058824
 31
350.0
  0
LINE
  5
1DF
330
17
100
AcDbEntity
  8
LOWER
100
AcDbLine
 10
198000.0
 20
112941.17647058824
 30
350.0
 11
198000.0
 21
113588.23529411765
 31
350.0
  0
LINE
  5
1E0
330
17
100
AcDbEntity
  8
LOWER
100
AcDbLine
 10
198000.0
 20
113588.23529411765
 30
350.0
 11
198000.0
 21
114235.29411764706
 31
350.0
  0
LINE
  5
1E1
330
17
100
AcDbEntity
  8
LOWER
100
AcDbLine
 10
198000.0
 20
114235.29411764706
 30
350.0
 11
198000.0
 21
114882.35294117646
 31
350.0
  0
LINE
  5
1E2
330
17
100
AcDbEntity
  8
LOWER
100
AcDbLine
 10
198000.0
 20
114882.35294117646
 30
350.0
 11
198000.0
 21
115529.41176470589
 31
350.0
  0
LINE
  5
1E3
330
17
100
AcDbEntity
  8
LOWER
100
AcDbLine
 10
198000.0
 20
115529.41176470589
 30
350.0
 11
198000.0
 21
116176.4705882353
 31
350.0
  0
LINE
  5
1E4
330
17
100
AcDbEntity
  8
LOWER
100
AcDbLine
 10
198000.0
 20
116176.4705882353
 30
350.0
 11
198000.0
 21
116823.5294117647
 31
350.0
  0
LINE
  5
1E5
330
17
100
AcDbEntity
  8
LOWER
100
AcDbLine
 10
198000.0
 20
116823.5294117647
 30
350.0
 11
198000.0
 21
117470.58823529411
 31
350.0
  0
LINE
  5
1E6
330
17
100
AcDbEntity
  8
LOWER
100
AcDbLine
 10
198000.0
 20
117470.58823529411
 30
350.0
 11
198000.0
 21
118117.64705882354
 31
350.0
  0
LINE
  5
1E7
330
17
100
AcDbEntity
  8
LOWER
100
AcDbLine
 10
198000.0
 20
118117.64705882354
 30
350.0
 11
198000.0
 21
118764.70588235294
 31
350.0
  0
LINE
  5
1E8
330
17
100
AcDbEntity
  8
LOWER
100
AcDbLine
 10
198000.0
 20
118764.70588235294
 30
350.0
 11
198000.0
 21
119411.76470588235
 31
350.0
  0
LINE
  5
1E9
330
17
100
AcDbEntity
  8
LOWER
100
AcDbLine
 10
198000.0
 20
119411.76470588235
 30
350.0
 11
198000.0
 21
120058.82352941176
 31
350.0
  0
LINE
  5
1EA
330
17
100
AcDbEntity
  8
LOWER
100
AcDbLine
 10
198000.0
 20
120058.82352941176
 30
350.0
 11
198000.0
 21
120705.88235294117
 31
350.0
  0
LINE
  5
1EB
330
17
100
AcDbEntity
  8
LOWER
100
AcDbLine
 10
198000.0
 20
120705.88235294117
 30
350.0
 11
198000.0
 21
121352.94117647059
 31
350.0
  0
LINE
  5
1EC
330
17
100
AcDbEntity
  8
LOWER
100
AcDbLine
 10
198000.0
 20
121352.94117647059
 30
350.0
 11
198000.0
 21
122000.0
 31
350.0
  0
LINE
  5
1ED
330
17
100
AcDbEntity
  8
LOWER
100
AcDbLine
 10
198000.0
 20
122000.0
 30
350.0
 11
198032.86862779036
 21
122627.17077960592
 31
350.0
  0
LINE
  5
1EE
330
17
100
AcDbEntity
  8
LOWER
100
AcDbLine
 10
198032.86862779036
 20
122627.17077960592
 30
350.0
 11
198131.11439559716
 21
123247.47014490656
 31
350.0
  0
LINE
  5
1EF
330
17
100
AcDbEntity
  8
LOWER
100
AcDbLine
 10
198131.11439559716
 20
123247.47014490656
 30
350.0
 11
198293.66090222908
 21
123854.10196624968
 31
350.0
  0
LINE
  5
1F0
330
17
100
AcDbEntity
  8
LOWER
100
AcDbLine
 10
198293.66090222908
 20
123854.10196624968
 30
350.0
 11
198518.72725414438
 21
124440.4198584548
 31
350.0
  0
LINE
  5
1F1
330
17
100
AcDbEntity
  8
LOWER
100
AcDbLine
 10
198518.72725414438
 20
124440.4198584548
 30
350.0
 11
198803.84757729337
 21
125000.0
 31
350.0
  0
LINE
  5
1F2
330
17
100
AcDbEntity
  8
LOWER
100
AcDbLine
 10
198803.84757729337
 20
125000.0
 30
350.0
 11
199145.8980337503
 21
125526.71151375484
 31
350.0
  0
LINE
  5
1F3
330
17
100
AcDbEntity
  8
LOWER
100
AcDbLine
 10
199145.8980337503
 20
125526.71151375484
 30
350.0
 11
199541.13104713566
 21
126014.78363815315
 31
350.0
  0
LINE
  5
1F4
330
17
100
AcDbEntity
  8
LOWER
100
AcDbLine
 10
199541.13104713566
 20
126014.78363815315
 30
350.0
 11
199985.21636184686
 21
126458.86895286436
 31
350.0
  0
LINE
  5
1F5
330
17
100
AcDbEntity
  8
LOWER
100
AcDbLine
 10
199985.21636184686
 20
126458.86895286436
 30
350.0
 11
200473.28848624518
 21
126854.10196624968
 31
350.0
  0
LINE
  5
1F6
330
17
100
AcDbEntity
  8
LOWER
100
AcDbLine
 10
200473.28848624518
 20
126854.10196624968
 30
350.0
 11
201000.0
 21
127196.15242270663
 31
350.0
  0
LINE
  5
1F7
330
17
100
AcDbEntity
  8
LOWER
100
AcDbLine
 10
201000.0
 20
127196.15242270663
 30
350.0
 11
201559.58014154522
 21
127481.2727458556
 31
350.0
  0
LINE
  5
1F8
330
17
100
AcDbEntity
  8
LOWER
100
AcDbLine
 10
201559.58014154522
 20
127481.2727458556
 30
350.0
 11
202145.8980337503
 21
127706.33909777092
 31
350.0
  0
LINE
  5
1F9
330
17
100
AcDbEntity
  8
LOWER
100
AcDbLine
 10
202145.8980337503
 20
127706.33909777092
 30
350.0
 11
202752.52985509345
 21
127868.88560440284
 31
350.0
  0
LINE
  5
1FA
330
17
100
AcDbEntity
  8
LOWER
100
AcDbLine
 10
202752.52985509345
 20
127868.88560440284
 30
350.0
 11
203372.82922039408
 21
127967.13137220964
 31
350.0
  0
LINE
  5
1FB
330
17
100
AcDbEntity
  8
LOWER
100
AcDbLine
 10
203372.82922039408
 20
127967.13137220964
 30
350.0
 11
204000.0
 21
128000.0
 31
350.0
  0
LINE
  5
1FC
330
17
100
AcDbEntity
  8
LOWER
100
AcDbLine
 10
204000.0
 20
128000.0
 30
350.0
 11
204648.64864864864
 21
128000.0
 31
350.5726462401042
  0
LINE
  5
1FD
330
17
100
AcDbEntity
  8
LOWER
100
AcDbLine
 10
204648.64864864864
 20
128000.0
 30
350.5726462401042
 11
205297.29729729728
 21
128000.0
 31
352.280220322587
  0
LINE
  5
1FE
330
17
100
AcDbEntity
  8
LOWER
100
AcDbLine
 10
205297.29729729728
 20
128000.0
 30
352.280220322587
 11
205945.94594594595
 21
128000.0
 31
355.1071752907034
  0
LINE
  5
1FF
330
17
100
AcDbEntity
  8
LOWER
100
AcDbLine
 10
205945.94594594595
 20
128000.0
 30
355.1071752907034
 11
206594.5945945946
 21
128000.0
 31
359.0379641877085
  0
LINE
  5
200
330
17
100
AcDbEntity
  8
LOWER
100
AcDbLine
 10
206594.5945945946
 20
128000.0
 30
359.0379641877085
 11
207243.24324324323
 21
128000.0
 31
364.05704005685743
  0
LINE
  5
201
330
17
100
AcDbEntity
  8
LOWER
100
AcDbLine
 10
207243.24324324323
 20
128000.0
 30
364.05704005685743
 11
207891.8918918919
 21
128000.0
 31
370.14885594140526
  0
LINE
  5
202
330
17
100
AcDbEntity
  8
LOWER
100
AcDbLine
 10
207891.8918918919
 20
128000.0
 30
370.14885594140526
 11
208540.54054054056
 21
128000.0
 31
377.29786488460707
  0
LINE
  5
203
330
17
100
AcDbEntity
  8
LOWER
100
AcDbLine
 10
208540.54054054056
 20
128000.0
 30
377.29786488460707
 11
209189.1891891892
 21
128000.0
 31
385.4885199297179
  0
LINE
  5
204
330
17
100
AcDbEntity
  8
LOWER
100
AcDbLine
 10
209189.1891891892
 20
128000.0
 30
385.4885199297179
 11
209837.83783783784
 21
128000.0
 31
394.7052741199929
  0
LINE
  5
205
330
17
100
AcDbEntity
  8
LOWER
100
AcDbLine
 10
209837.83783783784
 20
128000.0
 30
394.7052741199929
 11
210486.48648648648
 21
128000.0
 31
404.9325804986871
  0
LINE
  5
206
330
17
100
AcDbEntity
  8
LOWER
100
AcDbLine
 10
210486.48648648648
 20
128000.0
 30
404.9325804986871
 11
211135.13513513512
 21
128000.0
 31
416.15489210905577
  0
LINE
  5
207
330
17
100
AcDbEntity
  8
LOWER
100
AcDbLine
 10
211135.13513513512
 20
128000.0
 30
416.15489210905577
 11
211783.7837837838
 21
128000.0
 31
428.3566619943537
  0
LINE
  5
208
330
17
100
AcDbEntity
  8
LOWER
100
AcDbLine
 10
211783.7837837838
 20
128000.0
 30
428.3566619943537
 11
212432.43243243246
 21
128000.0
 31
441.5223431978362
  0
LINE
  5
209
330
17
100
AcDbEntity
  8
LOWER
100
AcDbLine
 10
212432.43243243246
 20
128000.0
 30
441.5223431978362
 11
213081.0810810811
 21
128000.0
 31
455.6363887627584
  0
LINE
  5
20A
330
17
100
AcDbEntity
  8
LOWER
100
AcDbLine
 10
213081.0810810811
 20
128000.0
 30
455.6363887627584
 11
213729.72972972973
 21
128000.0
 31
470.6832517323752
  0
LINE
  5
20B
330
17
100
AcDbEntity
  8
LOWER
100
AcDbLine
 10
213729.72972972973
 20
128000.0
 30
470.6832517323752
 11
214378.37837837837
 21
128000.0
 31
486.6473851499418
  0
LINE
  5
20C
330
17
100
AcDbEntity
  8
LOWER
100
AcDbLine
 10
214378.37837837837
 20
128000.0
 30
486.6473851499418
 11
215027.02702702704
 21
128000.0
 31
503.51324205871316
  0
LINE
  5
20D
330
17
100
AcDbEntity
  8
LOWER
100
AcDbLine
 10
215027.02702702704
 20
128000.0
 30
503.51324205871316
 11
215675.67567567568
 21
128000.0
 31
521.2652755019445
  0
LINE
  5
20E
330
17
100
AcDbEntity
  8
LOWER
100
AcDbLine
 10
215675.67567567568
 20
128000.0
 30
521.2652755019445
 11
216324.32432432432
 21
128000.0
 31
539.887938522891
  0
LINE
  5
20F
330
17
100
AcDbEntity
  8
LOWER
100
AcDbLine
 10
216324.32432432432
 20
128000.0
 30
539.887938522891
 11
216972.97297297296
 21
128000.0
 31
559.3656841648076
  0
LINE
  5
210
330
17
100
AcDbEntity
  8
LOWER
100
AcDbLine
 10
216972.97297297296
 20
128000.0
 30
559.3656841648076
 11
217621.62162162163
 21
128000.0
 31
579.6829654709493
  0
LINE
  5
211
330
17
100
AcDbEntity
  8
LOWER
100
AcDbLine
 10
217621.62162162163
 20
128000.0
 30
579.6829654709493
 11
218270.27027027027
 21
128000.0
 31
600.8242354845715
  0
LINE
  5
212
330
17
100
AcDbEntity
  8
LOWER
100
AcDbLine
 10
218270.27027027027
 20
128000.0
 30
600.8242354845715
 11
218918.9189189189
 21
128000.0
 31
622.7739472489288
  0
LINE
  5
213
330
17
100
AcDbEntity
  8
LOWER
100
AcDbLine
 10
218918.9189189189
 20
128000.0
 30
622.7739472489288
 11
219567.56756756757
 21
128000.0
 31
645.5165538072769
  0
LINE
  5
214
330
17
100
AcDbEntity
  8
LOWER
100
AcDbLine
 10
219567.56756756757
 20
128000.0
 30
645.5165538072769
 11
220216.2162162162
 21
128000.0
 31
669.0365082028706
  0
LINE
  5
215
330
17
100
AcDbEntity
  8
LOWER
100
AcDbLine
 10
220216.2162162162
 20
128000.0
 30
669.0365082028706
 11
220864.86486486488
 21
128000.0
 31
693.3182634789647
  0
LINE
  5
216
330
17
100
AcDbEntity
  8
LOWER
100
AcDbLine
 10
220864.86486486488
 20
128000.0
 30
693.3182634789647
 11
221513.51351351352
 21
128000.0
 31
718.3462726788147
  0
LINE
  5
217
330
17
100
AcDbEntity
  8
LOWER
100
AcDbLine
 10
221513.51351351352
 20
128000.0
 30
718.3462726788147
 11
222162.16216216216
 21
128000.0
 31
744.1049888456754
  0
LINE
  5
218
330
17
100
AcDbEntity
  8
LOWER
100
AcDbLine
 10
222162.16216216216
 20
128000.0
 30
744.1049888456754
 11
222810.8108108108
 21
128000.0
 31
770.5788650228021
  0
LINE
  5
219
330
17
100
AcDbEntity
  8
LOWER
100
AcDbLine
 10
222810.8108108108
 20
128000.0
 30
770.5788650228021
 11
223459.45945945944
 21
128000.0
 31
797.7523542534499
  0
LINE
  5
21A
330
17
100
AcDbEntity
  8
LOWER
100
AcDbLine
 10
223459.45945945944
 20
128000.0
 30
797.7523542534499
 11
224108.10810810814
 21
128000.0
 31
825.6099095808738
  0
LINE
  5
21B
330
17
100
AcDbEntity
  8
LOWER
100
AcDbLine
 10
224108.10810810814
 20
128000.0
 30
825.6099095808738
 11
224756.75675675677
 21
128000.0
 31
854.135984048329
  0
LINE
  5
21C
330
17
100
AcDbEntity
  8
LOWER
100
AcDbLine
 10
224756.75675675677
 20
128000.0
 30
854.135984048329
 11
225405.4054054054
 21
128000.0
 31
883.3150306990701
  0
LINE
  5
21D
330
17
100
AcDbEntity
  8
LOWER
100
AcDbLine
 10
225405.4054054054
 20
128000.0
 30
883.3150306990701
 11
226054.05405405405
 21
128000.0
 31
913.1315025763529
  0
LINE
  5
21E
330
17
100
AcDbEntity
  8
LOWER
100
AcDbLine
 10
226054.05405405405
 20
128000.0
 30
913.1315025763529
 11
226702.70270270272
 21
128000.0
 31
943.5698527234321
  0
LINE
  5
21F
330
17
100
AcDbEntity
  8
LOWER
100
AcDbLine
 10
226702.70270270272
 20
128000.0
 30
943.5698527234321
 11
227351.35135135136
 21
128000.0
 31
974.6145341835627
  0
LINE
  5
220
330
17
100
AcDbEntity
  8
LOWER
100
AcDbLine
 10
227351.35135135136
 20
128000.0
 30
974.6145341835627
 11
228000.0
 21
128000.0
 31
1006.2500000000001
  0
LINE
  5
221
330
17
100
AcDbEntity
  8
LOWER
100
AcDbLine
 10
228000.0
 20
128000.0
 30
1006.2500000000001
 11
228648.64864864864
 21
128000.0
 31
1038.4607032159988
  0
LINE
  5
222
330
17
100
AcDbEntity
  8
LOWER
100
AcDbLine
 10
228648.64864864864
 20
128000.0
 30
1038.4607032159988
 11
229297.29729729728
 21
128000.0
 31
1071.2310968748147
  0
LINE
  5
223
330
17
100
AcDbEntity
  8
LOWER
100
AcDbLine
 10
229297.29729729728
 20
128000.0
 30
1071.2310968748147
 11
229945.94594594595
 21
128000.0
 31
1104.545634019703
  0
LINE
  5
224
330
17
100
AcDbEntity
  8
LOWER
100
AcDbLine
 10
229945.94594594595
 20
128000.0
 30
1104.545634019703
 11
230594.5945945946
 21
128000.0
 31
1138.3887676939175
  0
LINE
  5
225
330
17
100
AcDbEntity
  8
LOWER
100
AcDbLine
 10
230594.5945945946
 20
128000.0
 30
1138.3887676939175
 11
231243.24324324323
 21
128000.0
 31
1172.7449509407145
  0
LINE
  5
226
330
17
100
AcDbEntity
  8
LOWER
100
AcDbLine
 10
231243.24324324323
 20
128000.0
 30
1172.7449509407145
 11
231891.89189189186
 21
128000.0
 31
1207.5986368033482
  0
LINE
  5
227
330
17
100
AcDbEntity
  8
LOWER
100
AcDbLine
 10
231891.89189189186
 20
128000.0
 30
1207.5986368033482
 11
232540.54054054056
 21
128000.0
 31
1242.9342783250745
  0
LINE
  5
228
330
17
100
AcDbEntity
  8
LOWER
100
AcDbLine
 10
232540.54054054056
 20
128000.0
 30
1242.9342783250745
 11
233189.1891891892
 21
128000.0
 31
1278.7363285491483
  0
LINE
  5
229
330
17
100
AcDbEntity
  8
LOWER
100
AcDbLine
 10
233189.1891891892
 20
128000.0
 30
1278.7363285491483
 11
233837.83783783784
 21
128000.0
 31
1314.989240518824
  0
LINE
  5
22A
330
17
100
AcDbEntity
  8
LOWER
100
AcDbLine
 10
233837.83783783784
 20
128000.0
 30
1314.989240518824
 11
234486.48648648648
 21
128000.0
 31
1351.6774672773577
  0
LINE
  5
22B
330
17
100
AcDbEntity
  8
LOWER
100
AcDbLine
 10
234486.48648648648
 20
128000.0
 30
1351.6774672773577
 11
235135.13513513512
 21
128000.0
 31
1388.7854618680037
  0
LINE
  5
22C
330
17
100
AcDbEntity
  8
LOWER
100
AcDbLine
 10
235135.13513513512
 20
128000.0
 30
1388.7854618680037
 11
235783.7837837838
 21
128000.0
 31
1426.2976773340176
  0
LINE
  5
22D
330
17
100
AcDbEntity
  8
LOWER
100
AcDbLine
 10
235783.7837837838
 20
128000.0
 30
1426.2976773340176
 11
236432.43243243246
 21
128000.0
 31
1464.1985667186543
  0
LINE
  5
22E
330
17
100
AcDbEntity
  8
LOWER
100
AcDbLine
 10
236432.43243243246
 20
128000.0
 30
1464.1985667186543
 11
237081.0810810811
 21
128000.0
 31
1502.4725830651687
  0
LINE
  5
22F
330
17
100
AcDbEntity
  8
LOWER
100
AcDbLine
 10
237081.0810810811
 20
128000.0
 30
1502.4725830651687
 11
237729.72972972973
 21
128000.0
 31
1541.1041794168168
  0
LINE
  5
230
330
17
100
AcDbEntity
  8
LOWER
100
AcDbLine
 10
237729.72972972973
 20
128000.0
 30
1541.1041794168168
 11
238378.37837837837
 21
128000.0
 31
1580.077808816852
  0
LINE
  5
231
330
17
100
AcDbEntity
  8
LOWER
100
AcDbLine
 10
238378.37837837837
 20
128000.0
 30
1580.077808816852
 11
239027.02702702704
 21
128000.0
 31
1619.3779243085307
  0
LINE
  5
232
330
17
100
AcDbEntity
  8
LOWER
100
AcDbLine
 10
239027.02702702704
 20
128000.0
 30
1619.3779243085307
 11
239675.67567567568
 21
128000.0
 31
1658.9889789351075
  0
LINE
  5
233
330
17
100
AcDbEntity
  8
LOWER
100
AcDbLine
 10
239675.67567567568
 20
128000.0
 30
1658.9889789351075
 11
240324.32432432432
 21
128000.0
 31
1698.8954257398375
  0
LINE
  5
234
330
17
100
AcDbEntity
  8
LOWER
100
AcDbLine
 10
240324.32432432432
 20
128000.0
 30
1698.8954257398375
 11
240972.97297297296
 21
128000.0
 31
1739.0817177659765
  0
LINE
  5
235
330
17
100
AcDbEntity
  8
LOWER
100
AcDbLine
 10
240972.97297297296
 20
128000.0
 30
1739.0817177659765
 11
241621.62162162163
 21
128000.0
 31
1779.5323080567784
  0
LINE
  5
236
330
17
100
AcDbEntity
  8
LOWER
100
AcDbLine
 10
241621.62162162163
 20
128000.0
 30
1779.5323080567784
 11
242270.27027027027
 21
128000.0
 31
1820.2316496554993
  0
LINE
  5
237
330
17
100
AcDbEntity
  8
LOWER
100
AcDbLine
 10
242270.27027027027
 20
128000.0
 30
1820.2316496554993
 11
242918.9189189189
 21
128000.0
 31
1861.1641956053936
  0
LINE
  5
238
330
17
100
AcDbEntity
  8
LOWER
100
AcDbLine
 10
242918.9189189189
 20
128000.0
 30
1861.1641956053936
 11
243567.56756756754
 21
128000.0
 31
1902.3143989497164
  0
LINE
  5
239
330
17
100
AcDbEntity
  8
LOWER
100
AcDbLine
 10
243567.56756756754
 20
128000.0
 30
1902.3143989497164
 11
244216.2162162162
 21
128000.0
 31
1943.6667127317237
  0
LINE
  5
23A
330
17
100
AcDbEntity
  8
LOWER
100
AcDbLine
 10
244216.2162162162
 20
128000.0
 30
1943.6667127317237
 11
244864.86486486488
 21
128000.0
 31
1985.2055899946697
  0
LINE
  5
23B
330
17
100
AcDbEntity
  8
LOWER
100
AcDbLine
 10
244864.86486486488
 20
128000.0
 30
1985.2055899946697
 11
245513.51351351352
 21
128000.0
 31
2026.91548378181
  0
LINE
  5
23C
330
17
100
AcDbEntity
  8
LOWER
100
AcDbLine
 10
245513.51351351352
 20
128000.0
 30
2026.91548378181
 11
246162.16216216216
 21
128000.0
 31
2068.7808471363987
  0
LINE
  5
23D
330
17
100
AcDbEntity
  8
LOWER
100
AcDbLine
 10
246162.16216216216
 20
128000.0
 30
2068.7808471363987
 11
246810.8108108108
 21
128000.0
 31
2110.786133101692
  0
LINE
  5
23E
330
17
100
AcDbEntity
  8
LOWER
100
AcDbLine
 10
246810.8108108108
 20
128000.0
 30
2110.786133101692
 11
247459.45945945944
 21
128000.0
 31
2152.915794720944
  0
LINE
  5
23F
330
17
100
AcDbEntity
  8
LOWER
100
AcDbLine
 10
247459.45945945944
 20
128000.0
 30
2152.915794720944
 11
248108.10810810814
 21
128000.0
 31
2195.154285037412
  0
LINE
  5
240
330
17
100
AcDbEntity
  8
LOWER
100
AcDbLine
 10
248108.10810810814
 20
128000.0
 30
2195.154285037412
 11
248756.75675675677
 21
128000.0
 31
2237.486057094348
  0
LINE
  5
241
330
17
100
AcDbEntity
  8
LOWER
100
AcDbLine
 10
248756.75675675677
 20
128000.0
 30
2237.486057094348
 11
249405.4054054054
 21
128000.0
 31
2279.895563935009
  0
LINE
  5
242
330
17
100
AcDbEntity
  8
LOWER
100
AcDbLine
 10
249405.4054054054
 20
128000.0
 30
2279.895563935009
 11
250054.05405405405
 21
128000.0
 31
2322.367258602649
  0
LINE
  5
243
330
17
100
AcDbEntity
  8
LOWER
100
AcDbLine
 10
250054.05405405405
 20
128000.0
 30
2322.367258602649
 11
250702.70270270272
 21
128000.0
 31
2364.8855941405254
  0
LINE
  5
244
330
17
100
AcDbEntity
  8
LOWER
100
AcDbLine
 10
250702.70270270272
 20
128000.0
 30
2364.8855941405254
 11
251351.35135135136
 21
128000.0
 31
2407.4350235918905
  0
LINE
  5
245
330
17
100
AcDbEntity
  8
LOWER
100
AcDbLine
 10
251351.35135135136
 20
128000.0
 30
2407.4350235918905
 11
252000.0
 21
128000.0
 31
2450.0
  0
LINE
  5
246
330
17
100
AcDbEntity
  8
MIDDLE
100
AcDbLine
 10
252000.0
 20
128000.0
 30
2450.0
 11
252648.64864864864
 21
128000.0
 31
2492.564976408111
  0
LINE
  5
247
330
17
100
AcDbEntity
  8
MIDDLE
100
AcDbLine
 10
252648.64864864864
 20
128000.0
 30
2492.564976408111
 11
253297.29729729728
 21
128000.0
 31
2535.114405859475
  0
LINE
  5
248
330
17
100
AcDbEntity
  8
MIDDLE
100
AcDbLine
 10
253297.29729729728
 20
128000.0
 30
2535.114405859475
 11
253945.94594594595
 21
128000.0
 31
2577.632741397351
  0
LINE
  5
249
330
17
100
AcDbEntity
  8
MIDDLE
100
AcDbLine
 10
253945.94594594595
 20
128000.0
 30
2577.632741397351
 11
254594.5945945946
 21
128000.0
 31
2620.1044360649908
  0
LINE
  5
24A
330
17
100
AcDbEntity
  8
MIDDLE
100
AcDbLine
 10
254594.5945945946
 20
128000.0
 30
2620.1044360649908
 11
255243.24324324323
 21
128000.0
 31
2662.513942905652
  0
LINE
  5
24B
330
17
100
AcDbEntity
  8
MIDDLE
100
AcDbLine
 10
255243.24324324323
 20
128000.0
 30
2662.513942905652
 11
255891.8918918919
 21
128000.0
 31
2704.8457149625888
  0
LINE
  5
24C
330
17
100
AcDbEntity
  8
MIDDLE
100
AcDbLine
 10
255891.8918918919
 20
128000.0
 30
2704.8457149625888
 11
256540.54054054053
 21
128000.0
 31
2747.084205279056
  0
LINE
  5
24D
330
17
100
AcDbEntity
  8
MIDDLE
100
AcDbLine
 10
256540.54054054053
 20
128000.0
 30
2747.084205279056
 11
257189.18918918917
 21
128000.0
 31
2789.2138668983084
  0
LINE
  5
24E
330
17
100
AcDbEntity
  8
MIDDLE
100
AcDbLine
 10
257189.18918918917
 20
128000.0
 30
2789.2138668983084
 11
257837.8378378378
 21
128000.0
 31
2831.2191528636017
  0
LINE
  5
24F
330
17
100
AcDbEntity
  8
MIDDLE
100
AcDbLine
 10
257837.8378378378
 20
128000.0
 30
2831.2191528636017
 11
258486.48648648645
 21
128000.0
 31
2873.084516218191
  0
LINE
  5
250
330
17
100
AcDbEntity
  8
MIDDLE
100
AcDbLine
 10
258486.48648648645
 20
128000.0
 30
2873.084516218191
 11
259135.1351351351
 21
128000.0
 31
2914.79441000533
  0
LINE
  5
251
330
17
100
AcDbEntity
  8
MIDDLE
100
AcDbLine
 10
259135.1351351351
 20
128000.0
 30
2914.79441000533
 11
259783.78378378376
 21
128000.0
 31
2956.3332872682763
  0
LINE
  5
252
330
17
100
AcDbEntity
  8
MIDDLE
100
AcDbLine
 10
259783.78378378376
 20
128000.0
 30
2956.3332872682763
 11
260432.43243243246
 21
128000.0
 31
2997.6856010502834
  0
LINE
  5
253
330
17
100
AcDbEntity
  8
MIDDLE
100
AcDbLine
 10
260432.43243243246
 20
128000.0
 30
2997.6856010502834
 11
261081.0810810811
 21
128000.0
 31
3038.8358043946073
  0
LINE
  5
254
330
17
100
AcDbEntity
  8
MIDDLE
100
AcDbLine
 10
261081.0810810811
 20
128000.0
 30
3038.8358043946073
 11
261729.72972972973
 21
128000.0
 31
3079.768350344501
  0
LINE
  5
255
330
17
100
AcDbEntity
  8
MIDDLE
100
AcDbLine
 10
261729.72972972973
 20
128000.0
 30
3079.768350344501
 11
262378.3783783784
 21
128000.0
 31
3120.4676919432213
  0
LINE
  5
256
330
17
100
AcDbEntity
  8
MIDDLE
100
AcDbLine
 10
262378.3783783784
 20
128000.0
 30
3120.4676919432213
 11
263027.02702702704
 21
128000.0
 31
3160.918282234024
  0
LINE
  5
257
330
17
100
AcDbEntity
  8
MIDDLE
100
AcDbLine
 10
263027.02702702704
 20
128000.0
 30
3160.918282234024
 11
263675.6756756757
 21
128000.0
 31
3201.104574260162
  0
LINE
  5
258
330
17
100
AcDbEntity
  8
MIDDLE
100
AcDbLine
 10
263675.6756756757
 20
128000.0
 30
3201.104574260162
 11
264324.3243243243
 21
128000.0
 31
3241.0110210648927
  0
LINE
  5
259
330
17
100
AcDbEntity
  8
MIDDLE
100
AcDbLine
 10
264324.3243243243
 20
128000.0
 30
3241.0110210648927
 11
264972.97297297296
 21
128000.0
 31
3280.622075691469
  0
LINE
  5
25A
330
17
100
AcDbEntity
  8
MIDDLE
100
AcDbLine
 10
264972.97297297296
 20
128000.0
 30
3280.622075691469
 11
265621.6216216216
 21
128000.0
 31
3319.9221911831482
  0
LINE
  5
25B
330
17
100
AcDbEntity
  8
MIDDLE
100
AcDbLine
 10
265621.6216216216
 20
128000.0
 30
3319.9221911831482
 11
266270.27027027024
 21
128000.0
 31
3358.895820583184
  0
LINE
  5
25C
330
17
100
AcDbEntity
  8
MIDDLE
100
AcDbLine
 10
266270.27027027024
 20
128000.0
 30
3358.895820583184
 11
266918.9189189189
 21
128000.0
 31
3397.5274169348313
  0
LINE
  5
25D
330
17
100
AcDbEntity
  8
MIDDLE
100
AcDbLine
 10
266918.9189189189
 20
128000.0
 30
3397.5274169348313
 11
267567.5675675676
 21
128000.0
 31
3435.801433281346
  0
LINE
  5
25E
330
17
100
AcDbEntity
  8
MIDDLE
100
AcDbLine
 10
267567.5675675676
 20
128000.0
 30
3435.801433281346
 11
268216.2162162163
 21
128000.0
 31
3473.702322665983
  0
LINE
  5
25F
330
17
100
AcDbEntity
  8
MIDDLE
100
AcDbLine
 10
268216.2162162163
 20
128000.0
 30
3473.702322665983
 11
268864.8648648649
 21
128000.0
 31
3511.214538131996
  0
LINE
  5
260
330
17
100
AcDbEntity
  8
MIDDLE
100
AcDbLine
 10
268864.8648648649
 20
128000.0
 30
3511.214538131996
 11
269513.51351351355
 21
128000.0
 31
3548.322532722643
  0
LINE
  5
261
330
17
100
AcDbEntity
  8
MIDDLE
100
AcDbLine
 10
269513.51351351355
 20
128000.0
 30
3548.322532722643
 11
270162.1621621622
 21
128000.0
 31
3585.0107594811757
  0
LINE
  5
262
330
17
100
AcDbEntity
  8
MIDDLE
100
AcDbLine
 10
270162.1621621622
 20
128000.0
 30
3585.0107594811757
 11
270810.8108108108
 21
128000.0
 31
3621.263671450852
  0
LINE
  5
263
330
17
100
AcDbEntity
  8
MIDDLE
100
AcDbLine
 10
270810.8108108108
 20
128000.0
 30
3621.263671450852
 11
271459.45945945947
 21
128000.0
 31
3657.065721674926
  0
LINE
  5
264
330
17
100
AcDbEntity
  8
MIDDLE
100
AcDbLine
 10
271459.45945945947
 20
128000.0
 30
3657.065721674926
 11
272108.1081081081
 21
128000.0
 31
3692.401363196652
  0
LINE
  5
265
330
17
100
AcDbEntity
  8
MIDDLE
100
AcDbLine
 10
272108.1081081081
 20
128000.0
 30
3692.401363196652
 11
272756.75675675675
 21
128000.0
 31
3727.255049059286
  0
LINE
  5
266
330
17
100
AcDbEntity
  8
MIDDLE
100
AcDbLine
 10
272756.75675675675
 20
128000.0
 30
3727.255049059286
 11
273405.40540540544
 21
128000.0
 31
3761.611232306083
  0
LINE
  5
267
330
17
100
AcDbEntity
  8
MIDDLE
100
AcDbLine
 10
273405.40540540544
 20
128000.0
 30
3761.611232306083
 11
274054.0540540541
 21
128000.0
 31
3795.4543659802976
  0
LINE
  5
268
330
17
100
AcDbEntity
  8
MIDDLE
100
AcDbLine
 10
274054.0540540541
 20
128000.0
 30
3795.4543659802976
 11
274702.7027027027
 21
128000.0
 31
3828.7689031251853
  0
LINE
  5
269
330
17
100
AcDbEntity
  8
MIDDLE
100
AcDbLine
 10
274702.7027027027
 20
128000.0
 30
3828.7689031251853
 11
275351.35135135136
 21
128000.0
 31
3861.5392967840007
  0
LINE
  5
26A
330
17
100
AcDbEntity
  8
MIDDLE
100
AcDbLine
 10
275351.35135135136
 20
128000.0
 30
3861.5392967840007
 11
276000.0
 21
128000.0
 31
3893.7500000000005
  0
LINE
  5
26B
330
17
100
AcDbEntity
  8
MIDDLE
100
AcDbLine
 10
276000.0
 20
128000.0
 30
3893.7500000000005
 11
276648.64864864864
 21
128000.0
 31
3925.3854658164373
  0
LINE
  5
26C
330
17
100
AcDbEntity
  8
MIDDLE
100
AcDbLine
 10
276648.64864864864
 20
128000.0
 30
3925.3854658164373
 11
277297.2972972973
 21
128000.0
 31
3956.430147276568
  0
LINE
  5
26D
330
17
100
AcDbEntity
  8
MIDDLE
100
AcDbLine
 10
277297.2972972973
 20
128000.0
 30
3956.430147276568
 11
277945.9459459459
 21
128000.0
 31
3986.8684974236476
  0
LINE
  5
26E
330
17
100
AcDbEntity
  8
MIDDLE
100
AcDbLine
 10
277945.9459459459
 20
128000.0
 30
3986.8684974236476
 11
278594.59459459456
 21
128000.0
 31
4016.68496930093
  0
LINE
  5
26F
330
17
100
AcDbEntity
  8
MIDDLE
100
AcDbLine
 10
278594.59459459456
 20
128000.0
 30
4016.68496930093
 11
279243.24324324325
 21
128000.0
 31
4045.864015951671
  0
LINE
  5
270
330
17
100
AcDbEntity
  8
MIDDLE
100
AcDbLine
 10
279243.24324324325
 20
128000.0
 30
4045.864015951671
 11
279891.8918918919
 21
128000.0
 31
4074.3900904191264
  0
LINE
  5
271
330
17
100
AcDbEntity
  8
MIDDLE
100
AcDbLine
 10
279891.8918918919
 20
128000.0
 30
4074.3900904191264
 11
280540.54054054053
 21
128000.0
 31
4102.24764574655
  0
LINE
  5
272
330
17
100
AcDbEntity
  8
MIDDLE
100
AcDbLine
 10
280540.54054054053
 20
128000.0
 30
4102.24764574655
 11
281189.1891891892
 21
128000.0
 31
4129.421134977198
  0
LINE
  5
273
330
17
100
AcDbEntity
  8
MIDDLE
100
AcDbLine
 10
281189.1891891892
 20
128000.0
 30
4129.421134977198
 11
281837.8378378378
 21
128000.0
 31
4155.8950111543245
  0
LINE
  5
274
330
17
100
AcDbEntity
  8
MIDDLE
100
AcDbLine
 10
281837.8378378378
 20
128000.0
 30
4155.8950111543245
 11
282486.48648648645
 21
128000.0
 31
4181.653727321185
  0
LINE
  5
275
330
17
100
AcDbEntity
  8
MIDDLE
100
AcDbLine
 10
282486.48648648645
 20
128000.0
 30
4181.653727321185
 11
283135.1351351351
 21
128000.0
 31
4206.6817365210345
  0
LINE
  5
276
330
17
100
AcDbEntity
  8
MIDDLE
100
AcDbLine
 10
283135.1351351351
 20
128000.0
 30
4206.6817365210345
 11
283783.7837837837
 21
128000.0
 31
4230.963491797129
  0
LINE
  5
277
330
17
100
AcDbEntity
  8
MIDDLE
100
AcDbLine
 10
283783.7837837837
 20
128000.0
 30
4230.963491797129
 11
284432.4324324324
 21
128000.0
 31
4254.483446192723
  0
LINE
  5
278
330
17
100
AcDbEntity
  8
MIDDLE
100
AcDbLine
 10
284432.4324324324
 20
128000.0
 30
4254.483446192723
 11
285081.0810810811
 21
128000.0
 31
4277.226052751071
  0
LINE
  5
279
330
17
100
AcDbEntity
  8
MIDDLE
100
AcDbLine
 10
285081.0810810811
 20
128000.0
 30
4277.226052751071
 11
285729.72972972976
 21
128000.0
 31
4299.175764515428
  0
LINE
  5
27A
330
17
100
AcDbEntity
  8
MIDDLE
100
AcDbLine
 10
285729.72972972976
 20
128000.0
 30
4299.175764515428
 11
286378.3783783784
 21
128000.0
 31
4320.317034529051
  0
LINE
  5
27B
330
17
100
AcDbEntity
  8
MIDDLE
100
AcDbLine
 10
286378.3783783784
 20
128000.0
 30
4320.317034529051
 11
287027.02702702704
 21
128000.0
 31
4340.634315835193
  0
LINE
  5
27C
330
17
100
AcDbEntity
  8
MIDDLE
100
AcDbLine
 10
287027.02702702704
 20
128000.0
 30
4340.634315835193
 11
287675.6756756757
 21
128000.0
 31
4360.112061477109
  0
LINE
  5
27D
330
17
100
AcDbEntity
  8
MIDDLE
100
AcDbLine
 10
287675.6756756757
 20
128000.0
 30
4360.112061477109
 11
288324.3243243243
 21
128000.0
 31
4378.734724498055
  0
LINE
  5
27E
330
17
100
AcDbEntity
  8
MIDDLE
100
AcDbLine
 10
288324.3243243243
 20
128000.0
 30
4378.734724498055
 11
288972.97297297296
 21
128000.0
 31
4396.486757941287
  0
LINE
  5
27F
330
17
100
AcDbEntity
  8
MIDDLE
100
AcDbLine
 10
288972.97297297296
 20
128000.0
 30
4396.486757941287
 11
289621.6216216216
 21
128000.0
 31
4413.352614850059
  0
LINE
  5
280
330
17
100
AcDbEntity
  8
MIDDLE
100
AcDbLine
 10
289621.6216216216
 20
128000.0
 30
4413.352614850059
 11
290270.27027027024
 21
128000.0
 31
4429.3167482676245
  0
LINE
  5
281
330
17
100
AcDbEntity
  8
MIDDLE
100
AcDbLine
 10
290270.27027027024
 20
128000.0
 30
4429.3167482676245
 11
290918.9189189189
 21
128000.0
 31
4444.3636112372415
  0
LINE
  5
282
330
17
100
AcDbEntity
  8
MIDDLE
100
AcDbLine
 10
290918.9189189189
 20
128000.0
 30
4444.3636112372415
 11
291567.5675675676
 21
128000.0
 31
4458.477656802163
  0
LINE
  5
283
330
17
100
AcDbEntity
  8
MIDDLE
100
AcDbLine
 10
291567.5675675676
 20
128000.0
 30
4458.477656802163
 11
292216.2162162163
 21
128000.0
 31
4471.643338005646
  0
LINE
  5
284
330
17
100
AcDbEntity
  8
MIDDLE
100
AcDbLine
 10
292216.2162162163
 20
128000.0
 30
4471.643338005646
 11
292864.8648648649
 21
128000.0
 31
4483.845107890944
  0
LINE
  5
285
330
17
100
AcDbEntity
  8
MIDDLE
100
AcDbLine
 10
292864.8648648649
 20
128000.0
 30
4483.845107890944
 11
293513.51351351355
 21
128000.0
 31
4495.0674195013125
  0
LINE
  5
286
330
17
100
AcDbEntity
  8
MIDDLE
100
AcDbLine
 10
293513.51351351355
 20
128000.0
 30
4495.0674195013125
 11
294162.1621621622
 21
128000.0
 31
4505.294725880007
  0
LINE
  5
287
330
17
100
AcDbEntity
  8
MIDDLE
100
AcDbLine
 10
294162.1621621622
 20
128000.0
 30
4505.294725880007
 11
294810.8108108108
 21
128000.0
 31
4514.511480070282
  0
LINE
  5
288
330
17
100
AcDbEntity
  8
MIDDLE
100
AcDbLine
 10
294810.8108108108
 20
128000.0
 30
4514.511480070282
 11
295459.45945945947
 21
128000.0
 31
4522.702135115393
  0
LINE
  5
289
330
17
100
AcDbEntity
  8
MIDDLE
100
AcDbLine
 10
295459.45945945947
 20
128000.0
 30
4522.702135115393
 11
296108.1081081081
 21
128000.0
 31
4529.851144058594
  0
LINE
  5
28A
330
17
100
AcDbEntity
  8
MIDDLE
100
AcDbLine
 10
296108.1081081081
 20
128000.0
 30
4529.851144058594
 11
296756.75675675675
 21
128000.0
 31
4535.942959943142
  0
LINE
  5
28B
330
17
100
AcDbEntity
  8
MIDDLE
100
AcDbLine
 10
296756.75675675675
 20
128000.0
 30
4535.942959943142
 11
297405.40540540544
 21
128000.0
 31
4540.962035812291
  0
LINE
  5
28C
330
17
100
AcDbEntity
  8
MIDDLE
100
AcDbLine
 10
297405.40540540544
 20
128000.0
 30
4540.962035812291
 11
298054.0540540541
 21
128000.0
 31
4544.892824709297
  0
LINE
  5
28D
330
17
100
AcDbEntity
  8
MIDDLE
100
AcDbLine
 10
298054.0540540541
 20
128000.0
 30
4544.892824709297
 11
298702.7027027027
 21
128000.0
 31
4547.7197796774135
  0
LINE
  5
28E
330
17
100
AcDbEntity
  8
MIDDLE
100
AcDbLine
 10
298702.7027027027
 20
128000.0
 30
4547.7197796774135
 11
299351.35135135136
 21
128000.0
 31
4549.427353759896
  0
LINE
  5
28F
330
17
100
AcDbEntity
  8
MIDDLE
100
AcDbLine
 10
299351.35135135136
 20
128000.0
 30
4549.427353759896
 11
300000.0
 21
128000.0
 31
4550.0
  0
LINE
  5
290
330
17
100
AcDbEntity
  8
MIDDLE
100
AcDbLine
 10
300000.0
 20
128000.0
 30
4550.0
 11
300627.1707796059
 21
127967.13137220964
 31
4550.0
  0
LINE
  5
291
330
17
100
AcDbEntity
  8
MIDDLE
100
AcDbLine
 10
300627.1707796059
 20
127967.13137220964
 30
4550.0
 11
301247.47014490655
 21
127868.88560440284
 31
4550.0
  0
LINE
  5
292
330
17
100
AcDbEntity
  8
MIDDLE
100
AcDbLine
 10
301247.47014490655
 20
127868.88560440284
 30
4550.0
 11
301854.1019662497
 21
127706.33909777092
 31
4550.0
  0
LINE
  5
293
330
17
100
AcDbEntity
  8
MIDDLE
100
AcDbLine
 10
301854.1019662497
 20
127706.33909777092
 30
4550.0
 11
302440.4198584548
 21
127481.2727458556
 31
4550.0
  0
LINE
  5
294
330
17
100
AcDbEntity
  8
MIDDLE
100
AcDbLine
 10
302440.4198584548
 20
127481.2727458556
 30
4550.0
 11
303000.0
 21
127196.15242270663
 31
4550.0
  0
LINE
  5
295
330
17
100
AcDbEntity
  8
MIDDLE
100
AcDbLine
 10
303000.0
 20
127196.15242270663
 30
4550.0
 11
303526.71151375485
 21
126854.10196624968
 31
4550.0
  0
LINE
  5
296
330
17
100
AcDbEntity
  8
MIDDLE
100
AcDbLine
 10
303526.71151375485
 20
126854.10196624968
 30
4550.0
 11
304014.78363815317
 21
126458.86895286436
 31
4550.0
  0
LINE
  5
297
330
17
100
AcDbEntity
  8
MIDDLE
100
AcDbLine
 10
304014.78363815317
 20
126458.86895286436
 30
4550.0
 11
304458.8689528644
 21
126014.78363815315
 31
4550.0
  0
LINE
  5
298
330
17
100
AcDbEntity
  8
MIDDLE
100
AcDbLine
 10
304458.8689528644
 20
126014.78363815315
 30
4550.0
 11
304854.1019662497
 21
125526.71151375484
 31
4550.0
  0
LINE
  5
299
330
17
100
AcDbEntity
  8
MIDDLE
100
AcDbLine
 10
304854.1019662497
 20
125526.71151375484
 30
4550.0
 11
305196.15242270665
 21
125000.0
 31
4550.0
  0
LINE
  5
29A
330
17
100
AcDbEntity
  8
MIDDLE
100
AcDbLine
 10
305196.15242270665
 20
125000.0
 30
4550.0
 11
305481.2727458556
 21
124440.4198584548
 31
4550.0
  0
LINE
  5
29B
330
17
100
AcDbEntity
  8
MIDDLE
100
AcDbLine
 10
305481.2727458556
 20
124440.4198584548
 30
4550.0
 11
305706.3390977709
 21
123854.10196624968
 31
4550.0
  0
LINE
  5
29C
330
17
100
AcDbEntity
  8
MIDDLE
100
AcDbLine
 10
305706.3390977709
 20
123854.10196624968
 30
4550.0
 11
305868.88560440287
 21
123247.47014490656
 31
4550.0
  0
LINE
  5
29D
330
17
100
AcDbEntity
  8
MIDDLE
100
AcDbLine
 10
305868.88560440287
 20
123247.47014490656
 30
4550.0
 11
305967.13137220964
 21
122627.17077960592
 31
4550.0
  0
LINE
  5
29E
330
17
100
AcDbEntity
  8
MIDDLE
100
AcDbLine
 10
305967.13137220964
 20
122627.17077960592
 30
4550.0
 11
306000.0
 21
122000.0
 31
4550.0
  0
LINE
  5
29F
330
17
100
AcDbEntity
  8
MIDDLE
100
AcDbLine
 10
306000.0
 20
122000.0
 30
4550.0
 11
306000.0
 21
121375.0
 31
4550.0
  0
LINE
  5
2A0
330
17
100
AcDbEntity
  8
MIDDLE
100
AcDbLine
 10
306000.0
 20
121375.0
 30
4550.0
 11
306000.0
 21
120750.0
 31
4550.0
  0
LINE
  5
2A1
330
17
100
AcDbEntity
  8
MIDDLE
100
AcDbLine
 10
306000.0
 20
120750.0
 30
4550.0
 11
306000.0
 21
120125.0
 31
4550.0
  0
LINE
  5
2A2
330
17
100
AcDbEntity
  8
MIDDLE
100
AcDbLine
 10
306000.0
 20
120125.0
 30
4550.0
 11
306000.0
 21
119500.0
 31
4550.0
  0
LINE
  5
2A3
330
17
100
AcDbEntity
  8
MIDDLE
100
AcDbLine
 10
306000.0
 20
119500.0
 30
4550.0
 11
306000.0
 21
118875.0
 31
4550.0
  0
LINE
  5
2A4
330
17
100
AcDbEntity
  8
MIDDLE
100
AcDbLine
 10
306000.0
 20
118875.0
 30
4550.0
 11
306000.0
 21
118250.0
 31
4550.0
  0
LINE
  5
2A5
330
17
100
AcDbEntity
  8
MIDDLE
100
AcDbLine
 10
306000.0
 20
118250.0
 30
4550.0
 11
306000.0
 21
117625.0
 31
4550.0
  0
LINE
  5
2A6
330
17
100
AcDbEntity
  8
MIDDLE
100
AcDbLine
 10
306000.0
 20
117625.0
 30
4550.0
 11
306000.0
 21
117000.0
 31
4550.0
  0
LINE
  5
2A7
330
17
100
AcDbEntity
  8
MIDDLE
100
AcDbLine
 10
306000.0
 20
117000.0
 30
4550.0
 11
306000.0
 21
116375.0
 31
4550.0
  0
LINE
  5
2A8
330
17
100
AcDbEntity
  8
MIDDLE
100
AcDbLine
 10
306000.0
 20
116375.0
 30
4550.0
 11
306000.0
 21
115750.0
 31
4550.0
  0
LINE
  5
2A9
330
17
100
AcDbEntity
  8
MIDDLE
100
AcDbLine
 10
306000.0
 20
115750.0
 30
4550.0
 11
306000.0
 21
115125.0
 31
4550.0
  0
LINE
  5
2AA
330
17
100
AcDbEntity
  8
MIDDLE
100
AcDbLine
 10
306000.0
 20
115125.0
 30
4550.0
 11
306000.0
 21
114500.0
 31
4550.0
  0
LINE
  5
2AB
330
17
100
AcDbEntity
  8
MIDDLE
100
AcDbLine
 10
306000.0
 20
114500.0
 30
4550.0
 11
306000.0
 21
113875.0
 31
4550.0
  0
LINE
  5
2AC
330
17
100
AcDbEntity
  8
MIDDLE
100
AcDbLine
 10
306000.0
 20
113875.0
 30
4550.0
 11
306000.0
 21
113250.0
 31
4550.0
  0
LINE
  5
2AD
330
17
100
AcDbEntity
  8
MIDDLE
100
AcDbLine
 10
306000.0
 20
113250.0
 30
4550.0
 11
306000.0
 21
112625.0
 31
4550.0
  0
LINE
  5
2AE
330
17
100
AcDbEntity
  8
MIDDLE
100
AcDbLine
 10
306000.0
 20
112625.0
 30
4550.0
 11
306000.0
 21
112000.0
 31
4550.0
  0
LINE
  5
2AF
330
17
100
AcDbEntity
  8
MIDDLE
100
AcDbLine
 10
306000.0
 20
112000.0
 30
4550.0
 11
305967.13137220964
 21
111372.82922039408
 31
4550.0
  0
LINE
  5
2B0
330
17
100
AcDbEntity
  8
MIDDLE
100
AcDbLine
 10
305967.13137220964
 20
111372.82922039408
 30
4550.0
 11
305868.88560440287
 21
110752.52985509344
 31
4550.0
  0
LINE
  5
2B1
330
17
100
AcDbEntity
  8
MIDDLE
100
AcDbLine
 10
305868.88560440287
 20
110752.52985509344
 30
4550.0
 11
305706.3390977709
 21
110145.89803375032
 31
4550.0
  0
LINE
  5
2B2
330
17
100
AcDbEntity
  8
MIDDLE
100
AcDbLine
 10
305706.3390977709
 20
110145.89803375032
 30
4550.0
 11
305481.2727458556
 21
109559.5801415452
 31
4550.0
  0
LINE
  5
2B3
330
17
100
AcDbEntity
  8
MIDDLE
100
AcDbLine
 10
305481.2727458556
 20
109559.5801415452
 30
4550.0
 11
305196.15242270665
 21
109000.0
 31
4550.0
  0
LINE
  5
2B4
330
17
100
AcDbEntity
  8
MIDDLE
100
AcDbLine
 10
305196.15242270665
 20
109000.0
 30
4550.0
 11
304854.1019662497
 21
108473.28848624516
 31
4550.0
  0
LINE
  5
2B5
330
17
100
AcDbEntity
  8
MIDDLE
100
AcDbLine
 10
304854.1019662497
 20
108473.28848624516
 30
4550.0
 11
304458.8689528644
 21
107985.21636184685
 31
4550.0
  0
LINE
  5
2B6
330
17
100
AcDbEntity
  8
MIDDLE
100
AcDbLine
 10
304458.8689528644
 20
107985.21636184685
 30
4550.0
 11
304014.78363815317
 21
107541.13104713564
 31
4550.0
  0
LINE
  5
2B7
330
17
100
AcDbEntity
  8
MIDDLE
100
AcDbLine
 10
304014.78363815317
 20
107541.13104713564
 30
4550.0
 11
303526.71151375485
 21
107145.89803375032
 31
4550.0
  0
LINE
  5
2B8
330
17
100
AcDbEntity
  8
MIDDLE
100
AcDbLine
 10
303526.71151375485
 20
107145.89803375032
 30
4550.0
 11
303000.0
 21
106803.84757729337
 31
4550.0
  0
LINE
  5
2B9
330
17
100
AcDbEntity
  8
MIDDLE
100
AcDbLine
 10
303000.0
 20
106803.84757729337
 30
4550.0
 11
302440.4198584548
 21
106518.7272541444
 31
4550.0
  0
LINE
  5
2BA
330
17
100
AcDbEntity
  8
MIDDLE
100
AcDbLine
 10
302440.4198584548
 20
106518.7272541444
 30
4550.0
 11
301854.1019662497
 21
106293.66090222908
 31
4550.0
  0
LINE
  5
2BB
330
17
100
AcDbEntity
  8
MIDDLE
100
AcDbLine
 10
301854.1019662497
 20
106293.66090222908
 30
4550.0
 11
301247.47014490655
 21
106131.11439559716
 31
4550.0
  0
LINE
  5
2BC
330
17
100
AcDbEntity
  8
MIDDLE
100
AcDbLine
 10
301247.47014490655
 20
106131.11439559716
 30
4550.0
 11
300627.1707796059
 21
106032.86862779036
 31
4550.0
  0
LINE
  5
2BD
330
17
100
AcDbEntity
  8
MIDDLE
100
AcDbLine
 10
300627.1707796059
 20
106032.86862779036
 30
4550.0
 11
300000.0
 21
106000.0
 31
4550.0
  0
LINE
  5
2BE
330
17
100
AcDbEntity
  8
MIDDLE
100
AcDbLine
 10
300000.0
 20
106000.0
 30
4550.0
 11
299363.63636363635
 21
106000.0
 31
4550.0
  0
LINE
  5
2BF
330
17
100
AcDbEntity
  8
MIDDLE
100
AcDbLine
 10
299363.63636363635
 20
106000.0
 30
4550.0
 11
298727.27272727276
 21
106000.0
 31
4550.0
  0
LINE
  5
2C0
330
17
100
AcDbEntity
  8
MIDDLE
100
AcDbLine
 10
298727.27272727276
 20
106000.0
 30
4550.0
 11
298090.9090909091
 21
106000.0
 31
4550.0
  0
LINE
  5
2C1
330
17
100
AcDbEntity
  8
MIDDLE
100
AcDbLine
 10
298090.9090909091
 20
106000.0
 30
4550.0
 11
297454.5454545454
 21
106000.0
 31
4550.0
  0
LINE
  5
2C2
330
17
100
AcDbEntity
  8
MIDDLE
100
AcDbLine
 10
297454.5454545454
 20
106000.0
 30
4550.0
 11
296818.1818181818
 21
106000.0
 31
4550.0
  0
LINE
  5
2C3
330
17
100
AcDbEntity
  8
MIDDLE
100
AcDbLine
 10
296818.1818181818
 20
106000.0
 30
4550.0
 11
296181.8181818182
 21
106000.0
 31
4550.0
  0
LINE
  5
2C4
330
17
100
AcDbEntity
  8
MIDDLE
100
AcDbLine
 10
296181.8181818182
 20
106000.0
 30
4550.0
 11
295545.4545454546
 21
106000.0
 31
4550.0
  0
LINE
  5
2C5
330
17
100
AcDbEntity
  8
MIDDLE
100
AcDbLine
 10
295545.4545454546
 20
106000.0
 30
4550.0
 11
294909.0909090909
 21
106000.0
 31
4550.0
  0
LINE
  5
2C6
330
17
100
AcDbEntity
  8
MIDDLE
100
AcDbLine
 10
294909.0909090909
 20
106000.0
 30
4550.0
 11
294272.72727272724
 21
106000.0
 31
4550.0
  0
LINE
  5
2C7
330
17
100
AcDbEntity
  8
MIDDLE
100
AcDbLine
 10
294272.72727272724
 20
106000.0
 30
4550.0
 11
293636.36363636365
 21
106000.0
 31
4550.0
  0
LINE
  5
2C8
330
17
100
AcDbEntity
  8
MIDDLE
100
AcDbLine
 10
293636.36363636365
 20
106000.0
 30
4550.0
 11
293000.0
 21
106000.0
 31
4550.0
  0
LINE
  5
2C9
330
17
100
AcDbEntity
  8
MIDDLE
100
AcDbLine
 10
293000.0
 20
106000.0
 30
4550.0
 11
292363.63636363635
 21
106000.0
 31
4550.0
  0
LINE
  5
2CA
330
17
100
AcDbEntity
  8
MIDDLE
100
AcDbLine
 10
292363.63636363635
 20
106000.0
 30
4550.0
 11
291727.27272727276
 21
106000.0
 31
4550.0
  0
LINE
  5
2CB
330
17
100
AcDbEntity
  8
MIDDLE
100
AcDbLine
 10
291727.27272727276
 20
106000.0
 30
4550.0
 11
291090.9090909091
 21
106000.0
 31
4550.0
  0
LINE
  5
2CC
330
17
100
AcDbEntity
  8
MIDDLE
100
AcDbLine
 10
291090.9090909091
 20
106000.0
 30
4550.0
 11
290454.5454545454
 21
106000.0
 31
4550.0
  0
LINE
  5
2CD
330
17
100
AcDbEntity
  8
MIDDLE
100
AcDbLine
 10
290454.5454545454
 20
106000.0
 30
4550.0
 11
289818.1818181818
 21
106000.0
 31
4550.0
  0
LINE
  5
2CE
330
17
100
AcDbEntity
  8
MIDDLE
100
AcDbLine
 10
289818.1818181818
 20
106000.0
 30
4550.0
 11
289181.8181818182
 21
106000.0
 31
4550.0
  0
LINE
  5
2CF
330
17
100
AcDbEntity
  8
MIDDLE
100
AcDbLine
 10
289181.8181818182
 20
106000.0
 30
4550.0
 11
288545.4545454546
 21
106000.0
 31
4550.0
  0
LINE
  5
2D0
330
17
100
AcDbEntity
  8
MIDDLE
100
AcDbLine
 10
288545.4545454546
 20
106000.0
 30
4550.0
 11
287909.0909090909
 21
106000.0
 31
4550.0
  0
LINE
  5
2D1
330
17
100
AcDbEntity
  8
MIDDLE
100
AcDbLine
 10
287909.0909090909
 20
106000.0
 30
4550.0
 11
287272.72727272724
 21
106000.0
 31
4550.0
  0
LINE
  5
2D2
330
17
100
AcDbEntity
  8
MIDDLE
100
AcDbLine
 10
287272.72727272724
 20
106000.0
 30
4550.0
 11
286636.36363636365
 21
106000.0
 31
4550.0
  0
LINE
  5
2D3
330
17
100
AcDbEntity
  8
MIDDLE
100
AcDbLine
 10
286636.36363636365
 20
106000.0
 30
4550.0
 11
286000.0
 21
106000.0
 31
4550.0
  0
LINE
  5
2D4
330
17
100
AcDbEntity
  8
MIDDLE
100
AcDbLine
 10
286000.0
 20
106000.0
 30
4550.0
 11
285372.8292203941
 21
106032.86862779036
 31
4550.0
  0
LINE
  5
2D5
330
17
100
AcDbEntity
  8
MIDDLE
100
AcDbLine
 10
285372.8292203941
 20
106032.86862779036
 30
4550.0
 11
284752.52985509345
 21
106131.11439559716
 31
4550.0
  0
LINE
  5
2D6
330
17
100
AcDbEntity
  8
MIDDLE
100
AcDbLine
 10
284752.52985509345
 20
106131.11439559716
 30
4550.0
 11
284145.8980337503
 21
106293.66090222908
 31
4550.0
  0
LINE
  5
2D7
330
17
100
AcDbEntity
  8
MIDDLE
100
AcDbLine
 10
284145.8980337503
 20
106293.66090222908
 30
4550.0
 11
283559.5801415452
 21
106518.7272541444
 31
4550.0
  0
LINE
  5
2D8
330
17
100
AcDbEntity
  8
MIDDLE
100
AcDbLine
 10
283559.5801415452
 20
106518.7272541444
 30
4550.0
 11
283000.0
 21
106803.84757729337
 31
4550.0
  0
LINE
  5
2D9
330
17
100
AcDbEntity
  8
MIDDLE
100
AcDbLine
 10
283000.0
 20
106803.84757729337
 30
4550.0
 11
282473.28848624515
 21
107145.89803375032
 31
4550.0
  0
LINE
  5
2DA
330
17
100
AcDbEntity
  8
MIDDLE
100
AcDbLine
 10
282473.28848624515
 20
107145.89803375032
 30
4550.0
 11
281985.21636184683
 21
107541.13104713564
 31
4550.0
  0
LINE
  5
2DB
330
17
100
AcDbEntity
  8
MIDDLE
100
AcDbLine
 10
281985.21636184683
 20
107541.13104713564
 30
4550.0
 11
281541.1310471356
 21
107985.21636184685
 31
4550.0
  0
LINE
  5
2DC
330
17
100
AcDbEntity
  8
MIDDLE
100
AcDbLine
 10
281541.1310471356
 20
107985.21636184685
 30
4550.0
 11
281145.8980337503
 21
108473.28848624516
 31
4550.0
  0
LINE
  5
2DD
330
17
100
AcDbEntity
  8
MIDDLE
100
AcDbLine
 10
281145.8980337503
 20
108473.28848624516
 30
4550.0
 11
280803.84757729335
 21
109000.0
 31
4550.0
  0
LINE
  5
2DE
330
17
100
AcDbEntity
  8
MIDDLE
100
AcDbLine
 10
280803.84757729335
 20
109000.0
 30
4550.0
 11
280518.7272541444
 21
109559.5801415452
 31
4550.0
  0
LINE
  5
2DF
330
17
100
AcDbEntity
  8
MIDDLE
100
AcDbLine
 10
280518.7272541444
 20
109559.5801415452
 30
4550.0
 11
280293.6609022291
 21
110145.89803375032
 31
4550.0
  0
LINE
  5
2E0
330
17
100
AcDbEntity
  8
MIDDLE
100
AcDbLine
 10
280293.6609022291
 20
110145.89803375032
 30
4550.0
 11
280131.11439559713
 21
110752.52985509344
 31
4550.0
  0
LINE
  5
2E1
330
17
100
AcDbEntity
  8
MIDDLE
100
AcDbLine
 10
280131.11439559713
 20
110752.52985509344
 30
4550.0
 11
280032.86862779036
 21
111372.82922039408
 31
4550.0
  0
LINE
  5
2E2
330
17
100
AcDbEntity
  8
MIDDLE
100
AcDbLine
 10
280032.86862779036
 20
111372.82922039408
 30
4550.0
 11
280000.0
 21
112000.0
 31
4550.0
  0
LINE
  5
2E3
330
17
100
AcDbEntity
  8
MIDDLE
100
AcDbLine
 10
280000.0
 20
112000.0
 30
4550.0
 11
279967.13137220964
 21
112627.17077960592
 31
4550.0
  0
LINE
  5
2E4
330
17
100
AcDbEntity
  8
MIDDLE
100
AcDbLine
 10
279967.13137220964
 20
112627.17077960592
 30
4550.0
 11
279868.88560440287
 21
113247.47014490656
 31
4550.0
  0
LINE
  5
2E5
330
17
100
AcDbEntity
  8
MIDDLE
100
AcDbLine
 10
279868.88560440287
 20
113247.47014490656
 30
4550.0
 11
279706.3390977709
 21
113854.10196624968
 31
4550.0
  0
LINE
  5
2E6
330
17
100
AcDbEntity
  8
MIDDLE
100
AcDbLine
 10
279706.3390977709
 20
113854.10196624968
 30
4550.0
 11
279481.2727458556
 21
114440.4198584548
 31
4550.0
  0
LINE
  5
2E7
330
17
100
AcDbEntity
  8
MIDDLE
100
AcDbLine
 10
279481.2727458556
 20
114440.4198584548
 30
4550.0
 11
279196.15242270665
 21
115000.0
 31
4550.0
  0
LINE
  5
2E8
330
17
100
AcDbEntity
  8
MIDDLE
100
AcDbLine
 10
279196.15242270665
 20
115000.0
 30
4550.0
 11
278854.1019662497
 21
115526.71151375484
 31
4550.0
  0
LINE
  5
2E9
330
17
100
AcDbEntity
  8
MIDDLE
100
AcDbLine
 10
278854.1019662497
 20
115526.71151375484
 30
4550.0
 11
278458.8689528644
 21
116014.78363815315
 31
4550.0
  0
LINE
  5
2EA
330
17
100
AcDbEntity
  8
MIDDLE
100
AcDbLine
 10
278458.8689528644
 20
116014.78363815315
 30
4550.0
 11
278014.78363815317
 21
116458.86895286436
 31
4550.0
  0
LINE
  5
2EB
330
17
100
AcDbEntity
  8
MIDDLE
100
AcDbLine
 10
278014.78363815317
 20
116458.86895286436
 30
4550.0
 11
277526.71151375485
 21
116854.10196624968
 31
4550.0
  0
LINE
  5
2EC
330
17
100
AcDbEntity
  8
MIDDLE
100
AcDbLine
 10
277526.71151375485
 20
116854.10196624968
 30
4550.0
 11
277000.0
 21
117196.15242270663
 31
4550.0
  0
LINE
  5
2ED
330
17
100
AcDbEntity
  8
MIDDLE
100
AcDbLine
 10
277000.0
 20
117196.15242270663
 30
4550.0
 11
276440.4198584548
 21
117481.2727458556
 31
4550.0
  0
LINE
  5
2EE
330
17
100
AcDbEntity
  8
MIDDLE
100
AcDbLine
 10
276440.4198584548
 20
117481.2727458556
 30
4550.0
 11
275854.1019662497
 21
117706.33909777092
 31
4550.0
  0
LINE
  5
2EF
330
17
100
AcDbEntity
  8
MIDDLE
100
AcDbLine
 10
275854.1019662497
 20
117706.33909777092
 30
4550.0
 11
275247.47014490655
 21
117868.88560440284
 31
4550.0
  0
LINE
  5
2F0
330
17
100
AcDbEntity
  8
MIDDLE
100
AcDbLine
 10
275247.47014490655
 20
117868.88560440284
 30
4550.0
 11
274627.1707796059
 21
117967.13137220964
 31
4550.0
  0
LINE
  5
2F1
330
17
100
AcDbEntity
  8
MIDDLE
100
AcDbLine
 10
274627.1707796059
 20
117967.13137220964
 30
4550.0
 11
274000.0
 21
118000.0
 31
4550.0
  0
LINE
  5
2F2
330
17
100
AcDbEntity
  8
MIDDLE
100
AcDbLine
 10
274000.0
 20
118000.0
 30
4550.0
 11
273368.4210526316
 21
118000.0
 31
4550.0
  0
LINE
  5
2F3
330
17
100
AcDbEntity
  8
MIDDLE
100
AcDbLine
 10
273368.4210526316
 20
118000.0
 30
4550.0
 11
272736.8421052632
 21
118000.0
 31
4550.0
  0
LINE
  5
2F4
330
17
100
AcDbEntity
  8
MIDDLE
100
AcDbLine
 10
272736.8421052632
 20
118000.0
 30
4550.0
 11
272105.2631578947
 21
118000.0
 31
4550.0
  0
LINE
  5
2F5
330
17
100
AcDbEntity
  8
MIDDLE
100
AcDbLine
 10
272105.2631578947
 20
118000.0
 30
4550.0
 11
271473.6842105263
 21
118000.0
 31
4550.0
  0
LINE
  5
2F6
330
17
100
AcDbEntity
  8
MIDDLE
100
AcDbLine
 10
271473.6842105263
 20
118000.0
 30
4550.0
 11
270842.1052631579
 21
118000.0
 31
4550.0
  0
LINE
  5
2F7
330
17
100
AcDbEntity
  8
MIDDLE
100
AcDbLine
 10
270842.1052631579
 20
118000.0
 30
4550.0
 11
270210.5263157895
 21
118000.0
 31
4550.0
  0
LINE
  5
2F8
330
17
100
AcDbEntity
  8
MIDDLE
100
AcDbLine
 10
270210.5263157895
 20
118000.0
 30
4550.0
 11
269578.94736842107
 21
118000.0
 31
4550.0
  0
LINE
  5
2F9
330
17
100
AcDbEntity
  8
MIDDLE
100
AcDbLine
 10
269578.94736842107
 20
118000.0
 30
4550.0
 11
268947.3684210526
 21
118000.0
 31
4550.0
  0
LINE
  5
2FA
330
17
100
AcDbEntity
  8
MIDDLE
100
AcDbLine
 10
268947.3684210526
 20
118000.0
 30
4550.0
 11
268315.7894736842
 21
118000.0
 31
4550.0
  0
LINE
  5
2FB
330
17
100
AcDbEntity
  8
MIDDLE
100
AcDbLine
 10
268315.7894736842
 20
118000.0
 30
4550.0
 11
267684.2105263158
 21
118000.0
 31
4550.0
  0
LINE
  5
2FC
330
17
100
AcDbEntity
  8
MIDDLE
100
AcDbLine
 10
267684.2105263158
 20
118000.0
 30
4550.0
 11
267052.6315789474
 21
118000.0
 31
4550.0
  0
LINE
  5
2FD
330
17
100
AcDbEntity
  8
MIDDLE
100
AcDbLine
 10
267052.6315789474
 20
118000.0
 30
4550.0
 11
266421.05263157893
 21
118000.0
 31
4550.0
  0
LINE
  5
2FE
330
17
100
AcDbEntity
  8
MIDDLE
100
AcDbLine
 10
266421.05263157893
 20
118000.0
 30
4550.0
 11
265789.4736842105
 21
118000.0
 31
4550.0
  0
LINE
  5
2FF
330
17
100
AcDbEntity
  8
MIDDLE
100
AcDbLine
 10
265789.4736842105
 20
118000.0
 30
4550.0
 11
265157.8947368421
 21
118000.0
 31
4550.0
  0
LINE
  5
300
330
17
100
AcDbEntity
  8
MIDDLE
100
AcDbLine
 10
265157.8947368421
 20
118000.0
 30
4550.0
 11
264526.3157894737
 21
118000.0
 31
4550.0
  0
LINE
  5
301
330
17
100
AcDbEntity
  8
MIDDLE
100
AcDbLine
 10
264526.3157894737
 20
118000.0
 30
4550.0
 11
263894.7368421053
 21
118000.0
 31
4550.0
  0
LINE
  5
302
330
17
100
AcDbEntity
  8
MIDDLE
100
AcDbLine
 10
263894.7368421053
 20
118000.0
 30
4550.0
 11
263263.15789473685
 21
118000.0
 31
4550.0
  0
LINE
  5
303
330
17
100
AcDbEntity
  8
MIDDLE
100
AcDbLine
 10
263263.15789473685
 20
118000.0
 30
4550.0
 11
262631.5789473684
 21
118000.0
 31
4550.0
  0
LINE
  5
304
330
17
100
AcDbEntity
  8
MIDDLE
100
AcDbLine
 10
262631.5789473684
 20
118000.0
 30
4550.0
 11
262000.0
 21
118000.0
 31
4550.0
  0
LINE
  5
305
330
17
100
AcDbEntity
  8
MIDDLE
100
AcDbLine
 10
262000.0
 20
118000.0
 30
4550.0
 11
261372.82922039408
 21
117967.13137220964
 31
4550.0
  0
LINE
  5
306
330
17
100
AcDbEntity
  8
MIDDLE
100
AcDbLine
 10
261372.82922039408
 20
117967.13137220964
 30
4550.0
 11
260752.52985509342
 21
117868.88560440284
 31
4550.0
  0
LINE
  5
307
330
17
100
AcDbEntity
  8
MIDDLE
100
AcDbLine
 10
260752.52985509342
 20
117868.88560440284
 30
4550.0
 11
260145.8980337503
 21
117706.33909777092
 31
4550.0
  0
LINE
  5
308
330
17
100
AcDbEntity
  8
MIDDLE
100
AcDbLine
 10
260145.8980337503
 20
117706.33909777092
 30
4550.0
 11
259559.58014154522
 21
117481.2727458556
 31
4550.0
  0
LINE
  5
309
330
17
100
AcDbEntity
  8
MIDDLE
100
AcDbLine
 10
259559.58014154522
 20
117481.2727458556
 30
4550.0
 11
259000.0
 21
117196.15242270663
 31
4550.0
  0
LINE
  5
30A
330
17
100
AcDbEntity
  8
MIDDLE
100
AcDbLine
 10
259000.0
 20
117196.15242270663
 30
4550.0
 11
258473.28848624518
 21
116854.10196624968
 31
4550.0
  0
LINE
  5
30B
330
17
100
AcDbEntity
  8
MIDDLE
100
AcDbLine
 10
258473.28848624518
 20
116854.10196624968
 30
4550.0
 11
257985.21636184683
 21
116458.86895286436
 31
4550.0
  0
LINE
  5
30C
330
17
100
AcDbEntity
  8
MIDDLE
100
AcDbLine
 10
257985.21636184683
 20
116458.86895286436
 30
4550.0
 11
257541.13104713566
 21
116014.78363815315
 31
4550.0
  0
LINE
  5
30D
330
17
100
AcDbEntity
  8
MIDDLE
100
AcDbLine
 10
257541.13104713566
 20
116014.78363815315
 30
4550.0
 11
257145.8980337503
 21
115526.71151375484
 31
4550.0
  0
LINE
  5
30E
330
17
100
AcDbEntity
  8
MIDDLE
100
AcDbLine
 10
257145.8980337503
 20
115526.71151375484
 30
4550.0
 11
256803.84757729337
 21
115000.0
 31
4550.0
  0
LINE
  5
30F
330
17
100
AcDbEntity
  8
MIDDLE
100
AcDbLine
 10
256803.84757729337
 20
115000.0
 30
4550.0
 11
256518.72725414438
 21
114440.4198584548
 31
4550.0
  0
LINE
  5
310
330
17
100
AcDbEntity
  8
MIDDLE
100
AcDbLine
 10
256518.72725414438
 20
114440.4198584548
 30
4550.0
 11
256293.66090222908
 21
113854.10196624968
 31
4550.0
  0
LINE
  5
311
330
17
100
AcDbEntity
  8
MIDDLE
100
AcDbLine
 10
256293.66090222908
 20
113854.10196624968
 30
4550.0
 11
256131.11439559713
 21
113247.47014490656
 31
4550.0
  0
LINE
  5
312
330
17
100
AcDbEntity
  8
MIDDLE
100
AcDbLine
 10
256131.11439559713
 20
113247.47014490656
 30
4550.0
 11
256032.8686277904
 21
112627.17077960592
 31
4550.0
  0
LINE
  5
313
330
17
100
AcDbEntity
  8
MIDDLE
100
AcDbLine
 10
256032.8686277904
 20
112627.17077960592
 30
4550.0
 11
256000.0
 21
112000.0
 31
4550.0
  0
LINE
  5
314
330
17
100
AcDbEntity
  8
MIDDLE
100
AcDbLine
 10
256000.0
 20
112000.0
 30
4550.0
 11
256000.0
 21
111375.0
 31
4550.0
  0
LINE
  5
315
330
17
100
AcDbEntity
  8
MIDDLE
100
AcDbLine
 10
256000.0
 20
111375.0
 30
4550.0
 11
256000.0
 21
110750.0
 31
4550.0
  0
LINE
  5
316
330
17
100
AcDbEntity
  8
MIDDLE
100
AcDbLine
 10
256000.0
 20
110750.0
 30
4550.0
 11
256000.0
 21
110125.0
 31
4550.0
  0
LINE
  5
317
330
17
100
AcDbEntity
  8
MIDDLE
100
AcDbLine
 10
256000.0
 20
110125.0
 30
4550.0
 11
256000.0
 21
109500.0
 31
4550.0
  0
LINE
  5
318
330
17
100
AcDbEntity
  8
MIDDLE
100
AcDbLine
 10
256000.0
 20
109500.0
 30
4550.0
 11
256000.0
 21
108875.0
 31
4550.0
  0
LINE
  5
319
330
17
100
AcDbEntity
  8
MIDDLE
100
AcDbLine
 10
256000.0
 20
108875.0
 30
4550.0
 11
256000.0
 21
108250.0
 31
4550.0
  0
LINE
  5
31A
330
17
100
AcDbEntity
  8
MIDDLE
100
AcDbLine
 10
256000.0
 20
108250.0
 30
4550.0
 11
256000.0
 21
107625.0
 31
4550.0
  0
LINE
  5
31B
330
17
100
AcDbEntity
  8
MIDDLE
100
AcDbLine
 10
256000.0
 20
107625.0
 30
4550.0
 11
256000.0
 21
107000.0
 31
4550.0
  0
LINE
  5
31C
330
17
100
AcDbEntity
  8
MIDDLE
100
AcDbLine
 10
256000.0
 20
107000.0
 30
4550.0
 11
256000.0
 21
106375.0
 31
4550.0
  0
LINE
  5
31D
330
17
100
AcDbEntity
  8
MIDDLE
100
AcDbLine
 10
256000.0
 20
106375.0
 30
4550.0
 11
256000.0
 21
105750.0
 31
4550.0
  0
LINE
  5
31E
330
17
100
AcDbEntity
  8
MIDDLE
100
AcDbLine
 10
256000.0
 20
105750.0
 30
4550.0
 11
256000.0
 21
105125.0
 31
4550.0
  0
LINE
  5
31F
330
17
100
AcDbEntity
  8
MIDDLE
100
AcDbLine
 10
256000.0
 20
105125.0
 30
4550.0
 11
256000.0
 21
104500.0
 31
4550.0
  0
LINE
  5
320
330
17
100
AcDbEntity
  8
MIDDLE
100
AcDbLine
 10
256000.0
 20
104500.0
 30
4550.0
 11
256000.0
 21
103875.0
 31
4550.0
  0
LINE
  5
321
330
17
100
AcDbEntity
  8
MIDDLE
100
AcDbLine
 10
256000.0
 20
103875.0
 30
4550.0
 11
256000.0
 21
103250.0
 31
4550.0
  0
LINE
  5
322
330
17
100
AcDbEntity
  8
MIDDLE
100
AcDbLine
 10
256000.0
 20
103250.0
 30
4550.0
 11
256000.0
 21
102625.0
 31
4550.0
  0
LINE
  5
323
330
17
100
AcDbEntity
  8
MIDDLE
100
AcDbLine
 10
256000.0
 20
102625.0
 30
4550.0
 11
256000.0
 21
102000.0
 31
4550.0
  0
LINE
  5
324
330
17
100
AcDbEntity
  8
MIDDLE
100
AcDbLine
 10
256000.0
 20
102000.0
 30
4550.0
 11
255967.1313722096
 21
101372.82922039408
 31
4550.0
  0
LINE
  5
325
330
17
100
AcDbEntity
  8
MIDDLE
100
AcDbLine
 10
255967.1313722096
 20
101372.82922039408
 30
4550.0
 11
255868.88560440284
 21
100752.52985509344
 31
4550.0
  0
LINE
  5
326
330
17
100
AcDbEntity
  8
MIDDLE
100
AcDbLine
 10
255868.88560440284
 20
100752.52985509344
 30
4550.0
 11
255706.33909777092
 21
100145.89803375032
 31
4550.0
  0
LINE
  5
327
330
17
100
AcDbEntity
  8
MIDDLE
100
AcDbLine
 10
255706.33909777092
 20
100145.89803375032
 30
4550.0
 11
255481.27274585562
 21
99559.5801415452
 31
4550.0
  0
LINE
  5
328
330
17
100
AcDbEntity
  8
MIDDLE
100
AcDbLine
 10
255481.27274585562
 20
99559.5801415452
 30
4550.0
 11
255196.15242270663
 21
99000.0
 31
4550.0
  0
LINE
  5
329
330
17
100
AcDbEntity
  8
MIDDLE
100
AcDbLine
 10
255196.15242270663
 20
99000.0
 30
4550.0
 11
254854.1019662497
 21
98473.28848624516
 31
4550.0
  0
LINE
  5
32A
330
17
100
AcDbEntity
  8
MIDDLE
100
AcDbLine
 10
254854.1019662497
 20
98473.28848624516
 30
4550.0
 11
254458.86895286434
 21
97985.21636184685
 31
4550.0
  0
LINE
  5
32B
330
17
100
AcDbEntity
  8
MIDDLE
100
AcDbLine
 10
254458.86895286434
 20
97985.21636184685
 30
4550.0
 11
254014.78363815314
 21
97541.13104713564
 31
4550.0
  0
LINE
  5
32C
330
17
100
AcDbEntity
  8
MIDDLE
100
AcDbLine
 10
254014.78363815314
 20
97541.13104713564
 30
4550.0
 11
253526.71151375482
 21
97145.89803375032
 31
4550.0
  0
LINE
  5
32D
330
17
100
AcDbEntity
  8
MIDDLE
100
AcDbLine
 10
253526.71151375482
 20
97145.89803375032
 30
4550.0
 11
253000.0
 21
96803.84757729337
 31
4550.0
  0
LINE
  5
32E
330
17
100
AcDbEntity
  8
MIDDLE
100
AcDbLine
 10
253000.0
 20
96803.84757729337
 30
4550.0
 11
252440.41985845478
 21
96518.7272541444
 31
4550.0
  0
LINE
  5
32F
330
17
100
AcDbEntity
  8
MIDDLE
100
AcDbLine
 10
252440.41985845478
 20
96518.7272541444
 30
4550.0
 11
251854.1019662497
 21
96293.66090222908
 31
4550.0
  0
LINE
  5
330
330
17
100
AcDbEntity
  8
MIDDLE
100
AcDbLine
 10
251854.1019662497
 20
96293.66090222908
 30
4550.0
 11
251247.47014490658
 21
96131.11439559716
 31
4550.0
  0
LINE
  5
331
330
17
100
AcDbEntity
  8
MIDDLE
100
AcDbLine
 10
251247.47014490658
 20
96131.11439559716
 30
4550.0
 11
250627.17077960592
 21
96032.86862779036
 31
4550.0
  0
LINE
  5
332
330
17
100
AcDbEntity
  8
MIDDLE
100
AcDbLine
 10
250627.17077960592
 20
96032.86862779036
 30
4550.0
 11
250000.0
 21
96000.0
 31
4550.0
  0
LINE
  5
333
330
17
100
AcDbEntity
  8
MIDDLE
100
AcDbLine
 10
250000.0
 20
96000.0
 30
4550.0
 11
249368.4210526316
 21
96000.0
 31
4550.0
  0
LINE
  5
334
330
17
100
AcDbEntity
  8
MIDDLE
100
AcDbLine
 10
249368.4210526316
 20
96000.0
 30
4550.0
 11
248736.84210526315
 21
96000.0
 31
4550.0
  0
LINE
  5
335
330
17
100
AcDbEntity
  8
MIDDLE
100
AcDbLine
 10
248736.84210526315
 20
96000.0
 30
4550.0
 11
248105.26315789475
 21
96000.0
 31
4550.0
  0
LINE
  5
336
330
17
100
AcDbEntity
  8
MIDDLE
100
AcDbLine
 10
248105.26315789475
 20
96000.0
 30
4550.0
 11
247473.6842105263
 21
96000.0
 31
4550.0
  0
LINE
  5
337
330
17
100
AcDbEntity
  8
MIDDLE
100
AcDbLine
 10
247473.6842105263
 20
96000.0
 30
4550.0
 11
246842.1052631579
 21
96000.0
 31
4550.0
  0
LINE
  5
338
330
17
100
AcDbEntity
  8
MIDDLE
100
AcDbLine
 10
246842.1052631579
 20
96000.0
 30
4550.0
 11
246210.52631578947
 21
96000.0
 31
4550.0
  0
LINE
  5
339
330
17
100
AcDbEntity
  8
MIDDLE
100
AcDbLine
 10
246210.52631578947
 20
96000.0
 30
4550.0
 11
245578.94736842104
 21
96000.0
 31
4550.0
  0
LINE
  5
33A
330
17
100
AcDbEntity
  8
MIDDLE
100
AcDbLine
 10
245578.94736842104
 20
96000.0
 30
4550.0
 11
244947.36842105264
 21
96000.0
 31
4550.0
  0
LINE
  5
33B
330
17
100
AcDbEntity
  8
MIDDLE
100
AcDbLine
 10
244947.36842105264
 20
96000.0
 30
4550.0
 11
244315.7894736842
 21
96000.0
 31
4550.0
  0
LINE
  5
33C
330
17
100
AcDbEntity
  8
MIDDLE
100
AcDbLine
 10
244315.7894736842
 20
96000.0
 30
4550.0
 11
243684.2105263158
 21
96000.0
 31
4550.0
  0
LINE
  5
33D
330
17
100
AcDbEntity
  8
MIDDLE
100
AcDbLine
 10
243684.2105263158
 20
96000.0
 30
4550.0
 11
243052.63157894736
 21
96000.0
 31
4550.0
  0
LINE
  5
33E
330
17
100
AcDbEntity
  8
MIDDLE
100
AcDbLine
 10
243052.63157894736
 20
96000.0
 30
4550.0
 11
242421.05263157896
 21
96000.0
 31
4550.0
  0
LINE
  5
33F
330
17
100
AcDbEntity
  8
MIDDLE
100
AcDbLine
 10
242421.05263157896
 20
96000.0
 30
4550.0
 11
241789.47368421053
 21
96000.0
 31
4550.0
  0
LINE
  5
340
330
17
100
AcDbEntity
  8
MIDDLE
100
AcDbLine
 10
241789.47368421053
 20
96000.0
 30
4550.0
 11
241157.8947368421
 21
96000.0
 31
4550.0
  0
LINE
  5
341
330
17
100
AcDbEntity
  8
MIDDLE
100
AcDbLine
 10
241157.8947368421
 20
96000.0
 30
4550.0
 11
240526.3157894737
 21
96000.0
 31
4550.0
  0
LINE
  5
342
330
17
100
AcDbEntity
  8
MIDDLE
100
AcDbLine
 10
240526.3157894737
 20
96000.0
 30
4550.0
 11
239894.73684210525
 21
96000.0
 31
4550.0
  0
LINE
  5
343
330
17
100
AcDbEntity
  8
MIDDLE
100
AcDbLine
 10
239894.73684210525
 20
96000.0
 30
4550.0
 11
239263.15789473685
 21
96000.0
 31
4550.0
  0
LINE
  5
344
330
17
100
AcDbEntity
  8
MIDDLE
100
AcDbLine
 10
239263.15789473685
 20
96000.0
 30
4550.0
 11
238631.57894736843
 21
96000.0
 31
4550.0
  0
LINE
  5
345
330
17
100
AcDbEntity
  8
MIDDLE
100
AcDbLine
 10
238631.57894736843
 20
96000.0
 30
4550.0
 11
238000.0
 21
96000.0
 31
4550.0
  0
LINE
  5
346
330
17
100
AcDbEntity
  8
MIDDLE
100
AcDbLine
 10
238000.0
 20
96000.0
 30
4550.0
 11
237372.82922039408
 21
96032.86862779035
 31
4550.0
  0
LINE
  5
347
330
17
100
AcDbEntity
  8
MIDDLE
100
AcDbLine
 10
237372.82922039408
 20
96032.86862779035
 30
4550.0
 11
236752.52985509342
 21
96131.11439559716
 31
4550.0
  0
LINE
  5
348
330
17
100
AcDbEntity
  8
MIDDLE
100
AcDbLine
 10
236752.52985509342
 20
96131.11439559716
 30
4550.0
 11
236145.8980337503
 21
96293.66090222908
 31
4550.0
  0
LINE
  5
349
330
17
100
AcDbEntity
  8
MIDDLE
100
AcDbLine
 10
236145.8980337503
 20
96293.66090222908
 30
4550.0
 11
235559.58014154522
 21
96518.7272541444
 31
4550.0
  0
LINE
  5
34A
330
17
100
AcDbEntity
  8
MIDDLE
100
AcDbLine
 10
235559.58014154522
 20
96518.7272541444
 30
4550.0
 11
235000.0
 21
96803.84757729337
 31
4550.0
  0
LINE
  5
34B
330
17
100
AcDbEntity
  8
MIDDLE
100
AcDbLine
 10
235000.0
 20
96803.84757729337
 30
4550.0
 11
234473.28848624518
 21
97145.89803375032
 31
4550.0
  0
LINE
  5
34C
330
17
100
AcDbEntity
  8
MIDDLE
100
AcDbLine
 10
234473.28848624518
 20
97145.89803375032
 30
4550.0
 11
233985.21636184686
 21
97541.13104713564
 31
4550.0
  0
LINE
  5
34D
330
17
100
AcDbEntity
  8
MIDDLE
100
AcDbLine
 10
233985.21636184686
 20
97541.13104713564
 30
4550.0
 11
233541.13104713566
 21
97985.21636184685
 31
4550.0
  0
LINE
  5
34E
330
17
100
AcDbEntity
  8
MIDDLE
100
AcDbLine
 10
233541.13104713566
 20
97985.21636184685
 30
4550.0
 11
233145.8980337503
 21
98473.28848624516
 31
4550.0
  0
LINE
  5
34F
330
17
100
AcDbEntity
  8
MIDDLE
100
AcDbLine
 10
233145.8980337503
 20
98473.28848624516
 30
4550.0
 11
232803.84757729337
 21
99000.0
 31
4550.0
  0
LINE
  5
350
330
17
100
AcDbEntity
  8
MIDDLE
100
AcDbLine
 10
232803.84757729337
 20
99000.0
 30
4550.0
 11
232518.72725414438
 21
99559.5801415452
 31
4550.0
  0
LINE
  5
351
330
17
100
AcDbEntity
  8
MIDDLE
100
AcDbLine
 10
232518.72725414438
 20
99559.5801415452
 30
4550.0
 11
232293.66090222908
 21
100145.89803375032
 31
4550.0
  0
LINE
  5
352
330
17
100
AcDbEntity
  8
MIDDLE
100
AcDbLine
 10
232293.66090222908
 20
100145.89803375032
 30
4550.0
 11
232131.11439559716
 21
100752.52985509344
 31
4550.0
  0
LINE
  5
353
330
17
100
AcDbEntity
  8
MIDDLE
100
AcDbLine
 10
232131.11439559716
 20
100752.52985509344
 30
4550.0
 11
232032.86862779036
 21
101372.82922039408
 31
4550.0
  0
LINE
  5
354
330
17
100
AcDbEntity
  8
MIDDLE
100
AcDbLine
 10
232032.86862779036
 20
101372.82922039408
 30
4550.0
 11
232000.0
 21
102000.0
 31
4550.0
  0
LINE
  5
355
330
17
100
AcDbEntity
  8
MIDDLE
100
AcDbLine
 10
232000.0
 20
102000.0
 30
4550.0
 11
232000.0
 21
102571.42857142857
 31
4550.0
  0
LINE
  5
356
330
17
100
AcDbEntity
  8
MIDDLE
100
AcDbLine
 10
232000.0
 20
102571.42857142857
 30
4550.0
 11
232000.0
 21
103142.85714285714
 31
4550.0
  0
LINE
  5
357
330
17
100
AcDbEntity
  8
MIDDLE
100
AcDbLine
 10
232000.0
 20
103142.85714285714
 30
4550.0
 11
232000.0
 21
103714.28571428571
 31
4550.0
  0
LINE
  5
358
330
17
100
AcDbEntity
  8
MIDDLE
100
AcDbLine
 10
232000.0
 20
103714.28571428571
 30
4550.0
 11
232000.0
 21
104285.71428571429
 31
4550.0
  0
LINE
  5
359
330
17
100
AcDbEntity
  8
MIDDLE
100
AcDbLine
 10
232000.0
 20
104285.71428571429
 30
4550.0
 11
232000.0
 21
104857.14285714286
 31
4550.0
  0
LINE
  5
35A
330
17
100
AcDbEntity
  8
MIDDLE
100
AcDbLine
 10
232000.0
 20
104857.14285714286
 30
4550.0
 11
232000.0
 21
105428.57142857143
 31
4550.0
  0
LINE
  5
35B
330
17
100
AcDbEntity
  8
MIDDLE
100
AcDbLine
 10
232000.0
 20
105428.57142857143
 30
4550.0
 11
232000.0
 21
106000.0
 31
4550.0
  0
LINE
  5
35C
330
17
100
AcDbEntity
  8
MIDDLE
100
AcDbLine
 10
232000.0
 20
106000.0
 30
4550.0
 11
231967.1313722096
 21
106627.17077960592
 31
4550.0
  0
LINE
  5
35D
330
17
100
AcDbEntity
  8
MIDDLE
100
AcDbLine
 10
231967.1313722096
 20
106627.17077960592
 30
4550.0
 11
231868.88560440284
 21
107247.47014490656
 31
4550.0
  0
LINE
  5
35E
330
17
100
AcDbEntity
  8
MIDDLE
100
AcDbLine
 10
231868.88560440284
 20
107247.47014490656
 30
4550.0
 11
231706.33909777092
 21
107854.10196624968
 31
4550.0
  0
LINE
  5
35F
330
17
100
AcDbEntity
  8
MIDDLE
100
AcDbLine
 10
231706.33909777092
 20
107854.10196624968
 30
4550.0
 11
231481.27274585562
 21
108440.4198584548
 31
4550.0
  0
LINE
  5
360
330
17
100
AcDbEntity
  8
MIDDLE
100
AcDbLine
 10
231481.27274585562
 20
108440.4198584548
 30
4550.0
 11
231196.15242270663
 21
109000.0
 31
4550.0
  0
LINE
  5
361
330
17
100
AcDbEntity
  8
MIDDLE
100
AcDbLine
 10
231196.15242270663
 20
109000.0
 30
4550.0
 11
230854.1019662497
 21
109526.71151375484
 31
4550.0
  0
LINE
  5
362
330
17
100
AcDbEntity
  8
MIDDLE
100
AcDbLine
 10
230854.1019662497
 20
109526.71151375484
 30
4550.0
 11
230458.86895286434
 21
110014.78363815315
 31
4550.0
  0
LINE
  5
363
330
17
100
AcDbEntity
  8
MIDDLE
100
AcDbLine
 10
230458.86895286434
 20
110014.78363815315
 30
4550.0
 11
230014.78363815314
 21
110458.86895286436
 31
4550.0
  0
LINE
  5
364
330
17
100
AcDbEntity
  8
MIDDLE
100
AcDbLine
 10
230014.78363815314
 20
110458.86895286436
 30
4550.0
 11
229526.71151375482
 21
110854.10196624968
 31
4550.0
  0
LINE
  5
365
330
17
100
AcDbEntity
  8
MIDDLE
100
AcDbLine
 10
229526.71151375482
 20
110854.10196624968
 30
4550.0
 11
229000.0
 21
111196.15242270663
 31
4550.0
  0
LINE
  5
366
330
17
100
AcDbEntity
  8
MIDDLE
100
AcDbLine
 10
229000.0
 20
111196.15242270663
 30
4550.0
 11
228440.41985845478
 21
111481.2727458556
 31
4550.0
  0
LINE
  5
367
330
17
100
AcDbEntity
  8
MIDDLE
100
AcDbLine
 10
228440.41985845478
 20
111481.2727458556
 30
4550.0
 11
227854.1019662497
 21
111706.33909777092
 31
4550.0
  0
LINE
  5
368
330
17
100
AcDbEntity
  8
MIDDLE
100
AcDbLine
 10
227854.1019662497
 20
111706.33909777092
 30
4550.0
 11
227247.47014490658
 21
111868.88560440284
 31
4550.0
  0
LINE
  5
369
330
17
100
AcDbEntity
  8
MIDDLE
100
AcDbLine
 10
227247.47014490658
 20
111868.88560440284
 30
4550.0
 11
226627.17077960592
 21
111967.13137220964
 31
4550.0
  0
LINE
  5
36A
330
17
100
AcDbEntity
  8
MIDDLE
100
AcDbLine
 10
226627.17077960592
 20
111967.13137220964
 30
4550.0
 11
226000.0
 21
112000.0
 31
4550.0
  0
LINE
  5
36B
330
17
100
AcDbEntity
  8
MIDDLE
100
AcDbLine
 10
226000.0
 20
112000.0
 30
4550.0
 11
225400.0
 21
112000.0
 31
4550.0
  0
LINE
  5
36C
330
17
100
AcDbEntity
  8
MIDDLE
100
AcDbLine
 10
225400.0
 20
112000.0
 30
4550.0
 11
224800.0
 21
112000.0
 31
4550.0
  0
LINE
  5
36D
330
17
100
AcDbEntity
  8
MIDDLE
100
AcDbLine
 10
224800.0
 20
112000.0
 30
4550.0
 11
224200.0
 21
112000.0
 31
4550.0
  0
LINE
  5
36E
330
17
100
AcDbEntity
  8
MIDDLE
100
AcDbLine
 10
224200.0
 20
112000.0
 30
4550.0
 11
223600.0
 21
112000.0
 31
4550.0
  0
LINE
  5
36F
330
17
100
AcDbEntity
  8
MIDDLE
100
AcDbLine
 10
223600.0
 20
112000.0
 30
4550.0
 11
223000.0
 21
112000.0
 31
4550.0
  0
LINE
  5
370
330
17
100
AcDbEntity
  8
MIDDLE
100
AcDbLine
 10
223000.0
 20
112000.0
 30
4550.0
 11
222400.0
 21
112000.0
 31
4550.0
  0
LINE
  5
371
330
17
100
AcDbEntity
  8
MIDDLE
100
AcDbLine
 10
222400.0
 20
112000.0
 30
4550.0
 11
221800.0
 21
112000.0
 31
4550.0
  0
LINE
  5
372
330
17
100
AcDbEntity
  8
MIDDLE
100
AcDbLine
 10
221800.0
 20
112000.0
 30
4550.0
 11
221200.0
 21
112000.0
 31
4550.0
  0
LINE
  5
373
330
17
100
AcDbEntity
  8
MIDDLE
100
AcDbLine
 10
221200.0
 20
112000.0
 30
4550.0
 11
220600.0
 21
112000.0
 31
4550.0
  0
LINE
  5
374
330
17
100
AcDbEntity
  8
MIDDLE
100
AcDbLine
 10
220600.0
 20
112000.0
 30
4550.0
 11
220000.0
 21
112000.0
 31
4550.0
  0
LINE
  5
375
330
17
100
AcDbEntity
  8
MIDDLE
100
AcDbLine
 10
220000.0
 20
112000.0
 30
4550.0
 11
219372.82922039408
 21
111967.13137220964
 31
4550.0
  0
LINE
  5
376
330
17
100
AcDbEntity
  8
MIDDLE
100
AcDbLine
 10
219372.82922039408
 20
111967.13137220964
 30
4550.0
 11
218752.52985509342
 21
111868.88560440284
 31
4550.0
  0
LINE
  5
377
330
17
100
AcDbEntity
  8
MIDDLE
100
AcDbLine
 10
218752.52985509342
 20
111868.88560440284
 30
4550.0
 11
218145.8980337503
 21
111706.33909777092
 31
4550.0
  0
LINE
  5
378
330
17
100
AcDbEntity
  8
MIDDLE
100
AcDbLine
 10
218145.8980337503
 20
111706.33909777092
 30
4550.0
 11
217559.58014154522
 21
111481.2727458556
 31
4550.0
  0
LINE
  5
379
330
17
100
AcDbEntity
  8
MIDDLE
100
AcDbLine
 10
217559.58014154522
 20
111481.2727458556
 30
4550.0
 11
217000.0
 21
111196.15242270663
 31
4550.0
  0
LINE
  5
37A
330
17
100
AcDbEntity
  8
MIDDLE
100
AcDbLine
 10
217000.0
 20
111196.15242270663
 30
4550.0
 11
216473.28848624518
 21
110854.10196624968
 31
4550.0
  0
LINE
  5
37B
330
17
100
AcDbEntity
  8
MIDDLE
100
AcDbLine
 10
216473.28848624518
 20
110854.10196624968
 30
4550.0
 11
215985.21636184686
 21
110458.86895286436
 31
4550.0
  0
LINE
  5
37C
330
17
100
AcDbEntity
  8
MIDDLE
100
AcDbLine
 10
215985.21636184686
 20
110458.86895286436
 30
4550.0
 11
215541.13104713566
 21
110014.78363815315
 31
4550.0
  0
LINE
  5
37D
330
17
100
AcDbEntity
  8
MIDDLE
100
AcDbLine
 10
215541.13104713566
 20
110014.78363815315
 30
4550.0
 11
215145.8980337503
 21
109526.71151375484
 31
4550.0
  0
LINE
  5
37E
330
17
100
AcDbEntity
  8
MIDDLE
100
AcDbLine
 10
215145.8980337503
 20
109526.71151375484
 30
4550.0
 11
214803.84757729337
 21
109000.0
 31
4550.0
  0
LINE
  5
37F
330
17
100
AcDbEntity
  8
MIDDLE
100
AcDbLine
 10
214803.84757729337
 20
109000.0
 30
4550.0
 11
214518.72725414438
 21
108440.4198584548
 31
4550.0
  0
LINE
  5
380
330
17
100
AcDbEntity
  8
MIDDLE
100
AcDbLine
 10
214518.72725414438
 20
108440.4198584548
 30
4550.0
 11
214293.66090222908
 21
107854.10196624968
 31
4550.0
  0
LINE
  5
381
330
17
100
AcDbEntity
  8
MIDDLE
100
AcDbLine
 10
214293.66090222908
 20
107854.10196624968
 30
4550.0
 11
214131.11439559716
 21
107247.47014490656
 31
4550.0
  0
LINE
  5
382
330
17
100
AcDbEntity
  8
MIDDLE
100
AcDbLine
 10
214131.11439559716
 20
107247.47014490656
 30
4550.0
 11
214032.86862779036
 21
106627.17077960592
 31
4550.0
  0
LINE
  5
383
330
17
100
AcDbEntity
  8
MIDDLE
100
AcDbLine
 10
214032.86862779036
 20
106627.17077960592
 30
4550.0
 11
214000.0
 21
106000.0
 31
4550.0
  0
LINE
  5
384
330
17
100
AcDbEntity
  8
MIDDLE
100
AcDbLine
 10
214000.0
 20
106000.0
 30
4550.0
 11
214000.0
 21
105357.14285714286
 31
4551.771541950113
  0
LINE
  5
385
330
17
100
AcDbEntity
  8
MIDDLE
100
AcDbLine
 10
214000.0
 20
105357.14285714286
 30
4551.771541950113
 11
214000.0
 21
104714.28571428571
 31
4557.02947845805
  0
LINE
  5
386
330
17
100
AcDbEntity
  8
MIDDLE
100
AcDbLine
 10
214000.0
 20
104714.28571428571
 30
4557.02947845805
 11
214000.0
 21
104071.42857142857
 31
4565.688775510204
  0
LINE
  5
387
330
17
100
AcDbEntity
  8
MIDDLE
100
AcDbLine
 10
214000.0
 20
104071.42857142857
 30
4565.688775510204
 11
214000.0
 21
103428.57142857143
 31
4577.664399092971
  0
LINE
  5
388
330
17
100
AcDbEntity
  8
MIDDLE
100
AcDbLine
 10
214000.0
 20
103428.57142857143
 30
4577.664399092971
 11
214000.0
 21
102785.71428571429
 31
4592.871315192743
  0
LINE
  5
389
330
17
100
AcDbEntity
  8
MIDDLE
100
AcDbLine
 10
214000.0
 20
102785.71428571429
 30
4592.871315192743
 11
214000.0
 21
102142.85714285714
 31
4611.224489795918
  0
LINE
  5
38A
330
17
100
AcDbEntity
  8
MIDDLE
100
AcDbLine
 10
214000.0
 20
102142.85714285714
 30
4611.224489795918
 11
214000.0
 21
101500.0
 31
4632.638888888889
  0
LINE
  5
38B
330
17
100
AcDbEntity
  8
MIDDLE
100
AcDbLine
 10
214000.0
 20
101500.0
 30
4632.638888888889
 11
214000.0
 21
100857.14285714286
 31
4657.02947845805
  0
LINE
  5
38C
330
17
100
AcDbEntity
  8
MIDDLE
100
AcDbLine
 10
214000.0
 20
100857.14285714286
 30
4657.02947845805
 11
214000.0
 21
100214.28571428571
 31
4684.311224489796
  0
LINE
  5
38D
330
17
100
AcDbEntity
  8
MIDDLE
100
AcDbLine
 10
214000.0
 20
100214.28571428571
 30
4684.311224489796
 11
214000.0
 21
99571.42857142857
 31
4714.399092970521
  0
LINE
  5
38E
330
17
100
AcDbEntity
  8
MIDDLE
100
AcDbLine
 10
214000.0
 20
99571.42857142857
 30
4714.399092970521
 11
214000.0
 21
98928.57142857143
 31
4747.208049886622
  0
LINE
  5
38F
330
17
100
AcDbEntity
  8
MIDDLE
100
AcDbLine
 10
214000.0
 20
98928.57142857143
 30
4747.208049886622
 11
214000.0
 21
98285.71428571428
 31
4782.65306122449
  0
LINE
  5
390
330
17
100
AcDbEntity
  8
MIDDLE
100
AcDbLine
 10
214000.0
 20
98285.71428571428
 30
4782.65306122449
 11
214000.0
 21
97642.85714285714
 31
4820.649092970521
  0
LINE
  5
391
330
17
100
AcDbEntity
  8
MIDDLE
100
AcDbLine
 10
214000.0
 20
97642.85714285714
 30
4820.649092970521
 11
214000.0
 21
97000.0
 31
4861.11111111111
  0
LINE
  5
392
330
17
100
AcDbEntity
  8
MIDDLE
100
AcDbLine
 10
214000.0
 20
97000.0
 30
4861.11111111111
 11
214000.0
 21
96357.14285714286
 31
4903.9540816326535
  0
LINE
  5
393
330
17
100
AcDbEntity
  8
MIDDLE
100
AcDbLine
 10
214000.0
 20
96357.14285714286
 30
4903.9540816326535
 11
214000.0
 21
95714.28571428572
 31
4949.092970521541
  0
LINE
  5
394
330
17
100
AcDbEntity
  8
MIDDLE
100
AcDbLine
 10
214000.0
 20
95714.28571428572
 30
4949.092970521541
 11
214000.0
 21
95071.42857142857
 31
4996.4427437641725
  0
LINE
  5
395
330
17
100
AcDbEntity
  8
MIDDLE
100
AcDbLine
 10
214000.0
 20
95071.42857142857
 30
4996.4427437641725
 11
214000.0
 21
94428.57142857143
 31
5045.918367346939
  0
LINE
  5
396
330
17
100
AcDbEntity
  8
MIDDLE
100
AcDbLine
 10
214000.0
 20
94428.57142857143
 30
5045.918367346939
 11
214000.0
 21
93785.71428571428
 31
5097.434807256236
  0
LINE
  5
397
330
17
100
AcDbEntity
  8
MIDDLE
100
AcDbLine
 10
214000.0
 20
93785.71428571428
 30
5097.434807256236
 11
214000.0
 21
93142.85714285714
 31
5150.907029478458
  0
LINE
  5
398
330
17
100
AcDbEntity
  8
MIDDLE
100
AcDbLine
 10
214000.0
 20
93142.85714285714
 30
5150.907029478458
 11
214000.0
 21
92500.0
 31
5206.25
  0
LINE
  5
399
330
17
100
AcDbEntity
  8
MIDDLE
100
AcDbLine
 10
214000.0
 20
92500.0
 30
5206.25
 11
214000.0
 21
91857.14285714286
 31
5263.378684807256
  0
LINE
  5
39A
330
17
100
AcDbEntity
  8
MIDDLE
100
AcDbLine
 10
214000.0
 20
91857.14285714286
 30
5263.378684807256
 11
214000.0
 21
91214.28571428572
 31
5322.208049886621
  0
LINE
  5
39B
330
17
100
AcDbEntity
  8
MIDDLE
100
AcDbLine
 10
214000.0
 20
91214.28571428572
 30
5322.208049886621
 11
214000.0
 21
90571.42857142857
 31
5382.65306122449
  0
LINE
  5
39C
330
17
100
AcDbEntity
  8
MIDDLE
100
AcDbLine
 10
214000.0
 20
90571.42857142857
 30
5382.65306122449
 11
214000.0
 21
89928.57142857143
 31
5444.628684807256
  0
LINE
  5
39D
330
17
100
AcDbEntity
  8
MIDDLE
100
AcDbLine
 10
214000.0
 20
89928.57142857143
 30
5444.628684807256
 11
214000.0
 21
89285.71428571428
 31
5508.049886621315
  0
LINE
  5
39E
330
17
100
AcDbEntity
  8
MIDDLE
100
AcDbLine
 10
214000.0
 20
89285.71428571428
 30
5508.049886621315
 11
214000.0
 21
88642.85714285714
 31
5572.831632653061
  0
LINE
  5
39F
330
17
100
AcDbEntity
  8
MIDDLE
100
AcDbLine
 10
214000.0
 20
88642.85714285714
 30
5572.831632653061
 11
214000.0
 21
88000.0
 31
5638.888888888889
  0
LINE
  5
3A0
330
17
100
AcDbEntity
  8
MIDDLE
100
AcDbLine
 10
214000.0
 20
88000.0
 30
5638.888888888889
 11
214000.0
 21
87357.14285714286
 31
5706.136621315192
  0
LINE
  5
3A1
330
17
100
AcDbEntity
  8
MIDDLE
100
AcDbLine
 10
214000.0
 20
87357.14285714286
 30
5706.136621315192
 11
214000.0
 21
86714.28571428572
 31
5774.489795918366
  0
LINE
  5
3A2
330
17
100
AcDbEntity
  8
MIDDLE
100
AcDbLine
 10
214000.0
 20
86714.28571428572
 30
5774.489795918366
 11
214000.0
 21
86071.42857142857
 31
5843.863378684807
  0
LINE
  5
3A3
330
17
100
AcDbEntity
  8
MIDDLE
100
AcDbLine
 10
214000.0
 20
86071.42857142857
 30
5843.863378684807
 11
214000.0
 21
85428.57142857143
 31
5914.172335600907
  0
LINE
  5
3A4
330
17
100
AcDbEntity
  8
MIDDLE
100
AcDbLine
 10
214000.0
 20
85428.57142857143
 30
5914.172335600907
 11
214000.0
 21
84785.71428571428
 31
5985.331632653061
  0
LINE
  5
3A5
330
17
100
AcDbEntity
  8
MIDDLE
100
AcDbLine
 10
214000.0
 20
84785.71428571428
 30
5985.331632653061
 11
214000.0
 21
84142.85714285714
 31
6057.256235827664
  0
LINE
  5
3A6
330
17
100
AcDbEntity
  8
MIDDLE
100
AcDbLine
 10
214000.0
 20
84142.85714285714
 30
6057.256235827664
 11
214000.0
 21
83500.0
 31
6129.861111111111
  0
LINE
  5
3A7
330
17
100
AcDbEntity
  8
MIDDLE
100
AcDbLine
 10
214000.0
 20
83500.0
 30
6129.861111111111
 11
214000.0
 21
82857.14285714286
 31
6203.061224489796
  0
LINE
  5
3A8
330
17
100
AcDbEntity
  8
MIDDLE
100
AcDbLine
 10
214000.0
 20
82857.14285714286
 30
6203.061224489796
 11
214000.0
 21
82214.28571428572
 31
6276.771541950114
  0
LINE
  5
3A9
330
17
100
AcDbEntity
  8
MIDDLE
100
AcDbLine
 10
214000.0
 20
82214.28571428572
 30
6276.771541950114
 11
214000.0
 21
81571.42857142857
 31
6350.907029478458
  0
LINE
  5
3AA
330
17
100
AcDbEntity
  8
MIDDLE
100
AcDbLine
 10
214000.0
 20
81571.42857142857
 30
6350.907029478458
 11
214000.0
 21
80928.57142857143
 31
6425.382653061225
  0
LINE
  5
3AB
330
17
100
AcDbEntity
  8
MIDDLE
100
AcDbLine
 10
214000.0
 20
80928.57142857143
 30
6425.382653061225
 11
214000.0
 21
80285.71428571429
 31
6500.113378684807
  0
LINE
  5
3AC
330
17
100
AcDbEntity
  8
MIDDLE
100
AcDbLine
 10
214000.0
 20
80285.71428571429
 30
6500.113378684807
 11
214000.0
 21
79642.85714285714
 31
6575.0141723356
  0
LINE
  5
3AD
330
17
100
AcDbEntity
  8
MIDDLE
100
AcDbLine
 10
214000.0
 20
79642.85714285714
 30
6575.0141723356
 11
214000.0
 21
79000.0
 31
6650.0
  0
LINE
  5
3AE
330
17
100
AcDbEntity
  8
UPPER
100
AcDbLine
 10
214000.0
 20
79000.0
 30
6650.0
 11
214000.0
 21
78357.14285714286
 31
6724.985827664398
  0
LINE
  5
3AF
330
17
100
AcDbEntity
  8
UPPER
100
AcDbLine
 10
214000.0
 20
78357.14285714286
 30
6724.985827664398
 11
214000.0
 21
77714.28571428571
 31
6799.886621315193
  0
LINE
  5
3B0
330
17
100
AcDbEntity
  8
UPPER
100
AcDbLine
 10
214000.0
 20
77714.28571428571
 30
6799.886621315193
 11
214000.0
 21
77071.42857142857
 31
6874.617346938775
  0
LINE
  5
3B1
330
17
100
AcDbEntity
  8
UPPER
100
AcDbLine
 10
214000.0
 20
77071.42857142857
 30
6874.617346938775
 11
214000.0
 21
76428.57142857143
 31
6949.092970521542
  0
LINE
  5
3B2
330
17
100
AcDbEntity
  8
UPPER
100
AcDbLine
 10
214000.0
 20
76428.57142857143
 30
6949.092970521542
 11
214000.0
 21
75785.71428571428
 31
7023.228458049887
  0
LINE
  5
3B3
330
17
100
AcDbEntity
  8
UPPER
100
AcDbLine
 10
214000.0
 20
75785.71428571428
 30
7023.228458049887
 11
214000.0
 21
75142.85714285714
 31
7096.938775510203
  0
LINE
  5
3B4
330
17
100
AcDbEntity
  8
UPPER
100
AcDbLine
 10
214000.0
 20
75142.85714285714
 30
7096.938775510203
 11
214000.0
 21
74500.0
 31
7170.13888888889
  0
LINE
  5
3B5
330
17
100
AcDbEntity
  8
UPPER
100
AcDbLine
 10
214000.0
 20
74500.0
 30
7170.13888888889
 11
214000.0
 21
73857.14285714286
 31
7242.743764172335
  0
LINE
  5
3B6
330
17
100
AcDbEntity
  8
UPPER
100
AcDbLine
 10
214000.0
 20
73857.14285714286
 30
7242.743764172335
 11
214000.0
 21
73214.28571428572
 31
7314.668367346938
  0
LINE
  5
3B7
330
17
100
AcDbEntity
  8
UPPER
100
AcDbLine
 10
214000.0
 20
73214.28571428572
 30
7314.668367346938
 11
214000.0
 21
72571.42857142857
 31
7385.827664399093
  0
LINE
  5
3B8
330
17
100
AcDbEntity
  8
UPPER
100
AcDbLine
 10
214000.0
 20
72571.42857142857
 30
7385.827664399093
 11
214000.0
 21
71928.57142857143
 31
7456.136621315192
  0
LINE
  5
3B9
330
17
100
AcDbEntity
  8
UPPER
100
AcDbLine
 10
214000.0
 20
71928.57142857143
 30
7456.136621315192
 11
214000.0
 21
71285.71428571428
 31
7525.510204081632
  0
LINE
  5
3BA
330
17
100
AcDbEntity
  8
UPPER
100
AcDbLine
 10
214000.0
 20
71285.71428571428
 30
7525.510204081632
 11
214000.0
 21
70642.85714285714
 31
7593.863378684807
  0
LINE
  5
3BB
330
17
100
AcDbEntity
  8
UPPER
100
AcDbLine
 10
214000.0
 20
70642.85714285714
 30
7593.863378684807
 11
214000.0
 21
70000.0
 31
7661.111111111111
  0
LINE
  5
3BC
330
17
100
AcDbEntity
  8
UPPER
100
AcDbLine
 10
214000.0
 20
70000.0
 30
7661.111111111111
 11
214000.0
 21
69357.14285714286
 31
7727.16836734694
  0
LINE
  5
3BD
330
17
100
AcDbEntity
  8
UPPER
100
AcDbLine
 10
214000.0
 20
69357.14285714286
 30
7727.16836734694
 11
214000.0
 21
68714.28571428572
 31
7791.950113378685
  0
LINE
  5
3BE
330
17
100
AcDbEntity
  8
UPPER
100
AcDbLine
 10
214000.0
 20
68714.28571428572
 30
7791.950113378685
 11
214000.0
 21
68071.42857142858
 31
7855.371315192743
  0
LINE
  5
3BF
330
17
100
AcDbEntity
  8
UPPER
100
AcDbLine
 10
214000.0
 20
68071.42857142858
 30
7855.371315192743
 11
214000.0
 21
67428.57142857143
 31
7917.34693877551
  0
LINE
  5
3C0
330
17
100
AcDbEntity
  8
UPPER
100
AcDbLine
 10
214000.0
 20
67428.57142857143
 30
7917.34693877551
 11
214000.0
 21
66785.71428571428
 31
7977.791950113379
  0
LINE
  5
3C1
330
17
100
AcDbEntity
  8
UPPER
100
AcDbLine
 10
214000.0
 20
66785.71428571428
 30
7977.791950113379
 11
214000.0
 21
66142.85714285714
 31
8036.621315192743
  0
LINE
  5
3C2
330
17
100
AcDbEntity
  8
UPPER
100
AcDbLine
 10
214000.0
 20
66142.85714285714
 30
8036.621315192743
 11
214000.0
 21
65500.0
 31
8093.75
  0
LINE
  5
3C3
330
17
100
AcDbEntity
  8
UPPER
100
AcDbLine
 10
214000.0
 20
65500.0
 30
8093.75
 11
214000.0
 21
64857.14285714286
 31
8149.092970521542
  0
LINE
  5
3C4
330
17
100
AcDbEntity
  8
UPPER
100
AcDbLine
 10
214000.0
 20
64857.14285714286
 30
8149.092970521542
 11
214000.0
 21
64214.285714285725
 31
8202.565192743765
  0
LINE
  5
3C5
330
17
100
AcDbEntity
  8
UPPER
100
AcDbLine
 10
214000.0
 20
64214.285714285725
 30
8202.565192743765
 11
214000.0
 21
63571.42857142857
 31
8254.081632653062
  0
LINE
  5
3C6
330
17
100
AcDbEntity
  8
UPPER
100
AcDbLine
 10
214000.0
 20
63571.42857142857
 30
8254.081632653062
 11
214000.0
 21
62928.57142857142
 31
8303.557256235828
  0
LINE
  5
3C7
330
17
100
AcDbEntity
  8
UPPER
100
AcDbLine
 10
214000.0
 20
62928.57142857142
 30
8303.557256235828
 11
214000.0
 21
62285.71428571428
 31
8350.907029478458
  0
LINE
  5
3C8
330
17
100
AcDbEntity
  8
UPPER
100
AcDbLine
 10
214000.0
 20
62285.71428571428
 30
8350.907029478458
 11
214000.0
 21
61642.857142857145
 31
8396.045918367347
  0
LINE
  5
3C9
330
17
100
AcDbEntity
  8
UPPER
100
AcDbLine
 10
214000.0
 20
61642.857142857145
 30
8396.045918367347
 11
214000.0
 21
61000.0
 31
8438.88888888889
  0
LINE
  5
3CA
330
17
100
AcDbEntity
  8
UPPER
100
AcDbLine
 10
214000.0
 20
61000.0
 30
8438.88888888889
 11
214000.0
 21
60357.142857142855
 31
8479.350907029479
  0
LINE
  5
3CB
330
17
100
AcDbEntity
  8
UPPER
100
AcDbLine
 10
214000.0
 20
60357.142857142855
 30
8479.350907029479
 11
214000.0
 21
59714.28571428572
 31
8517.34693877551
  0
LINE
  5
3CC
330
17
100
AcDbEntity
  8
UPPER
100
AcDbLine
 10
214000.0
 20
59714.28571428572
 30
8517.34693877551
 11
214000.0
 21
59071.42857142857
 31
8552.791950113377
  0
LINE
  5
3CD
330
17
100
AcDbEntity
  8
UPPER
100
AcDbLine
 10
214000.0
 20
59071.42857142857
 30
8552.791950113377
 11
214000.0
 21
58428.57142857143
 31
8585.600907029479
  0
LINE
  5
3CE
330
17
100
AcDbEntity
  8
UPPER
100
AcDbLine
 10
214000.0
 20
58428.57142857143
 30
8585.600907029479
 11
214000.0
 21
57785.71428571428
 31
8615.688775510203
  0
LINE
  5
3CF
330
17
100
AcDbEntity
  8
UPPER
100
AcDbLine
 10
214000.0
 20
57785.71428571428
 30
8615.688775510203
 11
214000.0
 21
57142.857142857145
 31
8642.97052154195
  0
LINE
  5
3D0
330
17
100
AcDbEntity
  8
UPPER
100
AcDbLine
 10
214000.0
 20
57142.857142857145
 30
8642.97052154195
 11
214000.0
 21
56500.0
 31
8667.361111111111
  0
LINE
  5
3D1
330
17
100
AcDbEntity
  8
UPPER
100
AcDbLine
 10
214000.0
 20
56500.0
 30
8667.361111111111
 11
214000.0
 21
55857.142857142855
 31
8688.775510204081
  0
LINE
  5
3D2
330
17
100
AcDbEntity
  8
UPPER
100
AcDbLine
 10
214000.0
 20
55857.142857142855
 30
8688.775510204081
 11
214000.0
 21
55214.28571428572
 31
8707.128684807256
  0
LINE
  5
3D3
330
17
100
AcDbEntity
  8
UPPER
100
AcDbLine
 10
214000.0
 20
55214.28571428572
 30
8707.128684807256
 11
214000.0
 21
54571.42857142858
 31
8722.33560090703
  0
LINE
  5
3D4
330
17
100
AcDbEntity
  8
UPPER
100
AcDbLine
 10
214000.0
 20
54571.42857142858
 30
8722.33560090703
 11
214000.0
 21
53928.57142857143
 31
8734.311224489797
  0
LINE
  5
3D5
330
17
100
AcDbEntity
  8
UPPER
100
AcDbLine
 10
214000.0
 20
53928.57142857143
 30
8734.311224489797
 11
214000.0
 21
53285.71428571428
 31
8742.970521541949
  0
LINE
  5
3D6
330
17
100
AcDbEntity
  8
UPPER
100
AcDbLine
 10
214000.0
 20
53285.71428571428
 30
8742.970521541949
 11
214000.0
 21
52642.85714285714
 31
8748.228458049887
  0
LINE
  5
3D7
330
17
100
AcDbEntity
  8
UPPER
100
AcDbLine
 10
214000.0
 20
52642.85714285714
 30
8748.228458049887
 11
214000.0
 21
52000.0
 31
8750.0
  0
LINE
  5
3D8
330
17
100
AcDbEntity
  8
UPPER
100
AcDbLine
 10
214000.0
 20
52000.0
 30
8750.0
 11
214032.86862779036
 21
51372.82922039408
 31
8750.0
  0
LINE
  5
3D9
330
17
100
AcDbEntity
  8
UPPER
100
AcDbLine
 10
214032.86862779036
 20
51372.82922039408
 30
8750.0
 11
214131.11439559716
 21
50752.529855093446
 31
8750.0
  0
LINE
  5
3DA
330
17
100
AcDbEntity
  8
UPPER
100
AcDbLine
 10
214131.11439559716
 20
50752.529855093446
 30
8750.0
 11
214293.66090222908
 21
50145.898033750316
 31
8750.0
  0
LINE
  5
3DB
330
17
100
AcDbEntity
  8
UPPER
100
AcDbLine
 10
214293.66090222908
 20
50145.898033750316
 30
8750.0
 11
214518.72725414438
 21
49559.5801415452
 31
8750.0
  0
LINE
  5
3DC
330
17
100
AcDbEntity
  8
UPPER
100
AcDbLine
 10
214518.72725414438
 20
49559.5801415452
 30
8750.0
 11
214803.84757729337
 21
49000.0
 31
8750.0
  0
LINE
  5
3DD
330
17
100
AcDbEntity
  8
UPPER
100
AcDbLine
 10
214803.84757729337
 20
49000.0
 30
8750.0
 11
215145.8980337503
 21
48473.28848624516
 31
8750.0
  0
LINE
  5
3DE
330
17
100
AcDbEntity
  8
UPPER
100
AcDbLine
 10
215145.8980337503
 20
48473.28848624516
 30
8750.0
 11
215541.13104713566
 21
47985.216361846855
 31
8750.0
  0
LINE
  5
3DF
330
17
100
AcDbEntity
  8
UPPER
100
AcDbLine
 10
215541.13104713566
 20
47985.216361846855
 30
8750.0
 11
215985.21636184686
 21
47541.131047135634
 31
8750.0
  0
LINE
  5
3E0
330
17
100
AcDbEntity
  8
UPPER
100
AcDbLine
 10
215985.21636184686
 20
47541.131047135634
 30
8750.0
 11
216473.28848624518
 21
47145.898033750316
 31
8750.0
  0
LINE
  5
3E1
330
17
100
AcDbEntity
  8
UPPER
100
AcDbLine
 10
216473.28848624518
 20
47145.898033750316
 30
8750.0
 11
217000.0
 21
46803.84757729337
 31
8750.0
  0
LINE
  5
3E2
330
17
100
AcDbEntity
  8
UPPER
100
AcDbLine
 10
217000.0
 20
46803.84757729337
 30
8750.0
 11
217559.5801415452
 21
46518.727254144396
 31
8750.0
  0
LINE
  5
3E3
330
17
100
AcDbEntity
  8
UPPER
100
AcDbLine
 10
217559.5801415452
 20
46518.727254144396
 30
8750.0
 11
218145.8980337503
 21
46293.66090222908
 31
8750.0
  0
LINE
  5
3E4
330
17
100
AcDbEntity
  8
UPPER
100
AcDbLine
 10
218145.8980337503
 20
46293.66090222908
 30
8750.0
 11
218752.52985509345
 21
46131.114395597164
 31
8750.0
  0
LINE
  5
3E5
330
17
100
AcDbEntity
  8
UPPER
100
AcDbLine
 10
218752.52985509345
 20
46131.114395597164
 30
8750.0
 11
219372.82922039408
 21
46032.86862779036
 31
8750.0
  0
LINE
  5
3E6
330
17
100
AcDbEntity
  8
UPPER
100
AcDbLine
 10
219372.82922039408
 20
46032.86862779036
 30
8750.0
 11
220000.0
 21
46000.0
 31
8750.0
  0
LINE
  5
3E7
330
17
100
AcDbEntity
  8
UPPER
100
AcDbLine
 10
220000.0
 20
46000.0
 30
8750.0
 11
220645.1612903226
 21
46000.0
 31
8750.0
  0
LINE
  5
3E8
330
17
100
AcDbEntity
  8
UPPER
100
AcDbLine
 10
220645.1612903226
 20
46000.0
 30
8750.0
 11
221290.32258064515
 21
46000.0
 31
8750.0
  0
LINE
  5
3E9
330
17
100
AcDbEntity
  8
UPPER
100
AcDbLine
 10
221290.32258064515
 20
46000.0
 30
8750.0
 11
221935.48387096776
 21
46000.0
 31
8750.0
  0
LINE
  5
3EA
330
17
100
AcDbEntity
  8
UPPER
100
AcDbLine
 10
221935.48387096776
 20
46000.0
 30
8750.0
 11
222580.6451612903
 21
46000.0
 31
8750.0
  0
LINE
  5
3EB
330
17
100
AcDbEntity
  8
UPPER
100
AcDbLine
 10
222580.6451612903
 20
46000.0
 30
8750.0
 11
223225.8064516129
 21
46000.0
 31
8750.0
  0
LINE
  5
3EC
330
17
100
AcDbEntity
  8
UPPER
100
AcDbLine
 10
223225.8064516129
 20
46000.0
 30
8750.0
 11
223870.96774193548
 21
46000.0
 31
8750.0
  0
LINE
  5
3ED
330
17
100
AcDbEntity
  8
UPPER
100
AcDbLine
 10
223870.96774193548
 20
46000.0
 30
8750.0
 11
224516.12903225806
 21
46000.0
 31
8750.0
  0
LINE
  5
3EE
330
17
100
AcDbEntity
  8
UPPER
100
AcDbLine
 10
224516.12903225806
 20
46000.0
 30
8750.0
 11
225161.29032258064
 21
46000.0
 31
8750.0
  0
LINE
  5
3EF
330
17
100
AcDbEntity
  8
UPPER
100
AcDbLine
 10
225161.29032258064
 20
46000.0
 30
8750.0
 11
225806.45161290324
 21
46000.0
 31
8750.0
  0
LINE
  5
3F0
330
17
100
AcDbEntity
  8
UPPER
100
AcDbLine
 10
225806.45161290324
 20
46000.0
 30
8750.0
 11
226451.6129032258
 21
46000.0
 31
8750.0
  0
LINE
  5
3F1
330
17
100
AcDbEntity
  8
UPPER
100
AcDbLine
 10
226451.6129032258
 20
46000.0
 30
8750.0
 11
227096.7741935484
 21
46000.0
 31
8750.0
  0
LINE
  5
3F2
330
17
100
AcDbEntity
  8
UPPER
100
AcDbLine
 10
227096.7741935484
 20
46000.0
 30
8750.0
 11
227741.93548387097
 21
46000.0
 31
8750.0
  0
LINE
  5
3F3
330
17
100
AcDbEntity
  8
UPPER
100
AcDbLine
 10
227741.93548387097
 20
46000.0
 30
8750.0
 11
228387.09677419355
 21
46000.0
 31
8750.0
  0
LINE
  5
3F4
330
17
100
AcDbEntity
  8
UPPER
100
AcDbLine
 10
228387.09677419355
 20
46000.0
 30
8750.0
 11
229032.25806451612
 21
46000.0
 31
8750.0
  0
LINE
  5
3F5
330
17
100
AcDbEntity
  8
UPPER
100
AcDbLine
 10
229032.25806451612
 20
46000.0
 30
8750.0
 11
229677.41935483873
 21
46000.0
 31
8750.0
  0
LINE
  5
3F6
330
17
100
AcDbEntity
  8
UPPER
100
AcDbLine
 10
229677.41935483873
 20
46000.0
 30
8750.0
 11
230322.58064516127
 21
46000.0
 31
8750.0
  0
LINE
  5
3F7
330
17
100
AcDbEntity
  8
UPPER
100
AcDbLine
 10
230322.58064516127
 20
46000.0
 30
8750.0
 11
230967.74193548388
 21
46000.0
 31
8750.0
  0
LINE
  5
3F8
330
17
100
AcDbEntity
  8
UPPER
100
AcDbLine
 10
230967.74193548388
 20
46000.0
 30
8750.0
 11
231612.90322580645
 21
46000.0
 31
8750.0
  0
LINE
  5
3F9
330
17
100
AcDbEntity
  8
UPPER
100
AcDbLine
 10
231612.90322580645
 20
46000.0
 30
8750.0
 11
232258.06451612903
 21
46000.0
 31
8750.0
  0
LINE
  5
3FA
330
17
100
AcDbEntity
  8
UPPER
100
AcDbLine
 10
232258.06451612903
 20
46000.0
 30
8750.0
 11
232903.2258064516
 21
46000.0
 31
8750.0
  0
LINE
  5
3FB
330
17
100
AcDbEntity
  8
UPPER
100
AcDbLine
 10
232903.2258064516
 20
46000.0
 30
8750.0
 11
233548.3870967742
 21
46000.0
 31
8750.0
  0
LINE
  5
3FC
330
17
100
AcDbEntity
  8
UPPER
100
AcDbLine
 10
233548.3870967742
 20
46000.0
 30
8750.0
 11
234193.54838709676
 21
46000.0
 31
8750.0
  0
LINE
  5
3FD
330
17
100
AcDbEntity
  8
UPPER
100
AcDbLine
 10
234193.54838709676
 20
46000.0
 30
8750.0
 11
234838.70967741936
 21
46000.0
 31
8750.0
  0
LINE
  5
3FE
330
17
100
AcDbEntity
  8
UPPER
100
AcDbLine
 10
234838.70967741936
 20
46000.0
 30
8750.0
 11
235483.87096774194
 21
46000.0
 31
8750.0
  0
LINE
  5
3FF
330
17
100
AcDbEntity
  8
UPPER
100
AcDbLine
 10
235483.87096774194
 20
46000.0
 30
8750.0
 11
236129.03225806452
 21
46000.0
 31
8750.0
  0
LINE
  5
400
330
17
100
AcDbEntity
  8
UPPER
100
AcDbLine
 10
236129.03225806452
 20
46000.0
 30
8750.0
 11
236774.1935483871
 21
46000.0
 31
8750.0
  0
LINE
  5
401
330
17
100
AcDbEntity
  8
UPPER
100
AcDbLine
 10
236774.1935483871
 20
46000.0
 30
8750.0
 11
237419.3548387097
 21
46000.0
 31
8750.0
  0
LINE
  5
402
330
17
100
AcDbEntity
  8
UPPER
100
AcDbLine
 10
237419.3548387097
 20
46000.0
 30
8750.0
 11
238064.51612903224
 21
46000.0
 31
8750.0
  0
LINE
  5
403
330
17
100
AcDbEntity
  8
UPPER
100
AcDbLine
 10
238064.51612903224
 20
46000.0
 30
8750.0
 11
238709.67741935482
 21
46000.0
 31
8750.0
  0
LINE
  5
404
330
17
100
AcDbEntity
  8
UPPER
100
AcDbLine
 10
238709.67741935482
 20
46000.0
 30
8750.0
 11
239354.83870967742
 21
46000.0
 31
8750.0
  0
LINE
  5
405
330
17
100
AcDbEntity
  8
UPPER
100
AcDbLine
 10
239354.83870967742
 20
46000.0
 30
8750.0
 11
240000.0
 21
46000.0
 31
8750.0
  0
LINE
  5
406
330
17
100
AcDbEntity
  8
UPPER
100
AcDbLine
 10
240000.0
 20
46000.0
 30
8750.0
 11
240645.16129032258
 21
46000.0
 31
8750.0
  0
LINE
  5
407
330
17
100
AcDbEntity
  8
UPPER
100
AcDbLine
 10
240645.16129032258
 20
46000.0
 30
8750.0
 11
241290.32258064515
 21
46000.0
 31
8750.0
  0
LINE
  5
408
330
17
100
AcDbEntity
  8
UPPER
100
AcDbLine
 10
241290.32258064515
 20
46000.0
 30
8750.0
 11
241935.48387096776
 21
46000.0
 31
8750.0
  0
LINE
  5
409
330
17
100
AcDbEntity
  8
UPPER
100
AcDbLine
 10
241935.48387096776
 20
46000.0
 30
8750.0
 11
242580.6451612903
 21
46000.0
 31
8750.0
  0
LINE
  5
40A
330
17
100
AcDbEntity
  8
UPPER
100
AcDbLine
 10
242580.6451612903
 20
46000.0
 30
8750.0
 11
243225.8064516129
 21
46000.0
 31
8750.0
  0
LINE
  5
40B
330
17
100
AcDbEntity
  8
UPPER
100
AcDbLine
 10
243225.8064516129
 20
46000.0
 30
8750.0
 11
243870.96774193548
 21
46000.0
 31
8750.0
  0
LINE
  5
40C
330
17
100
AcDbEntity
  8
UPPER
100
AcDbLine
 10
243870.96774193548
 20
46000.0
 30
8750.0
 11
244516.12903225806
 21
46000.0
 31
8750.0
  0
LINE
  5
40D
330
17
100
AcDbEntity
  8
UPPER
100
AcDbLine
 10
244516.12903225806
 20
46000.0
 30
8750.0
 11
245161.29032258064
 21
46000.0
 31
8750.0
  0
LINE
  5
40E
330
17
100
AcDbEntity
  8
UPPER
100
AcDbLine
 10
245161.29032258064
 20
46000.0
 30
8750.0
 11
245806.45161290324
 21
46000.0
 31
8750.0
  0
LINE
  5
40F
330
17
100
AcDbEntity
  8
UPPER
100
AcDbLine
 10
245806.45161290324
 20
46000.0
 30
8750.0
 11
246451.6129032258
 21
46000.0
 31
8750.0
  0
LINE
  5
410
330
17
100
AcDbEntity
  8
UPPER
100
AcDbLine
 10
246451.6129032258
 20
46000.0
 30
8750.0
 11
247096.7741935484
 21
46000.0
 31
8750.0
  0
LINE
  5
411
330
17
100
AcDbEntity
  8
UPPER
100
AcDbLine
 10
247096.7741935484
 20
46000.0
 30
8750.0
 11
247741.93548387097
 21
46000.0
 31
8750.0
  0
LINE
  5
412
330
17
100
AcDbEntity
  8
UPPER
100
AcDbLine
 10
247741.93548387097
 20
46000.0
 30
8750.0
 11
248387.09677419355
 21
46000.0
 31
8750.0
  0
LINE
  5
413
330
17
100
AcDbEntity
  8
UPPER
100
AcDbLine
 10
248387.09677419355
 20
46000.0
 30
8750.0
 11
249032.25806451612
 21
46000.0
 31
8750.0
  0
LINE
  5
414
330
17
100
AcDbEntity
  8
UPPER
100
AcDbLine
 10
249032.25806451612
 20
46000.0
 30
8750.0
 11
249677.41935483873
 21
46000.0
 31
8750.0
  0
LINE
  5
415
330
17
100
AcDbEntity
  8
UPPER
100
AcDbLine
 10
249677.41935483873
 20
46000.0
 30
8750.0
 11
250322.58064516127
 21
46000.0
 31
8750.0
  0
LINE
  5
416
330
17
100
AcDbEntity
  8
UPPER
100
AcDbLine
 10
250322.58064516127
 20
46000.0
 30
8750.0
 11
250967.74193548388
 21
46000.0
 31
8750.0
  0
LINE
  5
417
330
17
100
AcDbEntity
  8
UPPER
100
AcDbLine
 10
250967.74193548388
 20
46000.0
 30
8750.0
 11
251612.90322580645
 21
46000.0
 31
8750.0
  0
LINE
  5
418
330
17
100
AcDbEntity
  8
UPPER
100
AcDbLine
 10
251612.90322580645
 20
46000.0
 30
8750.0
 11
252258.06451612903
 21
46000.0
 31
8750.0
  0
LINE
  5
419
330
17
100
AcDbEntity
  8
UPPER
100
AcDbLine
 10
252258.06451612903
 20
46000.0
 30
8750.0
 11
252903.2258064516
 21
46000.0
 31
8750.0
  0
LINE
  5
41A
330
17
100
AcDbEntity
  8
UPPER
100
AcDbLine
 10
252903.2258064516
 20
46000.0
 30
8750.0
 11
253548.3870967742
 21
46000.0
 31
8750.0
  0
LINE
  5
41B
330
17
100
AcDbEntity
  8
UPPER
100
AcDbLine
 10
253548.3870967742
 20
46000.0
 30
8750.0
 11
254193.54838709676
 21
46000.0
 31
8750.0
  0
LINE
  5
41C
330
17
100
AcDbEntity
  8
UPPER
100
AcDbLine
 10
254193.54838709676
 20
46000.0
 30
8750.0
 11
254838.70967741936
 21
46000.0
 31
8750.0
  0
LINE
  5
41D
330
17
100
AcDbEntity
  8
UPPER
100
AcDbLine
 10
254838.70967741936
 20
46000.0
 30
8750.0
 11
255483.87096774194
 21
46000.0
 31
8750.0
  0
LINE
  5
41E
330
17
100
AcDbEntity
  8
UPPER
100
AcDbLine
 10
255483.87096774194
 20
46000.0
 30
8750.0
 11
256129.03225806452
 21
46000.0
 31
8750.0
  0
LINE
  5
41F
330
17
100
AcDbEntity
  8
UPPER
100
AcDbLine
 10
256129.03225806452
 20
46000.0
 30
8750.0
 11
256774.19354838706
 21
46000.0
 31
8750.0
  0
LINE
  5
420
330
17
100
AcDbEntity
  8
UPPER
100
AcDbLine
 10
256774.19354838706
 20
46000.0
 30
8750.0
 11
257419.35483870964
 21
46000.0
 31
8750.0
  0
LINE
  5
421
330
17
100
AcDbEntity
  8
UPPER
100
AcDbLine
 10
257419.35483870964
 20
46000.0
 30
8750.0
 11
258064.51612903224
 21
46000.0
 31
8750.0
  0
LINE
  5
422
330
17
100
AcDbEntity
  8
UPPER
100
AcDbLine
 10
258064.51612903224
 20
46000.0
 30
8750.0
 11
258709.67741935488
 21
46000.0
 31
8750.0
  0
LINE
  5
423
330
17
100
AcDbEntity
  8
UPPER
100
AcDbLine
 10
258709.67741935488
 20
46000.0
 30
8750.0
 11
259354.83870967742
 21
46000.0
 31
8750.0
  0
LINE
  5
424
330
17
100
AcDbEntity
  8
UPPER
100
AcDbLine
 10
259354.83870967742
 20
46000.0
 30
8750.0
 11
260000.0
 21
46000.0
 31
8750.0
  0
LINE
  5
425
330
17
100
AcDbEntity
  8
UPPER
100
AcDbLine
 10
260000.0
 20
46000.0
 30
8750.0
 11
260645.16129032258
 21
46000.0
 31
8750.0
  0
LINE
  5
426
330
17
100
AcDbEntity
  8
UPPER
100
AcDbLine
 10
260645.16129032258
 20
46000.0
 30
8750.0
 11
261290.32258064512
 21
46000.0
 31
8750.0
  0
LINE
  5
427
330
17
100
AcDbEntity
  8
UPPER
100
AcDbLine
 10
261290.32258064512
 20
46000.0
 30
8750.0
 11
261935.48387096776
 21
46000.0
 31
8750.0
  0
LINE
  5
428
330
17
100
AcDbEntity
  8
UPPER
100
AcDbLine
 10
261935.48387096776
 20
46000.0
 30
8750.0
 11
262580.6451612903
 21
46000.0
 31
8750.0
  0
LINE
  5
429
330
17
100
AcDbEntity
  8
UPPER
100
AcDbLine
 10
262580.6451612903
 20
46000.0
 30
8750.0
 11
263225.8064516129
 21
46000.0
 31
8750.0
  0
LINE
  5
42A
330
17
100
AcDbEntity
  8
UPPER
100
AcDbLine
 10
263225.8064516129
 20
46000.0
 30
8750.0
 11
263870.9677419355
 21
46000.0
 31
8750.0
  0
LINE
  5
42B
330
17
100
AcDbEntity
  8
UPPER
100
AcDbLine
 10
263870.9677419355
 20
46000.0
 30
8750.0
 11
264516.12903225806
 21
46000.0
 31
8750.0
  0
LINE
  5
42C
330
17
100
AcDbEntity
  8
UPPER
100
AcDbLine
 10
264516.12903225806
 20
46000.0
 30
8750.0
 11
265161.2903225806
 21
46000.0
 31
8750.0
  0
LINE
  5
42D
330
17
100
AcDbEntity
  8
UPPER
100
AcDbLine
 10
265161.2903225806
 20
46000.0
 30
8750.0
 11
265806.4516129032
 21
46000.0
 31
8750.0
  0
LINE
  5
42E
330
17
100
AcDbEntity
  8
UPPER
100
AcDbLine
 10
265806.4516129032
 20
46000.0
 30
8750.0
 11
266451.6129032258
 21
46000.0
 31
8750.0
  0
LINE
  5
42F
330
17
100
AcDbEntity
  8
UPPER
100
AcDbLine
 10
266451.6129032258
 20
46000.0
 30
8750.0
 11
267096.7741935484
 21
46000.0
 31
8750.0
  0
LINE
  5
430
330
17
100
AcDbEntity
  8
UPPER
100
AcDbLine
 10
267096.7741935484
 20
46000.0
 30
8750.0
 11
267741.93548387097
 21
46000.0
 31
8750.0
  0
LINE
  5
431
330
17
100
AcDbEntity
  8
UPPER
100
AcDbLine
 10
267741.93548387097
 20
46000.0
 30
8750.0
 11
268387.0967741935
 21
46000.0
 31
8750.0
  0
LINE
  5
432
330
17
100
AcDbEntity
  8
UPPER
100
AcDbLine
 10
268387.0967741935
 20
46000.0
 30
8750.0
 11
269032.2580645161
 21
46000.0
 31
8750.0
  0
LINE
  5
433
330
17
100
AcDbEntity
  8
UPPER
100
AcDbLine
 10
269032.2580645161
 20
46000.0
 30
8750.0
 11
269677.4193548387
 21
46000.0
 31
8750.0
  0
LINE
  5
434
330
17
100
AcDbEntity
  8
UPPER
100
AcDbLine
 10
269677.4193548387
 20
46000.0
 30
8750.0
 11
270322.5806451613
 21
46000.0
 31
8750.0
  0
LINE
  5
435
330
17
100
AcDbEntity
  8
UPPER
100
AcDbLine
 10
270322.5806451613
 20
46000.0
 30
8750.0
 11
270967.7419354839
 21
46000.0
 31
8750.0
  0
LINE
  5
436
330
17
100
AcDbEntity
  8
UPPER
100
AcDbLine
 10
270967.7419354839
 20
46000.0
 30
8750.0
 11
271612.9032258065
 21
46000.0
 31
8750.0
  0
LINE
  5
437
330
17
100
AcDbEntity
  8
UPPER
100
AcDbLine
 10
271612.9032258065
 20
46000.0
 30
8750.0
 11
272258.06451612903
 21
46000.0
 31
8750.0
  0
LINE
  5
438
330
17
100
AcDbEntity
  8
UPPER
100
AcDbLine
 10
272258.06451612903
 20
46000.0
 30
8750.0
 11
272903.2258064516
 21
46000.0
 31
8750.0
  0
LINE
  5
439
330
17
100
AcDbEntity
  8
UPPER
100
AcDbLine
 10
272903.2258064516
 20
46000.0
 30
8750.0
 11
273548.3870967742
 21
46000.0
 31
8750.0
  0
LINE
  5
43A
330
17
100
AcDbEntity
  8
UPPER
100
AcDbLine
 10
273548.3870967742
 20
46000.0
 30
8750.0
 11
274193.5483870968
 21
46000.0
 31
8750.0
  0
LINE
  5
43B
330
17
100
AcDbEntity
  8
UPPER
100
AcDbLine
 10
274193.5483870968
 20
46000.0
 30
8750.0
 11
274838.7096774194
 21
46000.0
 31
8750.0
  0
LINE
  5
43C
330
17
100
AcDbEntity
  8
UPPER
100
AcDbLine
 10
274838.7096774194
 20
46000.0
 30
8750.0
 11
275483.87096774194
 21
46000.0
 31
8750.0
  0
LINE
  5
43D
330
17
100
AcDbEntity
  8
UPPER
100
AcDbLine
 10
275483.87096774194
 20
46000.0
 30
8750.0
 11
276129.0322580645
 21
46000.0
 31
8750.0
  0
LINE
  5
43E
330
17
100
AcDbEntity
  8
UPPER
100
AcDbLine
 10
276129.0322580645
 20
46000.0
 30
8750.0
 11
276774.1935483871
 21
46000.0
 31
8750.0
  0
LINE
  5
43F
330
17
100
AcDbEntity
  8
UPPER
100
AcDbLine
 10
276774.1935483871
 20
46000.0
 30
8750.0
 11
277419.3548387097
 21
46000.0
 31
8750.0
  0
LINE
  5
440
330
17
100
AcDbEntity
  8
UPPER
100
AcDbLine
 10
277419.3548387097
 20
46000.0
 30
8750.0
 11
278064.51612903224
 21
46000.0
 31
8750.0
  0
LINE
  5
441
330
17
100
AcDbEntity
  8
UPPER
100
AcDbLine
 10
278064.51612903224
 20
46000.0
 30
8750.0
 11
278709.67741935485
 21
46000.0
 31
8750.0
  0
LINE
  5
442
330
17
100
AcDbEntity
  8
UPPER
100
AcDbLine
 10
278709.67741935485
 20
46000.0
 30
8750.0
 11
279354.83870967745
 21
46000.0
 31
8750.0
  0
LINE
  5
443
330
17
100
AcDbEntity
  8
UPPER
100
AcDbLine
 10
279354.83870967745
 20
46000.0
 30
8750.0
 11
280000.0
 21
46000.0
 31
8750.0
  0
LINE
  5
444
330
17
100
AcDbEntity
  8
UPPER
100
AcDbLine
 10
280000.0
 20
46000.0
 30
8750.0
 11
280645.16129032255
 21
46000.0
 31
8750.0
  0
LINE
  5
445
330
17
100
AcDbEntity
  8
UPPER
100
AcDbLine
 10
280645.16129032255
 20
46000.0
 30
8750.0
 11
281290.32258064515
 21
46000.0
 31
8750.0
  0
LINE
  5
446
330
17
100
AcDbEntity
  8
UPPER
100
AcDbLine
 10
281290.32258064515
 20
46000.0
 30
8750.0
 11
281935.48387096776
 21
46000.0
 31
8750.0
  0
LINE
  5
447
330
17
100
AcDbEntity
  8
UPPER
100
AcDbLine
 10
281935.48387096776
 20
46000.0
 30
8750.0
 11
282580.6451612903
 21
46000.0
 31
8750.0
  0
LINE
  5
448
330
17
100
AcDbEntity
  8
UPPER
100
AcDbLine
 10
282580.6451612903
 20
46000.0
 30
8750.0
 11
283225.8064516129
 21
46000.0
 31
8750.0
  0
LINE
  5
449
330
17
100
AcDbEntity
  8
UPPER
100
AcDbLine
 10
283225.8064516129
 20
46000.0
 30
8750.0
 11
283870.9677419355
 21
46000.0
 31
8750.0
  0
LINE
  5
44A
330
17
100
AcDbEntity
  8
UPPER
100
AcDbLine
 10
283870.9677419355
 20
46000.0
 30
8750.0
 11
284516.12903225806
 21
46000.0
 31
8750.0
  0
LINE
  5
44B
330
17
100
AcDbEntity
  8
UPPER
100
AcDbLine
 10
284516.12903225806
 20
46000.0
 30
8750.0
 11
285161.29032258067
 21
46000.0
 31
8750.0
  0
LINE
  5
44C
330
17
100
AcDbEntity
  8
UPPER
100
AcDbLine
 10
285161.29032258067
 20
46000.0
 30
8750.0
 11
285806.4516129032
 21
46000.0
 31
8750.0
  0
LINE
  5
44D
330
17
100
AcDbEntity
  8
UPPER
100
AcDbLine
 10
285806.4516129032
 20
46000.0
 30
8750.0
 11
286451.6129032258
 21
46000.0
 31
8750.0
  0
LINE
  5
44E
330
17
100
AcDbEntity
  8
UPPER
100
AcDbLine
 10
286451.6129032258
 20
46000.0
 30
8750.0
 11
287096.7741935484
 21
46000.0
 31
8750.0
  0
LINE
  5
44F
330
17
100
AcDbEntity
  8
UPPER
100
AcDbLine
 10
287096.7741935484
 20
46000.0
 30
8750.0
 11
287741.93548387097
 21
46000.0
 31
8750.0
  0
LINE
  5
450
330
17
100
AcDbEntity
  8
UPPER
100
AcDbLine
 10
287741.93548387097
 20
46000.0
 30
8750.0
 11
288387.0967741935
 21
46000.0
 31
8750.0
  0
LINE
  5
451
330
17
100
AcDbEntity
  8
UPPER
100
AcDbLine
 10
288387.0967741935
 20
46000.0
 30
8750.0
 11
289032.2580645161
 21
46000.0
 31
8750.0
  0
LINE
  5
452
330
17
100
AcDbEntity
  8
UPPER
100
AcDbLine
 10
289032.2580645161
 20
46000.0
 30
8750.0
 11
289677.4193548387
 21
46000.0
 31
8750.0
  0
LINE
  5
453
330
17
100
AcDbEntity
  8
UPPER
100
AcDbLine
 10
289677.4193548387
 20
46000.0
 30
8750.0
 11
290322.5806451613
 21
46000.0
 31
8750.0
  0
LINE
  5
454
330
17
100
AcDbEntity
  8
UPPER
100
AcDbLine
 10
290322.5806451613
 20
46000.0
 30
8750.0
 11
290967.7419354839
 21
46000.0
 31
8750.0
  0
LINE
  5
455
330
17
100
AcDbEntity
  8
UPPER
100
AcDbLine
 10
290967.7419354839
 20
46000.0
 30
8750.0
 11
291612.9032258065
 21
46000.0
 31
8750.0
  0
LINE
  5
456
330
17
100
AcDbEntity
  8
UPPER
100
AcDbLine
 10
291612.9032258065
 20
46000.0
 30
8750.0
 11
292258.06451612903
 21
46000.0
 31
8750.0
  0
LINE
  5
457
330
17
100
AcDbEntity
  8
UPPER
100
AcDbLine
 10
292258.06451612903
 20
46000.0
 30
8750.0
 11
292903.2258064516
 21
46000.0
 31
8750.0
  0
LINE
  5
458
330
17
100
AcDbEntity
  8
UPPER
100
AcDbLine
 10
292903.2258064516
 20
46000.0
 30
8750.0
 11
293548.3870967742
 21
46000.0
 31
8750.0
  0
LINE
  5
459
330
17
100
AcDbEntity
  8
UPPER
100
AcDbLine
 10
293548.3870967742
 20
46000.0
 30
8750.0
 11
294193.5483870968
 21
46000.0
 31
8750.0
  0
LINE
  5
45A
330
17
100
AcDbEntity
  8
UPPER
100
AcDbLine
 10
294193.5483870968
 20
46000.0
 30
8750.0
 11
294838.70967741933
 21
46000.0
 31
8750.0
  0
LINE
  5
45B
330
17
100
AcDbEntity
  8
UPPER
100
AcDbLine
 10
294838.70967741933
 20
46000.0
 30
8750.0
 11
295483.87096774194
 21
46000.0
 31
8750.0
  0
LINE
  5
45C
330
17
100
AcDbEntity
  8
UPPER
100
AcDbLine
 10
295483.87096774194
 20
46000.0
 30
8750.0
 11
296129.0322580645
 21
46000.0
 31
8750.0
  0
LINE
  5
45D
330
17
100
AcDbEntity
  8
UPPER
100
AcDbLine
 10
296129.0322580645
 20
46000.0
 30
8750.0
 11
296774.1935483871
 21
46000.0
 31
8750.0
  0
LINE
  5
45E
330
17
100
AcDbEntity
  8
UPPER
100
AcDbLine
 10
296774.1935483871
 20
46000.0
 30
8750.0
 11
297419.3548387097
 21
46000.0
 31
8750.0
  0
LINE
  5
45F
330
17
100
AcDbEntity
  8
UPPER
100
AcDbLine
 10
297419.3548387097
 20
46000.0
 30
8750.0
 11
298064.51612903224
 21
46000.0
 31
8750.0
  0
LINE
  5
460
330
17
100
AcDbEntity
  8
UPPER
100
AcDbLine
 10
298064.51612903224
 20
46000.0
 30
8750.0
 11
298709.67741935485
 21
46000.0
 31
8750.0
  0
LINE
  5
461
330
17
100
AcDbEntity
  8
UPPER
100
AcDbLine
 10
298709.67741935485
 20
46000.0
 30
8750.0
 11
299354.83870967745
 21
46000.0
 31
8750.0
  0
LINE
  5
462
330
17
100
AcDbEntity
  8
UPPER
100
AcDbLine
 10
299354.83870967745
 20
46000.0
 30
8750.0
 11
300000.0
 21
46000.0
 31
8750.0
  0
LINE
  5
463
330
17
100
AcDbEntity
  8
UPPER
100
AcDbLine
 10
300000.0
 20
46000.0
 30
8750.0
 11
300627.1707796059
 21
46032.86862779036
 31
8750.0
  0
LINE
  5
464
330
17
100
AcDbEntity
  8
UPPER
100
AcDbLine
 10
300627.1707796059
 20
46032.86862779036
 30
8750.0
 11
301247.47014490655
 21
46131.114395597164
 31
8750.0
  0
LINE
  5
465
330
17
100
AcDbEntity
  8
UPPER
100
AcDbLine
 10
301247.47014490655
 20
46131.114395597164
 30
8750.0
 11
301854.1019662497
 21
46293.66090222908
 31
8750.0
  0
LINE
  5
466
330
17
100
AcDbEntity
  8
UPPER
100
AcDbLine
 10
301854.1019662497
 20
46293.66090222908
 30
8750.0
 11
302440.4198584548
 21
46518.727254144396
 31
8750.0
  0
LINE
  5
467
330
17
100
AcDbEntity
  8
UPPER
100
AcDbLine
 10
302440.4198584548
 20
46518.727254144396
 30
8750.0
 11
303000.0
 21
46803.84757729337
 31
8750.0
  0
LINE
  5
468
330
17
100
AcDbEntity
  8
UPPER
100
AcDbLine
 10
303000.0
 20
46803.84757729337
 30
8750.0
 11
303526.71151375485
 21
47145.898033750316
 31
8750.0
  0
LINE
  5
469
330
17
100
AcDbEntity
  8
UPPER
100
AcDbLine
 10
303526.71151375485
 20
47145.898033750316
 30
8750.0
 11
304014.78363815317
 21
47541.131047135634
 31
8750.0
  0
LINE
  5
46A
330
17
100
AcDbEntity
  8
UPPER
100
AcDbLine
 10
304014.78363815317
 20
47541.131047135634
 30
8750.0
 11
304458.8689528644
 21
47985.216361846855
 31
8750.0
  0
LINE
  5
46B
330
17
100
AcDbEntity
  8
UPPER
100
AcDbLine
 10
304458.8689528644
 20
47985.216361846855
 30
8750.0
 11
304854.1019662497
 21
48473.28848624516
 31
8750.0
  0
LINE
  5
46C
330
17
100
AcDbEntity
  8
UPPER
100
AcDbLine
 10
304854.1019662497
 20
48473.28848624516
 30
8750.0
 11
305196.15242270665
 21
49000.0
 31
8750.0
  0
LINE
  5
46D
330
17
100
AcDbEntity
  8
UPPER
100
AcDbLine
 10
305196.15242270665
 20
49000.0
 30
8750.0
 11
305481.2727458556
 21
49559.5801415452
 31
8750.0
  0
LINE
  5
46E
330
17
100
AcDbEntity
  8
UPPER
100
AcDbLine
 10
305481.2727458556
 20
49559.5801415452
 30
8750.0
 11
305706.3390977709
 21
50145.898033750316
 31
8750.0
  0
LINE
  5
46F
330
17
100
AcDbEntity
  8
UPPER
100
AcDbLine
 10
305706.3390977709
 20
50145.898033750316
 30
8750.0
 11
305868.88560440287
 21
50752.529855093446
 31
8750.0
  0
LINE
  5
470
330
17
100
AcDbEntity
  8
UPPER
100
AcDbLine
 10
305868.88560440287
 20
50752.529855093446
 30
8750.0
 11
305967.13137220964
 21
51372.82922039408
 31
8750.0
  0
LINE
  5
471
330
17
100
AcDbEntity
  8
UPPER
100
AcDbLine
 10
305967.13137220964
 20
51372.82922039408
 30
8750.0
 11
306000.0
 21
52000.0
 31
8750.0
  0
LINE
  5
472
330
17
100
AcDbEntity
  8
UPPER
100
AcDbLine
 10
306000.0
 20
52000.0
 30
8750.0
 11
306000.0
 21
52650.0
 31
8750.0
  0
LINE
  5
473
330
17
100
AcDbEntity
  8
UPPER
100
AcDbLine
 10
306000.0
 20
52650.0
 30
8750.0
 11
306000.0
 21
53300.0
 31
8750.0
  0
LINE
  5
474
330
17
100
AcDbEntity
  8
UPPER
100
AcDbLine
 10
306000.0
 20
53300.0
 30
8750.0
 11
306000.0
 21
53950.0
 31
8750.0
  0
LINE
  5
475
330
17
100
AcDbEntity
  8
UPPER
100
AcDbLine
 10
306000.0
 20
53950.0
 30
8750.0
 11
306000.0
 21
54600.0
 31
8750.0
  0
LINE
  5
476
330
17
100
AcDbEntity
  8
UPPER
100
AcDbLine
 10
306000.0
 20
54600.0
 30
8750.0
 11
306000.0
 21
55250.0
 31
8750.0
  0
LINE
  5
477
330
17
100
AcDbEntity
  8
UPPER
100
AcDbLine
 10
306000.0
 20
55250.0
 30
8750.0
 11
306000.0
 21
55900.0
 31
8750.0
  0
LINE
  5
478
330
17
100
AcDbEntity
  8
UPPER
100
AcDbLine
 10
306000.0
 20
55900.0
 30
8750.0
 11
306000.0
 21
56550.0
 31
8750.0
  0
LINE
  5
479
330
17
100
AcDbEntity
  8
UPPER
100
AcDbLine
 10
306000.0
 20
56550.0
 30
8750.0
 11
306000.0
 21
57200.0
 31
8750.0
  0
LINE
  5
47A
330
17
100
AcDbEntity
  8
UPPER
100
AcDbLine
 10
306000.0
 20
57200.0
 30
8750.0
 11
306000.0
 21
57850.0
 31
8750.0
  0
LINE
  5
47B
330
17
100
AcDbEntity
  8
UPPER
100
AcDbLine
 10
306000.0
 20
57850.0
 30
8750.0
 11
306000.0
 21
58500.0
 31
8750.0
  0
LINE
  5
47C
330
17
100
AcDbEntity
  8
UPPER
100
AcDbLine
 10
306000.0
 20
58500.0
 30
8750.0
 11
306000.0
 21
59150.0
 31
8750.0
  0
LINE
  5
47D
330
17
100
AcDbEntity
  8
UPPER
100
AcDbLine
 10
306000.0
 20
59150.0
 30
8750.0
 11
306000.0
 21
59800.0
 31
8750.0
  0
LINE
  5
47E
330
17
100
AcDbEntity
  8
UPPER
100
AcDbLine
 10
306000.0
 20
59800.0
 30
8750.0
 11
306000.0
 21
60450.0
 31
8750.0
  0
LINE
  5
47F
330
17
100
AcDbEntity
  8
UPPER
100
AcDbLine
 10
306000.0
 20
60450.0
 30
8750.0
 11
306000.0
 21
61100.0
 31
8750.0
  0
LINE
  5
480
330
17
100
AcDbEntity
  8
UPPER
100
AcDbLine
 10
306000.0
 20
61100.0
 30
8750.0
 11
306000.0
 21
61750.0
 31
8750.0
  0
LINE
  5
481
330
17
100
AcDbEntity
  8
UPPER
100
AcDbLine
 10
306000.0
 20
61750.0
 30
8750.0
 11
306000.0
 21
62400.0
 31
8750.0
  0
LINE
  5
482
330
17
100
AcDbEntity
  8
UPPER
100
AcDbLine
 10
306000.0
 20
62400.0
 30
8750.0
 11
306000.0
 21
63050.0
 31
8750.0
  0
LINE
  5
483
330
17
100
AcDbEntity
  8
UPPER
100
AcDbLine
 10
306000.0
 20
63050.0
 30
8750.0
 11
306000.0
 21
63700.0
 31
8750.0
  0
LINE
  5
484
330
17
100
AcDbEntity
  8
UPPER
100
AcDbLine
 10
306000.0
 20
63700.0
 30
8750.0
 11
306000.0
 21
64349.99999999999
 31
8750.0
  0
LINE
  5
485
330
17
100
AcDbEntity
  8
UPPER
100
AcDbLine
 10
306000.0
 20
64349.99999999999
 30
8750.0
 11
306000.0
 21
65000.0
 31
8750.0
  0
LINE
  5
486
330
17
100
AcDbEntity
  8
UPPER
100
AcDbLine
 10
306000.0
 20
65000.0
 30
8750.0
 11
306000.0
 21
65650.0
 31
8750.0
  0
LINE
  5
487
330
17
100
AcDbEntity
  8
UPPER
100
AcDbLine
 10
306000.0
 20
65650.0
 30
8750.0
 11
306000.0
 21
66300.0
 31
8750.0
  0
LINE
  5
488
330
17
100
AcDbEntity
  8
UPPER
100
AcDbLine
 10
306000.0
 20
66300.0
 30
8750.0
 11
306000.0
 21
66950.0
 31
8750.0
  0
LINE
  5
489
330
17
100
AcDbEntity
  8
UPPER
100
AcDbLine
 10
306000.0
 20
66950.0
 30
8750.0
 11
306000.0
 21
67600.0
 31
8750.0
  0
LINE
  5
48A
330
17
100
AcDbEntity
  8
UPPER
100
AcDbLine
 10
306000.0
 20
67600.0
 30
8750.0
 11
306000.0
 21
68250.0
 31
8750.0
  0
LINE
  5
48B
330
17
100
AcDbEntity
  8
UPPER
100
AcDbLine
 10
306000.0
 20
68250.0
 30
8750.0
 11
306000.0
 21
68900.0
 31
8750.0
  0
LINE
  5
48C
330
17
100
AcDbEntity
  8
UPPER
100
AcDbLine
 10
306000.0
 20
68900.0
 30
8750.0
 11
306000.0
 21
69550.0
 31
8750.0
  0
LINE
  5
48D
330
17
100
AcDbEntity
  8
UPPER
100
AcDbLine
 10
306000.0
 20
69550.0
 30
8750.0
 11
306000.0
 21
70200.0
 31
8750.0
  0
LINE
  5
48E
330
17
100
AcDbEntity
  8
UPPER
100
AcDbLine
 10
306000.0
 20
70200.0
 30
8750.0
 11
306000.0
 21
70850.0
 31
8750.0
  0
LINE
  5
48F
330
17
100
AcDbEntity
  8
UPPER
100
AcDbLine
 10
306000.0
 20
70850.0
 30
8750.0
 11
306000.0
 21
71500.0
 31
8750.0
  0
LINE
  5
490
330
17
100
AcDbEntity
  8
UPPER
100
AcDbLine
 10
306000.0
 20
71500.0
 30
8750.0
 11
306000.0
 21
72150.0
 31
8750.0
  0
LINE
  5
491
330
17
100
AcDbEntity
  8
UPPER
100
AcDbLine
 10
306000.0
 20
72150.0
 30
8750.0
 11
306000.0
 21
72800.0
 31
8750.0
  0
LINE
  5
492
330
17
100
AcDbEntity
  8
UPPER
100
AcDbLine
 10
306000.0
 20
72800.0
 30
8750.0
 11
306000.0
 21
73450.0
 31
8750.0
  0
LINE
  5
493
330
17
100
AcDbEntity
  8
UPPER
100
AcDbLine
 10
306000.0
 20
73450.0
 30
8750.0
 11
306000.0
 21
74100.0
 31
8750.0
  0
LINE
  5
494
330
17
100
AcDbEntity
  8
UPPER
100
AcDbLine
 10
306000.0
 20
74100.0
 30
8750.0
 11
306000.0
 21
74750.0
 31
8750.0
  0
LINE
  5
495
330
17
100
AcDbEntity
  8
UPPER
100
AcDbLine
 10
306000.0
 20
74750.0
 30
8750.0
 11
306000.0
 21
75400.0
 31
8750.0
  0
LINE
  5
496
330
17
100
AcDbEntity
  8
UPPER
100
AcDbLine
 10
306000.0
 20
75400.0
 30
8750.0
 11
306000.0
 21
76050.0
 31
8750.0
  0
LINE
  5
497
330
17
100
AcDbEntity
  8
UPPER
100
AcDbLine
 10
306000.0
 20
76050.0
 30
8750.0
 11
306000.0
 21
76700.0
 31
8750.0
  0
LINE
  5
498
330
17
100
AcDbEntity
  8
UPPER
100
AcDbLine
 10
306000.0
 20
76700.0
 30
8750.0
 11
306000.0
 21
77350.0
 31
8750.0
  0
LINE
  5
499
330
17
100
AcDbEntity
  8
UPPER
100
AcDbLine
 10
306000.0
 20
77350.0
 30
8750.0
 11
306000.0
 21
78000.0
 31
8750.0
  0
LINE
  5
49A
330
17
100
AcDbEntity
  8
UPPER
100
AcDbLine
 10
306000.0
 20
78000.0
 30
8750.0
 11
305967.13137220964
 21
78627.17077960592
 31
8750.0
  0
LINE
  5
49B
330
17
100
AcDbEntity
  8
UPPER
100
AcDbLine
 10
305967.13137220964
 20
78627.17077960592
 30
8750.0
 11
305868.88560440287
 21
79247.47014490656
 31
8750.0
  0
LINE
  5
49C
330
17
100
AcDbEntity
  8
UPPER
100
AcDbLine
 10
305868.88560440287
 20
79247.47014490656
 30
8750.0
 11
305706.3390977709
 21
79854.10196624968
 31
8750.0
  0
LINE
  5
49D
330
17
100
AcDbEntity
  8
UPPER
100
AcDbLine
 10
305706.3390977709
 20
79854.10196624968
 30
8750.0
 11
305481.2727458556
 21
80440.4198584548
 31
8750.0
  0
LINE
  5
49E
330
17
100
AcDbEntity
  8
UPPER
100
AcDbLine
 10
305481.2727458556
 20
80440.4198584548
 30
8750.0
 11
305196.15242270665
 21
81000.0
 31
8750.0
  0
LINE
  5
49F
330
17
100
AcDbEntity
  8
UPPER
100
AcDbLine
 10
305196.15242270665
 20
81000.0
 30
8750.0
 11
304854.1019662497
 21
81526.71151375484
 31
8750.0
  0
LINE
  5
4A0
330
17
100
AcDbEntity
  8
UPPER
100
AcDbLine
 10
304854.1019662497
 20
81526.71151375484
 30
8750.0
 11
304458.8689528644
 21
82014.78363815315
 31
8750.0
  0
LINE
  5
4A1
330
17
100
AcDbEntity
  8
UPPER
100
AcDbLine
 10
304458.8689528644
 20
82014.78363815315
 30
8750.0
 11
304014.78363815317
 21
82458.86895286436
 31
8750.0
  0
LINE
  5
4A2
330
17
100
AcDbEntity
  8
UPPER
100
AcDbLine
 10
304014.78363815317
 20
82458.86895286436
 30
8750.0
 11
303526.71151375485
 21
82854.10196624968
 31
8750.0
  0
LINE
  5
4A3
330
17
100
AcDbEntity
  8
UPPER
100
AcDbLine
 10
303526.71151375485
 20
82854.10196624968
 30
8750.0
 11
303000.0
 21
83196.15242270663
 31
8750.0
  0
LINE
  5
4A4
330
17
100
AcDbEntity
  8
UPPER
100
AcDbLine
 10
303000.0
 20
83196.15242270663
 30
8750.0
 11
302440.4198584548
 21
83481.2727458556
 31
8750.0
  0
LINE
  5
4A5
330
17
100
AcDbEntity
  8
UPPER
100
AcDbLine
 10
302440.4198584548
 20
83481.2727458556
 30
8750.0
 11
301854.1019662497
 21
83706.33909777092
 31
8750.0
  0
LINE
  5
4A6
330
17
100
AcDbEntity
  8
UPPER
100
AcDbLine
 10
301854.1019662497
 20
83706.33909777092
 30
8750.0
 11
301247.47014490655
 21
83868.88560440284
 31
8750.0
  0
LINE
  5
4A7
330
17
100
AcDbEntity
  8
UPPER
100
AcDbLine
 10
301247.47014490655
 20
83868.88560440284
 30
8750.0
 11
300627.1707796059
 21
83967.13137220964
 31
8750.0
  0
LINE
  5
4A8
330
17
100
AcDbEntity
  8
UPPER
100
AcDbLine
 10
300627.1707796059
 20
83967.13137220964
 30
8750.0
 11
300000.0
 21
84000.0
 31
8750.0
  0
LINE
  5
4A9
330
17
100
AcDbEntity
  8
UPPER
100
AcDbLine
 10
300000.0
 20
84000.0
 30
8750.0
 11
299400.0
 21
84000.0
 31
8750.0
  0
LINE
  5
4AA
330
17
100
AcDbEntity
  8
UPPER
100
AcDbLine
 10
299400.0
 20
84000.0
 30
8750.0
 11
298800.0
 21
84000.0
 31
8750.0
  0
LINE
  5
4AB
330
17
100
AcDbEntity
  8
UPPER
100
AcDbLine
 10
298800.0
 20
84000.0
 30
8750.0
 11
298200.0
 21
84000.0
 31
8750.0
  0
LINE
  5
4AC
330
17
100
AcDbEntity
  8
UPPER
100
AcDbLine
 10
298200.0
 20
84000.0
 30
8750.0
 11
297600.0
 21
84000.0
 31
8750.0
  0
LINE
  5
4AD
330
17
100
AcDbEntity
  8
UPPER
100
AcDbLine
 10
297600.0
 20
84000.0
 30
8750.0
 11
297000.0
 21
84000.0
 31
8750.0
  0
LINE
  5
4AE
330
17
100
AcDbEntity
  8
UPPER
100
AcDbLine
 10
297000.0
 20
84000.0
 30
8750.0
 11
296400.0
 21
84000.0
 31
8750.0
  0
LINE
  5
4AF
330
17
100
AcDbEntity
  8
UPPER
100
AcDbLine
 10
296400.0
 20
84000.0
 30
8750.0
 11
295800.0
 21
84000.0
 31
8750.0
  0
LINE
  5
4B0
330
17
100
AcDbEntity
  8
UPPER
100
AcDbLine
 10
295800.0
 20
84000.0
 30
8750.0
 11
295200.0
 21
84000.0
 31
8750.0
  0
LINE
  5
4B1
330
17
100
AcDbEntity
  8
UPPER
100
AcDbLine
 10
295200.0
 20
84000.0
 30
8750.0
 11
294600.0
 21
84000.0
 31
8750.0
  0
LINE
  5
4B2
330
17
100
AcDbEntity
  8
UPPER
100
AcDbLine
 10
294600.0
 20
84000.0
 30
8750.0
 11
294000.0
 21
84000.0
 31
8750.0
  0
LINE
  5
4B3
330
17
100
AcDbEntity
  8
UPPER
100
AcDbLine
 10
294000.0
 20
84000.0
 30
8750.0
 11
293372.8292203941
 21
83967.13137220965
 31
8750.0
  0
LINE
  5
4B4
330
17
100
AcDbEntity
  8
UPPER
100
AcDbLine
 10
293372.8292203941
 20
83967.13137220965
 30
8750.0
 11
292752.52985509345
 21
83868.88560440284
 31
8750.0
  0
LINE
  5
4B5
330
17
100
AcDbEntity
  8
UPPER
100
AcDbLine
 10
292752.52985509345
 20
83868.88560440284
 30
8750.0
 11
292145.8980337503
 21
83706.33909777092
 31
8750.0
  0
LINE
  5
4B6
330
17
100
AcDbEntity
  8
UPPER
100
AcDbLine
 10
292145.8980337503
 20
83706.33909777092
 30
8750.0
 11
291559.5801415452
 21
83481.2727458556
 31
8750.0
  0
LINE
  5
4B7
330
17
100
AcDbEntity
  8
UPPER
100
AcDbLine
 10
291559.5801415452
 20
83481.2727458556
 30
8750.0
 11
291000.0
 21
83196.15242270663
 31
8750.0
  0
LINE
  5
4B8
330
17
100
AcDbEntity
  8
UPPER
100
AcDbLine
 10
291000.0
 20
83196.15242270663
 30
8750.0
 11
290473.28848624515
 21
82854.10196624968
 31
8750.0
  0
LINE
  5
4B9
330
17
100
AcDbEntity
  8
UPPER
100
AcDbLine
 10
290473.28848624515
 20
82854.10196624968
 30
8750.0
 11
289985.21636184683
 21
82458.86895286436
 31
8750.0
  0
LINE
  5
4BA
330
17
100
AcDbEntity
  8
UPPER
100
AcDbLine
 10
289985.21636184683
 20
82458.86895286436
 30
8750.0
 11
289541.1310471356
 21
82014.78363815315
 31
8750.0
  0
LINE
  5
4BB
330
17
100
AcDbEntity
  8
UPPER
100
AcDbLine
 10
289541.1310471356
 20
82014.78363815315
 30
8750.0
 11
289145.8980337503
 21
81526.71151375484
 31
8750.0
  0
LINE
  5
4BC
330
17
100
AcDbEntity
  8
UPPER
100
AcDbLine
 10
289145.8980337503
 20
81526.71151375484
 30
8750.0
 11
288803.84757729335
 21
81000.0
 31
8750.0
  0
LINE
  5
4BD
330
17
100
AcDbEntity
  8
UPPER
100
AcDbLine
 10
288803.84757729335
 20
81000.0
 30
8750.0
 11
288518.7272541444
 21
80440.4198584548
 31
8750.0
  0
LINE
  5
4BE
330
17
100
AcDbEntity
  8
UPPER
100
AcDbLine
 10
288518.7272541444
 20
80440.4198584548
 30
8750.0
 11
288293.6609022291
 21
79854.10196624968
 31
8750.0
  0
LINE
  5
4BF
330
17
100
AcDbEntity
  8
UPPER
100
AcDbLine
 10
288293.6609022291
 20
79854.10196624968
 30
8750.0
 11
288131.11439559713
 21
79247.47014490656
 31
8750.0
  0
LINE
  5
4C0
330
17
100
AcDbEntity
  8
UPPER
100
AcDbLine
 10
288131.11439559713
 20
79247.47014490656
 30
8750.0
 11
288032.86862779036
 21
78627.17077960592
 31
8750.0
  0
LINE
  5
4C1
330
17
100
AcDbEntity
  8
UPPER
100
AcDbLine
 10
288032.86862779036
 20
78627.17077960592
 30
8750.0
 11
288000.0
 21
78000.0
 31
8750.0
  0
LINE
  5
4C2
330
17
100
AcDbEntity
  8
UPPER
100
AcDbLine
 10
288000.0
 20
78000.0
 30
8750.0
 11
288000.0
 21
77400.0
 31
8750.0
  0
LINE
  5
4C3
330
17
100
AcDbEntity
  8
UPPER
100
AcDbLine
 10
288000.0
 20
77400.0
 30
8750.0
 11
288000.0
 21
76800.0
 31
8750.0
  0
LINE
  5
4C4
330
17
100
AcDbEntity
  8
UPPER
100
AcDbLine
 10
288000.0
 20
76800.0
 30
8750.0
 11
288000.0
 21
76200.0
 31
8750.0
  0
LINE
  5
4C5
330
17
100
AcDbEntity
  8
UPPER
100
AcDbLine
 10
288000.0
 20
76200.0
 30
8750.0
 11
288000.0
 21
75600.0
 31
8750.0
  0
LINE
  5
4C6
330
17
100
AcDbEntity
  8
UPPER
100
AcDbLine
 10
288000.0
 20
75600.0
 30
8750.0
 11
288000.0
 21
75000.0
 31
8750.0
  0
LINE
  5
4C7
330
17
100
AcDbEntity
  8
UPPER
100
AcDbLine
 10
288000.0
 20
75000.0
 30
8750.0
 11
288000.0
 21
74400.0
 31
8750.0
  0
LINE
  5
4C8
330
17
100
AcDbEntity
  8
UPPER
100
AcDbLine
 10
288000.0
 20
74400.0
 30
8750.0
 11
288000.0
 21
73800.0
 31
8750.0
  0
LINE
  5
4C9
330
17
100
AcDbEntity
  8
UPPER
100
AcDbLine
 10
288000.0
 20
73800.0
 30
8750.0
 11
288000.0
 21
73200.0
 31
8750.0
  0
LINE
  5
4CA
330
17
100
AcDbEntity
  8
UPPER
100
AcDbLine
 10
288000.0
 20
73200.0
 30
8750.0
 11
288000.0
 21
72600.0
 31
8750.0
  0
LINE
  5
4CB
330
17
100
AcDbEntity
  8
UPPER
100
AcDbLine
 10
288000.0
 20
72600.0
 30
8750.0
 11
288000.0
 21
72000.0
 31
8750.0
  0
LINE
  5
4CC
330
17
100
AcDbEntity
  8
UPPER
100
AcDbLine
 10
288000.0
 20
72000.0
 30
8750.0
 11
287967.13137220964
 21
71372.82922039408
 31
8750.0
  0
LINE
  5
4CD
330
17
100
AcDbEntity
  8
UPPER
100
AcDbLine
 10
287967.13137220964
 20
71372.82922039408
 30
8750.0
 11
287868.88560440287
 21
70752.52985509344
 31
8750.0
  0
LINE
  5
4CE
330
17
100
AcDbEntity
  8
UPPER
100
AcDbLine
 10
287868.88560440287
 20
70752.52985509344
 30
8750.0
 11
287706.3390977709
 21
70145.89803375032
 31
8750.0
  0
LINE
  5
4CF
330
17
100
AcDbEntity
  8
UPPER
100
AcDbLine
 10
287706.3390977709
 20
70145.89803375032
 30
8750.0
 11
287481.2727458556
 21
69559.5801415452
 31
8750.0
  0
LINE
  5
4D0
330
17
100
AcDbEntity
  8
UPPER
100
AcDbLine
 10
287481.2727458556
 20
69559.5801415452
 30
8750.0
 11
287196.15242270665
 21
69000.0
 31
8750.0
  0
LINE
  5
4D1
330
17
100
AcDbEntity
  8
UPPER
100
AcDbLine
 10
287196.15242270665
 20
69000.0
 30
8750.0
 11
286854.1019662497
 21
68473.28848624516
 31
8750.0
  0
LINE
  5
4D2
330
17
100
AcDbEntity
  8
UPPER
100
AcDbLine
 10
286854.1019662497
 20
68473.28848624516
 30
8750.0
 11
286458.8689528644
 21
67985.21636184685
 31
8750.0
  0
LINE
  5
4D3
330
17
100
AcDbEntity
  8
UPPER
100
AcDbLine
 10
286458.8689528644
 20
67985.21636184685
 30
8750.0
 11
286014.78363815317
 21
67541.13104713564
 31
8750.0
  0
LINE
  5
4D4
330
17
100
AcDbEntity
  8
UPPER
100
AcDbLine
 10
286014.78363815317
 20
67541.13104713564
 30
8750.0
 11
285526.71151375485
 21
67145.89803375032
 31
8750.0
  0
LINE
  5
4D5
330
17
100
AcDbEntity
  8
UPPER
100
AcDbLine
 10
285526.71151375485
 20
67145.89803375032
 30
8750.0
 11
285000.0
 21
66803.84757729337
 31
8750.0
  0
LINE
  5
4D6
330
17
100
AcDbEntity
  8
UPPER
100
AcDbLine
 10
285000.0
 20
66803.84757729337
 30
8750.0
 11
284440.4198584548
 21
66518.7272541444
 31
8750.0
  0
LINE
  5
4D7
330
17
100
AcDbEntity
  8
UPPER
100
AcDbLine
 10
284440.4198584548
 20
66518.7272541444
 30
8750.0
 11
283854.1019662497
 21
66293.66090222908
 31
8750.0
  0
LINE
  5
4D8
330
17
100
AcDbEntity
  8
UPPER
100
AcDbLine
 10
283854.1019662497
 20
66293.66090222908
 30
8750.0
 11
283247.47014490655
 21
66131.11439559716
 31
8750.0
  0
LINE
  5
4D9
330
17
100
AcDbEntity
  8
UPPER
100
AcDbLine
 10
283247.47014490655
 20
66131.11439559716
 30
8750.0
 11
282627.1707796059
 21
66032.86862779036
 31
8750.0
  0
LINE
  5
4DA
330
17
100
AcDbEntity
  8
UPPER
100
AcDbLine
 10
282627.1707796059
 20
66032.86862779036
 30
8750.0
 11
282000.0
 21
66000.0
 31
8750.0
  0
LINE
  5
4DB
330
17
100
AcDbEntity
  8
UPPER
100
AcDbLine
 10
282000.0
 20
66000.0
 30
8750.0
 11
281384.6153846154
 21
66000.0
 31
8750.0
  0
LINE
  5
4DC
330
17
100
AcDbEntity
  8
UPPER
100
AcDbLine
 10
281384.6153846154
 20
66000.0
 30
8750.0
 11
280769.23076923075
 21
66000.0
 31
8750.0
  0
LINE
  5
4DD
330
17
100
AcDbEntity
  8
UPPER
100
AcDbLine
 10
280769.23076923075
 20
66000.0
 30
8750.0
 11
280153.8461538462
 21
66000.0
 31
8750.0
  0
LINE
  5
4DE
330
17
100
AcDbEntity
  8
UPPER
100
AcDbLine
 10
280153.8461538462
 20
66000.0
 30
8750.0
 11
279538.46153846156
 21
66000.0
 31
8750.0
  0
LINE
  5
4DF
330
17
100
AcDbEntity
  8
UPPER
100
AcDbLine
 10
279538.46153846156
 20
66000.0
 30
8750.0
 11
278923.0769230769
 21
66000.0
 31
8750.0
  0
LINE
  5
4E0
330
17
100
AcDbEntity
  8
UPPER
100
AcDbLine
 10
278923.0769230769
 20
66000.0
 30
8750.0
 11
278307.6923076923
 21
66000.0
 31
8750.0
  0
LINE
  5
4E1
330
17
100
AcDbEntity
  8
UPPER
100
AcDbLine
 10
278307.6923076923
 20
66000.0
 30
8750.0
 11
277692.3076923077
 21
66000.0
 31
8750.0
  0
LINE
  5
4E2
330
17
100
AcDbEntity
  8
UPPER
100
AcDbLine
 10
277692.3076923077
 20
66000.0
 30
8750.0
 11
277076.9230769231
 21
66000.0
 31
8750.0
  0
LINE
  5
4E3
330
17
100
AcDbEntity
  8
UPPER
100
AcDbLine
 10
277076.9230769231
 20
66000.0
 30
8750.0
 11
276461.53846153844
 21
66000.0
 31
8750.0
  0
LINE
  5
4E4
330
17
100
AcDbEntity
  8
UPPER
100
AcDbLine
 10
276461.53846153844
 20
66000.0
 30
8750.0
 11
275846.1538461538
 21
66000.0
 31
8750.0
  0
LINE
  5
4E5
330
17
100
AcDbEntity
  8
UPPER
100
AcDbLine
 10
275846.1538461538
 20
66000.0
 30
8750.0
 11
275230.76923076925
 21
66000.0
 31
8750.0
  0
LINE
  5
4E6
330
17
100
AcDbEntity
  8
UPPER
100
AcDbLine
 10
275230.76923076925
 20
66000.0
 30
8750.0
 11
274615.3846153846
 21
66000.0
 31
8750.0
  0
LINE
  5
4E7
330
17
100
AcDbEntity
  8
UPPER
100
AcDbLine
 10
274615.3846153846
 20
66000.0
 30
8750.0
 11
274000.0
 21
66000.0
 31
8750.0
  0
LINE
  5
4E8
330
17
100
AcDbEntity
  8
UPPER
100
AcDbLine
 10
274000.0
 20
66000.0
 30
8750.0
 11
273372.8292203941
 21
66032.86862779036
 31
8750.0
  0
LINE
  5
4E9
330
17
100
AcDbEntity
  8
UPPER
100
AcDbLine
 10
273372.8292203941
 20
66032.86862779036
 30
8750.0
 11
272752.52985509345
 21
66131.11439559716
 31
8750.0
  0
LINE
  5
4EA
330
17
100
AcDbEntity
  8
UPPER
100
AcDbLine
 10
272752.52985509345
 20
66131.11439559716
 30
8750.0
 11
272145.8980337503
 21
66293.66090222908
 31
8750.0
  0
LINE
  5
4EB
330
17
100
AcDbEntity
  8
UPPER
100
AcDbLine
 10
272145.8980337503
 20
66293.66090222908
 30
8750.0
 11
271559.5801415452
 21
66518.7272541444
 31
8750.0
  0
LINE
  5
4EC
330
17
100
AcDbEntity
  8
UPPER
100
AcDbLine
 10
271559.5801415452
 20
66518.7272541444
 30
8750.0
 11
271000.0
 21
66803.84757729337
 31
8750.0
  0
LINE
  5
4ED
330
17
100
AcDbEntity
  8
UPPER
100
AcDbLine
 10
271000.0
 20
66803.84757729337
 30
8750.0
 11
270473.28848624515
 21
67145.89803375032
 31
8750.0
  0
LINE
  5
4EE
330
17
100
AcDbEntity
  8
UPPER
100
AcDbLine
 10
270473.28848624515
 20
67145.89803375032
 30
8750.0
 11
269985.21636184683
 21
67541.13104713564
 31
8750.0
  0
LINE
  5
4EF
330
17
100
AcDbEntity
  8
UPPER
100
AcDbLine
 10
269985.21636184683
 20
67541.13104713564
 30
8750.0
 11
269541.1310471356
 21
67985.21636184685
 31
8750.0
  0
LINE
  5
4F0
330
17
100
AcDbEntity
  8
UPPER
100
AcDbLine
 10
269541.1310471356
 20
67985.21636184685
 30
8750.0
 11
269145.8980337503
 21
68473.28848624516
 31
8750.0
  0
LINE
  5
4F1
330
17
100
AcDbEntity
  8
UPPER
100
AcDbLine
 10
269145.8980337503
 20
68473.28848624516
 30
8750.0
 11
268803.84757729335
 21
69000.0
 31
8750.0
  0
LINE
  5
4F2
330
17
100
AcDbEntity
  8
UPPER
100
AcDbLine
 10
268803.84757729335
 20
69000.0
 30
8750.0
 11
268518.7272541444
 21
69559.5801415452
 31
8750.0
  0
LINE
  5
4F3
330
17
100
AcDbEntity
  8
UPPER
100
AcDbLine
 10
268518.7272541444
 20
69559.5801415452
 30
8750.0
 11
268293.6609022291
 21
70145.89803375032
 31
8750.0
  0
LINE
  5
4F4
330
17
100
AcDbEntity
  8
UPPER
100
AcDbLine
 10
268293.6609022291
 20
70145.89803375032
 30
8750.0
 11
268131.11439559713
 21
70752.52985509344
 31
8750.0
  0
LINE
  5
4F5
330
17
100
AcDbEntity
  8
UPPER
100
AcDbLine
 10
268131.11439559713
 20
70752.52985509344
 30
8750.0
 11
268032.86862779036
 21
71372.82922039408
 31
8750.0
  0
LINE
  5
4F6
330
17
100
AcDbEntity
  8
UPPER
100
AcDbLine
 10
268032.86862779036
 20
71372.82922039408
 30
8750.0
 11
268000.0
 21
72000.0
 31
8750.0
  0
LINE
  5
4F7
330
17
100
AcDbEntity
  8
UPPER
100
AcDbLine
 10
268000.0
 20
72000.0
 30
8750.0
 11
268000.0
 21
72640.0
 31
8750.0
  0
LINE
  5
4F8
330
17
100
AcDbEntity
  8
UPPER
100
AcDbLine
 10
268000.0
 20
72640.0
 30
8750.0
 11
268000.0
 21
73280.0
 31
8750.0
  0
LINE
  5
4F9
330
17
100
AcDbEntity
  8
UPPER
100
AcDbLine
 10
268000.0
 20
73280.0
 30
8750.0
 11
268000.0
 21
73920.0
 31
8750.0
  0
LINE
  5
4FA
330
17
100
AcDbEntity
  8
UPPER
100
AcDbLine
 10
268000.0
 20
73920.0
 30
8750.0
 11
268000.0
 21
74560.0
 31
8750.0
  0
LINE
  5
4FB
330
17
100
AcDbEntity
  8
UPPER
100
AcDbLine
 10
268000.0
 20
74560.0
 30
8750.0
 11
268000.0
 21
75200.0
 31
8750.0
  0
LINE
  5
4FC
330
17
100
AcDbEntity
  8
UPPER
100
AcDbLine
 10
268000.0
 20
75200.0
 30
8750.0
 11
268000.0
 21
75840.0
 31
8750.0
  0
LINE
  5
4FD
330
17
100
AcDbEntity
  8
UPPER
100
AcDbLine
 10
268000.0
 20
75840.0
 30
8750.0
 11
268000.0
 21
76480.0
 31
8750.0
  0
LINE
  5
4FE
330
17
100
AcDbEntity
  8
UPPER
100
AcDbLine
 10
268000.0
 20
76480.0
 30
8750.0
 11
268000.0
 21
77120.0
 31
8750.0
  0
LINE
  5
4FF
330
17
100
AcDbEntity
  8
UPPER
100
AcDbLine
 10
268000.0
 20
77120.0
 30
8750.0
 11
268000.0
 21
77759.99999999999
 31
8750.0
  0
LINE
  5
500
330
17
100
AcDbEntity
  8
UPPER
100
AcDbLine
 10
268000.0
 20
77759.99999999999
 30
8750.0
 11
268000.0
 21
78400.0
 31
8750.0
  0
LINE
  5
501
330
17
100
AcDbEntity
  8
UPPER
100
AcDbLine
 10
268000.0
 20
78400.0
 30
8750.0
 11
268000.0
 21
79039.99999999999
 31
8750.0
  0
LINE
  5
502
330
17
100
AcDbEntity
  8
UPPER
100
AcDbLine
 10
268000.0
 20
79039.99999999999
 30
8750.0
 11
268000.0
 21
79680.0
 31
8750.0
  0
LINE
  5
503
330
17
100
AcDbEntity
  8
UPPER
100
AcDbLine
 10
268000.0
 20
79680.0
 30
8750.0
 11
268000.0
 21
80320.0
 31
8750.0
  0
LINE
  5
504
330
17
100
AcDbEntity
  8
UPPER
100
AcDbLine
 10
268000.0
 20
80320.0
 30
8750.0
 11
268000.0
 21
80960.00000000001
 31
8750.0
  0
LINE
  5
505
330
17
100
AcDbEntity
  8
UPPER
100
AcDbLine
 10
268000.0
 20
80960.00000000001
 30
8750.0
 11
268000.0
 21
81600.0
 31
8750.0
  0
LINE
  5
506
330
17
100
AcDbEntity
  8
UPPER
100
AcDbLine
 10
268000.0
 20
81600.0
 30
8750.0
 11
268000.0
 21
82240.00000000001
 31
8750.0
  0
LINE
  5
507
330
17
100
AcDbEntity
  8
UPPER
100
AcDbLine
 10
268000.0
 20
82240.00000000001
 30
8750.0
 11
268000.0
 21
82880.0
 31
8750.0
  0
LINE
  5
508
330
17
100
AcDbEntity
  8
UPPER
100
AcDbLine
 10
268000.0
 20
82880.0
 30
8750.0
 11
268000.0
 21
83520.0
 31
8750.0
  0
LINE
  5
509
330
17
100
AcDbEntity
  8
UPPER
100
AcDbLine
 10
268000.0
 20
83520.0
 30
8750.0
 11
268000.0
 21
84160.0
 31
8750.0
  0
LINE
  5
50A
330
17
100
AcDbEntity
  8
UPPER
100
AcDbLine
 10
268000.0
 20
84160.0
 30
8750.0
 11
268000.0
 21
84800.0
 31
8750.0
  0
LINE
  5
50B
330
17
100
AcDbEntity
  8
UPPER
100
AcDbLine
 10
268000.0
 20
84800.0
 30
8750.0
 11
268000.0
 21
85440.0
 31
8750.0
  0
LINE
  5
50C
330
17
100
AcDbEntity
  8
UPPER
100
AcDbLine
 10
268000.0
 20
85440.0
 30
8750.0
 11
268000.0
 21
86080.0
 31
8750.0
  0
LINE
  5
50D
330
17
100
AcDbEntity
  8
UPPER
100
AcDbLine
 10
268000.0
 20
86080.0
 30
8750.0
 11
268000.0
 21
86720.0
 31
8750.0
  0
LINE
  5
50E
330
17
100
AcDbEntity
  8
UPPER
100
AcDbLine
 10
268000.0
 20
86720.0
 30
8750.0
 11
268000.0
 21
87360.0
 31
8750.0
  0
LINE
  5
50F
330
17
100
AcDbEntity
  8
UPPER
100
AcDbLine
 10
268000.0
 20
87360.0
 30
8750.0
 11
268000.0
 21
88000.0
 31
8750.0
  0
LINE
  5
510
330
17
100
AcDbEntity
  8
UPPER
100
AcDbLine
 10
268000.0
 20
88000.0
 30
8750.0
 11
267967.13137220964
 21
88627.17077960592
 31
8750.0
  0
LINE
  5
511
330
17
100
AcDbEntity
  8
UPPER
100
AcDbLine
 10
267967.13137220964
 20
88627.17077960592
 30
8750.0
 11
267868.88560440287
 21
89247.47014490656
 31
8750.0
  0
LINE
  5
512
330
17
100
AcDbEntity
  8
UPPER
100
AcDbLine
 10
267868.88560440287
 20
89247.47014490656
 30
8750.0
 11
267706.3390977709
 21
89854.10196624968
 31
8750.0
  0
LINE
  5
513
330
17
100
AcDbEntity
  8
UPPER
100
AcDbLine
 10
267706.3390977709
 20
89854.10196624968
 30
8750.0
 11
267481.2727458556
 21
90440.4198584548
 31
8750.0
  0
LINE
  5
514
330
17
100
AcDbEntity
  8
UPPER
100
AcDbLine
 10
267481.2727458556
 20
90440.4198584548
 30
8750.0
 11
267196.15242270665
 21
91000.0
 31
8750.0
  0
LINE
  5
515
330
17
100
AcDbEntity
  8
UPPER
100
AcDbLine
 10
267196.15242270665
 20
91000.0
 30
8750.0
 11
266854.1019662497
 21
91526.71151375484
 31
8750.0
  0
LINE
  5
516
330
17
100
AcDbEntity
  8
UPPER
100
AcDbLine
 10
266854.1019662497
 20
91526.71151375484
 30
8750.0
 11
266458.8689528644
 21
92014.78363815315
 31
8750.0
  0
LINE
  5
517
330
17
100
AcDbEntity
  8
UPPER
100
AcDbLine
 10
266458.8689528644
 20
92014.78363815315
 30
8750.0
 11
266014.78363815317
 21
92458.86895286436
 31
8750.0
  0
LINE
  5
518
330
17
100
AcDbEntity
  8
UPPER
100
AcDbLine
 10
266014.78363815317
 20
92458.86895286436
 30
8750.0
 11
265526.71151375485
 21
92854.10196624968
 31
8750.0
  0
LINE
  5
519
330
17
100
AcDbEntity
  8
UPPER
100
AcDbLine
 10
265526.71151375485
 20
92854.10196624968
 30
8750.0
 11
265000.0
 21
93196.15242270663
 31
8750.0
  0
LINE
  5
51A
330
17
100
AcDbEntity
  8
UPPER
100
AcDbLine
 10
265000.0
 20
93196.15242270663
 30
8750.0
 11
264440.4198584548
 21
93481.2727458556
 31
8750.0
  0
LINE
  5
51B
330
17
100
AcDbEntity
  8
UPPER
100
AcDbLine
 10
264440.4198584548
 20
93481.2727458556
 30
8750.0
 11
263854.1019662497
 21
93706.33909777092
 31
8750.0
  0
LINE
  5
51C
330
17
100
AcDbEntity
  8
UPPER
100
AcDbLine
 10
263854.1019662497
 20
93706.33909777092
 30
8750.0
 11
263247.47014490655
 21
93868.88560440284
 31
8750.0
  0
LINE
  5
51D
330
17
100
AcDbEntity
  8
UPPER
100
AcDbLine
 10
263247.47014490655
 20
93868.88560440284
 30
8750.0
 11
262627.1707796059
 21
93967.13137220964
 31
8750.0
  0
LINE
  5
51E
330
17
100
AcDbEntity
  8
UPPER
100
AcDbLine
 10
262627.1707796059
 20
93967.13137220964
 30
8750.0
 11
262000.0
 21
94000.0
 31
8750.0
  0
LINE
  5
51F
330
17
100
AcDbEntity
  8
UPPER
100
AcDbLine
 10
262000.0
 20
94000.0
 30
8750.0
 11
261384.61538461535
 21
94000.0
 31
8750.0
  0
LINE
  5
520
330
17
100
AcDbEntity
  8
UPPER
100
AcDbLine
 10
261384.61538461535
 20
94000.0
 30
8750.0
 11
260769.23076923078
 21
94000.0
 31
8750.0
  0
LINE
  5
521
330
17
100
AcDbEntity
  8
UPPER
100
AcDbLine
 10
260769.23076923078
 20
94000.0
 30
8750.0
 11
260153.84615384619
 21
94000.0
 31
8750.0
  0
LINE
  5
522
330
17
100
AcDbEntity
  8
UPPER
100
AcDbLine
 10
260153.84615384619
 20
94000.0
 30
8750.0
 11
259538.46153846156
 21
94000.0
 31
8750.0
  0
LINE
  5
523
330
17
100
AcDbEntity
  8
UPPER
100
AcDbLine
 10
259538.46153846156
 20
94000.0
 30
8750.0
 11
258923.0769230769
 21
94000.0
 31
8750.0
  0
LINE
  5
524
330
17
100
AcDbEntity
  8
UPPER
100
AcDbLine
 10
258923.0769230769
 20
94000.0
 30
8750.0
 11
258307.6923076923
 21
94000.0
 31
8750.0
  0
LINE
  5
525
330
17
100
AcDbEntity
  8
UPPER
100
AcDbLine
 10
258307.6923076923
 20
94000.0
 30
8750.0
 11
257692.3076923077
 21
94000.0
 31
8750.0
  0
LINE
  5
526
330
17
100
AcDbEntity
  8
UPPER
100
AcDbLine
 10
257692.3076923077
 20
94000.0
 30
8750.0
 11
257076.9230769231
 21
94000.0
 31
8750.0
  0
LINE
  5
527
330
17
100
AcDbEntity
  8
UPPER
100
AcDbLine
 10
257076.9230769231
 20
94000.0
 30
8750.0
 11
256461.53846153844
 21
94000.0
 31
8750.0
  0
LINE
  5
528
330
17
100
AcDbEntity
  8
UPPER
100
AcDbLine
 10
256461.53846153844
 20
94000.0
 30
8750.0
 11
255846.15384615384
 21
94000.0
 31
8750.0
  0
LINE
  5
529
330
17
100
AcDbEntity
  8
UPPER
100
AcDbLine
 10
255846.15384615384
 20
94000.0
 30
8750.0
 11
255230.76923076922
 21
94000.0
 31
8750.0
  0
LINE
  5
52A
330
17
100
AcDbEntity
  8
UPPER
100
AcDbLine
 10
255230.76923076922
 20
94000.0
 30
8750.0
 11
254615.38461538462
 21
94000.0
 31
8750.0
  0
LINE
  5
52B
330
17
100
AcDbEntity
  8
UPPER
100
AcDbLine
 10
254615.38461538462
 20
94000.0
 30
8750.0
 11
254000.0
 21
94000.0
 31
8750.0
  0
LINE
  5
52C
330
17
100
AcDbEntity
  8
UPPER
100
AcDbLine
 10
254000.0
 20
94000.0
 30
8750.0
 11
253372.82922039408
 21
93967.13137220965
 31
8750.0
  0
LINE
  5
52D
330
17
100
AcDbEntity
  8
UPPER
100
AcDbLine
 10
253372.82922039408
 20
93967.13137220965
 30
8750.0
 11
252752.52985509342
 21
93868.88560440284
 31
8750.0
  0
LINE
  5
52E
330
17
100
AcDbEntity
  8
UPPER
100
AcDbLine
 10
252752.52985509342
 20
93868.88560440284
 30
8750.0
 11
252145.8980337503
 21
93706.33909777092
 31
8750.0
  0
LINE
  5
52F
330
17
100
AcDbEntity
  8
UPPER
100
AcDbLine
 10
252145.8980337503
 20
93706.33909777092
 30
8750.0
 11
251559.58014154522
 21
93481.2727458556
 31
8750.0
  0
LINE
  5
530
330
17
100
AcDbEntity
  8
UPPER
100
AcDbLine
 10
251559.58014154522
 20
93481.2727458556
 30
8750.0
 11
251000.0
 21
93196.15242270663
 31
8750.0
  0
LINE
  5
531
330
17
100
AcDbEntity
  8
UPPER
100
AcDbLine
 10
251000.0
 20
93196.15242270663
 30
8750.0
 11
250473.28848624518
 21
92854.10196624968
 31
8750.0
  0
LINE
  5
532
330
17
100
AcDbEntity
  8
UPPER
100
AcDbLine
 10
250473.28848624518
 20
92854.10196624968
 30
8750.0
 11
249985.21636184686
 21
92458.86895286436
 31
8750.0
  0
LINE
  5
533
330
17
100
AcDbEntity
  8
UPPER
100
AcDbLine
 10
249985.21636184686
 20
92458.86895286436
 30
8750.0
 11
249541.13104713566
 21
92014.78363815315
 31
8750.0
  0
LINE
  5
534
330
17
100
AcDbEntity
  8
UPPER
100
AcDbLine
 10
249541.13104713566
 20
92014.78363815315
 30
8750.0
 11
249145.8980337503
 21
91526.71151375484
 31
8750.0
  0
LINE
  5
535
330
17
100
AcDbEntity
  8
UPPER
100
AcDbLine
 10
249145.8980337503
 20
91526.71151375484
 30
8750.0
 11
248803.84757729337
 21
91000.0
 31
8750.0
  0
LINE
  5
536
330
17
100
AcDbEntity
  8
UPPER
100
AcDbLine
 10
248803.84757729337
 20
91000.0
 30
8750.0
 11
248518.72725414438
 21
90440.4198584548
 31
8750.0
  0
LINE
  5
537
330
17
100
AcDbEntity
  8
UPPER
100
AcDbLine
 10
248518.72725414438
 20
90440.4198584548
 30
8750.0
 11
248293.66090222908
 21
89854.10196624968
 31
8750.0
  0
LINE
  5
538
330
17
100
AcDbEntity
  8
UPPER
100
AcDbLine
 10
248293.66090222908
 20
89854.10196624968
 30
8750.0
 11
248131.11439559716
 21
89247.47014490656
 31
8750.0
  0
LINE
  5
539
330
17
100
AcDbEntity
  8
UPPER
100
AcDbLine
 10
248131.11439559716
 20
89247.47014490656
 30
8750.0
 11
248032.86862779036
 21
88627.17077960592
 31
8750.0
  0
LINE
  5
53A
330
17
100
AcDbEntity
  8
UPPER
100
AcDbLine
 10
248032.86862779036
 20
88627.17077960592
 30
8750.0
 11
248000.0
 21
88000.0
 31
8750.0
  0
LINE
  5
53B
330
17
100
AcDbEntity
  8
UPPER
100
AcDbLine
 10
248000.0
 20
88000.0
 30
8750.0
 11
248000.0
 21
87400.0
 31
8750.0
  0
LINE
  5
53C
330
17
100
AcDbEntity
  8
UPPER
100
AcDbLine
 10
248000.0
 20
87400.0
 30
8750.0
 11
248000.0
 21
86800.0
 31
8750.0
  0
LINE
  5
53D
330
17
100
AcDbEntity
  8
UPPER
100
AcDbLine
 10
248000.0
 20
86800.0
 30
8750.0
 11
248000.0
 21
86200.0
 31
8750.0
  0
LINE
  5
53E
330
17
100
AcDbEntity
  8
UPPER
100
AcDbLine
 10
248000.0
 20
86200.0
 30
8750.0
 11
248000.0
 21
85600.0
 31
8750.0
  0
LINE
  5
53F
330
17
100
AcDbEntity
  8
UPPER
100
AcDbLine
 10
248000.0
 20
85600.0
 30
8750.0
 11
248000.0
 21
85000.0
 31
8750.0
  0
LINE
  5
540
330
17
100
AcDbEntity
  8
UPPER
100
AcDbLine
 10
248000.0
 20
85000.0
 30
8750.0
 11
248000.0
 21
84400.0
 31
8750.0
  0
LINE
  5
541
330
17
100
AcDbEntity
  8
UPPER
100
AcDbLine
 10
248000.0
 20
84400.0
 30
8750.0
 11
248000.0
 21
83800.0
 31
8750.0
  0
LINE
  5
542
330
17
100
AcDbEntity
  8
UPPER
100
AcDbLine
 10
248000.0
 20
83800.0
 30
8750.0
 11
248000.0
 21
83200.0
 31
8750.0
  0
LINE
  5
543
330
17
100
AcDbEntity
  8
UPPER
100
AcDbLine
 10
248000.0
 20
83200.0
 30
8750.0
 11
248000.0
 21
82600.0
 31
8750.0
  0
LINE
  5
544
330
17
100
AcDbEntity
  8
UPPER
100
AcDbLine
 10
248000.0
 20
82600.0
 30
8750.0
 11
248000.0
 21
82000.0
 31
8750.0
  0
LINE
  5
545
330
17
100
AcDbEntity
  8
UPPER
100
AcDbLine
 10
248000.0
 20
82000.0
 30
8750.0
 11
247967.1313722096
 21
81372.82922039408
 31
8750.0
  0
LINE
  5
546
330
17
100
AcDbEntity
  8
UPPER
100
AcDbLine
 10
247967.1313722096
 20
81372.82922039408
 30
8750.0
 11
247868.88560440284
 21
80752.52985509344
 31
8750.0
  0
LINE
  5
547
330
17
100
AcDbEntity
  8
UPPER
100
AcDbLine
 10
247868.88560440284
 20
80752.52985509344
 30
8750.0
 11
247706.33909777092
 21
80145.89803375032
 31
8750.0
  0
LINE
  5
548
330
17
100
AcDbEntity
  8
UPPER
100
AcDbLine
 10
247706.33909777092
 20
80145.89803375032
 30
8750.0
 11
247481.27274585562
 21
79559.5801415452
 31
8750.0
  0
LINE
  5
549
330
17
100
AcDbEntity
  8
UPPER
100
AcDbLine
 10
247481.27274585562
 20
79559.5801415452
 30
8750.0
 11
247196.15242270663
 21
79000.0
 31
8750.0
  0
LINE
  5
54A
330
17
100
AcDbEntity
  8
UPPER
100
AcDbLine
 10
247196.15242270663
 20
79000.0
 30
8750.0
 11
246854.1019662497
 21
78473.28848624516
 31
8750.0
  0
LINE
  5
54B
330
17
100
AcDbEntity
  8
UPPER
100
AcDbLine
 10
246854.1019662497
 20
78473.28848624516
 30
8750.0
 11
246458.86895286434
 21
77985.21636184685
 31
8750.0
  0
LINE
  5
54C
330
17
100
AcDbEntity
  8
UPPER
100
AcDbLine
 10
246458.86895286434
 20
77985.21636184685
 30
8750.0
 11
246014.78363815314
 21
77541.13104713564
 31
8750.0
  0
LINE
  5
54D
330
17
100
AcDbEntity
  8
UPPER
100
AcDbLine
 10
246014.78363815314
 20
77541.13104713564
 30
8750.0
 11
245526.71151375482
 21
77145.89803375032
 31
8750.0
  0
LINE
  5
54E
330
17
100
AcDbEntity
  8
UPPER
100
AcDbLine
 10
245526.71151375482
 20
77145.89803375032
 30
8750.0
 11
245000.0
 21
76803.84757729337
 31
8750.0
  0
LINE
  5
54F
330
17
100
AcDbEntity
  8
UPPER
100
AcDbLine
 10
245000.0
 20
76803.84757729337
 30
8750.0
 11
244440.41985845478
 21
76518.7272541444
 31
8750.0
  0
LINE
  5
550
330
17
100
AcDbEntity
  8
UPPER
100
AcDbLine
 10
244440.41985845478
 20
76518.7272541444
 30
8750.0
 11
243854.1019662497
 21
76293.66090222908
 31
8750.0
  0
LINE
  5
551
330
17
100
AcDbEntity
  8
UPPER
100
AcDbLine
 10
243854.1019662497
 20
76293.66090222908
 30
8750.0
 11
243247.47014490658
 21
76131.11439559716
 31
8750.0
  0
LINE
  5
552
330
17
100
AcDbEntity
  8
UPPER
100
AcDbLine
 10
243247.47014490658
 20
76131.11439559716
 30
8750.0
 11
242627.17077960592
 21
76032.86862779036
 31
8750.0
  0
LINE
  5
553
330
17
100
AcDbEntity
  8
UPPER
100
AcDbLine
 10
242627.17077960592
 20
76032.86862779036
 30
8750.0
 11
242000.0
 21
76000.0
 31
8750.0
  0
LINE
  5
554
330
17
100
AcDbEntity
  8
UPPER
100
AcDbLine
 10
242000.0
 20
76000.0
 30
8750.0
 11
241384.61538461538
 21
76000.0
 31
8750.0
  0
LINE
  5
555
330
17
100
AcDbEntity
  8
UPPER
100
AcDbLine
 10
241384.61538461538
 20
76000.0
 30
8750.0
 11
240769.23076923078
 21
76000.0
 31
8750.0
  0
LINE
  5
556
330
17
100
AcDbEntity
  8
UPPER
100
AcDbLine
 10
240769.23076923078
 20
76000.0
 30
8750.0
 11
240153.84615384616
 21
76000.0
 31
8750.0
  0
LINE
  5
557
330
17
100
AcDbEntity
  8
UPPER
100
AcDbLine
 10
240153.84615384616
 20
76000.0
 30
8750.0
 11
239538.46153846156
 21
76000.0
 31
8750.0
  0
LINE
  5
558
330
17
100
AcDbEntity
  8
UPPER
100
AcDbLine
 10
239538.46153846156
 20
76000.0
 30
8750.0
 11
238923.0769230769
 21
76000.0
 31
8750.0
  0
LINE
  5
559
330
17
100
AcDbEntity
  8
UPPER
100
AcDbLine
 10
238923.0769230769
 20
76000.0
 30
8750.0
 11
238307.6923076923
 21
76000.0
 31
8750.0
  0
LINE
  5
55A
330
17
100
AcDbEntity
  8
UPPER
100
AcDbLine
 10
238307.6923076923
 20
76000.0
 30
8750.0
 11
237692.3076923077
 21
76000.0
 31
8750.0
  0
LINE
  5
55B
330
17
100
AcDbEntity
  8
UPPER
100
AcDbLine
 10
237692.3076923077
 20
76000.0
 30
8750.0
 11
237076.9230769231
 21
76000.0
 31
8750.0
  0
LINE
  5
55C
330
17
100
AcDbEntity
  8
UPPER
100
AcDbLine
 10
237076.9230769231
 20
76000.0
 30
8750.0
 11
236461.53846153844
 21
76000.0
 31
8750.0
  0
LINE
  5
55D
330
17
100
AcDbEntity
  8
UPPER
100
AcDbLine
 10
236461.53846153844
 20
76000.0
 30
8750.0
 11
235846.15384615384
 21
76000.0
 31
8750.0
  0
LINE
  5
55E
330
17
100
AcDbEntity
  8
UPPER
100
AcDbLine
 10
235846.15384615384
 20
76000.0
 30
8750.0
 11
235230.76923076922
 21
76000.0
 31
8750.0
  0
LINE
  5
55F
330
17
100
AcDbEntity
  8
UPPER
100
AcDbLine
 10
235230.76923076922
 20
76000.0
 30
8750.0
 11
234615.38461538462
 21
76000.0
 31
8750.0
  0
LINE
  5
560
330
17
100
AcDbEntity
  8
UPPER
100
AcDbLine
 10
234615.38461538462
 20
76000.0
 30
8750.0
 11
234000.0
 21
76000.0
 31
8750.0
  0
LINE
  5
561
330
17
100
AcDbEntity
  8
UPPER
100
AcDbLine
 10
234000.0
 20
76000.0
 30
8750.0
 11
233372.82922039408
 21
76032.86862779035
 31
8750.0
  0
LINE
  5
562
330
17
100
AcDbEntity
  8
UPPER
100
AcDbLine
 10
233372.82922039408
 20
76032.86862779035
 30
8750.0
 11
232752.52985509342
 21
76131.11439559716
 31
8750.0
  0
LINE
  5
563
330
17
100
AcDbEntity
  8
UPPER
100
AcDbLine
 10
232752.52985509342
 20
76131.11439559716
 30
8750.0
 11
232145.8980337503
 21
76293.66090222908
 31
8750.0
  0
LINE
  5
564
330
17
100
AcDbEntity
  8
UPPER
100
AcDbLine
 10
232145.8980337503
 20
76293.66090222908
 30
8750.0
 11
231559.58014154522
 21
76518.7272541444
 31
8750.0
  0
LINE
  5
565
330
17
100
AcDbEntity
  8
UPPER
100
AcDbLine
 10
231559.58014154522
 20
76518.7272541444
 30
8750.0
 11
231000.0
 21
76803.84757729337
 31
8750.0
  0
LINE
  5
566
330
17
100
AcDbEntity
  8
UPPER
100
AcDbLine
 10
231000.0
 20
76803.84757729337
 30
8750.0
 11
230473.28848624518
 21
77145.89803375032
 31
8750.0
  0
LINE
  5
567
330
17
100
AcDbEntity
  8
UPPER
100
AcDbLine
 10
230473.28848624518
 20
77145.89803375032
 30
8750.0
 11
229985.21636184686
 21
77541.13104713564
 31
8750.0
  0
LINE
  5
568
330
17
100
AcDbEntity
  8
UPPER
100
AcDbLine
 10
229985.21636184686
 20
77541.13104713564
 30
8750.0
 11
229541.13104713566
 21
77985.21636184685
 31
8750.0
  0
LINE
  5
569
330
17
100
AcDbEntity
  8
UPPER
100
AcDbLine
 10
229541.13104713566
 20
77985.21636184685
 30
8750.0
 11
229145.8980337503
 21
78473.28848624516
 31
8750.0
  0
LINE
  5
56A
330
17
100
AcDbEntity
  8
UPPER
100
AcDbLine
 10
229145.8980337503
 20
78473.28848624516
 30
8750.0
 11
228803.84757729337
 21
79000.0
 31
8750.0
  0
LINE
  5
56B
330
17
100
AcDbEntity
  8
UPPER
100
AcDbLine
 10
228803.84757729337
 20
79000.0
 30
8750.0
 11
228518.72725414438
 21
79559.5801415452
 31
8750.0
  0
LINE
  5
56C
330
17
100
AcDbEntity
  8
UPPER
100
AcDbLine
 10
228518.72725414438
 20
79559.5801415452
 30
8750.0
 11
228293.66090222908
 21
80145.89803375032
 31
8750.0
  0
LINE
  5
56D
330
17
100
AcDbEntity
  8
UPPER
100
AcDbLine
 10
228293.66090222908
 20
80145.89803375032
 30
8750.0
 11
228131.11439559716
 21
80752.52985509344
 31
8750.0
  0
LINE
  5
56E
330
17
100
AcDbEntity
  8
UPPER
100
AcDbLine
 10
228131.11439559716
 20
80752.52985509344
 30
8750.0
 11
228032.86862779036
 21
81372.82922039408
 31
8750.0
  0
LINE
  5
56F
330
17
100
AcDbEntity
  8
UPPER
100
AcDbLine
 10
228032.86862779036
 20
81372.82922039408
 30
8750.0
 11
228000.0
 21
82000.0
 31
8750.0
  0
LINE
  5
570
330
17
100
AcDbEntity
  8
UPPER
100
AcDbLine
 10
228000.0
 20
82000.0
 30
8750.0
 11
228000.0
 21
82643.67816091953
 31
8750.0
  0
LINE
  5
571
330
17
100
AcDbEntity
  8
UPPER
100
AcDbLine
 10
228000.0
 20
82643.67816091953
 30
8750.0
 11
228000.0
 21
83287.35632183906
 31
8750.0
  0
LINE
  5
572
330
17
100
AcDbEntity
  8
UPPER
100
AcDbLine
 10
228000.0
 20
83287.35632183906
 30
8750.0
 11
228000.0
 21
83931.03448275862
 31
8750.0
  0
LINE
  5
573
330
17
100
AcDbEntity
  8
UPPER
100
AcDbLine
 10
228000.0
 20
83931.03448275862
 30
8750.0
 11
228000.0
 21
84574.71264367817
 31
8750.0
  0
LINE
  5
574
330
17
100
AcDbEntity
  8
UPPER
100
AcDbLine
 10
228000.0
 20
84574.71264367817
 30
8750.0
 11
228000.0
 21
85218.3908045977
 31
8750.0
  0
LINE
  5
575
330
17
100
AcDbEntity
  8
UPPER
100
AcDbLine
 10
228000.0
 20
85218.3908045977
 30
8750.0
 11
228000.0
 21
85862.06896551723
 31
8750.0
  0
LINE
  5
576
330
17
100
AcDbEntity
  8
UPPER
100
AcDbLine
 10
228000.0
 20
85862.06896551723
 30
8750.0
 11
228000.0
 21
86505.74712643678
 31
8750.0
  0
LINE
  5
577
330
17
100
AcDbEntity
  8
UPPER
100
AcDbLine
 10
228000.0
 20
86505.74712643678
 30
8750.0
 11
228000.0
 21
87149.42528735632
 31
8750.0
  0
LINE
  5
578
330
17
100
AcDbEntity
  8
UPPER
100
AcDbLine
 10
228000.0
 20
87149.42528735632
 30
8750.0
 11
228000.0
 21
87793.10344827587
 31
8750.0
  0
LINE
  5
579
330
17
100
AcDbEntity
  8
UPPER
100
AcDbLine
 10
228000.0
 20
87793.10344827587
 30
8750.0
 11
228000.0
 21
88436.7816091954
 31
8750.0
  0
LINE
  5
57A
330
17
100
AcDbEntity
  8
UPPER
100
AcDbLine
 10
228000.0
 20
88436.7816091954
 30
8750.0
 11
228000.0
 21
89080.45977011495
 31
8750.0
  0
LINE
  5
57B
330
17
100
AcDbEntity
  8
UPPER
100
AcDbLine
 10
228000.0
 20
89080.45977011495
 30
8750.0
 11
228000.0
 21
89724.13793103448
 31
8750.0
  0
LINE
  5
57C
330
17
100
AcDbEntity
  8
UPPER
100
AcDbLine
 10
228000.0
 20
89724.13793103448
 30
8750.0
 11
228000.0
 21
90367.81609195402
 31
8750.0
  0
LINE
  5
57D
330
17
100
AcDbEntity
  8
UPPER
100
AcDbLine
 10
228000.0
 20
90367.81609195402
 30
8750.0
 11
228000.0
 21
91011.49425287356
 31
8750.0
  0
LINE
  5
57E
330
17
100
AcDbEntity
  8
UPPER
100
AcDbLine
 10
228000.0
 20
91011.49425287356
 30
8750.0
 11
228000.0
 21
91655.17241379312
 31
8750.0
  0
LINE
  5
57F
330
17
100
AcDbEntity
  8
UPPER
100
AcDbLine
 10
228000.0
 20
91655.17241379312
 30
8750.0
 11
228000.0
 21
92298.85057471265
 31
8750.0
  0
LINE
  5
580
330
17
100
AcDbEntity
  8
UPPER
100
AcDbLine
 10
228000.0
 20
92298.85057471265
 30
8750.0
 11
228000.0
 21
92942.52873563218
 31
8750.0
  0
LINE
  5
581
330
17
100
AcDbEntity
  8
UPPER
100
AcDbLine
 10
228000.0
 20
92942.52873563218
 30
8750.0
 11
228000.0
 21
93586.20689655171
 31
8750.0
  0
LINE
  5
582
330
17
100
AcDbEntity
  8
UPPER
100
AcDbLine
 10
228000.0
 20
93586.20689655171
 30
8750.0
 11
228000.0
 21
94229.88505747127
 31
8750.0
  0
LINE
  5
583
330
17
100
AcDbEntity
  8
UPPER
100
AcDbLine
 10
228000.0
 20
94229.88505747127
 30
8750.0
 11
228000.0
 21
94873.56321839082
 31
8750.0
  0
LINE
  5
584
330
17
100
AcDbEntity
  8
UPPER
100
AcDbLine
 10
228000.0
 20
94873.56321839082
 30
8750.0
 11
228000.0
 21
95517.24137931035
 31
8750.0
  0
LINE
  5
585
330
17
100
AcDbEntity
  8
UPPER
100
AcDbLine
 10
228000.0
 20
95517.24137931035
 30
8750.0
 11
228000.0
 21
96160.91954022988
 31
8750.0
  0
LINE
  5
586
330
17
100
AcDbEntity
  8
UPPER
100
AcDbLine
 10
228000.0
 20
96160.91954022988
 30
8750.0
 11
228000.0
 21
96804.59770114943
 31
8750.0
  0
LINE
  5
587
330
17
100
AcDbEntity
  8
UPPER
100
AcDbLine
 10
228000.0
 20
96804.59770114943
 30
8750.0
 11
228000.0
 21
97448.27586206897
 31
8750.0
  0
LINE
  5
588
330
17
100
AcDbEntity
  8
UPPER
100
AcDbLine
 10
228000.0
 20
97448.27586206897
 30
8750.0
 11
228000.0
 21
98091.9540229885
 31
8750.0
  0
LINE
  5
589
330
17
100
AcDbEntity
  8
UPPER
100
AcDbLine
 10
228000.0
 20
98091.9540229885
 30
8750.0
 11
228000.0
 21
98735.63218390805
 31
8750.0
  0
LINE
  5
58A
330
17
100
AcDbEntity
  8
UPPER
100
AcDbLine
 10
228000.0
 20
98735.63218390805
 30
8750.0
 11
228000.0
 21
99379.3103448276
 31
8750.0
  0
LINE
  5
58B
330
17
100
AcDbEntity
  8
UPPER
100
AcDbLine
 10
228000.0
 20
99379.3103448276
 30
8750.0
 11
228000.0
 21
100022.98850574713
 31
8750.0
  0
LINE
  5
58C
330
17
100
AcDbEntity
  8
UPPER
100
AcDbLine
 10
228000.0
 20
100022.98850574713
 30
8750.0
 11
228000.0
 21
100666.66666666666
 31
8750.0
  0
LINE
  5
58D
330
17
100
AcDbEntity
  8
UPPER
100
AcDbLine
 10
228000.0
 20
100666.66666666666
 30
8750.0
 11
228000.0
 21
101310.3448275862
 31
8750.0
  0
LINE
  5
58E
330
17
100
AcDbEntity
  8
UPPER
100
AcDbLine
 10
228000.0
 20
101310.3448275862
 30
8750.0
 11
228000.0
 21
101954.02298850575
 31
8750.0
  0
LINE
  5
58F
330
17
100
AcDbEntity
  8
UPPER
100
AcDbLine
 10
228000.0
 20
101954.02298850575
 30
8750.0
 11
228000.0
 21
102597.7011494253
 31
8750.0
  0
LINE
  5
590
330
17
100
AcDbEntity
  8
UPPER
100
AcDbLine
 10
228000.0
 20
102597.7011494253
 30
8750.0
 11
228000.0
 21
103241.37931034483
 31
8750.0
  0
LINE
  5
591
330
17
100
AcDbEntity
  8
UPPER
100
AcDbLine
 10
228000.0
 20
103241.37931034483
 30
8750.0
 11
228000.0
 21
103885.05747126436
 31
8750.0
  0
LINE
  5
592
330
17
100
AcDbEntity
  8
UPPER
100
AcDbLine
 10
228000.0
 20
103885.05747126436
 30
8750.0
 11
228000.0
 21
104528.7356321839
 31
8750.0
  0
LINE
  5
593
330
17
100
AcDbEntity
  8
UPPER
100
AcDbLine
 10
228000.0
 20
104528.7356321839
 30
8750.0
 11
228000.0
 21
105172.41379310345
 31
8750.0
  0
LINE
  5
594
330
17
100
AcDbEntity
  8
UPPER
100
AcDbLine
 10
228000.0
 20
105172.41379310345
 30
8750.0
 11
228000.0
 21
105816.091954023
 31
8750.0
  0
LINE
  5
595
330
17
100
AcDbEntity
  8
UPPER
100
AcDbLine
 10
228000.0
 20
105816.091954023
 30
8750.0
 11
228000.0
 21
106459.77011494253
 31
8750.0
  0
LINE
  5
596
330
17
100
AcDbEntity
  8
UPPER
100
AcDbLine
 10
228000.0
 20
106459.77011494253
 30
8750.0
 11
228000.0
 21
107103.44827586206
 31
8750.0
  0
LINE
  5
597
330
17
100
AcDbEntity
  8
UPPER
100
AcDbLine
 10
228000.0
 20
107103.44827586206
 30
8750.0
 11
228000.0
 21
107747.12643678162
 31
8750.0
  0
LINE
  5
598
330
17
100
AcDbEntity
  8
UPPER
100
AcDbLine
 10
228000.0
 20
107747.12643678162
 30
8750.0
 11
228000.0
 21
108390.80459770115
 31
8750.0
  0
LINE
  5
599
330
17
100
AcDbEntity
  8
UPPER
100
AcDbLine
 10
228000.0
 20
108390.80459770115
 30
8750.0
 11
228000.0
 21
109034.4827586207
 31
8750.0
  0
LINE
  5
59A
330
17
100
AcDbEntity
  8
UPPER
100
AcDbLine
 10
228000.0
 20
109034.4827586207
 30
8750.0
 11
228000.0
 21
109678.16091954023
 31
8750.0
  0
LINE
  5
59B
330
17
100
AcDbEntity
  8
UPPER
100
AcDbLine
 10
228000.0
 20
109678.16091954023
 30
8750.0
 11
228000.0
 21
110321.83908045977
 31
8750.0
  0
LINE
  5
59C
330
17
100
AcDbEntity
  8
UPPER
100
AcDbLine
 10
228000.0
 20
110321.83908045977
 30
8750.0
 11
228000.0
 21
110965.51724137932
 31
8750.0
  0
LINE
  5
59D
330
17
100
AcDbEntity
  8
UPPER
100
AcDbLine
 10
228000.0
 20
110965.51724137932
 30
8750.0
 11
228000.0
 21
111609.19540229885
 31
8750.0
  0
LINE
  5
59E
330
17
100
AcDbEntity
  8
UPPER
100
AcDbLine
 10
228000.0
 20
111609.19540229885
 30
8750.0
 11
228000.0
 21
112252.87356321838
 31
8750.0
  0
LINE
  5
59F
330
17
100
AcDbEntity
  8
UPPER
100
AcDbLine
 10
228000.0
 20
112252.87356321838
 30
8750.0
 11
228000.0
 21
112896.55172413794
 31
8750.0
  0
LINE
  5
5A0
330
17
100
AcDbEntity
  8
UPPER
100
AcDbLine
 10
228000.0
 20
112896.55172413794
 30
8750.0
 11
228000.0
 21
113540.22988505747
 31
8750.0
  0
LINE
  5
5A1
330
17
100
AcDbEntity
  8
UPPER
100
AcDbLine
 10
228000.0
 20
113540.22988505747
 30
8750.0
 11
228000.0
 21
114183.908045977
 31
8750.0
  0
LINE
  5
5A2
330
17
100
AcDbEntity
  8
UPPER
100
AcDbLine
 10
228000.0
 20
114183.908045977
 30
8750.0
 11
228000.0
 21
114827.58620689654
 31
8750.0
  0
LINE
  5
5A3
330
17
100
AcDbEntity
  8
UPPER
100
AcDbLine
 10
228000.0
 20
114827.58620689654
 30
8750.0
 11
228000.0
 21
115471.26436781611
 31
8750.0
  0
LINE
  5
5A4
330
17
100
AcDbEntity
  8
UPPER
100
AcDbLine
 10
228000.0
 20
115471.26436781611
 30
8750.0
 11
228000.0
 21
116114.94252873564
 31
8750.0
  0
LINE
  5
5A5
330
17
100
AcDbEntity
  8
UPPER
100
AcDbLine
 10
228000.0
 20
116114.94252873564
 30
8750.0
 11
228000.0
 21
116758.62068965517
 31
8750.0
  0
LINE
  5
5A6
330
17
100
AcDbEntity
  8
UPPER
100
AcDbLine
 10
228000.0
 20
116758.62068965517
 30
8750.0
 11
228000.0
 21
117402.2988505747
 31
8750.0
  0
LINE
  5
5A7
330
17
100
AcDbEntity
  8
UPPER
100
AcDbLine
 10
228000.0
 20
117402.2988505747
 30
8750.0
 11
228000.0
 21
118045.97701149425
 31
8750.0
  0
LINE
  5
5A8
330
17
100
AcDbEntity
  8
UPPER
100
AcDbLine
 10
228000.0
 20
118045.97701149425
 30
8750.0
 11
228000.0
 21
118689.6551724138
 31
8750.0
  0
LINE
  5
5A9
330
17
100
AcDbEntity
  8
UPPER
100
AcDbLine
 10
228000.0
 20
118689.6551724138
 30
8750.0
 11
228000.0
 21
119333.33333333333
 31
8750.0
  0
LINE
  5
5AA
330
17
100
AcDbEntity
  8
UPPER
100
AcDbLine
 10
228000.0
 20
119333.33333333333
 30
8750.0
 11
228000.0
 21
119977.01149425287
 31
8750.0
  0
LINE
  5
5AB
330
17
100
AcDbEntity
  8
UPPER
100
AcDbLine
 10
228000.0
 20
119977.01149425287
 30
8750.0
 11
228000.0
 21
120620.6896551724
 31
8750.0
  0
LINE
  5
5AC
330
17
100
AcDbEntity
  8
UPPER
100
AcDbLine
 10
228000.0
 20
120620.6896551724
 30
8750.0
 11
228000.0
 21
121264.36781609195
 31
8750.0
  0
LINE
  5
5AD
330
17
100
AcDbEntity
  8
UPPER
100
AcDbLine
 10
228000.0
 20
121264.36781609195
 30
8750.0
 11
228000.0
 21
121908.0459770115
 31
8750.0
  0
LINE
  5
5AE
330
17
100
AcDbEntity
  8
UPPER
100
AcDbLine
 10
228000.0
 20
121908.0459770115
 30
8750.0
 11
228000.0
 21
122551.72413793103
 31
8750.0
  0
LINE
  5
5AF
330
17
100
AcDbEntity
  8
UPPER
100
AcDbLine
 10
228000.0
 20
122551.72413793103
 30
8750.0
 11
228000.0
 21
123195.40229885057
 31
8750.0
  0
LINE
  5
5B0
330
17
100
AcDbEntity
  8
UPPER
100
AcDbLine
 10
228000.0
 20
123195.40229885057
 30
8750.0
 11
228000.0
 21
123839.08045977012
 31
8750.0
  0
LINE
  5
5B1
330
17
100
AcDbEntity
  8
UPPER
100
AcDbLine
 10
228000.0
 20
123839.08045977012
 30
8750.0
 11
228000.0
 21
124482.75862068965
 31
8750.0
  0
LINE
  5
5B2
330
17
100
AcDbEntity
  8
UPPER
100
AcDbLine
 10
228000.0
 20
124482.75862068965
 30
8750.0
 11
228000.0
 21
125126.43678160918
 31
8750.0
  0
LINE
  5
5B3
330
17
100
AcDbEntity
  8
UPPER
100
AcDbLine
 10
228000.0
 20
125126.43678160918
 30
8750.0
 11
228000.0
 21
125770.11494252873
 31
8750.0
  0
LINE
  5
5B4
330
17
100
AcDbEntity
  8
UPPER
100
AcDbLine
 10
228000.0
 20
125770.11494252873
 30
8750.0
 11
228000.0
 21
126413.79310344829
 31
8750.0
  0
LINE
  5
5B5
330
17
100
AcDbEntity
  8
UPPER
100
AcDbLine
 10
228000.0
 20
126413.79310344829
 30
8750.0
 11
228000.0
 21
127057.47126436782
 31
8750.0
  0
LINE
  5
5B6
330
17
100
AcDbEntity
  8
UPPER
100
AcDbLine
 10
228000.0
 20
127057.47126436782
 30
8750.0
 11
228000.0
 21
127701.14942528735
 31
8750.0
  0
LINE
  5
5B7
330
17
100
AcDbEntity
  8
UPPER
100
AcDbLine
 10
228000.0
 20
127701.14942528735
 30
8750.0
 11
228000.0
 21
128344.82758620688
 31
8750.0
  0
LINE
  5
5B8
330
17
100
AcDbEntity
  8
UPPER
100
AcDbLine
 10
228000.0
 20
128344.82758620688
 30
8750.0
 11
228000.0
 21
128988.50574712646
 31
8750.0
  0
LINE
  5
5B9
330
17
100
AcDbEntity
  8
UPPER
100
AcDbLine
 10
228000.0
 20
128988.50574712646
 30
8750.0
 11
228000.0
 21
129632.18390804599
 31
8750.0
  0
LINE
  5
5BA
330
17
100
AcDbEntity
  8
UPPER
100
AcDbLine
 10
228000.0
 20
129632.18390804599
 30
8750.0
 11
228000.0
 21
130275.86206896552
 31
8750.0
  0
LINE
  5
5BB
330
17
100
AcDbEntity
  8
UPPER
100
AcDbLine
 10
228000.0
 20
130275.86206896552
 30
8750.0
 11
228000.0
 21
130919.54022988505
 31
8750.0
  0
LINE
  5
5BC
330
17
100
AcDbEntity
  8
UPPER
100
AcDbLine
 10
228000.0
 20
130919.54022988505
 30
8750.0
 11
228000.0
 21
131563.2183908046
 31
8750.0
  0
LINE
  5
5BD
330
17
100
AcDbEntity
  8
UPPER
100
AcDbLine
 10
228000.0
 20
131563.2183908046
 30
8750.0
 11
228000.0
 21
132206.89655172412
 31
8750.0
  0
LINE
  5
5BE
330
17
100
AcDbEntity
  8
UPPER
100
AcDbLine
 10
228000.0
 20
132206.89655172412
 30
8750.0
 11
228000.0
 21
132850.57471264366
 31
8750.0
  0
LINE
  5
5BF
330
17
100
AcDbEntity
  8
UPPER
100
AcDbLine
 10
228000.0
 20
132850.57471264366
 30
8750.0
 11
228000.0
 21
133494.25287356324
 31
8750.0
  0
LINE
  5
5C0
330
17
100
AcDbEntity
  8
UPPER
100
AcDbLine
 10
228000.0
 20
133494.25287356324
 30
8750.0
 11
228000.0
 21
134137.93103448275
 31
8750.0
  0
LINE
  5
5C1
330
17
100
AcDbEntity
  8
UPPER
100
AcDbLine
 10
228000.0
 20
134137.93103448275
 30
8750.0
 11
228000.0
 21
134781.6091954023
 31
8750.0
  0
LINE
  5
5C2
330
17
100
AcDbEntity
  8
UPPER
100
AcDbLine
 10
228000.0
 20
134781.6091954023
 30
8750.0
 11
228000.0
 21
135425.28735632185
 31
8750.0
  0
LINE
  5
5C3
330
17
100
AcDbEntity
  8
UPPER
100
AcDbLine
 10
228000.0
 20
135425.28735632185
 30
8750.0
 11
228000.0
 21
136068.9655172414
 31
8750.0
  0
LINE
  5
5C4
330
17
100
AcDbEntity
  8
UPPER
100
AcDbLine
 10
228000.0
 20
136068.9655172414
 30
8750.0
 11
228000.0
 21
136712.64367816094
 31
8750.0
  0
LINE
  5
5C5
330
17
100
AcDbEntity
  8
UPPER
100
AcDbLine
 10
228000.0
 20
136712.64367816094
 30
8750.0
 11
228000.0
 21
137356.32183908045
 31
8750.0
  0
LINE
  5
5C6
330
17
100
AcDbEntity
  8
UPPER
100
AcDbLine
 10
228000.0
 20
137356.32183908045
 30
8750.0
 11
228000.0
 21
138000.0
 31
8750.0
  0
LINE
  5
5C7
330
17
100
AcDbEntity
  8
UPPER
100
AcDbLine
 10
228000.0
 20
138000.0
 30
8750.0
 11
228032.8686277904
 21
138627.17077960592
 31
8750.0
  0
LINE
  5
5C8
330
17
100
AcDbEntity
  8
UPPER
100
AcDbLine
 10
228032.8686277904
 20
138627.17077960592
 30
8750.0
 11
228131.11439559716
 21
139247.47014490658
 31
8750.0
  0
LINE
  5
5C9
330
17
100
AcDbEntity
  8
UPPER
100
AcDbLine
 10
228131.11439559716
 20
139247.47014490658
 30
8750.0
 11
228293.66090222908
 21
139854.1019662497
 31
8750.0
  0
LINE
  5
5CA
330
17
100
AcDbEntity
  8
UPPER
100
AcDbLine
 10
228293.66090222908
 20
139854.1019662497
 30
8750.0
 11
228518.72725414438
 21
140440.41985845478
 31
8750.0
  0
LINE
  5
5CB
330
17
100
AcDbEntity
  8
UPPER
100
AcDbLine
 10
228518.72725414438
 20
140440.41985845478
 30
8750.0
 11
228803.84757729337
 21
141000.0
 31
8750.0
  0
LINE
  5
5CC
330
17
100
AcDbEntity
  8
UPPER
100
AcDbLine
 10
228803.84757729337
 20
141000.0
 30
8750.0
 11
229145.8980337503
 21
141526.71151375482
 31
8750.0
  0
LINE
  5
5CD
330
17
100
AcDbEntity
  8
UPPER
100
AcDbLine
 10
229145.8980337503
 20
141526.71151375482
 30
8750.0
 11
229541.13104713566
 21
142014.78363815314
 31
8750.0
  0
LINE
  5
5CE
330
17
100
AcDbEntity
  8
UPPER
100
AcDbLine
 10
229541.13104713566
 20
142014.78363815314
 30
8750.0
 11
229985.21636184686
 21
142458.86895286434
 31
8750.0
  0
LINE
  5
5CF
330
17
100
AcDbEntity
  8
UPPER
100
AcDbLine
 10
229985.21636184686
 20
142458.86895286434
 30
8750.0
 11
230473.28848624518
 21
142854.1019662497
 31
8750.0
  0
LINE
  5
5D0
330
17
100
AcDbEntity
  8
UPPER
100
AcDbLine
 10
230473.28848624518
 20
142854.1019662497
 30
8750.0
 11
231000.0
 21
143196.15242270663
 31
8750.0
  0
LINE
  5
5D1
330
17
100
AcDbEntity
  8
UPPER
100
AcDbLine
 10
231000.0
 20
143196.15242270663
 30
8750.0
 11
231559.58014154522
 21
143481.27274585562
 31
8750.0
  0
LINE
  5
5D2
330
17
100
AcDbEntity
  8
UPPER
100
AcDbLine
 10
231559.58014154522
 20
143481.27274585562
 30
8750.0
 11
232145.8980337503
 21
143706.33909777092
 31
8750.0
  0
LINE
  5
5D3
330
17
100
AcDbEntity
  8
UPPER
100
AcDbLine
 10
232145.8980337503
 20
143706.33909777092
 30
8750.0
 11
232752.52985509342
 21
143868.88560440284
 31
8750.0
  0
LINE
  5
5D4
330
17
100
AcDbEntity
  8
UPPER
100
AcDbLine
 10
232752.52985509342
 20
143868.88560440284
 30
8750.0
 11
233372.82922039408
 21
143967.1313722096
 31
8750.0
  0
LINE
  5
5D5
330
17
100
AcDbEntity
  8
UPPER
100
AcDbLine
 10
233372.82922039408
 20
143967.1313722096
 30
8750.0
 11
234000.0
 21
144000.0
 31
8750.0
  0
LINE
  5
5D6
330
17
100
AcDbEntity
  8
UPPER
100
AcDbLine
 10
234000.0
 20
144000.0
 30
8750.0
 11
234649.57264957263
 21
144000.0
 31
8749.08479763838
  0
LINE
  5
5D7
330
17
100
AcDbEntity
  8
UPPER
100
AcDbLine
 10
234649.57264957263
 20
144000.0
 30
8749.08479763838
 11
235299.14529914528
 21
144000.0
 31
8746.360169404219
  0
LINE
  5
5D8
330
17
100
AcDbEntity
  8
UPPER
100
AcDbLine
 10
235299.14529914528
 20
144000.0
 30
8746.360169404219
 11
235948.71794871797
 21
144000.0
 31
8741.857583573561
  0
LINE
  5
5D9
330
17
100
AcDbEntity
  8
UPPER
100
AcDbLine
 10
235948.71794871797
 20
144000.0
 30
8741.857583573561
 11
236598.2905982906
 21
144000.0
 31
8735.608508422447
  0
LINE
  5
5DA
330
17
100
AcDbEntity
  8
UPPER
100
AcDbLine
 10
236598.2905982906
 20
144000.0
 30
8735.608508422447
 11
237247.86324786325
 21
144000.0
 31
8727.644412226924
  0
LINE
  5
5DB
330
17
100
AcDbEntity
  8
UPPER
100
AcDbLine
 10
237247.86324786325
 20
144000.0
 30
8727.644412226924
 11
237897.4358974359
 21
144000.0
 31
8717.996763263036
  0
LINE
  5
5DC
330
17
100
AcDbEntity
  8
UPPER
100
AcDbLine
 10
237897.4358974359
 20
144000.0
 30
8717.996763263036
 11
238547.00854700853
 21
144000.0
 31
8706.697029806826
  0
LINE
  5
5DD
330
17
100
AcDbEntity
  8
UPPER
100
AcDbLine
 10
238547.00854700853
 20
144000.0
 30
8706.697029806826
 11
239196.58119658122
 21
144000.0
 31
8693.77668013434
  0
LINE
  5
5DE
330
17
100
AcDbEntity
  8
UPPER
100
AcDbLine
 10
239196.58119658122
 20
144000.0
 30
8693.77668013434
 11
239846.15384615384
 21
144000.0
 31
8679.26718252162
  0
LINE
  5
5DF
330
17
100
AcDbEntity
  8
UPPER
100
AcDbLine
 10
239846.15384615384
 20
144000.0
 30
8679.26718252162
 11
240495.7264957265
 21
144000.0
 31
8663.200005244713
  0
LINE
  5
5E0
330
17
100
AcDbEntity
  8
UPPER
100
AcDbLine
 10
240495.7264957265
 20
144000.0
 30
8663.200005244713
 11
241145.29914529913
 21
144000.0
 31
8645.60661657966
  0
LINE
  5
5E1
330
17
100
AcDbEntity
  8
UPPER
100
AcDbLine
 10
241145.29914529913
 20
144000.0
 30
8645.60661657966
 11
241794.87179487178
 21
144000.0
 31
8626.518484802507
  0
LINE
  5
5E2
330
17
100
AcDbEntity
  8
UPPER
100
AcDbLine
 10
241794.87179487178
 20
144000.0
 30
8626.518484802507
 11
242444.44444444447
 21
144000.0
 31
8605.9670781893
  0
LINE
  5
5E3
330
17
100
AcDbEntity
  8
UPPER
100
AcDbLine
 10
242444.44444444447
 20
144000.0
 30
8605.9670781893
 11
243094.0170940171
 21
144000.0
 31
8583.98386501608
  0
LINE
  5
5E4
330
17
100
AcDbEntity
  8
UPPER
100
AcDbLine
 10
243094.0170940171
 20
144000.0
 30
8583.98386501608
 11
243743.58974358975
 21
144000.0
 31
8560.600313558894
  0
LINE
  5
5E5
330
17
100
AcDbEntity
  8
UPPER
100
AcDbLine
 10
243743.58974358975
 20
144000.0
 30
8560.600313558894
 11
244393.16239316238
 21
144000.0
 31
8535.847892093783
  0
LINE
  5
5E6
330
17
100
AcDbEntity
  8
UPPER
100
AcDbLine
 10
244393.16239316238
 20
144000.0
 30
8535.847892093783
 11
245042.73504273503
 21
144000.0
 31
8509.758068896794
  0
LINE
  5
5E7
330
17
100
AcDbEntity
  8
UPPER
100
AcDbLine
 10
245042.73504273503
 20
144000.0
 30
8509.758068896794
 11
245692.3076923077
 21
144000.0
 31
8482.36231224397
  0
LINE
  5
5E8
330
17
100
AcDbEntity
  8
UPPER
100
AcDbLine
 10
245692.3076923077
 20
144000.0
 30
8482.36231224397
 11
246341.88034188034
 21
144000.0
 31
8453.692090411354
  0
LINE
  5
5E9
330
17
100
AcDbEntity
  8
UPPER
100
AcDbLine
 10
246341.88034188034
 20
144000.0
 30
8453.692090411354
 11
246991.452991453
 21
144000.0
 31
8423.778871674993
  0
LINE
  5
5EA
330
17
100
AcDbEntity
  8
UPPER
100
AcDbLine
 10
246991.452991453
 20
144000.0
 30
8423.778871674993
 11
247641.02564102563
 21
144000.0
 31
8392.65412431093
  0
LINE
  5
5EB
330
17
100
AcDbEntity
  8
UPPER
100
AcDbLine
 10
247641.02564102563
 20
144000.0
 30
8392.65412431093
 11
248290.5982905983
 21
144000.0
 31
8360.349316595208
  0
LINE
  5
5EC
330
17
100
AcDbEntity
  8
UPPER
100
AcDbLine
 10
248290.5982905983
 20
144000.0
 30
8360.349316595208
 11
248940.17094017097
 21
144000.0
 31
8326.895916803873
  0
LINE
  5
5ED
330
17
100
AcDbEntity
  8
UPPER
100
AcDbLine
 10
248940.17094017097
 20
144000.0
 30
8326.895916803873
 11
249589.7435897436
 21
144000.0
 31
8292.325393212968
  0
LINE
  5
5EE
330
17
100
AcDbEntity
  8
UPPER
100
AcDbLine
 10
249589.7435897436
 20
144000.0
 30
8292.325393212968
 11
250239.31623931622
 21
144000.0
 31
8256.669214098536
  0
LINE
  5
5EF
330
17
100
AcDbEntity
  8
UPPER
100
AcDbLine
 10
250239.31623931622
 20
144000.0
 30
8256.669214098536
 11
250888.88888888888
 21
144000.0
 31
8219.958847736625
  0
LINE
  5
5F0
330
17
100
AcDbEntity
  8
UPPER
100
AcDbLine
 10
250888.88888888888
 20
144000.0
 30
8219.958847736625
 11
251538.46153846156
 21
144000.0
 31
8182.225762403277
  0
LINE
  5
5F1
330
17
100
AcDbEntity
  8
UPPER
100
AcDbLine
 10
251538.46153846156
 20
144000.0
 30
8182.225762403277
 11
252188.0341880342
 21
144000.0
 31
8143.501426374536
  0
LINE
  5
5F2
330
17
100
AcDbEntity
  8
UPPER
100
AcDbLine
 10
252188.0341880342
 20
144000.0
 30
8143.501426374536
 11
252837.60683760684
 21
144000.0
 31
8103.817307926446
  0
LINE
  5
5F3
330
17
100
AcDbEntity
  8
UPPER
100
AcDbLine
 10
252837.60683760684
 20
144000.0
 30
8103.817307926446
 11
253487.1794871795
 21
144000.0
 31
8063.204875335053
  0
LINE
  5
5F4
330
17
100
AcDbEntity
  8
UPPER
100
AcDbLine
 10
253487.1794871795
 20
144000.0
 30
8063.204875335053
 11
254136.75213675213
 21
144000.0
 31
8021.695596876399
  0
LINE
  5
5F5
330
17
100
AcDbEntity
  8
UPPER
100
AcDbLine
 10
254136.75213675213
 20
144000.0
 30
8021.695596876399
 11
254786.32478632478
 21
144000.0
 31
7979.320940826529
  0
LINE
  5
5F6
330
17
100
AcDbEntity
  8
UPPER
100
AcDbLine
 10
254786.32478632478
 20
144000.0
 30
7979.320940826529
 11
255435.89743589744
 21
144000.0
 31
7936.112375461488
  0
LINE
  5
5F7
330
17
100
AcDbEntity
  8
UPPER
100
AcDbLine
 10
255435.89743589744
 20
144000.0
 30
7936.112375461488
 11
256085.4700854701
 21
144000.0
 31
7892.101369057319
  0
LINE
  5
5F8
330
17
100
AcDbEntity
  8
UPPER
100
AcDbLine
 10
256085.4700854701
 20
144000.0
 30
7892.101369057319
 11
256735.04273504272
 21
144000.0
 31
7847.319389890067
  0
LINE
  5
5F9
330
17
100
AcDbEntity
  8
UPPER
100
AcDbLine
 10
256735.04273504272
 20
144000.0
 30
7847.319389890067
 11
257384.61538461535
 21
144000.0
 31
7801.797906235776
  0
LINE
  5
5FA
330
17
100
AcDbEntity
  8
UPPER
100
AcDbLine
 10
257384.61538461535
 20
144000.0
 30
7801.797906235776
 11
258034.18803418806
 21
144000.0
 31
7755.568386370491
  0
LINE
  5
5FB
330
17
100
AcDbEntity
  8
UPPER
100
AcDbLine
 10
258034.18803418806
 20
144000.0
 30
7755.568386370491
 11
258683.7606837607
 21
144000.0
 31
7708.662298570253
  0
LINE
  5
5FC
330
17
100
AcDbEntity
  8
UPPER
100
AcDbLine
 10
258683.7606837607
 20
144000.0
 30
7708.662298570253
 11
259333.3333333333
 21
144000.0
 31
7661.111111111111
  0
LINE
  5
5FD
330
17
100
AcDbEntity
  8
UPPER
100
AcDbLine
 10
259333.3333333333
 20
144000.0
 30
7661.111111111111
 11
259982.905982906
 21
144000.0
 31
7612.9462922691055
  0
LINE
  5
5FE
330
17
100
AcDbEntity
  8
UPPER
100
AcDbLine
 10
259982.905982906
 20
144000.0
 30
7612.9462922691055
 11
260632.47863247863
 21
144000.0
 31
7564.199310320284
  0
LINE
  5
5FF
330
17
100
AcDbEntity
  8
UPPER
100
AcDbLine
 10
260632.47863247863
 20
144000.0
 30
7564.199310320284
 11
261282.05128205128
 21
144000.0
 31
7514.901633540687
  0
LINE
  5
600
330
17
100
AcDbEntity
  8
UPPER
100
AcDbLine
 10
261282.05128205128
 20
144000.0
 30
7514.901633540687
 11
261931.6239316239
 21
144000.0
 31
7465.08473020636
  0
LINE
  5
601
330
17
100
AcDbEntity
  8
UPPER
100
AcDbLine
 10
261931.6239316239
 20
144000.0
 30
7465.08473020636
 11
262581.1965811966
 21
144000.0
 31
7414.78006859335
  0
LINE
  5
602
330
17
100
AcDbEntity
  8
UPPER
100
AcDbLine
 10
262581.1965811966
 20
144000.0
 30
7414.78006859335
 11
263230.76923076925
 21
144000.0
 31
7364.019116977696
  0
LINE
  5
603
330
17
100
AcDbEntity
  8
UPPER
100
AcDbLine
 10
263230.76923076925
 20
144000.0
 30
7364.019116977696
 11
263880.34188034193
 21
144000.0
 31
7312.833343635448
  0
LINE
  5
604
330
17
100
AcDbEntity
  8
UPPER
100
AcDbLine
 10
263880.34188034193
 20
144000.0
 30
7312.833343635448
 11
264529.91452991456
 21
144000.0
 31
7261.254216842645
  0
LINE
  5
605
330
17
100
AcDbEntity
  8
UPPER
100
AcDbLine
 10
264529.91452991456
 20
144000.0
 30
7261.254216842645
 11
265179.4871794872
 21
144000.0
 31
7209.313204875335
  0
LINE
  5
606
330
17
100
AcDbEntity
  8
UPPER
100
AcDbLine
 10
265179.4871794872
 20
144000.0
 30
7209.313204875335
 11
265829.0598290598
 21
144000.0
 31
7157.04177600956
  0
LINE
  5
607
330
17
100
AcDbEntity
  8
UPPER
100
AcDbLine
 10
265829.0598290598
 20
144000.0
 30
7157.04177600956
 11
266478.63247863244
 21
144000.0
 31
7104.471398521366
  0
LINE
  5
608
330
17
100
AcDbEntity
  8
UPPER
100
AcDbLine
 10
266478.63247863244
 20
144000.0
 30
7104.471398521366
 11
267128.2051282051
 21
144000.0
 31
7051.633540686795
  0
LINE
  5
609
330
17
100
AcDbEntity
  8
UPPER
100
AcDbLine
 10
267128.2051282051
 20
144000.0
 30
7051.633540686795
 11
267777.77777777775
 21
144000.0
 31
6998.559670781892
  0
LINE
  5
60A
330
17
100
AcDbEntity
  8
UPPER
100
AcDbLine
 10
267777.77777777775
 20
144000.0
 30
6998.559670781892
 11
268427.35042735044
 21
144000.0
 31
6945.281257082703
  0
LINE
  5
60B
330
17
100
AcDbEntity
  8
UPPER
100
AcDbLine
 10
268427.35042735044
 20
144000.0
 30
6945.281257082703
 11
269076.9230769231
 21
144000.0
 31
6891.829767865271
  0
LINE
  5
60C
330
17
100
AcDbEntity
  8
UPPER
100
AcDbLine
 10
269076.9230769231
 20
144000.0
 30
6891.829767865271
 11
269726.49572649575
 21
144000.0
 31
6838.236671405639
  0
LINE
  5
60D
330
17
100
AcDbEntity
  8
UPPER
100
AcDbLine
 10
269726.49572649575
 20
144000.0
 30
6838.236671405639
 11
270376.0683760684
 21
144000.0
 31
6784.533435979853
  0
LINE
  5
60E
330
17
100
AcDbEntity
  8
UPPER
100
AcDbLine
 10
270376.0683760684
 20
144000.0
 30
6784.533435979853
 11
271025.641025641
 21
144000.0
 31
6730.751529863956
  0
LINE
  5
60F
330
17
100
AcDbEntity
  8
UPPER
100
AcDbLine
 10
271025.641025641
 20
144000.0
 30
6730.751529863956
 11
271675.2136752137
 21
144000.0
 31
6676.922421333993
  0
LINE
  5
610
330
17
100
AcDbEntity
  8
UPPER
100
AcDbLine
 10
271675.2136752137
 20
144000.0
 30
6676.922421333993
 11
272324.7863247863
 21
144000.0
 31
6623.077578666008
  0
LINE
  5
611
330
17
100
AcDbEntity
  8
MIDDLE
100
AcDbLine
 10
272324.7863247863
 20
144000.0
 30
6623.077578666008
 11
272974.358974359
 21
144000.0
 31
6569.2484701360445
  0
LINE
  5
612
330
17
100
AcDbEntity
  8
MIDDLE
100
AcDbLine
 10
272974.358974359
 20
144000.0
 30
6569.2484701360445
 11
273623.9316239316
 21
144000.0
 31
6515.4665640201465
  0
LINE
  5
613
330
17
100
AcDbEntity
  8
MIDDLE
100
AcDbLine
 10
273623.9316239316
 20
144000.0
 30
6515.4665640201465
 11
274273.50427350425
 21
144000.0
 31
6461.76332859436
  0
LINE
  5
614
330
17
100
AcDbEntity
  8
MIDDLE
100
AcDbLine
 10
274273.50427350425
 20
144000.0
 30
6461.76332859436
 11
274923.0769230769
 21
144000.0
 31
6408.170232134729
  0
LINE
  5
615
330
17
100
AcDbEntity
  8
MIDDLE
100
AcDbLine
 10
274923.0769230769
 20
144000.0
 30
6408.170232134729
 11
275572.64957264956
 21
144000.0
 31
6354.7187429172955
  0
LINE
  5
616
330
17
100
AcDbEntity
  8
MIDDLE
100
AcDbLine
 10
275572.64957264956
 20
144000.0
 30
6354.7187429172955
 11
276222.22222222225
 21
144000.0
 31
6301.440329218107
  0
LINE
  5
617
330
17
100
AcDbEntity
  8
MIDDLE
100
AcDbLine
 10
276222.22222222225
 20
144000.0
 30
6301.440329218107
 11
276871.7948717949
 21
144000.0
 31
6248.366459313205
  0
LINE
  5
618
330
17
100
AcDbEntity
  8
MIDDLE
100
AcDbLine
 10
276871.7948717949
 20
144000.0
 30
6248.366459313205
 11
277521.36752136756
 21
144000.0
 31
6195.528601478635
  0
LINE
  5
619
330
17
100
AcDbEntity
  8
MIDDLE
100
AcDbLine
 10
277521.36752136756
 20
144000.0
 30
6195.528601478635
 11
278170.9401709402
 21
144000.0
 31
6142.9582239904385
  0
LINE
  5
61A
330
17
100
AcDbEntity
  8
MIDDLE
100
AcDbLine
 10
278170.9401709402
 20
144000.0
 30
6142.9582239904385
 11
278820.5128205128
 21
144000.0
 31
6090.686795124665
  0
LINE
  5
61B
330
17
100
AcDbEntity
  8
MIDDLE
100
AcDbLine
 10
278820.5128205128
 20
144000.0
 30
6090.686795124665
 11
279470.08547008544
 21
144000.0
 31
6038.745783157355
  0
LINE
  5
61C
330
17
100
AcDbEntity
  8
MIDDLE
100
AcDbLine
 10
279470.08547008544
 20
144000.0
 30
6038.745783157355
 11
280119.65811965807
 21
144000.0
 31
5987.166656364552
  0
LINE
  5
61D
330
17
100
AcDbEntity
  8
MIDDLE
100
AcDbLine
 10
280119.65811965807
 20
144000.0
 30
5987.166656364552
 11
280769.23076923075
 21
144000.0
 31
5935.980883022303
  0
LINE
  5
61E
330
17
100
AcDbEntity
  8
MIDDLE
100
AcDbLine
 10
280769.23076923075
 20
144000.0
 30
5935.980883022303
 11
281418.8034188034
 21
144000.0
 31
5885.219931406651
  0
LINE
  5
61F
330
17
100
AcDbEntity
  8
MIDDLE
100
AcDbLine
 10
281418.8034188034
 20
144000.0
 30
5885.219931406651
 11
282068.3760683761
 21
144000.0
 31
5834.915269793639
  0
LINE
  5
620
330
17
100
AcDbEntity
  8
MIDDLE
100
AcDbLine
 10
282068.3760683761
 20
144000.0
 30
5834.915269793639
 11
282717.94871794875
 21
144000.0
 31
5785.098366459312
  0
LINE
  5
621
330
17
100
AcDbEntity
  8
MIDDLE
100
AcDbLine
 10
282717.94871794875
 20
144000.0
 30
5785.098366459312
 11
283367.5213675214
 21
144000.0
 31
5735.800689679716
  0
LINE
  5
622
330
17
100
AcDbEntity
  8
MIDDLE
100
AcDbLine
 10
283367.5213675214
 20
144000.0
 30
5735.800689679716
 11
284017.094017094
 21
144000.0
 31
5687.053707730894
  0
LINE
  5
623
330
17
100
AcDbEntity
  8
MIDDLE
100
AcDbLine
 10
284017.094017094
 20
144000.0
 30
5687.053707730894
 11
284666.6666666666
 21
144000.0
 31
5638.88888888889
  0
LINE
  5
624
330
17
100
AcDbEntity
  8
MIDDLE
100
AcDbLine
 10
284666.6666666666
 20
144000.0
 30
5638.88888888889
 11
285316.2393162393
 21
144000.0
 31
5591.337701429746
  0
LINE
  5
625
330
17
100
AcDbEntity
  8
MIDDLE
100
AcDbLine
 10
285316.2393162393
 20
144000.0
 30
5591.337701429746
 11
285965.81196581194
 21
144000.0
 31
5544.431613629509
  0
LINE
  5
626
330
17
100
AcDbEntity
  8
MIDDLE
100
AcDbLine
 10
285965.81196581194
 20
144000.0
 30
5544.431613629509
 11
286615.3846153846
 21
144000.0
 31
5498.202093764224
  0
LINE
  5
627
330
17
100
AcDbEntity
  8
MIDDLE
100
AcDbLine
 10
286615.3846153846
 20
144000.0
 30
5498.202093764224
 11
287264.95726495725
 21
144000.0
 31
5452.680610109933
  0
LINE
  5
628
330
17
100
AcDbEntity
  8
MIDDLE
100
AcDbLine
 10
287264.95726495725
 20
144000.0
 30
5452.680610109933
 11
287914.52991452994
 21
144000.0
 31
5407.898630942681
  0
LINE
  5
629
330
17
100
AcDbEntity
  8
MIDDLE
100
AcDbLine
 10
287914.52991452994
 20
144000.0
 30
5407.898630942681
 11
288564.10256410256
 21
144000.0
 31
5363.887624538512
  0
LINE
  5
62A
330
17
100
AcDbEntity
  8
MIDDLE
100
AcDbLine
 10
288564.10256410256
 20
144000.0
 30
5363.887624538512
 11
289213.6752136752
 21
144000.0
 31
5320.679059173471
  0
LINE
  5
62B
330
17
100
AcDbEntity
  8
MIDDLE
100
AcDbLine
 10
289213.6752136752
 20
144000.0
 30
5320.679059173471
 11
289863.2478632479
 21
144000.0
 31
5278.3044031236
  0
LINE
  5
62C
330
17
100
AcDbEntity
  8
MIDDLE
100
AcDbLine
 10
289863.2478632479
 20
144000.0
 30
5278.3044031236
 11
290512.8205128205
 21
144000.0
 31
5236.795124664946
  0
LINE
  5
62D
330
17
100
AcDbEntity
  8
MIDDLE
100
AcDbLine
 10
290512.8205128205
 20
144000.0
 30
5236.795124664946
 11
291162.3931623932
 21
144000.0
 31
5196.182692073554
  0
LINE
  5
62E
330
17
100
AcDbEntity
  8
MIDDLE
100
AcDbLine
 10
291162.3931623932
 20
144000.0
 30
5196.182692073554
 11
291811.9658119658
 21
144000.0
 31
5156.498573625464
  0
LINE
  5
62F
330
17
100
AcDbEntity
  8
MIDDLE
100
AcDbLine
 10
291811.9658119658
 20
144000.0
 30
5156.498573625464
 11
292461.53846153844
 21
144000.0
 31
5117.774237596724
  0
LINE
  5
630
330
17
100
AcDbEntity
  8
MIDDLE
100
AcDbLine
 10
292461.53846153844
 20
144000.0
 30
5117.774237596724
 11
293111.11111111107
 21
144000.0
 31
5080.041152263375
  0
LINE
  5
631
330
17
100
AcDbEntity
  8
MIDDLE
100
AcDbLine
 10
293111.11111111107
 20
144000.0
 30
5080.041152263375
 11
293760.68376068375
 21
144000.0
 31
5043.330785901463
  0
LINE
  5
632
330
17
100
AcDbEntity
  8
MIDDLE
100
AcDbLine
 10
293760.68376068375
 20
144000.0
 30
5043.330785901463
 11
294410.25641025644
 21
144000.0
 31
5007.674606787033
  0
LINE
  5
633
330
17
100
AcDbEntity
  8
MIDDLE
100
AcDbLine
 10
294410.25641025644
 20
144000.0
 30
5007.674606787033
 11
295059.8290598291
 21
144000.0
 31
4973.104083196127
  0
LINE
  5
634
330
17
100
AcDbEntity
  8
MIDDLE
100
AcDbLine
 10
295059.8290598291
 20
144000.0
 30
4973.104083196127
 11
295709.40170940175
 21
144000.0
 31
4939.650683404792
  0
LINE
  5
635
330
17
100
AcDbEntity
  8
MIDDLE
100
AcDbLine
 10
295709.40170940175
 20
144000.0
 30
4939.650683404792
 11
296358.9743589744
 21
144000.0
 31
4907.34587568907
  0
LINE
  5
636
330
17
100
AcDbEntity
  8
MIDDLE
100
AcDbLine
 10
296358.9743589744
 20
144000.0
 30
4907.34587568907
 11
297008.547008547
 21
144000.0
 31
4876.221128325007
  0
LINE
  5
637
330
17
100
AcDbEntity
  8
MIDDLE
100
AcDbLine
 10
297008.547008547
 20
144000.0
 30
4876.221128325007
 11
297658.1196581196
 21
144000.0
 31
4846.307909588646
  0
LINE
  5
638
330
17
100
AcDbEntity
  8
MIDDLE
100
AcDbLine
 10
297658.1196581196
 20
144000.0
 30
4846.307909588646
 11
298307.6923076923
 21
144000.0
 31
4817.6376877560315
  0
LINE
  5
639
330
17
100
AcDbEntity
  8
MIDDLE
100
AcDbLine
 10
298307.6923076923
 20
144000.0
 30
4817.6376877560315
 11
298957.26495726494
 21
144000.0
 31
4790.241931103206
  0
LINE
  5
63A
330
17
100
AcDbEntity
  8
MIDDLE
100
AcDbLine
 10
298957.26495726494
 20
144000.0
 30
4790.241931103206
 11
299606.8376068376
 21
144000.0
 31
4764.152107906217
  0
LINE
  5
63B
330
17
100
AcDbEntity
  8
MIDDLE
100
AcDbLine
 10
299606.8376068376
 20
144000.0
 30
4764.152107906217
 11
300256.41025641025
 21
144000.0
 31
4739.3996864411065
  0
LINE
  5
63C
330
17
100
AcDbEntity
  8
MIDDLE
100
AcDbLine
 10
300256.41025641025
 20
144000.0
 30
4739.3996864411065
 11
300905.98290598294
 21
144000.0
 31
4716.01613498392
  0
LINE
  5
63D
330
17
100
AcDbEntity
  8
MIDDLE
100
AcDbLine
 10
300905.98290598294
 20
144000.0
 30
4716.01613498392
 11
301555.55555555556
 21
144000.0
 31
4694.0329218107
  0
LINE
  5
63E
330
17
100
AcDbEntity
  8
MIDDLE
100
AcDbLine
 10
301555.55555555556
 20
144000.0
 30
4694.0329218107
 11
302205.1282051282
 21
144000.0
 31
4673.481515197492
  0
LINE
  5
63F
330
17
100
AcDbEntity
  8
MIDDLE
100
AcDbLine
 10
302205.1282051282
 20
144000.0
 30
4673.481515197492
 11
302854.7008547009
 21
144000.0
 31
4654.39338342034
  0
LINE
  5
640
330
17
100
AcDbEntity
  8
MIDDLE
100
AcDbLine
 10
302854.7008547009
 20
144000.0
 30
4654.39338342034
 11
303504.2735042735
 21
144000.0
 31
4636.799994755288
  0
LINE
  5
641
330
17
100
AcDbEntity
  8
MIDDLE
100
AcDbLine
 10
303504.2735042735
 20
144000.0
 30
4636.799994755288
 11
304153.8461538462
 21
144000.0
 31
4620.73281747838
  0
LINE
  5
642
330
17
100
AcDbEntity
  8
MIDDLE
100
AcDbLine
 10
304153.8461538462
 20
144000.0
 30
4620.73281747838
 11
304803.4188034188
 21
144000.0
 31
4606.22331986566
  0
LINE
  5
643
330
17
100
AcDbEntity
  8
MIDDLE
100
AcDbLine
 10
304803.4188034188
 20
144000.0
 30
4606.22331986566
 11
305452.99145299144
 21
144000.0
 31
4593.302970193175
  0
LINE
  5
644
330
17
100
AcDbEntity
  8
MIDDLE
100
AcDbLine
 10
305452.99145299144
 20
144000.0
 30
4593.302970193175
 11
306102.56410256407
 21
144000.0
 31
4582.003236736965
  0
LINE
  5
645
330
17
100
AcDbEntity
  8
MIDDLE
100
AcDbLine
 10
306102.56410256407
 20
144000.0
 30
4582.003236736965
 11
306752.13675213675
 21
144000.0
 31
4572.355587773076
  0
LINE
  5
646
330
17
100
AcDbEntity
  8
MIDDLE
100
AcDbLine
 10
306752.13675213675
 20
144000.0
 30
4572.355587773076
 11
307401.70940170944
 21
144000.0
 31
4564.391491577553
  0
LINE
  5
647
330
17
100
AcDbEntity
  8
MIDDLE
100
AcDbLine
 10
307401.70940170944
 20
144000.0
 30
4564.391491577553
 11
308051.28205128206
 21
144000.0
 31
4558.14241642644
  0
LINE
  5
648
330
17
100
AcDbEntity
  8
MIDDLE
100
AcDbLine
 10
308051.28205128206
 20
144000.0
 30
4558.14241642644
 11
308700.8547008547
 21
144000.0
 31
4553.63983059578
  0
LINE
  5
649
330
17
100
AcDbEntity
  8
MIDDLE
100
AcDbLine
 10
308700.8547008547
 20
144000.0
 30
4553.63983059578
 11
309350.4273504274
 21
144000.0
 31
4550.915202361619
  0
LINE
  5
64A
330
17
100
AcDbEntity
  8
MIDDLE
100
AcDbLine
 10
309350.4273504274
 20
144000.0
 30
4550.915202361619
 11
310000.0
 21
144000.0
 31
4550.0
  0
LINE
  5
64B
330
17
100
AcDbEntity
  8
MIDDLE
100
AcDbLine
 10
310000.0
 20
144000.0
 30
4550.0
 11
310627.1707796059
 21
143967.1313722096
 31
4550.0
  0
LINE
  5
64C
330
17
100
AcDbEntity
  8
MIDDLE
100
AcDbLine
 10
310627.1707796059
 20
143967.1313722096
 30
4550.0
 11
311247.47014490655
 21
143868.88560440284
 31
4550.0
  0
LINE
  5
64D
330
17
100
AcDbEntity
  8
MIDDLE
100
AcDbLine
 10
311247.47014490655
 20
143868.88560440284
 30
4550.0
 11
311854.1019662497
 21
143706.33909777092
 31
4550.0
  0
LINE
  5
64E
330
17
100
AcDbEntity
  8
MIDDLE
100
AcDbLine
 10
311854.1019662497
 20
143706.33909777092
 30
4550.0
 11
312440.4198584548
 21
143481.27274585562
 31
4550.0
  0
LINE
  5
64F
330
17
100
AcDbEntity
  8
MIDDLE
100
AcDbLine
 10
312440.4198584548
 20
143481.27274585562
 30
4550.0
 11
313000.0
 21
143196.15242270663
 31
4550.0
  0
LINE
  5
650
330
17
100
AcDbEntity
  8
MIDDLE
100
AcDbLine
 10
313000.0
 20
143196.15242270663
 30
4550.0
 11
313526.71151375485
 21
142854.1019662497
 31
4550.0
  0
LINE
  5
651
330
17
100
AcDbEntity
  8
MIDDLE
100
AcDbLine
 10
313526.71151375485
 20
142854.1019662497
 30
4550.0
 11
314014.78363815317
 21
142458.86895286434
 31
4550.0
  0
LINE
  5
652
330
17
100
AcDbEntity
  8
MIDDLE
100
AcDbLine
 10
314014.78363815317
 20
142458.86895286434
 30
4550.0
 11
314458.8689528644
 21
142014.78363815314
 31
4550.0
  0
LINE
  5
653
330
17
100
AcDbEntity
  8
MIDDLE
100
AcDbLine
 10
314458.8689528644
 20
142014.78363815314
 30
4550.0
 11
314854.1019662497
 21
141526.71151375482
 31
4550.0
  0
LINE
  5
654
330
17
100
AcDbEntity
  8
MIDDLE
100
AcDbLine
 10
314854.1019662497
 20
141526.71151375482
 30
4550.0
 11
315196.15242270665
 21
141000.0
 31
4550.0
  0
LINE
  5
655
330
17
100
AcDbEntity
  8
MIDDLE
100
AcDbLine
 10
315196.15242270665
 20
141000.0
 30
4550.0
 11
315481.2727458556
 21
140440.41985845478
 31
4550.0
  0
LINE
  5
656
330
17
100
AcDbEntity
  8
MIDDLE
100
AcDbLine
 10
315481.2727458556
 20
140440.41985845478
 30
4550.0
 11
315706.3390977709
 21
139854.1019662497
 31
4550.0
  0
LINE
  5
657
330
17
100
AcDbEntity
  8
MIDDLE
100
AcDbLine
 10
315706.3390977709
 20
139854.1019662497
 30
4550.0
 11
315868.88560440287
 21
139247.47014490658
 31
4550.0
  0
LINE
  5
658
330
17
100
AcDbEntity
  8
MIDDLE
100
AcDbLine
 10
315868.88560440287
 20
139247.47014490658
 30
4550.0
 11
315967.13137220964
 21
138627.17077960592
 31
4550.0
  0
LINE
  5
659
330
17
100
AcDbEntity
  8
MIDDLE
100
AcDbLine
 10
315967.13137220964
 20
138627.17077960592
 30
4550.0
 11
316000.0
 21
138000.0
 31
4550.0
  0
LINE
  5
65A
330
17
100
AcDbEntity
  8
MIDDLE
100
AcDbLine
 10
316000.0
 20
138000.0
 30
4550.0
 11
316000.0
 21
137351.35135135136
 31
4549.633174737923
  0
LINE
  5
65B
330
17
100
AcDbEntity
  8
MIDDLE
100
AcDbLine
 10
316000.0
 20
137351.35135135136
 30
4549.633174737923
 11
316000.0
 21
136702.70270270272
 31
4548.53800564626
  0
LINE
  5
65C
330
17
100
AcDbEntity
  8
MIDDLE
100
AcDbLine
 10
316000.0
 20
136702.70270270272
 30
4548.53800564626
 11
316000.0
 21
136054.05405405405
 31
4546.722452766865
  0
LINE
  5
65D
330
17
100
AcDbEntity
  8
MIDDLE
100
AcDbLine
 10
316000.0
 20
136054.05405405405
 30
4546.722452766865
 11
316000.0
 21
135405.4054054054
 31
4544.19447614159
  0
LINE
  5
65E
330
17
100
AcDbEntity
  8
MIDDLE
100
AcDbLine
 10
316000.0
 20
135405.4054054054
 30
4544.19447614159
 11
316000.0
 21
134756.75675675677
 31
4540.962035812291
  0
LINE
  5
65F
330
17
100
AcDbEntity
  8
MIDDLE
100
AcDbLine
 10
316000.0
 20
134756.75675675677
 30
4540.962035812291
 11
316000.0
 21
134108.10810810814
 31
4537.033091820819
  0
LINE
  5
660
330
17
100
AcDbEntity
  8
MIDDLE
100
AcDbLine
 10
316000.0
 20
134108.10810810814
 30
4537.033091820819
 11
316000.0
 21
133459.45945945944
 31
4532.41560420903
  0
LINE
  5
661
330
17
100
AcDbEntity
  8
MIDDLE
100
AcDbLine
 10
316000.0
 20
133459.45945945944
 30
4532.41560420903
 11
316000.0
 21
132810.8108108108
 31
4527.117533018774
  0
LINE
  5
662
330
17
100
AcDbEntity
  8
MIDDLE
100
AcDbLine
 10
316000.0
 20
132810.8108108108
 30
4527.117533018774
 11
316000.0
 21
132162.16216216216
 31
4521.146838291907
  0
LINE
  5
663
330
17
100
AcDbEntity
  8
MIDDLE
100
AcDbLine
 10
316000.0
 20
132162.16216216216
 30
4521.146838291907
 11
316000.0
 21
131513.51351351352
 31
4514.511480070282
  0
LINE
  5
664
330
17
100
AcDbEntity
  8
MIDDLE
100
AcDbLine
 10
316000.0
 20
131513.51351351352
 30
4514.511480070282
 11
316000.0
 21
130864.86486486487
 31
4507.219418395751
  0
LINE
  5
665
330
17
100
AcDbEntity
  8
MIDDLE
100
AcDbLine
 10
316000.0
 20
130864.86486486487
 30
4507.219418395751
 11
316000.0
 21
130216.2162162162
 31
4499.278613310169
  0
LINE
  5
666
330
17
100
AcDbEntity
  8
MIDDLE
100
AcDbLine
 10
316000.0
 20
130216.2162162162
 30
4499.278613310169
 11
316000.0
 21
129567.56756756754
 31
4490.697024855389
  0
LINE
  5
667
330
17
100
AcDbEntity
  8
MIDDLE
100
AcDbLine
 10
316000.0
 20
129567.56756756754
 30
4490.697024855389
 11
316000.0
 21
128918.9189189189
 31
4481.482613073263
  0
LINE
  5
668
330
17
100
AcDbEntity
  8
MIDDLE
100
AcDbLine
 10
316000.0
 20
128918.9189189189
 30
4481.482613073263
 11
316000.0
 21
128270.27027027027
 31
4471.643338005646
  0
LINE
  5
669
330
17
100
AcDbEntity
  8
MIDDLE
100
AcDbLine
 10
316000.0
 20
128270.27027027027
 30
4471.643338005646
 11
316000.0
 21
127621.62162162161
 31
4461.187159694391
  0
LINE
  5
66A
330
17
100
AcDbEntity
  8
MIDDLE
100
AcDbLine
 10
316000.0
 20
127621.62162162161
 30
4461.187159694391
 11
316000.0
 21
126972.97297297297
 31
4450.122038181352
  0
LINE
  5
66B
330
17
100
AcDbEntity
  8
MIDDLE
100
AcDbLine
 10
316000.0
 20
126972.97297297297
 30
4450.122038181352
 11
316000.0
 21
126324.32432432432
 31
4438.45593350838
  0
LINE
  5
66C
330
17
100
AcDbEntity
  8
MIDDLE
100
AcDbLine
 10
316000.0
 20
126324.32432432432
 30
4438.45593350838
 11
316000.0
 21
125675.67567567568
 31
4426.196805717331
  0
LINE
  5
66D
330
17
100
AcDbEntity
  8
MIDDLE
100
AcDbLine
 10
316000.0
 20
125675.67567567568
 30
4426.196805717331
 11
316000.0
 21
125027.02702702703
 31
4413.352614850058
  0
LINE
  5
66E
330
17
100
AcDbEntity
  8
MIDDLE
100
AcDbLine
 10
316000.0
 20
125027.02702702703
 30
4413.352614850058
 11
316000.0
 21
124378.37837837837
 31
4399.9313209484135
  0
LINE
  5
66F
330
17
100
AcDbEntity
  8
MIDDLE
100
AcDbLine
 10
316000.0
 20
124378.37837837837
 30
4399.9313209484135
 11
316000.0
 21
123729.72972972972
 31
4385.940884054251
  0
LINE
  5
670
330
17
100
AcDbEntity
  8
MIDDLE
100
AcDbLine
 10
316000.0
 20
123729.72972972972
 30
4385.940884054251
 11
316000.0
 21
123081.08108108108
 31
4371.389264209425
  0
LINE
  5
671
330
17
100
AcDbEntity
  8
MIDDLE
100
AcDbLine
 10
316000.0
 20
123081.08108108108
 30
4371.389264209425
 11
316000.0
 21
122432.43243243244
 31
4356.284421455787
  0
LINE
  5
672
330
17
100
AcDbEntity
  8
MIDDLE
100
AcDbLine
 10
316000.0
 20
122432.43243243244
 30
4356.284421455787
 11
316000.0
 21
121783.78378378377
 31
4340.634315835192
  0
LINE
  5
673
330
17
100
AcDbEntity
  8
MIDDLE
100
AcDbLine
 10
316000.0
 20
121783.78378378377
 30
4340.634315835192
 11
316000.0
 21
121135.13513513513
 31
4324.446907389493
  0
LINE
  5
674
330
17
100
AcDbEntity
  8
MIDDLE
100
AcDbLine
 10
316000.0
 20
121135.13513513513
 30
4324.446907389493
 11
316000.0
 21
120486.48648648648
 31
4307.730156160544
  0
LINE
  5
675
330
17
100
AcDbEntity
  8
MIDDLE
100
AcDbLine
 10
316000.0
 20
120486.48648648648
 30
4307.730156160544
 11
316000.0
 21
119837.83783783784
 31
4290.492022190196
  0
LINE
  5
676
330
17
100
AcDbEntity
  8
MIDDLE
100
AcDbLine
 10
316000.0
 20
119837.83783783784
 30
4290.492022190196
 11
316000.0
 21
119189.18918918919
 31
4272.7404655203045
  0
LINE
  5
677
330
17
100
AcDbEntity
  8
MIDDLE
100
AcDbLine
 10
316000.0
 20
119189.18918918919
 30
4272.7404655203045
 11
316000.0
 21
118540.54054054055
 31
4254.483446192723
  0
LINE
  5
678
330
17
100
AcDbEntity
  8
MIDDLE
100
AcDbLine
 10
316000.0
 20
118540.54054054055
 30
4254.483446192723
 11
316000.0
 21
117891.8918918919
 31
4235.728924249303
  0
LINE
  5
679
330
17
100
AcDbEntity
  8
MIDDLE
100
AcDbLine
 10
316000.0
 20
117891.8918918919
 30
4235.728924249303
 11
316000.0
 21
117243.24324324324
 31
4216.484859731901
  0
LINE
  5
67A
330
17
100
AcDbEntity
  8
MIDDLE
100
AcDbLine
 10
316000.0
 20
117243.24324324324
 30
4216.484859731901
 11
316000.0
 21
116594.5945945946
 31
4196.759212682367
  0
LINE
  5
67B
330
17
100
AcDbEntity
  8
MIDDLE
100
AcDbLine
 10
316000.0
 20
116594.5945945946
 30
4196.759212682367
 11
316000.0
 21
115945.94594594593
 31
4176.559943142558
  0
LINE
  5
67C
330
17
100
AcDbEntity
  8
MIDDLE
100
AcDbLine
 10
316000.0
 20
115945.94594594593
 30
4176.559943142558
 11
316000.0
 21
115297.2972972973
 31
4155.8950111543245
  0
LINE
  5
67D
330
17
100
AcDbEntity
  8
MIDDLE
100
AcDbLine
 10
316000.0
 20
115297.2972972973
 30
4155.8950111543245
 11
316000.0
 21
114648.64864864864
 31
4134.772376759521
  0
LINE
  5
67E
330
17
100
AcDbEntity
  8
MIDDLE
100
AcDbLine
 10
316000.0
 20
114648.64864864864
 30
4134.772376759521
 11
316000.0
 21
114000.0
 31
4113.2
  0
LINE
  5
67F
330
17
100
AcDbEntity
  8
MIDDLE
100
AcDbLine
 10
316000.0
 20
114000.0
 30
4113.2
 11
316000.0
 21
113351.35135135136
 31
4091.1858409176157
  0
LINE
  5
680
330
17
100
AcDbEntity
  8
MIDDLE
100
AcDbLine
 10
316000.0
 20
113351.35135135136
 30
4091.1858409176157
 11
316000.0
 21
112702.7027027027
 31
4068.7378595542223
  0
LINE
  5
681
330
17
100
AcDbEntity
  8
MIDDLE
100
AcDbLine
 10
316000.0
 20
112702.7027027027
 30
4068.7378595542223
 11
316000.0
 21
112054.05405405405
 31
4045.864015951671
  0
LINE
  5
682
330
17
100
AcDbEntity
  8
MIDDLE
100
AcDbLine
 10
316000.0
 20
112054.05405405405
 30
4045.864015951671
 11
316000.0
 21
111405.4054054054
 31
4022.5722701518166
  0
LINE
  5
683
330
17
100
AcDbEntity
  8
MIDDLE
100
AcDbLine
 10
316000.0
 20
111405.4054054054
 30
4022.5722701518166
 11
316000.0
 21
110756.75675675676
 31
3998.870582196513
  0
LINE
  5
684
330
17
100
AcDbEntity
  8
MIDDLE
100
AcDbLine
 10
316000.0
 20
110756.75675675676
 30
3998.870582196513
 11
316000.0
 21
110108.10810810809
 31
3974.766912127613
  0
LINE
  5
685
330
17
100
AcDbEntity
  8
MIDDLE
100
AcDbLine
 10
316000.0
 20
110108.10810810809
 30
3974.766912127613
 11
316000.0
 21
109459.45945945945
 31
3950.26921998697
  0
LINE
  5
686
330
17
100
AcDbEntity
  8
MIDDLE
100
AcDbLine
 10
316000.0
 20
109459.45945945945
 30
3950.26921998697
 11
316000.0
 21
108810.81081081081
 31
3925.3854658164373
  0
LINE
  5
687
330
17
100
AcDbEntity
  8
MIDDLE
100
AcDbLine
 10
316000.0
 20
108810.81081081081
 30
3925.3854658164373
 11
316000.0
 21
108162.16216216216
 31
3900.1236096578677
  0
LINE
  5
688
330
17
100
AcDbEntity
  8
MIDDLE
100
AcDbLine
 10
316000.0
 20
108162.16216216216
 30
3900.1236096578677
 11
316000.0
 21
107513.51351351352
 31
3874.491611553116
  0
LINE
  5
689
330
17
100
AcDbEntity
  8
MIDDLE
100
AcDbLine
 10
316000.0
 20
107513.51351351352
 30
3874.491611553116
 11
316000.0
 21
106864.86486486487
 31
3848.4974315440345
  0
LINE
  5
68A
330
17
100
AcDbEntity
  8
MIDDLE
100
AcDbLine
 10
316000.0
 20
106864.86486486487
 30
3848.4974315440345
 11
316000.0
 21
106216.21621621621
 31
3822.149029672477
  0
LINE
  5
68B
330
17
100
AcDbEntity
  8
MIDDLE
100
AcDbLine
 10
316000.0
 20
106216.21621621621
 30
3822.149029672477
 11
316000.0
 21
105567.56756756756
 31
3795.454365980297
  0
LINE
  5
68C
330
17
100
AcDbEntity
  8
MIDDLE
100
AcDbLine
 10
316000.0
 20
105567.56756756756
 30
3795.454365980297
 11
316000.0
 21
104918.91891891892
 31
3768.4214005093477
  0
LINE
  5
68D
330
17
100
AcDbEntity
  8
MIDDLE
100
AcDbLine
 10
316000.0
 20
104918.91891891892
 30
3768.4214005093477
 11
316000.0
 21
104270.27027027027
 31
3741.058093301482
  0
LINE
  5
68E
330
17
100
AcDbEntity
  8
MIDDLE
100
AcDbLine
 10
316000.0
 20
104270.27027027027
 30
3741.058093301482
 11
316000.0
 21
103621.62162162161
 31
3713.3724043985544
  0
LINE
  5
68F
330
17
100
AcDbEntity
  8
MIDDLE
100
AcDbLine
 10
316000.0
 20
103621.62162162161
 30
3713.3724043985544
 11
316000.0
 21
102972.97297297297
 31
3685.372293842418
  0
LINE
  5
690
330
17
100
AcDbEntity
  8
MIDDLE
100
AcDbLine
 10
316000.0
 20
102972.97297297297
 30
3685.372293842418
 11
316000.0
 21
102324.32432432432
 31
3657.0657216749255
  0
LINE
  5
691
330
17
100
AcDbEntity
  8
MIDDLE
100
AcDbLine
 10
316000.0
 20
102324.32432432432
 30
3657.0657216749255
 11
316000.0
 21
101675.67567567568
 31
3628.4606479379304
  0
LINE
  5
692
330
17
100
AcDbEntity
  8
MIDDLE
100
AcDbLine
 10
316000.0
 20
101675.67567567568
 30
3628.4606479379304
 11
316000.0
 21
101027.02702702703
 31
3599.5650326732866
  0
LINE
  5
693
330
17
100
AcDbEntity
  8
MIDDLE
100
AcDbLine
 10
316000.0
 20
101027.02702702703
 30
3599.5650326732866
 11
316000.0
 21
100378.37837837839
 31
3570.3868359228472
  0
LINE
  5
694
330
17
100
AcDbEntity
  8
MIDDLE
100
AcDbLine
 10
316000.0
 20
100378.37837837839
 30
3570.3868359228472
 11
316000.0
 21
99729.72972972972
 31
3540.9340177284657
  0
LINE
  5
695
330
17
100
AcDbEntity
  8
MIDDLE
100
AcDbLine
 10
316000.0
 20
99729.72972972972
 30
3540.9340177284657
 11
316000.0
 21
99081.08108108108
 31
3511.2145381319956
  0
LINE
  5
696
330
17
100
AcDbEntity
  8
MIDDLE
100
AcDbLine
 10
316000.0
 20
99081.08108108108
 30
3511.2145381319956
 11
316000.0
 21
98432.43243243243
 31
3481.2363571752903
  0
LINE
  5
697
330
17
100
AcDbEntity
  8
MIDDLE
100
AcDbLine
 10
316000.0
 20
98432.43243243243
 30
3481.2363571752903
 11
316000.0
 21
97783.78378378377
 31
3451.007434900203
  0
LINE
  5
698
330
17
100
AcDbEntity
  8
MIDDLE
100
AcDbLine
 10
316000.0
 20
97783.78378378377
 30
3451.007434900203
 11
316000.0
 21
97135.13513513513
 31
3420.535731348587
  0
LINE
  5
699
330
17
100
AcDbEntity
  8
MIDDLE
100
AcDbLine
 10
316000.0
 20
97135.13513513513
 30
3420.535731348587
 11
316000.0
 21
96486.48648648648
 31
3389.829206562296
  0
LINE
  5
69A
330
17
100
AcDbEntity
  8
MIDDLE
100
AcDbLine
 10
316000.0
 20
96486.48648648648
 30
3389.829206562296
 11
316000.0
 21
95837.83783783784
 31
3358.895820583183
  0
LINE
  5
69B
330
17
100
AcDbEntity
  8
MIDDLE
100
AcDbLine
 10
316000.0
 20
95837.83783783784
 30
3358.895820583183
 11
316000.0
 21
95189.18918918919
 31
3327.743533453102
  0
LINE
  5
69C
330
17
100
AcDbEntity
  8
MIDDLE
100
AcDbLine
 10
316000.0
 20
95189.18918918919
 30
3327.743533453102
 11
316000.0
 21
94540.54054054055
 31
3296.380305213906
  0
LINE
  5
69D
330
17
100
AcDbEntity
  8
MIDDLE
100
AcDbLine
 10
316000.0
 20
94540.54054054055
 30
3296.380305213906
 11
316000.0
 21
93891.8918918919
 31
3264.8140959074485
  0
LINE
  5
69E
330
17
100
AcDbEntity
  8
MIDDLE
100
AcDbLine
 10
316000.0
 20
93891.8918918919
 30
3264.8140959074485
 11
316000.0
 21
93243.24324324324
 31
3233.0528655755825
  0
LINE
  5
69F
330
17
100
AcDbEntity
  8
MIDDLE
100
AcDbLine
 10
316000.0
 20
93243.24324324324
 30
3233.0528655755825
 11
316000.0
 21
92594.59459459459
 31
3201.104574260162
  0
LINE
  5
6A0
330
17
100
AcDbEntity
  8
MIDDLE
100
AcDbLine
 10
316000.0
 20
92594.59459459459
 30
3201.104574260162
 11
316000.0
 21
91945.94594594593
 31
3168.97718200304
  0
LINE
  5
6A1
330
17
100
AcDbEntity
  8
MIDDLE
100
AcDbLine
 10
316000.0
 20
91945.94594594593
 30
3168.97718200304
 11
316000.0
 21
91297.2972972973
 31
3136.6786488460702
  0
LINE
  5
6A2
330
17
100
AcDbEntity
  8
MIDDLE
100
AcDbLine
 10
316000.0
 20
91297.2972972973
 30
3136.6786488460702
 11
316000.0
 21
90648.64864864864
 31
3104.216934831105
  0
LINE
  5
6A3
330
17
100
AcDbEntity
  8
MIDDLE
100
AcDbLine
 10
316000.0
 20
90648.64864864864
 30
3104.216934831105
 11
316000.0
 21
90000.0
 31
3071.599999999999
  0
LINE
  5
6A4
330
17
100
AcDbEntity
  8
MIDDLE
100
AcDbLine
 10
316000.0
 20
90000.0
 30
3071.599999999999
 11
316000.0
 21
89351.35135135136
 31
3038.8358043946064
  0
LINE
  5
6A5
330
17
100
AcDbEntity
  8
MIDDLE
100
AcDbLine
 10
316000.0
 20
89351.35135135136
 30
3038.8358043946064
 11
316000.0
 21
88702.7027027027
 31
3005.932308056778
  0
LINE
  5
6A6
330
17
100
AcDbEntity
  8
MIDDLE
100
AcDbLine
 10
316000.0
 20
88702.7027027027
 30
3005.932308056778
 11
316000.0
 21
88054.05405405405
 31
2972.8974710283687
  0
LINE
  5
6A7
330
17
100
AcDbEntity
  8
MIDDLE
100
AcDbLine
 10
316000.0
 20
88054.05405405405
 30
2972.8974710283687
 11
316000.0
 21
87405.4054054054
 31
2939.739253351233
  0
LINE
  5
6A8
330
17
100
AcDbEntity
  8
MIDDLE
100
AcDbLine
 10
316000.0
 20
87405.4054054054
 30
2939.739253351233
 11
316000.0
 21
86756.75675675675
 31
2906.4656150672217
  0
LINE
  5
6A9
330
17
100
AcDbEntity
  8
MIDDLE
100
AcDbLine
 10
316000.0
 20
86756.75675675675
 30
2906.4656150672217
 11
316000.0
 21
86108.10810810809
 31
2873.08451621819
  0
LINE
  5
6AA
330
17
100
AcDbEntity
  8
MIDDLE
100
AcDbLine
 10
316000.0
 20
86108.10810810809
 30
2873.08451621819
 11
316000.0
 21
85459.45945945945
 31
2839.6039168459906
  0
LINE
  5
6AB
330
17
100
AcDbEntity
  8
MIDDLE
100
AcDbLine
 10
316000.0
 20
85459.45945945945
 30
2839.6039168459906
 11
316000.0
 21
84810.81081081081
 31
2806.0317769924773
  0
LINE
  5
6AC
330
17
100
AcDbEntity
  8
MIDDLE
100
AcDbLine
 10
316000.0
 20
84810.81081081081
 30
2806.0317769924773
 11
316000.0
 21
84162.16216216216
 31
2772.3760566995043
  0
LINE
  5
6AD
330
17
100
AcDbEntity
  8
MIDDLE
100
AcDbLine
 10
316000.0
 20
84162.16216216216
 30
2772.3760566995043
 11
316000.0
 21
83513.51351351352
 31
2738.6447160089233
  0
LINE
  5
6AE
330
17
100
AcDbEntity
  8
MIDDLE
100
AcDbLine
 10
316000.0
 20
83513.51351351352
 30
2738.6447160089233
 11
316000.0
 21
82864.86486486487
 31
2704.845714962588
  0
LINE
  5
6AF
330
17
100
AcDbEntity
  8
MIDDLE
100
AcDbLine
 10
316000.0
 20
82864.86486486487
 30
2704.845714962588
 11
316000.0
 21
82216.21621621621
 31
2670.9870136023533
  0
LINE
  5
6B0
330
17
100
AcDbEntity
  8
MIDDLE
100
AcDbLine
 10
316000.0
 20
82216.21621621621
 30
2670.9870136023533
 11
316000.0
 21
81567.56756756756
 31
2637.0765719700707
  0
LINE
  5
6B1
330
17
100
AcDbEntity
  8
MIDDLE
100
AcDbLine
 10
316000.0
 20
81567.56756756756
 30
2637.0765719700707
 11
316000.0
 21
80918.91891891892
 31
2603.1223501075942
  0
LINE
  5
6B2
330
17
100
AcDbEntity
  8
MIDDLE
100
AcDbLine
 10
316000.0
 20
80918.91891891892
 30
2603.1223501075942
 11
316000.0
 21
80270.27027027027
 31
2569.132308056778
  0
LINE
  5
6B3
330
17
100
AcDbEntity
  8
MIDDLE
100
AcDbLine
 10
316000.0
 20
80270.27027027027
 30
2569.132308056778
 11
316000.0
 21
79621.62162162161
 31
2535.1144058594746
  0
LINE
  5
6B4
330
17
100
AcDbEntity
  8
MIDDLE
100
AcDbLine
 10
316000.0
 20
79621.62162162161
 30
2535.1144058594746
 11
316000.0
 21
78972.97297297297
 31
2501.0766035575384
  0
LINE
  5
6B5
330
17
100
AcDbEntity
  8
MIDDLE
100
AcDbLine
 10
316000.0
 20
78972.97297297297
 30
2501.0766035575384
 11
316000.0
 21
78324.32432432432
 31
2467.0268611928213
  0
LINE
  5
6B6
330
17
100
AcDbEntity
  8
MIDDLE
100
AcDbLine
 10
316000.0
 20
78324.32432432432
 30
2467.0268611928213
 11
316000.0
 21
77675.67567567568
 31
2432.973138807178
  0
LINE
  5
6B7
330
17
100
AcDbEntity
  8
LOWER
100
AcDbLine
 10
316000.0
 20
77675.67567567568
 30
2432.973138807178
 11
316000.0
 21
77027.02702702703
 31
2398.923396442461
  0
LINE
  5
6B8
330
17
100
AcDbEntity
  8
LOWER
100
AcDbLine
 10
316000.0
 20
77027.02702702703
 30
2398.923396442461
 11
316000.0
 21
76378.37837837839
 31
2364.885594140525
  0
LINE
  5
6B9
330
17
100
AcDbEntity
  8
LOWER
100
AcDbLine
 10
316000.0
 20
76378.37837837839
 30
2364.885594140525
 11
316000.0
 21
75729.72972972972
 31
2330.8676919432214
  0
LINE
  5
6BA
330
17
100
AcDbEntity
  8
LOWER
100
AcDbLine
 10
316000.0
 20
75729.72972972972
 30
2330.8676919432214
 11
316000.0
 21
75081.08108108108
 31
2296.877649892405
  0
LINE
  5
6BB
330
17
100
AcDbEntity
  8
LOWER
100
AcDbLine
 10
316000.0
 20
75081.08108108108
 30
2296.877649892405
 11
316000.0
 21
74432.43243243243
 31
2262.923428029929
  0
LINE
  5
6BC
330
17
100
AcDbEntity
  8
LOWER
100
AcDbLine
 10
316000.0
 20
74432.43243243243
 30
2262.923428029929
 11
316000.0
 21
73783.78378378379
 31
2229.0129863976467
  0
LINE
  5
6BD
330
17
100
AcDbEntity
  8
LOWER
100
AcDbLine
 10
316000.0
 20
73783.78378378379
 30
2229.0129863976467
 11
316000.0
 21
73135.13513513513
 31
2195.1542850374112
  0
LINE
  5
6BE
330
17
100
AcDbEntity
  8
LOWER
100
AcDbLine
 10
316000.0
 20
73135.13513513513
 30
2195.1542850374112
 11
316000.0
 21
72486.48648648648
 31
2161.3552839910762
  0
LINE
  5
6BF
330
17
100
AcDbEntity
  8
LOWER
100
AcDbLine
 10
316000.0
 20
72486.48648648648
 30
2161.3552839910762
 11
316000.0
 21
71837.83783783784
 31
2127.6239433004953
  0
LINE
  5
6C0
330
17
100
AcDbEntity
  8
LOWER
100
AcDbLine
 10
316000.0
 20
71837.83783783784
 30
2127.6239433004953
 11
316000.0
 21
71189.18918918919
 31
2093.9682230075214
  0
LINE
  5
6C1
330
17
100
AcDbEntity
  8
LOWER
100
AcDbLine
 10
316000.0
 20
71189.18918918919
 30
2093.9682230075214
 11
316000.0
 21
70540.54054054053
 31
2060.396083154008
  0
LINE
  5
6C2
330
17
100
AcDbEntity
  8
LOWER
100
AcDbLine
 10
316000.0
 20
70540.54054054053
 30
2060.396083154008
 11
316000.0
 21
69891.89189189191
 31
2026.9154837818091
  0
LINE
  5
6C3
330
17
100
AcDbEntity
  8
LOWER
100
AcDbLine
 10
316000.0
 20
69891.89189189191
 30
2026.9154837818091
 11
316000.0
 21
69243.24324324324
 31
1993.5343849327776
  0
LINE
  5
6C4
330
17
100
AcDbEntity
  8
LOWER
100
AcDbLine
 10
316000.0
 20
69243.24324324324
 30
1993.5343849327776
 11
316000.0
 21
68594.5945945946
 31
1960.2607466487666
  0
LINE
  5
6C5
330
17
100
AcDbEntity
  8
LOWER
100
AcDbLine
 10
316000.0
 20
68594.5945945946
 30
1960.2607466487666
 11
316000.0
 21
67945.94594594593
 31
1927.1025289716301
  0
LINE
  5
6C6
330
17
100
AcDbEntity
  8
LOWER
100
AcDbLine
 10
316000.0
 20
67945.94594594593
 30
1927.1025289716301
 11
316000.0
 21
67297.29729729731
 31
1894.067691943221
  0
LINE
  5
6C7
330
17
100
AcDbEntity
  8
LOWER
100
AcDbLine
 10
316000.0
 20
67297.29729729731
 30
1894.067691943221
 11
316000.0
 21
66648.64864864864
 31
1861.1641956053927
  0
LINE
  5
6C8
330
17
100
AcDbEntity
  8
LOWER
100
AcDbLine
 10
316000.0
 20
66648.64864864864
 30
1861.1641956053927
 11
316000.0
 21
66000.0
 31
1828.3999999999999
  0
LINE
  5
6C9
330
17
100
AcDbEntity
  8
LOWER
100
AcDbLine
 10
316000.0
 20
66000.0
 30
1828.3999999999999
 11
316000.0
 21
65351.35135135135
 31
1795.783065168894
  0
LINE
  5
6CA
330
17
100
AcDbEntity
  8
LOWER
100
AcDbLine
 10
316000.0
 20
65351.35135135135
 30
1795.783065168894
 11
316000.0
 21
64702.70270270271
 31
1763.3213511539293
  0
LINE
  5
6CB
330
17
100
AcDbEntity
  8
LOWER
100
AcDbLine
 10
316000.0
 20
64702.70270270271
 30
1763.3213511539293
 11
316000.0
 21
64054.054054054046
 31
1731.0228179969592
  0
LINE
  5
6CC
330
17
100
AcDbEntity
  8
LOWER
100
AcDbLine
 10
316000.0
 20
64054.054054054046
 30
1731.0228179969592
 11
316000.0
 21
63405.40540540541
 31
1698.895425739838
  0
LINE
  5
6CD
330
17
100
AcDbEntity
  8
LOWER
100
AcDbLine
 10
316000.0
 20
63405.40540540541
 30
1698.895425739838
 11
316000.0
 21
62756.75675675676
 31
1666.9471344244168
  0
LINE
  5
6CE
330
17
100
AcDbEntity
  8
LOWER
100
AcDbLine
 10
316000.0
 20
62756.75675675676
 30
1666.9471344244168
 11
316000.0
 21
62108.108108108114
 31
1635.1859040925515
  0
LINE
  5
6CF
330
17
100
AcDbEntity
  8
LOWER
100
AcDbLine
 10
316000.0
 20
62108.108108108114
 30
1635.1859040925515
 11
316000.0
 21
61459.45945945945
 31
1603.6196947860933
  0
LINE
  5
6D0
330
17
100
AcDbEntity
  8
LOWER
100
AcDbLine
 10
316000.0
 20
61459.45945945945
 30
1603.6196947860933
 11
316000.0
 21
60810.810810810806
 31
1572.2564665468974
  0
LINE
  5
6D1
330
17
100
AcDbEntity
  8
LOWER
100
AcDbLine
 10
316000.0
 20
60810.810810810806
 30
1572.2564665468974
 11
316000.0
 21
60162.16216216216
 31
1541.104179416816
  0
LINE
  5
6D2
330
17
100
AcDbEntity
  8
LOWER
100
AcDbLine
 10
316000.0
 20
60162.16216216216
 30
1541.104179416816
 11
316000.0
 21
59513.51351351351
 31
1510.1707934377032
  0
LINE
  5
6D3
330
17
100
AcDbEntity
  8
LOWER
100
AcDbLine
 10
316000.0
 20
59513.51351351351
 30
1510.1707934377032
 11
316000.0
 21
58864.86486486486
 31
1479.4642686514119
  0
LINE
  5
6D4
330
17
100
AcDbEntity
  8
LOWER
100
AcDbLine
 10
316000.0
 20
58864.86486486486
 30
1479.4642686514119
 11
316000.0
 21
58216.21621621623
 31
1448.9925650997968
  0
LINE
  5
6D5
330
17
100
AcDbEntity
  8
LOWER
100
AcDbLine
 10
316000.0
 20
58216.21621621623
 30
1448.9925650997968
 11
316000.0
 21
57567.56756756757
 31
1418.7636428247088
  0
LINE
  5
6D6
330
17
100
AcDbEntity
  8
LOWER
100
AcDbLine
 10
316000.0
 20
57567.56756756757
 30
1418.7636428247088
 11
316000.0
 21
56918.91891891892
 31
1388.7854618680037
  0
LINE
  5
6D7
330
17
100
AcDbEntity
  8
LOWER
100
AcDbLine
 10
316000.0
 20
56918.91891891892
 30
1388.7854618680037
 11
316000.0
 21
56270.27027027026
 31
1359.0659822715331
  0
LINE
  5
6D8
330
17
100
AcDbEntity
  8
LOWER
100
AcDbLine
 10
316000.0
 20
56270.27027027026
 30
1359.0659822715331
 11
316000.0
 21
55621.62162162163
 31
1329.6131640771525
  0
LINE
  5
6D9
330
17
100
AcDbEntity
  8
LOWER
100
AcDbLine
 10
316000.0
 20
55621.62162162163
 30
1329.6131640771525
 11
316000.0
 21
54972.972972972966
 31
1300.4349673267127
  0
LINE
  5
6DA
330
17
100
AcDbEntity
  8
LOWER
100
AcDbLine
 10
316000.0
 20
54972.972972972966
 30
1300.4349673267127
 11
316000.0
 21
54324.32432432432
 31
1271.539352062069
  0
LINE
  5
6DB
330
17
100
AcDbEntity
  8
LOWER
100
AcDbLine
 10
316000.0
 20
54324.32432432432
 30
1271.539352062069
 11
316000.0
 21
53675.67567567568
 31
1242.934278325074
  0
LINE
  5
6DC
330
17
100
AcDbEntity
  8
LOWER
100
AcDbLine
 10
316000.0
 20
53675.67567567568
 30
1242.934278325074
 11
316000.0
 21
53027.027027027034
 31
1214.6277061575813
  0
LINE
  5
6DD
330
17
100
AcDbEntity
  8
LOWER
100
AcDbLine
 10
316000.0
 20
53027.027027027034
 30
1214.6277061575813
 11
316000.0
 21
52378.37837837837
 31
1186.6275956014447
  0
LINE
  5
6DE
330
17
100
AcDbEntity
  8
LOWER
100
AcDbLine
 10
316000.0
 20
52378.37837837837
 30
1186.6275956014447
 11
316000.0
 21
51729.72972972973
 31
1158.9419066985167
  0
LINE
  5
6DF
330
17
100
AcDbEntity
  8
LOWER
100
AcDbLine
 10
316000.0
 20
51729.72972972973
 30
1158.9419066985167
 11
316000.0
 21
51081.08108108108
 31
1131.5785994906519
  0
LINE
  5
6E0
330
17
100
AcDbEntity
  8
LOWER
100
AcDbLine
 10
316000.0
 20
51081.08108108108
 30
1131.5785994906519
 11
316000.0
 21
50432.43243243243
 31
1104.5456340197024
  0
LINE
  5
6E1
330
17
100
AcDbEntity
  8
LOWER
100
AcDbLine
 10
316000.0
 20
50432.43243243243
 30
1104.5456340197024
 11
316000.0
 21
49783.78378378377
 31
1077.8509703275224
  0
LINE
  5
6E2
330
17
100
AcDbEntity
  8
LOWER
100
AcDbLine
 10
316000.0
 20
49783.78378378377
 30
1077.8509703275224
 11
316000.0
 21
49135.13513513513
 31
1051.5025684559646
  0
LINE
  5
6E3
330
17
100
AcDbEntity
  8
LOWER
100
AcDbLine
 10
316000.0
 20
49135.13513513513
 30
1051.5025684559646
 11
316000.0
 21
48486.48648648649
 31
1025.5083884468834
  0
LINE
  5
6E4
330
17
100
AcDbEntity
  8
LOWER
100
AcDbLine
 10
316000.0
 20
48486.48648648649
 30
1025.5083884468834
 11
316000.0
 21
47837.83783783784
 31
999.8763903421315
  0
LINE
  5
6E5
330
17
100
AcDbEntity
  8
LOWER
100
AcDbLine
 10
316000.0
 20
47837.83783783784
 30
999.8763903421315
 11
316000.0
 21
47189.18918918918
 31
974.6145341835626
  0
LINE
  5
6E6
330
17
100
AcDbEntity
  8
LOWER
100
AcDbLine
 10
316000.0
 20
47189.18918918918
 30
974.6145341835626
 11
316000.0
 21
46540.54054054055
 31
949.7307800130295
  0
LINE
  5
6E7
330
17
100
AcDbEntity
  8
LOWER
100
AcDbLine
 10
316000.0
 20
46540.54054054055
 30
949.7307800130295
 11
316000.0
 21
45891.891891891886
 31
925.2330878723867
  0
LINE
  5
6E8
330
17
100
AcDbEntity
  8
LOWER
100
AcDbLine
 10
316000.0
 20
45891.891891891886
 30
925.2330878723867
 11
316000.0
 21
45243.24324324324
 31
901.1294178034861
  0
LINE
  5
6E9
330
17
100
AcDbEntity
  8
LOWER
100
AcDbLine
 10
316000.0
 20
45243.24324324324
 30
901.1294178034861
 11
316000.0
 21
44594.594594594586
 31
877.4277298481823
  0
LINE
  5
6EA
330
17
100
AcDbEntity
  8
LOWER
100
AcDbLine
 10
316000.0
 20
44594.594594594586
 30
877.4277298481823
 11
316000.0
 21
43945.945945945954
 31
854.1359840483285
  0
LINE
  5
6EB
330
17
100
AcDbEntity
  8
LOWER
100
AcDbLine
 10
316000.0
 20
43945.945945945954
 30
854.1359840483285
 11
316000.0
 21
43297.29729729729
 31
831.2621404457778
  0
LINE
  5
6EC
330
17
100
AcDbEntity
  8
LOWER
100
AcDbLine
 10
316000.0
 20
43297.29729729729
 30
831.2621404457778
 11
316000.0
 21
42648.64864864865
 31
808.8141590823841
  0
LINE
  5
6ED
330
17
100
AcDbEntity
  8
LOWER
100
AcDbLine
 10
316000.0
 20
42648.64864864865
 30
808.8141590823841
 11
316000.0
 21
42000.0
 31
786.799999999999
  0
LINE
  5
6EE
330
17
100
AcDbEntity
  8
LOWER
100
AcDbLine
 10
316000.0
 20
42000.0
 30
786.799999999999
 11
316000.0
 21
41351.35135135135
 31
765.2276232404791
  0
LINE
  5
6EF
330
17
100
AcDbEntity
  8
LOWER
100
AcDbLine
 10
316000.0
 20
41351.35135135135
 30
765.2276232404791
 11
316000.0
 21
40702.70270270269
 31
744.1049888456752
  0
LINE
  5
6F0
330
17
100
AcDbEntity
  8
LOWER
100
AcDbLine
 10
316000.0
 20
40702.70270270269
 30
744.1049888456752
 11
316000.0
 21
40054.054054054046
 31
723.440056857441
  0
LINE
  5
6F1
330
17
100
AcDbEntity
  8
LOWER
100
AcDbLine
 10
316000.0
 20
40054.054054054046
 30
723.440056857441
 11
316000.0
 21
39405.40540540541
 31
703.2407873176312
  0
LINE
  5
6F2
330
17
100
AcDbEntity
  8
LOWER
100
AcDbLine
 10
316000.0
 20
39405.40540540541
 30
703.2407873176312
 11
316000.0
 21
38756.75675675676
 31
683.5151402680983
  0
LINE
  5
6F3
330
17
100
AcDbEntity
  8
LOWER
100
AcDbLine
 10
316000.0
 20
38756.75675675676
 30
683.5151402680983
 11
316000.0
 21
38108.1081081081
 31
664.2710757506953
  0
LINE
  5
6F4
330
17
100
AcDbEntity
  8
LOWER
100
AcDbLine
 10
316000.0
 20
38108.1081081081
 30
664.2710757506953
 11
316000.0
 21
37459.45945945947
 31
645.5165538072766
  0
LINE
  5
6F5
330
17
100
AcDbEntity
  8
LOWER
100
AcDbLine
 10
316000.0
 20
37459.45945945947
 30
645.5165538072766
 11
316000.0
 21
36810.810810810806
 31
627.2595344796952
  0
LINE
  5
6F6
330
17
100
AcDbEntity
  8
LOWER
100
AcDbLine
 10
316000.0
 20
36810.810810810806
 30
627.2595344796952
 11
316000.0
 21
36162.16216216216
 31
609.5079778098036
  0
LINE
  5
6F7
330
17
100
AcDbEntity
  8
LOWER
100
AcDbLine
 10
316000.0
 20
36162.16216216216
 30
609.5079778098036
 11
316000.0
 21
35513.5135135135
 31
592.2698438394565
  0
LINE
  5
6F8
330
17
100
AcDbEntity
  8
LOWER
100
AcDbLine
 10
316000.0
 20
35513.5135135135
 30
592.2698438394565
 11
316000.0
 21
34864.86486486487
 31
575.5530926105062
  0
LINE
  5
6F9
330
17
100
AcDbEntity
  8
LOWER
100
AcDbLine
 10
316000.0
 20
34864.86486486487
 30
575.5530926105062
 11
316000.0
 21
34216.21621621621
 31
559.3656841648067
  0
LINE
  5
6FA
330
17
100
AcDbEntity
  8
LOWER
100
AcDbLine
 10
316000.0
 20
34216.21621621621
 30
559.3656841648067
 11
316000.0
 21
33567.56756756757
 31
543.7155785442122
  0
LINE
  5
6FB
330
17
100
AcDbEntity
  8
LOWER
100
AcDbLine
 10
316000.0
 20
33567.56756756757
 30
543.7155785442122
 11
316000.0
 21
32918.91891891892
 31
528.6107357905747
  0
LINE
  5
6FC
330
17
100
AcDbEntity
  8
LOWER
100
AcDbLine
 10
316000.0
 20
32918.91891891892
 30
528.6107357905747
 11
316000.0
 21
32270.270270270274
 31
514.0591159457485
  0
LINE
  5
6FD
330
17
100
AcDbEntity
  8
LOWER
100
AcDbLine
 10
316000.0
 20
32270.270270270274
 30
514.0591159457485
 11
316000.0
 21
31621.621621621613
 31
500.0686790515854
  0
LINE
  5
6FE
330
17
100
AcDbEntity
  8
LOWER
100
AcDbLine
 10
316000.0
 20
31621.621621621613
 30
500.0686790515854
 11
316000.0
 21
30972.97297297297
 31
486.6473851499409
  0
LINE
  5
6FF
330
17
100
AcDbEntity
  8
LOWER
100
AcDbLine
 10
316000.0
 20
30972.97297297297
 30
486.6473851499409
 11
316000.0
 21
30324.324324324323
 31
473.80319428266836
  0
LINE
  5
700
330
17
100
AcDbEntity
  8
LOWER
100
AcDbLine
 10
316000.0
 20
30324.324324324323
 30
473.80319428266836
 11
316000.0
 21
29675.675675675677
 31
461.5440664916193
  0
LINE
  5
701
330
17
100
AcDbEntity
  8
LOWER
100
AcDbLine
 10
316000.0
 20
29675.675675675677
 30
461.5440664916193
 11
316000.0
 21
29027.027027027016
 31
449.8779618186477
  0
LINE
  5
702
330
17
100
AcDbEntity
  8
LOWER
100
AcDbLine
 10
316000.0
 20
29027.027027027016
 30
449.8779618186477
 11
316000.0
 21
28378.378378378387
 31
438.81284030560863
  0
LINE
  5
703
330
17
100
AcDbEntity
  8
LOWER
100
AcDbLine
 10
316000.0
 20
28378.378378378387
 30
438.81284030560863
 11
316000.0
 21
27729.729729729726
 31
428.35666199435354
  0
LINE
  5
704
330
17
100
AcDbEntity
  8
LOWER
100
AcDbLine
 10
316000.0
 20
27729.729729729726
 30
428.35666199435354
 11
316000.0
 21
27081.08108108108
 31
418.51738692673644
  0
LINE
  5
705
330
17
100
AcDbEntity
  8
LOWER
100
AcDbLine
 10
316000.0
 20
27081.08108108108
 30
418.51738692673644
 11
316000.0
 21
26432.432432432423
 31
409.3029751446107
  0
LINE
  5
706
330
17
100
AcDbEntity
  8
LOWER
100
AcDbLine
 10
316000.0
 20
26432.432432432423
 30
409.3029751446107
 11
316000.0
 21
25783.78378378379
 31
400.72138668983024
  0
LINE
  5
707
330
17
100
AcDbEntity
  8
LOWER
100
AcDbLine
 10
316000.0
 20
25783.78378378379
 30
400.72138668983024
 11
316000.0
 21
25135.13513513513
 31
392.7805816042484
  0
LINE
  5
708
330
17
100
AcDbEntity
  8
LOWER
100
AcDbLine
 10
316000.0
 20
25135.13513513513
 30
392.7805816042484
 11
316000.0
 21
24486.486486486483
 31
385.48851992971754
  0
LINE
  5
709
330
17
100
AcDbEntity
  8
LOWER
100
AcDbLine
 10
316000.0
 20
24486.486486486483
 30
385.48851992971754
 11
316000.0
 21
23837.83783783784
 31
378.8531617080917
  0
LINE
  5
70A
330
17
100
AcDbEntity
  8
LOWER
100
AcDbLine
 10
316000.0
 20
23837.83783783784
 30
378.8531617080917
 11
316000.0
 21
23189.189189189194
 31
372.882466981225
  0
LINE
  5
70B
330
17
100
AcDbEntity
  8
LOWER
100
AcDbLine
 10
316000.0
 20
23189.189189189194
 30
372.882466981225
 11
316000.0
 21
22540.540540540533
 31
367.58439579096967
  0
LINE
  5
70C
330
17
100
AcDbEntity
  8
LOWER
100
AcDbLine
 10
316000.0
 20
22540.540540540533
 30
367.58439579096967
 11
316000.0
 21
21891.891891891886
 31
362.9669081791791
  0
LINE
  5
70D
330
17
100
AcDbEntity
  8
LOWER
100
AcDbLine
 10
316000.0
 20
21891.891891891886
 30
362.9669081791791
 11
316000.0
 21
21243.243243243243
 31
359.03796418770816
  0
LINE
  5
70E
330
17
100
AcDbEntity
  8
LOWER
100
AcDbLine
 10
316000.0
 20
21243.243243243243
 30
359.03796418770816
 11
316000.0
 21
20594.594594594597
 31
355.80552385840923
  0
LINE
  5
70F
330
17
100
AcDbEntity
  8
LOWER
100
AcDbLine
 10
316000.0
 20
20594.594594594597
 30
355.80552385840923
 11
316000.0
 21
19945.945945945936
 31
353.27754723313467
  0
LINE
  5
710
330
17
100
AcDbEntity
  8
LOWER
100
AcDbLine
 10
316000.0
 20
19945.945945945936
 30
353.27754723313467
 11
316000.0
 21
19297.297297297293
 31
351.46199435374024
  0
LINE
  5
711
330
17
100
AcDbEntity
  8
LOWER
100
AcDbLine
 10
316000.0
 20
19297.297297297293
 30
351.46199435374024
 11
316000.0
 21
18648.648648648646
 31
350.36682526207665
  0
LINE
  5
712
330
17
100
AcDbEntity
  8
LOWER
100
AcDbLine
 10
316000.0
 20
18648.648648648646
 30
350.36682526207665
 11
316000.0
 21
18000.0
 31
350.0
  0
LINE
  5
713
330
17
100
AcDbEntity
  8
LOWER
100
AcDbLine
 10
316000.0
 20
18000.0
 30
350.0
 11
315967.13137220964
 21
17372.82922039408
 31
350.0
  0
LINE
  5
714
330
17
100
AcDbEntity
  8
LOWER
100
AcDbLine
 10
315967.13137220964
 20
17372.82922039408
 30
350.0
 11
315868.88560440287
 21
16752.529855093442
 31
350.0
  0
LINE
  5
715
330
17
100
AcDbEntity
  8
LOWER
100
AcDbLine
 10
315868.88560440287
 20
16752.529855093442
 30
350.0
 11
315706.3390977709
 21
16145.898033750316
 31
350.0
  0
LINE
  5
716
330
17
100
AcDbEntity
  8
LOWER
100
AcDbLine
 10
315706.3390977709
 20
16145.898033750316
 30
350.0
 11
315481.2727458556
 21
15559.580141545197
 31
350.0
  0
LINE
  5
717
330
17
100
AcDbEntity
  8
LOWER
100
AcDbLine
 10
315481.2727458556
 20
15559.580141545197
 30
350.0
 11
315196.15242270665
 21
15000.0
 31
350.0
  0
LINE
  5
718
330
17
100
AcDbEntity
  8
LOWER
100
AcDbLine
 10
315196.15242270665
 20
15000.0
 30
350.0
 11
314854.1019662497
 21
14473.28848624516
 31
350.0
  0
LINE
  5
719
330
17
100
AcDbEntity
  8
LOWER
100
AcDbLine
 10
314854.1019662497
 20
14473.28848624516
 30
350.0
 11
314458.8689528644
 21
13985.216361846853
 31
350.0
  0
LINE
  5
71A
330
17
100
AcDbEntity
  8
LOWER
100
AcDbLine
 10
314458.8689528644
 20
13985.216361846853
 30
350.0
 11
314014.78363815317
 21
13541.131047135636
 31
350.0
  0
LINE
  5
71B
330
17
100
AcDbEntity
  8
LOWER
100
AcDbLine
 10
314014.78363815317
 20
13541.131047135636
 30
350.0
 11
313526.71151375485
 21
13145.898033750313
 31
350.0
  0
LINE
  5
71C
330
17
100
AcDbEntity
  8
LOWER
100
AcDbLine
 10
313526.71151375485
 20
13145.898033750313
 30
350.0
 11
313000.0
 21
12803.847577293367
 31
350.0
  0
LINE
  5
71D
330
17
100
AcDbEntity
  8
LOWER
100
AcDbLine
 10
313000.0
 20
12803.847577293367
 30
350.0
 11
312440.4198584548
 21
12518.727254144394
 31
350.0
  0
LINE
  5
71E
330
17
100
AcDbEntity
  8
LOWER
100
AcDbLine
 10
312440.4198584548
 20
12518.727254144394
 30
350.0
 11
311854.1019662497
 21
12293.660902229078
 31
350.0
  0
LINE
  5
71F
330
17
100
AcDbEntity
  8
LOWER
100
AcDbLine
 10
311854.1019662497
 20
12293.660902229078
 30
350.0
 11
311247.47014490655
 21
12131.114395597166
 31
350.0
  0
LINE
  5
720
330
17
100
AcDbEntity
  8
LOWER
100
AcDbLine
 10
311247.47014490655
 20
12131.114395597166
 30
350.0
 11
310627.1707796059
 21
12032.86862779036
 31
350.0
  0
LINE
  5
721
330
17
100
AcDbEntity
  8
LOWER
100
AcDbLine
 10
310627.1707796059
 20
12032.86862779036
 30
350.0
 11
310000.0
 21
12000.0
 31
350.0
  0
LINE
  5
722
330
17
100
AcDbEntity
  8
LOWER
100
AcDbLine
 10
310000.0
 20
12000.0
 30
350.0
 11
309350.99337748345
 21
12000.0
 31
350.0
  0
LINE
  5
723
330
17
100
AcDbEntity
  8
LOWER
100
AcDbLine
 10
309350.99337748345
 20
12000.0
 30
350.0
 11
308701.98675496684
 21
12000.0
 31
350.0
  0
LINE
  5
724
330
17
100
AcDbEntity
  8
LOWER
100
AcDbLine
 10
308701.98675496684
 20
12000.0
 30
350.0
 11
308052.98013245035
 21
12000.0
 31
350.0
  0
LINE
  5
725
330
17
100
AcDbEntity
  8
LOWER
100
AcDbLine
 10
308052.98013245035
 20
12000.0
 30
350.0
 11
307403.9735099338
 21
12000.0
 31
350.0
  0
LINE
  5
726
330
17
100
AcDbEntity
  8
LOWER
100
AcDbLine
 10
307403.9735099338
 20
12000.0
 30
350.0
 11
306754.96688741725
 21
12000.0
 31
350.0
  0
LINE
  5
727
330
17
100
AcDbEntity
  8
LOWER
100
AcDbLine
 10
306754.96688741725
 20
12000.0
 30
350.0
 11
306105.96026490064
 21
12000.0
 31
350.0
  0
LINE
  5
728
330
17
100
AcDbEntity
  8
LOWER
100
AcDbLine
 10
306105.96026490064
 20
12000.0
 30
350.0
 11
305456.95364238415
 21
12000.0
 31
350.0
  0
LINE
  5
729
330
17
100
AcDbEntity
  8
LOWER
100
AcDbLine
 10
305456.95364238415
 20
12000.0
 30
350.0
 11
304807.9470198676
 21
12000.0
 31
350.0
  0
LINE
  5
72A
330
17
100
AcDbEntity
  8
LOWER
100
AcDbLine
 10
304807.9470198676
 20
12000.0
 30
350.0
 11
304158.940397351
 21
12000.0
 31
350.0
  0
LINE
  5
72B
330
17
100
AcDbEntity
  8
LOWER
100
AcDbLine
 10
304158.940397351
 20
12000.0
 30
350.0
 11
303509.93377483444
 21
12000.0
 31
350.0
  0
LINE
  5
72C
330
17
100
AcDbEntity
  8
LOWER
100
AcDbLine
 10
303509.93377483444
 20
12000.0
 30
350.0
 11
302860.9271523179
 21
12000.0
 31
350.0
  0
LINE
  5
72D
330
17
100
AcDbEntity
  8
LOWER
100
AcDbLine
 10
302860.9271523179
 20
12000.0
 30
350.0
 11
302211.92052980134
 21
12000.0
 31
350.0
  0
LINE
  5
72E
330
17
100
AcDbEntity
  8
LOWER
100
AcDbLine
 10
302211.92052980134
 20
12000.0
 30
350.0
 11
301562.9139072848
 21
12000.0
 31
350.0
  0
LINE
  5
72F
330
17
100
AcDbEntity
  8
LOWER
100
AcDbLine
 10
301562.9139072848
 20
12000.0
 30
350.0
 11
300913.90728476824
 21
12000.0
 31
350.0
  0
LINE
  5
730
330
17
100
AcDbEntity
  8
LOWER
100
AcDbLine
 10
300913.90728476824
 20
12000.0
 30
350.0
 11
300264.90066225163
 21
12000.0
 31
350.0
  0
LINE
  5
731
330
17
100
AcDbEntity
  8
LOWER
100
AcDbLine
 10
300264.90066225163
 20
12000.0
 30
350.0
 11
299615.8940397351
 21
12000.0
 31
350.0
  0
LINE
  5
732
330
17
100
AcDbEntity
  8
LOWER
100
AcDbLine
 10
299615.8940397351
 20
12000.0
 30
350.0
 11
298966.8874172186
 21
12000.0
 31
350.0
  0
LINE
  5
733
330
17
100
AcDbEntity
  8
LOWER
100
AcDbLine
 10
298966.8874172186
 20
12000.0
 30
350.0
 11
298317.880794702
 21
12000.0
 31
350.0
  0
LINE
  5
734
330
17
100
AcDbEntity
  8
LOWER
100
AcDbLine
 10
298317.880794702
 20
12000.0
 30
350.0
 11
297668.87417218543
 21
12000.0
 31
350.0
  0
LINE
  5
735
330
17
100
AcDbEntity
  8
LOWER
100
AcDbLine
 10
297668.87417218543
 20
12000.0
 30
350.0
 11
297019.8675496689
 21
12000.0
 31
350.0
  0
LINE
  5
736
330
17
100
AcDbEntity
  8
LOWER
100
AcDbLine
 10
297019.8675496689
 20
12000.0
 30
350.0
 11
296370.86092715233
 21
12000.0
 31
350.0
  0
LINE
  5
737
330
17
100
AcDbEntity
  8
LOWER
100
AcDbLine
 10
296370.86092715233
 20
12000.0
 30
350.0
 11
295721.8543046358
 21
12000.0
 31
350.0
  0
LINE
  5
738
330
17
100
AcDbEntity
  8
LOWER
100
AcDbLine
 10
295721.8543046358
 20
12000.0
 30
350.0
 11
295072.84768211923
 21
12000.0
 31
350.0
  0
LINE
  5
739
330
17
100
AcDbEntity
  8
LOWER
100
AcDbLine
 10
295072.84768211923
 20
12000.0
 30
350.0
 11
294423.8410596026
 21
12000.0
 31
350.0
  0
LINE
  5
73A
330
17
100
AcDbEntity
  8
LOWER
100
AcDbLine
 10
294423.8410596026
 20
12000.0
 30
350.0
 11
293774.8344370861
 21
12000.0
 31
350.0
  0
LINE
  5
73B
330
17
100
AcDbEntity
  8
LOWER
100
AcDbLine
 10
293774.8344370861
 20
12000.0
 30
350.0
 11
293125.8278145696
 21
12000.0
 31
350.0
  0
LINE
  5
73C
330
17
100
AcDbEntity
  8
LOWER
100
AcDbLine
 10
293125.8278145696
 20
12000.0
 30
350.0
 11
292476.821192053
 21
12000.0
 31
350.0
  0
LINE
  5
73D
330
17
100
AcDbEntity
  8
LOWER
100
AcDbLine
 10
292476.821192053
 20
12000.0
 30
350.0
 11
291827.8145695364
 21
12000.0
 31
350.0
  0
LINE
  5
73E
330
17
100
AcDbEntity
  8
LOWER
100
AcDbLine
 10
291827.8145695364
 20
12000.0
 30
350.0
 11
291178.8079470199
 21
12000.0
 31
350.0
  0
LINE
  5
73F
330
17
100
AcDbEntity
  8
LOWER
100
AcDbLine
 10
291178.8079470199
 20
12000.0
 30
350.0
 11
290529.8013245033
 21
12000.0
 31
350.0
  0
LINE
  5
740
330
17
100
AcDbEntity
  8
LOWER
100
AcDbLine
 10
290529.8013245033
 20
12000.0
 30
350.0
 11
289880.7947019868
 21
12000.0
 31
350.0
  0
LINE
  5
741
330
17
100
AcDbEntity
  8
LOWER
100
AcDbLine
 10
289880.7947019868
 20
12000.0
 30
350.0
 11
289231.7880794702
 21
12000.0
 31
350.0
  0
LINE
  5
742
330
17
100
AcDbEntity
  8
LOWER
100
AcDbLine
 10
289231.7880794702
 20
12000.0
 30
350.0
 11
288582.7814569536
 21
12000.0
 31
350.0
  0
LINE
  5
743
330
17
100
AcDbEntity
  8
LOWER
100
AcDbLine
 10
288582.7814569536
 20
12000.0
 30
350.0
 11
287933.77483443706
 21
12000.0
 31
350.0
  0
LINE
  5
744
330
17
100
AcDbEntity
  8
LOWER
100
AcDbLine
 10
287933.77483443706
 20
12000.0
 30
350.0
 11
287284.7682119206
 21
12000.0
 31
350.0
  0
LINE
  5
745
330
17
100
AcDbEntity
  8
LOWER
100
AcDbLine
 10
287284.7682119206
 20
12000.0
 30
350.0
 11
286635.76158940396
 21
12000.0
 31
350.0
  0
LINE
  5
746
330
17
100
AcDbEntity
  8
LOWER
100
AcDbLine
 10
286635.76158940396
 20
12000.0
 30
350.0
 11
285986.7549668874
 21
12000.0
 31
350.0
  0
LINE
  5
747
330
17
100
AcDbEntity
  8
LOWER
100
AcDbLine
 10
285986.7549668874
 20
12000.0
 30
350.0
 11
285337.74834437086
 21
12000.0
 31
350.0
  0
LINE
  5
748
330
17
100
AcDbEntity
  8
LOWER
100
AcDbLine
 10
285337.74834437086
 20
12000.0
 30
350.0
 11
284688.7417218543
 21
12000.0
 31
350.0
  0
LINE
  5
749
330
17
100
AcDbEntity
  8
LOWER
100
AcDbLine
 10
284688.7417218543
 20
12000.0
 30
350.0
 11
284039.73509933776
 21
12000.0
 31
350.0
  0
LINE
  5
74A
330
17
100
AcDbEntity
  8
LOWER
100
AcDbLine
 10
284039.73509933776
 20
12000.0
 30
350.0
 11
283390.7284768212
 21
12000.0
 31
350.0
  0
LINE
  5
74B
330
17
100
AcDbEntity
  8
LOWER
100
AcDbLine
 10
283390.7284768212
 20
12000.0
 30
350.0
 11
282741.7218543046
 21
12000.0
 31
350.0
  0
LINE
  5
74C
330
17
100
AcDbEntity
  8
LOWER
100
AcDbLine
 10
282741.7218543046
 20
12000.0
 30
350.0
 11
282092.71523178805
 21
12000.0
 31
350.0
  0
LINE
  5
74D
330
17
100
AcDbEntity
  8
LOWER
100
AcDbLine
 10
282092.71523178805
 20
12000.0
 30
350.0
 11
281443.70860927156
 21
12000.0
 31
350.0
  0
LINE
  5
74E
330
17
100
AcDbEntity
  8
LOWER
100
AcDbLine
 10
281443.70860927156
 20
12000.0
 30
350.0
 11
280794.70198675495
 21
12000.0
 31
350.0
  0
LINE
  5
74F
330
17
100
AcDbEntity
  8
LOWER
100
AcDbLine
 10
280794.70198675495
 20
12000.0
 30
350.0
 11
280145.6953642384
 21
12000.0
 31
350.0
  0
LINE
  5
750
330
17
100
AcDbEntity
  8
LOWER
100
AcDbLine
 10
280145.6953642384
 20
12000.0
 30
350.0
 11
279496.68874172185
 21
12000.0
 31
350.0
  0
LINE
  5
751
330
17
100
AcDbEntity
  8
LOWER
100
AcDbLine
 10
279496.68874172185
 20
12000.0
 30
350.0
 11
278847.68211920524
 21
12000.0
 31
350.0
  0
LINE
  5
752
330
17
100
AcDbEntity
  8
LOWER
100
AcDbLine
 10
278847.68211920524
 20
12000.0
 30
350.0
 11
278198.67549668875
 21
12000.0
 31
350.0
  0
LINE
  5
753
330
17
100
AcDbEntity
  8
LOWER
100
AcDbLine
 10
278198.67549668875
 20
12000.0
 30
350.0
 11
277549.6688741722
 21
12000.0
 31
350.0
  0
LINE
  5
754
330
17
100
AcDbEntity
  8
LOWER
100
AcDbLine
 10
277549.6688741722
 20
12000.0
 30
350.0
 11
276900.6622516556
 21
12000.0
 31
350.0
  0
LINE
  5
755
330
17
100
AcDbEntity
  8
LOWER
100
AcDbLine
 10
276900.6622516556
 20
12000.0
 30
350.0
 11
276251.65562913904
 21
12000.0
 31
350.0
  0
LINE
  5
756
330
17
100
AcDbEntity
  8
LOWER
100
AcDbLine
 10
276251.65562913904
 20
12000.0
 30
350.0
 11
275602.64900662255
 21
12000.0
 31
350.0
  0
LINE
  5
757
330
17
100
AcDbEntity
  8
LOWER
100
AcDbLine
 10
275602.64900662255
 20
12000.0
 30
350.0
 11
274953.64238410594
 21
12000.0
 31
350.0
  0
LINE
  5
758
330
17
100
AcDbEntity
  8
LOWER
100
AcDbLine
 10
274953.64238410594
 20
12000.0
 30
350.0
 11
274304.6357615894
 21
12000.0
 31
350.0
  0
LINE
  5
759
330
17
100
AcDbEntity
  8
LOWER
100
AcDbLine
 10
274304.6357615894
 20
12000.0
 30
350.0
 11
273655.62913907284
 21
12000.0
 31
350.0
  0
LINE
  5
75A
330
17
100
AcDbEntity
  8
LOWER
100
AcDbLine
 10
273655.62913907284
 20
12000.0
 30
350.0
 11
273006.62251655624
 21
12000.0
 31
350.0
  0
LINE
  5
75B
330
17
100
AcDbEntity
  8
LOWER
100
AcDbLine
 10
273006.62251655624
 20
12000.0
 30
350.0
 11
272357.61589403974
 21
12000.0
 31
350.0
  0
LINE
  5
75C
330
17
100
AcDbEntity
  8
LOWER
100
AcDbLine
 10
272357.61589403974
 20
12000.0
 30
350.0
 11
271708.6092715232
 21
12000.0
 31
350.0
  0
LINE
  5
75D
330
17
100
AcDbEntity
  8
LOWER
100
AcDbLine
 10
271708.6092715232
 20
12000.0
 30
350.0
 11
271059.6026490066
 21
12000.0
 31
350.0
  0
LINE
  5
75E
330
17
100
AcDbEntity
  8
LOWER
100
AcDbLine
 10
271059.6026490066
 20
12000.0
 30
350.0
 11
270410.59602649004
 21
12000.0
 31
350.0
  0
LINE
  5
75F
330
17
100
AcDbEntity
  8
LOWER
100
AcDbLine
 10
270410.59602649004
 20
12000.0
 30
350.0
 11
269761.58940397354
 21
12000.0
 31
350.0
  0
LINE
  5
760
330
17
100
AcDbEntity
  8
LOWER
100
AcDbLine
 10
269761.58940397354
 20
12000.0
 30
350.0
 11
269112.58278145693
 21
12000.0
 31
350.0
  0
LINE
  5
761
330
17
100
AcDbEntity
  8
LOWER
100
AcDbLine
 10
269112.58278145693
 20
12000.0
 30
350.0
 11
268463.5761589404
 21
12000.0
 31
350.0
  0
LINE
  5
762
330
17
100
AcDbEntity
  8
LOWER
100
AcDbLine
 10
268463.5761589404
 20
12000.0
 30
350.0
 11
267814.56953642383
 21
12000.0
 31
350.0
  0
LINE
  5
763
330
17
100
AcDbEntity
  8
LOWER
100
AcDbLine
 10
267814.56953642383
 20
12000.0
 30
350.0
 11
267165.5629139072
 21
12000.0
 31
350.0
  0
LINE
  5
764
330
17
100
AcDbEntity
  8
LOWER
100
AcDbLine
 10
267165.5629139072
 20
12000.0
 30
350.0
 11
266516.55629139073
 21
12000.0
 31
350.0
  0
LINE
  5
765
330
17
100
AcDbEntity
  8
LOWER
100
AcDbLine
 10
266516.55629139073
 20
12000.0
 30
350.0
 11
265867.5496688742
 21
12000.0
 31
350.0
  0
LINE
  5
766
330
17
100
AcDbEntity
  8
LOWER
100
AcDbLine
 10
265867.5496688742
 20
12000.0
 30
350.0
 11
265218.5430463576
 21
12000.0
 31
350.0
  0
LINE
  5
767
330
17
100
AcDbEntity
  8
LOWER
100
AcDbLine
 10
265218.5430463576
 20
12000.0
 30
350.0
 11
264569.5364238411
 21
12000.0
 31
350.0
  0
LINE
  5
768
330
17
100
AcDbEntity
  8
LOWER
100
AcDbLine
 10
264569.5364238411
 20
12000.0
 30
350.0
 11
263920.52980132453
 21
12000.0
 31
350.0
  0
LINE
  5
769
330
17
100
AcDbEntity
  8
LOWER
100
AcDbLine
 10
263920.52980132453
 20
12000.0
 30
350.0
 11
263271.5231788079
 21
12000.0
 31
350.0
  0
LINE
  5
76A
330
17
100
AcDbEntity
  8
LOWER
100
AcDbLine
 10
263271.5231788079
 20
12000.0
 30
350.0
 11
262622.5165562914
 21
12000.0
 31
350.0
  0
LINE
  5
76B
330
17
100
AcDbEntity
  8
LOWER
100
AcDbLine
 10
262622.5165562914
 20
12000.0
 30
350.0
 11
261973.50993377483
 21
12000.0
 31
350.0
  0
LINE
  5
76C
330
17
100
AcDbEntity
  8
LOWER
100
AcDbLine
 10
261973.50993377483
 20
12000.0
 30
350.0
 11
261324.5033112583
 21
12000.0
 31
350.0
  0
LINE
  5
76D
330
17
100
AcDbEntity
  8
LOWER
100
AcDbLine
 10
261324.5033112583
 20
12000.0
 30
350.0
 11
260675.4966887417
 21
12000.0
 31
350.0
  0
LINE
  5
76E
330
17
100
AcDbEntity
  8
LOWER
100
AcDbLine
 10
260675.4966887417
 20
12000.0
 30
350.0
 11
260026.49006622517
 21
12000.0
 31
350.0
  0
LINE
  5
76F
330
17
100
AcDbEntity
  8
LOWER
100
AcDbLine
 10
260026.49006622517
 20
12000.0
 30
350.0
 11
259377.48344370862
 21
12000.0
 31
350.0
  0
LINE
  5
770
330
17
100
AcDbEntity
  8
LOWER
100
AcDbLine
 10
259377.48344370862
 20
12000.0
 30
350.0
 11
258728.47682119207
 21
12000.0
 31
350.0
  0
LINE
  5
771
330
17
100
AcDbEntity
  8
LOWER
100
AcDbLine
 10
258728.47682119207
 20
12000.0
 30
350.0
 11
258079.4701986755
 21
12000.0
 31
350.0
  0
LINE
  5
772
330
17
100
AcDbEntity
  8
LOWER
100
AcDbLine
 10
258079.4701986755
 20
12000.0
 30
350.0
 11
257430.46357615895
 21
12000.0
 31
350.0
  0
LINE
  5
773
330
17
100
AcDbEntity
  8
LOWER
100
AcDbLine
 10
257430.46357615895
 20
12000.0
 30
350.0
 11
256781.45695364242
 21
12000.0
 31
350.0
  0
LINE
  5
774
330
17
100
AcDbEntity
  8
LOWER
100
AcDbLine
 10
256781.45695364242
 20
12000.0
 30
350.0
 11
256132.45033112582
 21
12000.0
 31
350.0
  0
LINE
  5
775
330
17
100
AcDbEntity
  8
LOWER
100
AcDbLine
 10
256132.45033112582
 20
12000.0
 30
350.0
 11
255483.4437086093
 21
12000.0
 31
350.0
  0
LINE
  5
776
330
17
100
AcDbEntity
  8
LOWER
100
AcDbLine
 10
255483.4437086093
 20
12000.0
 30
350.0
 11
254834.43708609272
 21
12000.0
 31
350.0
  0
LINE
  5
777
330
17
100
AcDbEntity
  8
LOWER
100
AcDbLine
 10
254834.43708609272
 20
12000.0
 30
350.0
 11
254185.43046357617
 21
12000.0
 31
350.0
  0
LINE
  5
778
330
17
100
AcDbEntity
  8
LOWER
100
AcDbLine
 10
254185.43046357617
 20
12000.0
 30
350.0
 11
253536.42384105962
 21
12000.0
 31
350.0
  0
LINE
  5
779
330
17
100
AcDbEntity
  8
LOWER
100
AcDbLine
 10
253536.42384105962
 20
12000.0
 30
350.0
 11
252887.41721854304
 21
12000.0
 31
350.0
  0
LINE
  5
77A
330
17
100
AcDbEntity
  8
LOWER
100
AcDbLine
 10
252887.41721854304
 20
12000.0
 30
350.0
 11
252238.4105960265
 21
12000.0
 31
350.0
  0
LINE
  5
77B
330
17
100
AcDbEntity
  8
LOWER
100
AcDbLine
 10
252238.4105960265
 20
12000.0
 30
350.0
 11
251589.40397350994
 21
12000.0
 31
350.0
  0
LINE
  5
77C
330
17
100
AcDbEntity
  8
LOWER
100
AcDbLine
 10
251589.40397350994
 20
12000.0
 30
350.0
 11
250940.3973509934
 21
12000.0
 31
350.0
  0
LINE
  5
77D
330
17
100
AcDbEntity
  8
LOWER
100
AcDbLine
 10
250940.3973509934
 20
12000.0
 30
350.0
 11
250291.3907284768
 21
12000.0
 31
350.0
  0
LINE
  5
77E
330
17
100
AcDbEntity
  8
LOWER
100
AcDbLine
 10
250291.3907284768
 20
12000.0
 30
350.0
 11
249642.3841059603
 21
12000.0
 31
350.0
  0
LINE
  5
77F
330
17
100
AcDbEntity
  8
LOWER
100
AcDbLine
 10
249642.3841059603
 20
12000.0
 30
350.0
 11
248993.3774834437
 21
12000.0
 31
350.0
  0
LINE
  5
780
330
17
100
AcDbEntity
  8
LOWER
100
AcDbLine
 10
248993.3774834437
 20
12000.0
 30
350.0
 11
248344.37086092716
 21
12000.0
 31
350.0
  0
LINE
  5
781
330
17
100
AcDbEntity
  8
LOWER
100
AcDbLine
 10
248344.37086092716
 20
12000.0
 30
350.0
 11
247695.3642384106
 21
12000.0
 31
350.0
  0
LINE
  5
782
330
17
100
AcDbEntity
  8
LOWER
100
AcDbLine
 10
247695.3642384106
 20
12000.0
 30
350.0
 11
247046.35761589403
 21
12000.0
 31
350.0
  0
LINE
  5
783
330
17
100
AcDbEntity
  8
LOWER
100
AcDbLine
 10
247046.35761589403
 20
12000.0
 30
350.0
 11
246397.35099337748
 21
12000.0
 31
350.0
  0
LINE
  5
784
330
17
100
AcDbEntity
  8
LOWER
100
AcDbLine
 10
246397.35099337748
 20
12000.0
 30
350.0
 11
245748.34437086093
 21
12000.0
 31
350.0
  0
LINE
  5
785
330
17
100
AcDbEntity
  8
LOWER
100
AcDbLine
 10
245748.34437086093
 20
12000.0
 30
350.0
 11
245099.33774834438
 21
12000.0
 31
350.0
  0
LINE
  5
786
330
17
100
AcDbEntity
  8
LOWER
100
AcDbLine
 10
245099.33774834438
 20
12000.0
 30
350.0
 11
244450.3311258278
 21
12000.0
 31
350.0
  0
LINE
  5
787
330
17
100
AcDbEntity
  8
LOWER
100
AcDbLine
 10
244450.3311258278
 20
12000.0
 30
350.0
 11
243801.32450331128
 21
12000.0
 31
350.0
  0
LINE
  5
788
330
17
100
AcDbEntity
  8
LOWER
100
AcDbLine
 10
243801.32450331128
 20
12000.0
 30
350.0
 11
243152.3178807947
 21
12000.0
 31
350.0
  0
LINE
  5
789
330
17
100
AcDbEntity
  8
LOWER
100
AcDbLine
 10
243152.3178807947
 20
12000.0
 30
350.0
 11
242503.31125827812
 21
12000.0
 31
350.0
  0
LINE
  5
78A
330
17
100
AcDbEntity
  8
LOWER
100
AcDbLine
 10
242503.31125827812
 20
12000.0
 30
350.0
 11
241854.3046357616
 21
12000.0
 31
350.0
  0
LINE
  5
78B
330
17
100
AcDbEntity
  8
LOWER
100
AcDbLine
 10
241854.3046357616
 20
12000.0
 30
350.0
 11
241205.29801324502
 21
12000.0
 31
350.0
  0
LINE
  5
78C
330
17
100
AcDbEntity
  8
LOWER
100
AcDbLine
 10
241205.29801324502
 20
12000.0
 30
350.0
 11
240556.29139072847
 21
12000.0
 31
350.0
  0
LINE
  5
78D
330
17
100
AcDbEntity
  8
LOWER
100
AcDbLine
 10
240556.29139072847
 20
12000.0
 30
350.0
 11
239907.28476821192
 21
12000.0
 31
350.0
  0
LINE
  5
78E
330
17
100
AcDbEntity
  8
LOWER
100
AcDbLine
 10
239907.28476821192
 20
12000.0
 30
350.0
 11
239258.27814569537
 21
12000.0
 31
350.0
  0
LINE
  5
78F
330
17
100
AcDbEntity
  8
LOWER
100
AcDbLine
 10
239258.27814569537
 20
12000.0
 30
350.0
 11
238609.27152317882
 21
12000.0
 31
350.0
  0
LINE
  5
790
330
17
100
AcDbEntity
  8
LOWER
100
AcDbLine
 10
238609.27152317882
 20
12000.0
 30
350.0
 11
237960.26490066227
 21
12000.0
 31
350.0
  0
LINE
  5
791
330
17
100
AcDbEntity
  8
LOWER
100
AcDbLine
 10
237960.26490066227
 20
12000.0
 30
350.0
 11
237311.25827814572
 21
12000.0
 31
350.0
  0
LINE
  5
792
330
17
100
AcDbEntity
  8
LOWER
100
AcDbLine
 10
237311.25827814572
 20
12000.0
 30
350.0
 11
236662.2516556291
 21
12000.0
 31
350.0
  0
LINE
  5
793
330
17
100
AcDbEntity
  8
LOWER
100
AcDbLine
 10
236662.2516556291
 20
12000.0
 30
350.0
 11
236013.2450331126
 21
12000.0
 31
350.0
  0
LINE
  5
794
330
17
100
AcDbEntity
  8
LOWER
100
AcDbLine
 10
236013.2450331126
 20
12000.0
 30
350.0
 11
235364.23841059604
 21
12000.0
 31
350.0
  0
LINE
  5
795
330
17
100
AcDbEntity
  8
LOWER
100
AcDbLine
 10
235364.23841059604
 20
12000.0
 30
350.0
 11
234715.23178807946
 21
12000.0
 31
350.0
  0
LINE
  5
796
330
17
100
AcDbEntity
  8
LOWER
100
AcDbLine
 10
234715.23178807946
 20
12000.0
 30
350.0
 11
234066.2251655629
 21
12000.0
 31
350.0
  0
LINE
  5
797
330
17
100
AcDbEntity
  8
LOWER
100
AcDbLine
 10
234066.2251655629
 20
12000.0
 30
350.0
 11
233417.2185430464
 21
12000.0
 31
350.0
  0
LINE
  5
798
330
17
100
AcDbEntity
  8
LOWER
100
AcDbLine
 10
233417.2185430464
 20
12000.0
 30
350.0
 11
232768.21192052978
 21
12000.0
 31
350.0
  0
LINE
  5
799
330
17
100
AcDbEntity
  8
LOWER
100
AcDbLine
 10
232768.21192052978
 20
12000.0
 30
350.0
 11
232119.20529801323
 21
12000.0
 31
350.0
  0
LINE
  5
79A
330
17
100
AcDbEntity
  8
LOWER
100
AcDbLine
 10
232119.20529801323
 20
12000.0
 30
350.0
 11
231470.1986754967
 21
12000.0
 31
350.0
  0
LINE
  5
79B
330
17
100
AcDbEntity
  8
LOWER
100
AcDbLine
 10
231470.1986754967
 20
12000.0
 30
350.0
 11
230821.19205298013
 21
12000.0
 31
350.0
  0
LINE
  5
79C
330
17
100
AcDbEntity
  8
LOWER
100
AcDbLine
 10
230821.19205298013
 20
12000.0
 30
350.0
 11
230172.18543046358
 21
12000.0
 31
350.0
  0
LINE
  5
79D
330
17
100
AcDbEntity
  8
LOWER
100
AcDbLine
 10
230172.18543046358
 20
12000.0
 30
350.0
 11
229523.17880794703
 21
12000.0
 31
350.0
  0
LINE
  5
79E
330
17
100
AcDbEntity
  8
LOWER
100
AcDbLine
 10
229523.17880794703
 20
12000.0
 30
350.0
 11
228874.17218543048
 21
12000.0
 31
350.0
  0
LINE
  5
79F
330
17
100
AcDbEntity
  8
LOWER
100
AcDbLine
 10
228874.17218543048
 20
12000.0
 30
350.0
 11
228225.1655629139
 21
12000.0
 31
350.0
  0
LINE
  5
7A0
330
17
100
AcDbEntity
  8
LOWER
100
AcDbLine
 10
228225.1655629139
 20
12000.0
 30
350.0
 11
227576.15894039738
 21
12000.0
 31
350.0
  0
LINE
  5
7A1
330
17
100
AcDbEntity
  8
LOWER
100
AcDbLine
 10
227576.15894039738
 20
12000.0
 30
350.0
 11
226927.1523178808
 21
12000.0
 31
350.0
  0
LINE
  5
7A2
330
17
100
AcDbEntity
  8
LOWER
100
AcDbLine
 10
226927.1523178808
 20
12000.0
 30
350.0
 11
226278.14569536422
 21
12000.0
 31
350.0
  0
LINE
  5
7A3
330
17
100
AcDbEntity
  8
LOWER
100
AcDbLine
 10
226278.14569536422
 20
12000.0
 30
350.0
 11
225629.1390728477
 21
12000.0
 31
350.0
  0
LINE
  5
7A4
330
17
100
AcDbEntity
  8
LOWER
100
AcDbLine
 10
225629.1390728477
 20
12000.0
 30
350.0
 11
224980.13245033112
 21
12000.0
 31
350.0
  0
LINE
  5
7A5
330
17
100
AcDbEntity
  8
LOWER
100
AcDbLine
 10
224980.13245033112
 20
12000.0
 30
350.0
 11
224331.12582781457
 21
12000.0
 31
350.0
  0
LINE
  5
7A6
330
17
100
AcDbEntity
  8
LOWER
100
AcDbLine
 10
224331.12582781457
 20
12000.0
 30
350.0
 11
223682.11920529802
 21
12000.0
 31
350.0
  0
LINE
  5
7A7
330
17
100
AcDbEntity
  8
LOWER
100
AcDbLine
 10
223682.11920529802
 20
12000.0
 30
350.0
 11
223033.11258278147
 21
12000.0
 31
350.0
  0
LINE
  5
7A8
330
17
100
AcDbEntity
  8
LOWER
100
AcDbLine
 10
223033.11258278147
 20
12000.0
 30
350.0
 11
222384.1059602649
 21
12000.0
 31
350.0
  0
LINE
  5
7A9
330
17
100
AcDbEntity
  8
LOWER
100
AcDbLine
 10
222384.1059602649
 20
12000.0
 30
350.0
 11
221735.09933774834
 21
12000.0
 31
350.0
  0
LINE
  5
7AA
330
17
100
AcDbEntity
  8
LOWER
100
AcDbLine
 10
221735.09933774834
 20
12000.0
 30
350.0
 11
221086.0927152318
 21
12000.0
 31
350.0
  0
LINE
  5
7AB
330
17
100
AcDbEntity
  8
LOWER
100
AcDbLine
 10
221086.0927152318
 20
12000.0
 30
350.0
 11
220437.0860927152
 21
12000.0
 31
350.0
  0
LINE
  5
7AC
330
17
100
AcDbEntity
  8
LOWER
100
AcDbLine
 10
220437.0860927152
 20
12000.0
 30
350.0
 11
219788.0794701987
 21
12000.0
 31
350.0
  0
LINE
  5
7AD
330
17
100
AcDbEntity
  8
LOWER
100
AcDbLine
 10
219788.0794701987
 20
12000.0
 30
350.0
 11
219139.07284768214
 21
12000.0
 31
350.0
  0
LINE
  5
7AE
330
17
100
AcDbEntity
  8
LOWER
100
AcDbLine
 10
219139.07284768214
 20
12000.0
 30
350.0
 11
218490.06622516556
 21
12000.0
 31
350.0
  0
LINE
  5
7AF
330
17
100
AcDbEntity
  8
LOWER
100
AcDbLine
 10
218490.06622516556
 20
12000.0
 30
350.0
 11
217841.059602649
 21
12000.0
 31
350.0
  0
LINE
  5
7B0
330
17
100
AcDbEntity
  8
LOWER
100
AcDbLine
 10
217841.059602649
 20
12000.0
 30
350.0
 11
217192.05298013246
 21
12000.0
 31
350.0
  0
LINE
  5
7B1
330
17
100
AcDbEntity
  8
LOWER
100
AcDbLine
 10
217192.05298013246
 20
12000.0
 30
350.0
 11
216543.04635761588
 21
12000.0
 31
350.0
  0
LINE
  5
7B2
330
17
100
AcDbEntity
  8
LOWER
100
AcDbLine
 10
216543.04635761588
 20
12000.0
 30
350.0
 11
215894.03973509933
 21
12000.0
 31
350.0
  0
LINE
  5
7B3
330
17
100
AcDbEntity
  8
LOWER
100
AcDbLine
 10
215894.03973509933
 20
12000.0
 30
350.0
 11
215245.03311258278
 21
12000.0
 31
350.0
  0
LINE
  5
7B4
330
17
100
AcDbEntity
  8
LOWER
100
AcDbLine
 10
215245.03311258278
 20
12000.0
 30
350.0
 11
214596.0264900662
 21
12000.0
 31
350.0
  0
LINE
  5
7B5
330
17
100
AcDbEntity
  8
LOWER
100
AcDbLine
 10
214596.0264900662
 20
12000.0
 30
350.0
 11
213947.01986754968
 21
12000.0
 31
350.0
  0
LINE
  5
7B6
330
17
100
AcDbEntity
  8
LOWER
100
AcDbLine
 10
213947.01986754968
 20
12000.0
 30
350.0
 11
213298.0132450331
 21
12000.0
 31
350.0
  0
LINE
  5
7B7
330
17
100
AcDbEntity
  8
LOWER
100
AcDbLine
 10
213298.0132450331
 20
12000.0
 30
350.0
 11
212649.00662251658
 21
12000.0
 31
350.0
  0
LINE
  5
7B8
330
17
100
AcDbEntity
  8
LOWER
100
AcDbLine
 10
212649.00662251658
 20
12000.0
 30
350.0
 11
212000.0
 21
12000.0
 31
350.0
  0
LINE
  5
7B9
330
17
100
AcDbEntity
  8
LOWER
100
AcDbLine
 10
212000.0
 20
12000.0
 30
350.0
 11
211372.82922039408
 21
12032.86862779036
 31
350.0
  0
LINE
  5
7BA
330
17
100
AcDbEntity
  8
LOWER
100
AcDbLine
 10
211372.82922039408
 20
12032.86862779036
 30
350.0
 11
210752.52985509342
 21
12131.114395597166
 31
350.0
  0
LINE
  5
7BB
330
17
100
AcDbEntity
  8
LOWER
100
AcDbLine
 10
210752.52985509342
 20
12131.114395597166
 30
350.0
 11
210145.8980337503
 21
12293.660902229078
 31
350.0
  0
LINE
  5
7BC
330
17
100
AcDbEntity
  8
LOWER
100
AcDbLine
 10
210145.8980337503
 20
12293.660902229078
 30
350.0
 11
209559.58014154522
 21
12518.727254144394
 31
350.0
  0
LINE
  5
7BD
330
17
100
AcDbEntity
  8
LOWER
100
AcDbLine
 10
209559.58014154522
 20
12518.727254144394
 30
350.0
 11
209000.0
 21
12803.847577293367
 31
350.0
  0
LINE
  5
7BE
330
17
100
AcDbEntity
  8
LOWER
100
AcDbLine
 10
209000.0
 20
12803.847577293367
 30
350.0
 11
208473.28848624518
 21
13145.898033750313
 31
350.0
  0
LINE
  5
7BF
330
17
100
AcDbEntity
  8
LOWER
100
AcDbLine
 10
208473.28848624518
 20
13145.898033750313
 30
350.0
 11
207985.21636184686
 21
13541.131047135636
 31
350.0
  0
LINE
  5
7C0
330
17
100
AcDbEntity
  8
LOWER
100
AcDbLine
 10
207985.21636184686
 20
13541.131047135636
 30
350.0
 11
207541.13104713566
 21
13985.21636184685
 31
350.0
  0
LINE
  5
7C1
330
17
100
AcDbEntity
  8
LOWER
100
AcDbLine
 10
207541.13104713566
 20
13985.21636184685
 30
350.0
 11
207145.8980337503
 21
14473.28848624516
 31
350.0
  0
LINE
  5
7C2
330
17
100
AcDbEntity
  8
LOWER
100
AcDbLine
 10
207145.8980337503
 20
14473.28848624516
 30
350.0
 11
206803.84757729337
 21
15000.0
 31
350.0
  0
LINE
  5
7C3
330
17
100
AcDbEntity
  8
LOWER
100
AcDbLine
 10
206803.84757729337
 20
15000.0
 30
350.0
 11
206518.72725414438
 21
15559.580141545197
 31
350.0
  0
LINE
  5
7C4
330
17
100
AcDbEntity
  8
LOWER
100
AcDbLine
 10
206518.72725414438
 20
15559.580141545197
 30
350.0
 11
206293.66090222908
 21
16145.898033750313
 31
350.0
  0
LINE
  5
7C5
330
17
100
AcDbEntity
  8
LOWER
100
AcDbLine
 10
206293.66090222908
 20
16145.898033750313
 30
350.0
 11
206131.11439559716
 21
16752.529855093442
 31
350.0
  0
LINE
  5
7C6
330
17
100
AcDbEntity
  8
LOWER
100
AcDbLine
 10
206131.11439559716
 20
16752.529855093442
 30
350.0
 11
206032.86862779036
 21
17372.82922039408
 31
350.0
  0
LINE
  5
7C7
330
17
100
AcDbEntity
  8
LOWER
100
AcDbLine
 10
206032.86862779036
 20
17372.82922039408
 30
350.0
 11
206000.0
 21
18000.0
 31
350.0
  0
LINE
  5
7C8
330
17
100
AcDbEntity
  8
LOWER
100
AcDbLine
 10
206000.0
 20
18000.0
 30
350.0
 11
206000.0
 21
18638.297872340427
 31
350.0
  0
LINE
  5
7C9
330
17
100
AcDbEntity
  8
LOWER
100
AcDbLine
 10
206000.0
 20
18638.297872340427
 30
350.0
 11
206000.0
 21
19276.59574468085
 31
350.0
  0
LINE
  5
7CA
330
17
100
AcDbEntity
  8
LOWER
100
AcDbLine
 10
206000.0
 20
19276.59574468085
 30
350.0
 11
206000.0
 21
19914.893617021276
 31
350.0
  0
LINE
  5
7CB
330
17
100
AcDbEntity
  8
LOWER
100
AcDbLine
 10
206000.0
 20
19914.893617021276
 30
350.0
 11
206000.0
 21
20553.191489361703
 31
350.0
  0
LINE
  5
7CC
330
17
100
AcDbEntity
  8
LOWER
100
AcDbLine
 10
206000.0
 20
20553.191489361703
 30
350.0
 11
206000.0
 21
21191.48936170213
 31
350.0
  0
LINE
  5
7CD
330
17
100
AcDbEntity
  8
LOWER
100
AcDbLine
 10
206000.0
 20
21191.48936170213
 30
350.0
 11
206000.0
 21
21829.787234042553
 31
350.0
  0
LINE
  5
7CE
330
17
100
AcDbEntity
  8
LOWER
100
AcDbLine
 10
206000.0
 20
21829.787234042553
 30
350.0
 11
206000.0
 21
22468.08510638298
 31
350.0
  0
LINE
  5
7CF
330
17
100
AcDbEntity
  8
LOWER
100
AcDbLine
 10
206000.0
 20
22468.08510638298
 30
350.0
 11
206000.0
 21
23106.382978723403
 31
350.0
  0
LINE
  5
7D0
330
17
100
AcDbEntity
  8
LOWER
100
AcDbLine
 10
206000.0
 20
23106.382978723403
 30
350.0
 11
206000.0
 21
23744.68085106383
 31
350.0
  0
LINE
  5
7D1
330
17
100
AcDbEntity
  8
LOWER
100
AcDbLine
 10
206000.0
 20
23744.68085106383
 30
350.0
 11
206000.0
 21
24382.978723404256
 31
350.0
  0
LINE
  5
7D2
330
17
100
AcDbEntity
  8
LOWER
100
AcDbLine
 10
206000.0
 20
24382.978723404256
 30
350.0
 11
206000.0
 21
25021.27659574468
 31
350.0
  0
LINE
  5
7D3
330
17
100
AcDbEntity
  8
LOWER
100
AcDbLine
 10
206000.0
 20
25021.27659574468
 30
350.0
 11
206000.0
 21
25659.574468085106
 31
350.0
  0
LINE
  5
7D4
330
17
100
AcDbEntity
  8
LOWER
100
AcDbLine
 10
206000.0
 20
25659.574468085106
 30
350.0
 11
206000.0
 21
26297.872340425536
 31
350.0
  0
LINE
  5
7D5
330
17
100
AcDbEntity
  8
LOWER
100
AcDbLine
 10
206000.0
 20
26297.872340425536
 30
350.0
 11
206000.0
 21
26936.17021276596
 31
350.0
  0
LINE
  5
7D6
330
17
100
AcDbEntity
  8
LOWER
100
AcDbLine
 10
206000.0
 20
26936.17021276596
 30
350.0
 11
206000.0
 21
27574.468085106382
 31
350.0
  0
LINE
  5
7D7
330
17
100
AcDbEntity
  8
LOWER
100
AcDbLine
 10
206000.0
 20
27574.468085106382
 30
350.0
 11
206000.0
 21
28212.76595744681
 31
350.0
  0
LINE
  5
7D8
330
17
100
AcDbEntity
  8
LOWER
100
AcDbLine
 10
206000.0
 20
28212.76595744681
 30
350.0
 11
206000.0
 21
28851.063829787236
 31
350.0
  0
LINE
  5
7D9
330
17
100
AcDbEntity
  8
LOWER
100
AcDbLine
 10
206000.0
 20
28851.063829787236
 30
350.0
 11
206000.0
 21
29489.36170212766
 31
350.0
  0
LINE
  5
7DA
330
17
100
AcDbEntity
  8
LOWER
100
AcDbLine
 10
206000.0
 20
29489.36170212766
 30
350.0
 11
206000.0
 21
30127.65957446808
 31
350.0
  0
LINE
  5
7DB
330
17
100
AcDbEntity
  8
LOWER
100
AcDbLine
 10
206000.0
 20
30127.65957446808
 30
350.0
 11
206000.0
 21
30765.957446808512
 31
350.0
  0
LINE
  5
7DC
330
17
100
AcDbEntity
  8
LOWER
100
AcDbLine
 10
206000.0
 20
30765.957446808512
 30
350.0
 11
206000.0
 21
31404.25531914894
 31
350.0
  0
LINE
  5
7DD
330
17
100
AcDbEntity
  8
LOWER
100
AcDbLine
 10
206000.0
 20
31404.25531914894
 30
350.0
 11
206000.0
 21
32042.55319148936
 31
350.0
  0
LINE
  5
7DE
330
17
100
AcDbEntity
  8
LOWER
100
AcDbLine
 10
206000.0
 20
32042.55319148936
 30
350.0
 11
206000.0
 21
32680.851063829785
 31
350.0
  0
LINE
  5
7DF
330
17
100
AcDbEntity
  8
LOWER
100
AcDbLine
 10
206000.0
 20
32680.851063829785
 30
350.0
 11
206000.0
 21
33319.14893617021
 31
350.0
  0
LINE
  5
7E0
330
17
100
AcDbEntity
  8
LOWER
100
AcDbLine
 10
206000.0
 20
33319.14893617021
 30
350.0
 11
206000.0
 21
33957.44680851064
 31
350.0
  0
LINE
  5
7E1
330
17
100
AcDbEntity
  8
LOWER
100
AcDbLine
 10
206000.0
 20
33957.44680851064
 30
350.0
 11
206000.0
 21
34595.74468085107
 31
350.0
  0
LINE
  5
7E2
330
17
100
AcDbEntity
  8
LOWER
100
AcDbLine
 10
206000.0
 20
34595.74468085107
 30
350.0
 11
206000.0
 21
35234.04255319149
 31
350.0
  0
LINE
  5
7E3
330
17
100
AcDbEntity
  8
LOWER
100
AcDbLine
 10
206000.0
 20
35234.04255319149
 30
350.0
 11
206000.0
 21
35872.34042553192
 31
350.0
  0
LINE
  5
7E4
330
17
100
AcDbEntity
  8
LOWER
100
AcDbLine
 10
206000.0
 20
35872.34042553192
 30
350.0
 11
206000.0
 21
36510.63829787234
 31
350.0
  0
LINE
  5
7E5
330
17
100
AcDbEntity
  8
LOWER
100
AcDbLine
 10
206000.0
 20
36510.63829787234
 30
350.0
 11
206000.0
 21
37148.936170212764
 31
350.0
  0
LINE
  5
7E6
330
17
100
AcDbEntity
  8
LOWER
100
AcDbLine
 10
206000.0
 20
37148.936170212764
 30
350.0
 11
206000.0
 21
37787.234042553195
 31
350.0
  0
LINE
  5
7E7
330
17
100
AcDbEntity
  8
LOWER
100
AcDbLine
 10
206000.0
 20
37787.234042553195
 30
350.0
 11
206000.0
 21
38425.53191489362
 31
350.0
  0
LINE
  5
7E8
330
17
100
AcDbEntity
  8
LOWER
100
AcDbLine
 10
206000.0
 20
38425.53191489362
 30
350.0
 11
206000.0
 21
39063.82978723404
 31
350.0
  0
LINE
  5
7E9
330
17
100
AcDbEntity
  8
LOWER
100
AcDbLine
 10
206000.0
 20
39063.82978723404
 30
350.0
 11
206000.0
 21
39702.12765957447
 31
350.0
  0
LINE
  5
7EA
330
17
100
AcDbEntity
  8
LOWER
100
AcDbLine
 10
206000.0
 20
39702.12765957447
 30
350.0
 11
206000.0
 21
40340.42553191489
 31
350.0
  0
LINE
  5
7EB
330
17
100
AcDbEntity
  8
LOWER
100
AcDbLine
 10
206000.0
 20
40340.42553191489
 30
350.0
 11
206000.0
 21
40978.72340425532
 31
350.0
  0
LINE
  5
7EC
330
17
100
AcDbEntity
  8
LOWER
100
AcDbLine
 10
206000.0
 20
40978.72340425532
 30
350.0
 11
206000.0
 21
41617.02127659575
 31
350.0
  0
LINE
  5
7ED
330
17
100
AcDbEntity
  8
LOWER
100
AcDbLine
 10
206000.0
 20
41617.02127659575
 30
350.0
 11
206000.0
 21
42255.31914893616
 31
350.0
  0
LINE
  5
7EE
330
17
100
AcDbEntity
  8
LOWER
100
AcDbLine
 10
206000.0
 20
42255.31914893616
 30
350.0
 11
206000.0
 21
42893.617021276594
 31
350.0
  0
LINE
  5
7EF
330
17
100
AcDbEntity
  8
LOWER
100
AcDbLine
 10
206000.0
 20
42893.617021276594
 30
350.0
 11
206000.0
 21
43531.914893617024
 31
350.0
  0
LINE
  5
7F0
330
17
100
AcDbEntity
  8
LOWER
100
AcDbLine
 10
206000.0
 20
43531.914893617024
 30
350.0
 11
206000.0
 21
44170.21276595745
 31
350.0
  0
LINE
  5
7F1
330
17
100
AcDbEntity
  8
LOWER
100
AcDbLine
 10
206000.0
 20
44170.21276595745
 30
350.0
 11
206000.0
 21
44808.51063829788
 31
350.0
  0
LINE
  5
7F2
330
17
100
AcDbEntity
  8
LOWER
100
AcDbLine
 10
206000.0
 20
44808.51063829788
 30
350.0
 11
206000.0
 21
45446.8085106383
 31
350.0
  0
LINE
  5
7F3
330
17
100
AcDbEntity
  8
LOWER
100
AcDbLine
 10
206000.0
 20
45446.8085106383
 30
350.0
 11
206000.0
 21
46085.10638297872
 31
350.0
  0
LINE
  5
7F4
330
17
100
AcDbEntity
  8
LOWER
100
AcDbLine
 10
206000.0
 20
46085.10638297872
 30
350.0
 11
206000.0
 21
46723.404255319154
 31
350.0
  0
LINE
  5
7F5
330
17
100
AcDbEntity
  8
LOWER
100
AcDbLine
 10
206000.0
 20
46723.404255319154
 30
350.0
 11
206000.0
 21
47361.70212765957
 31
350.0
  0
LINE
  5
7F6
330
17
100
AcDbEntity
  8
LOWER
100
AcDbLine
 10
206000.0
 20
47361.70212765957
 30
350.0
 11
206000.0
 21
48000.0
 31
350.0
  0
LWPOLYLINE
  5
7F7
330
17
100
AcDbEntity
  8
FLOOR
100
AcDbPolyline
 90
4
 70
1
 10
180000.0
 20
0.0
 10
328000.0
 20
0.0
 10
328000.0
 20
160000.0
 10
180000.0
 20
160000.0
  0
POINT
  5
7F8
330
17
100
AcDbEntity
  8
CVS2_GUIDES
100
AcDbPoint
 10
225588.23529411765
 20
45600.0
 30
470.0
  0
POINT
  5
7F9
330
17
100
AcDbEntity
  8
CVS2_GUIDES
100
AcDbPoint
 10
233352.9411764706
 20
45600.0
 30
470.0
  0
POINT
  5
7FA
330
17
100
AcDbEntity
  8
CVS2_GUIDES
100
AcDbPoint
 10
241764.70588235292
 20
45600.0
 30
470.0
  0
POINT
  5
7FB
330
17
100
AcDbEntity
  8
CVS2_GUIDES
100
AcDbPoint
 10
249529.41176470587
 20
45600.0
 30
470.0
  0
POINT
  5
7FC
330
17
100
AcDbEntity
  8
CVS2_GUIDES
100
AcDbPoint
 10
257941.17647058822
 20
45600.0
 30
470.0
  0
POINT
  5
7FD
330
17
100
AcDbEntity
  8
CVS2_GUIDES
100
AcDbPoint
 10
266352.9411764706
 20
45600.0
 30
470.0
  0
ENDSEC
  0
SECTION
  2
OBJECTS
  0
DICTIONARY
  5
A
330
0
100
AcDbDictionary
281
1
  3
ACAD_COLOR
350
B
  3
ACAD_GROUP
350
C
  3
ACAD_LAYOUT
350
D
  3
ACAD_MATERIAL
350
E
  3
ACAD_MLEADERSTYLE
350
F
  3
ACAD_MLINESTYLE
350
10
  3
ACAD_PLOTSETTINGS
350
11
  3
ACAD_PLOTSTYLENAME
350
12
  3
ACAD_SCALELIST
350
14
  3
ACAD_TABLESTYLE
350
15
  3
ACAD_VISUALSTYLE
350
16
  3
EZDXF_META
350
2D
  0
DICTIONARY
  5
B
330
A
100
AcDbDictionary
281
1
  0
DICTIONARY
  5
C
330
A
100
AcDbDictionary
281
1
  0
DICTIONARY
  5
D
330
A
100
AcDbDictionary
281
1
  3
Model
350
1A
  3
Layout1
350
1E
  0
DICTIONARY
  5
E
330
A
100
AcDbDictionary
281
1
  3
ByBlock
350
1F
  3
ByLayer
350
20
  3
Global
350
21
  0
DICTIONARY
  5
F
330
A
100
AcDbDictionary
281
1
  3
Standard
350
2C
  0
DICTIONARY
  5
10
330
A
100
AcDbDictionary
281
1
  3
Standard
350
22
  0
DICTIONARY
  5
11
330
A
100
AcDbDictionary
281
1
  0
ACDBDICTIONARYWDFLT
  5
12
330
A
100
AcDbDictionary
281
1
  3
Normal
350
13
100
AcDbDictionaryWithDefault
340
13
  0
ACDBPLACEHOLDER
  5
13
330
12
  0
DICTIONARY
  5
14
330
A
100
AcDbDictionary
281
1
  0
DICTIONARY
  5
15
330
A
100
AcDbDictionary
281
1
  0
DICTIONARY
  5
16
330
A
100
AcDbDictionary
281
1
  0
LAYOUT
  5
1A
330
D
100
AcDbPlotSettings
  1

  4
A3
  6

 40
7.5
 41
20.0
 42
7.5
 43
20.0
 44
420.0
 45
297.0
 46
0.0
 47
0.0
 48
0.0
 49
0.0
140
0.0
141
0.0
142
1.0
143
1.0
 70
1024
 72
1
 73
0
 74
5
  7

 75
16
 76
0
 77
2
 78
300
147
1.0
148
0.0
149
0.0
100
AcDbLayout
  1
Model
 70
1
 71
0
 10
0.0
 20
0.0
 11
420.0
 21
297.0
 12
0.0
 22
0.0
 32
0.0
 14
1e+20
 24
1e+20
 34
1e+20
 15
-1e+20
 25
-1e+20
 35
-1e+20
146
0.0
 13
0.0
 23
0.0
 33
0.0
 16
1.0
 26
0.0
 36
0.0
 17
0.0
 27
1.0
 37
0.0
 76
1
330
17
  0
LAYOUT
  5
1E
330
D
100
AcDbPlotSettings
  1

  4
A3
  6

 40
7.5
 41
20.0
 42
7.5
 43
20.0
 44
420.0
 45
297.0
 46
0.0
 47
0.0
 48
0.0
 49
0.0
140
0.0
141
0.0
142
1.0
143
1.0
 70
0
 72
1
 73
0
 74
5
  7

 75
16
 76
0
 77
2
 78
300
147
1.0
148
0.0
149
0.0
100
AcDbLayout
  1
Layout1
 70
1
 71
1
 10
0.0
 20
0.0
 11
420.0
 21
297.0
 12
0.0
 22
0.0
 32
0.0
 14
1e+20
 24
1e+20
 34
1e+20
 15
-1e+20
 25
-1e+20
 35
-1e+20
146
0.0
 13
0.0
 23
0.0
 33
0.0
 16
1.0
 26
0.0
 36
0.0
 17
0.0
 27
1.0
 37
0.0
 76
1
330
1B
  0
MATERIAL
  5
1F
102
{ACAD_REACTORS
330
E
102
}
330
E
100
AcDbMaterial
  1
ByBlock
  2

 70
0
 40
1.0
 71
1
 41
1.0
 91
-1023410177
 42
1.0
 72
1
  3

 73
1
 74
1
 75
1
 44
0.5
 73
0
 45
1.0
 46
1.0
 77
1
  4

 78
1
 79
1
170
1
 48
1.0
171
1
  6

172
1
173
1
174
1
140
1.0
141
1.0
175
1
  7

176
1
177
1
178
1
143
1.0
179
1
  8

270
1
271
1
272
1
145
1.0
146
1.0
273
1
  9

274
1
275
1
276
1
 42
1.0
 72
1
  3

 73
1
 74
1
 75
1
 94
63
  0
MATERIAL
  5
20
102
{ACAD_REACTORS
330
E
102
}
330
E
100
AcDbMaterial
  1
ByLayer
  2

 70
0
 40
1.0
 71
1
 41
1.0
 91
-1023410177
 42
1.0
 72
1
  3

 73
1
 74
1
 75
1
 44
0.5
 73
0
 45
1.0
 46
1.0
 77
1
  4

 78
1
 79
1
170
1
 48
1.0
171
1
  6

172
1
173
1
174
1
140
1.0
141
1.0
175
1
  7

176
1
177
1
178
1
143
1.0
179
1
  8

270
1
271
1
272
1
145
1.0
146
1.0
273
1
  9

274
1
275
1
276
1
 42
1.0
 72
1
  3

 73
1
 74
1
 75
1
 94
63
  0
MATERIAL
  5
21
102
{ACAD_REACTORS
330
E
102
}
330
E
100
AcDbMaterial
  1
Global
  2

 70
0
 40
1.0
 71
1
 41
1.0
 91
-1023410177
 42
1.0
 72
1
  3

 73
1
 74
1
 75
1
 44
0.5
 73
0
 45
1.0
 46
1.0
 77
1
  4

 78
1
 79
1
170
1
 48
1.0
171
1
  6

172
1
173
1
174
1
140
1.0
141
1.0
175
1
  7

176
1
177
1
178
1
143
1.0
179
1
  8

270
1
271
1
272
1
145
1.0
146
1.0
273
1
  9

274
1
275
1
276
1
 42
1.0
 72
1
  3

 73
1
 74
1
 75
1
 94
63
  0
MLINESTYLE
  5
22
102
{ACAD_REACTORS
330
10
102
}
330
10
100
AcDbMlineStyle
  2
Standard
 70
0
  3

 62
256
 51
90.0
 52
90.0
 71
2
 49
0.5
 62
256
  6
BYLAYER
 49
-0.5
 62
256
  6
BYLAYER
  0
MLEADERSTYLE
  5
2C
102
{ACAD_REACTORS
330
F
102
}
330
F
100
AcDbMLeaderStyle
179
2
170
2
171
1
172
0
 90
2
 40
0.0
 41
0.0
173
1
 91
-1056964608
 92
-2
290
1
 42
2.0
291
1
 43
8.0
  3
Standard
 44
4.0
300

342
29
174
1
175
1
176
0
178
1
 93
-1056964608
 45
4.0
292
0
297
0
 46
4.0
 94
-1056964608
 47
1.0
 49
1.0
140
1.0
294
1
141
0.0
177
0
142
1.0
295
0
296
0
143
3.75
271
0
272
9
273
9
  0
DICTIONARY
  5
2D
330
A
100
AcDbDictionary
280
1
281
1
  3
CREATED_BY_EZDXF
350
2E
  3
WRITTEN_BY_EZDXF
350
800
  0
DICTIONARYVAR
  5
2E
330
2D
100
DictionaryVariables
280
0
  1
1.4.4 @ 2026-10-07T12:01:14.150186+00:00
  0
DICTIONARYVAR
  5
800
330
2D
100
DictionaryVariables
280
0
  1
1.4.4 @ 2026-10-07T12:01:14.186585+00:00
  0
ENDSEC
  0
EOF
