  0
SECTION
  2
HEADER
  9
$ACADVER
  1
AC1024
  9
$ACADMAINTVER
 70
6
  9
$DWGCODEPAGE
  3
ANSI_1252
  9
$LASTSAVEDBY
  1
ezdxf
  9
$INSBASE
 10
0.0
 20
0.0
 30
0.0
  9
$EXTMIN
 10
1e+20
 20
1e+20
 30
1e+20
  9
$EXTMAX
 10
-1e+20
 20
-1e+20
 30
-1e+20
  9
$LIMMIN
 10
0.0
 20
0.0
  9
$LIMMAX
 10
420.0
 20
297.0
  9
$ORTHOMODE
 70
0
  9
$REGENMODE
 70
1
  9
$FILLMODE
 70
1
  9
$QTEXTMODE
 70
0
  9
$MIRRTEXT
 70
1
  9
$LTSCALE
 40
1.0
  9
$ATTMODE
 70
1
  9
$TEXTSIZE
 40
2.5
  9
$TRACEWID
 40
1.0
  9
$TEXTSTYLE
  7
Standard
  9
$CLAYER
  8
0
  9
$CELTYPE
  6
ByLayer
  9
$CECOLOR
 62
256
  9
$CELTSCALE
 40
1.0
  9
$DISPSILH
 70
0
  9
$DIMSCALE
 40
1.0
  9
$DIMASZ
 40
2.5
  9
$DIMEXO
 40
0.625
  9
$DIMDLI
 40
3.75
  9
$DIMRND
 40
0.0
  9
$DIMDLE
 40
0.0
  9
$DIMEXE
 40
1.25
  9
$DIMTP
 40
0.0
  9
$DIMTM
 40
0.0
  9
$DIMTXT
 40
2.5
  9
$DIMCEN
 40
2.5
  9
$DIMTSZ
 40
0.0
  9
$DIMTOL
 70
0
  9
$DIMLIM
 70
0
  9
$DIMTIH
 70
0
  9
$DIMTOH
 70
0
  9
$DIMSE1
 70
0
  9
$DIMSE2
 70
0
  9
$DIMTAD
 70
1
  9
$DIMZIN
 70
8
  9
$DIMBLK
  1

  9
$DIMASO
 70
1
  9
$DIMSHO
 70
1
  9
$DIMPOST
  1

  9
$DIMAPOST
  1

  9
$DIMALT
 70
0
  9
$DIMALTD
 70
3
  9
$DIMALTF
 40
0.03937007874
  9
$DIMLFAC
 40
1.0
  9
$DIMTOFL
 70
1
  9
$DIMTVP
 40
0.0
  9
$DIMTIX
 70
0
  9
$DIMSOXD
 70
0
  9
$DIMSAH
 70
0
  9
$DIMBLK1
  1

  9
$DIMBLK2
  1

  9
$DIMSTYLE
  2
ISO-25
  9
$DIMCLRD
 70
0
  9
$DIMCLRE
 70
0
  9
$DIMCLRT
 70
0
  9
$DIMTFAC
 40
1.0
  9
$DIMGAP
 40
0.625
  9
$DIMJUST
 70
0
  9
$DIMSD1
 70
0
  9
$DIMSD2
 70
0
  9
$DIMTOLJ
 70
0
  9
$DIMTZIN
 70
8
  9
$DIMALTZ
 70
0
  9
$DIMALTTZ
 70
0
  9
$DIMUPT
 70
0
  9
$DIMDEC
 70
2
  9
$DIMTDEC
 70
2
  9
$DIMALTU
 70
2
  9
$DIMALTTD
 70
3
  9
$DIMTXSTY
  7
Standard
  9
$DIMAUNIT
 70
0
  9
$DIMADEC
 70
0
  9
$DIMALTRND
 40
0.0
  9
$DIMAZIN
 70
0
  9
$DIMDSEP
 70
44
  9
$DIMATFIT
 70
3
  9
$DIMFRAC
 70
0
  9
$DIMLDRBLK
  1

  9
$DIMLUNIT
 70
2
  9
$DIMLWD
 70
-2
  9
$DIMLWE
 70
-2
  9
$DIMTMOVE
 70
0
  9
$DIMFXL
 40
1.0
  9
$DIMFXLON
 70
0
  9
$DIMJOGANG
 40
0.785398163397
  9
$DIMTFILL
 70
0
  9
$DIMTFILLCLR
 70
0
  9
$DIMARCSYM
 70
0
  9
$DIMLTYPE
  6

  9
$DIMLTEX1
  6

  9
$DIMLTEX2
  6

  9
$DIMTXTDIRECTION
 70
0
  9
$LUNITS
 70
2
  9
$LUPREC
 70
4
  9
$SKETCHINC
 40
1.0
  9
$FILLETRAD
 40
10.0
  9
$AUNITS
 70
0
  9
$AUPREC
 70
2
  9
$MENU
  1
.
  9
$ELEVATION
 40
0.0
  9
$PELEVATION
 40
0.0
  9
$THICKNESS
 40
0.0
  9
$LIMCHECK
 70
0
  9
$CHAMFERA
 40
0.0
  9
$CHAMFERB
 40
0.0
  9
$CHAMFERC
 40
0.0
  9
$CHAMFERD
 40
0.0
  9
$SKPOLY
 70
0
  9
$TDCREATE
 40
2461322.5255555557
  9
$TDUCREATE
 40
2458532.153996898
  9
$TDUPDATE
 40
2461322.5255555557
  9
$TDUUPDATE
 40
2458532.1544311
  9
$TDINDWG
 40
0.0
  9
$TDUSRTIMER
 40
0.0
  9
$USRTIMER
 70
1
  9
$ANGBASE
 50
0.0
  9
$ANGDIR
 70
0
  9
$PDMODE
 70
0
  9
$PDSIZE
 40
0.0
  9
$PLINEWID
 40
0.0
  9
$SPLFRAME
 70
0
  9
$SPLINETYPE
 70
6
  9
$SPLINESEGS
 70
8
  9
$HANDSEED
  5
73D
  9
$SURFTAB1
 70
6
  9
$SURFTAB2
 70
6
  9
$SURFTYPE
 70
6
  9
$SURFU
 70
6
  9
$SURFV
 70
6
  9
$UCSBASE
  2

  9
$UCSNAME
  2

  9
$UCSORG
 10
0.0
 20
0.0
 30
0.0
  9
$UCSXDIR
 10
1.0
 20
0.0
 30
0.0
  9
$UCSYDIR
 10
0.0
 20
1.0
 30
0.0
  9
$UCSORTHOREF
  2

  9
$UCSORTHOVIEW
 70
0
  9
$UCSORGTOP
 10
0.0
 20
0.0
 30
0.0
  9
$UCSORGBOTTOM
 10
0.0
 20
0.0
 30
0.0
  9
$UCSORGLEFT
 10
0.0
 20
0.0
 30
0.0
  9
$UCSORGRIGHT
 10
0.0
 20
0.0
 30
0.0
  9
$UCSORGFRONT
 10
0.0
 20
0.0
 30
0.0
  9
$UCSORGBACK
 10
0.0
 20
0.0
 30
0.0
  9
$PUCSBASE
  2

  9
$PUCSNAME
  2

  9
$PUCSORG
 10
0.0
 20
0.0
 30
0.0
  9
$PUCSXDIR
 10
1.0
 20
0.0
 30
0.0
  9
$PUCSYDIR
 10
0.0
 20
1.0
 30
0.0
  9
$PUCSORTHOREF
  2

  9
$PUCSORTHOVIEW
 70
0
  9
$PUCSORGTOP
 10
0.0
 20
0.0
 30
0.0
  9
$PUCSORGBOTTOM
 10
0.0
 20
0.0
 30
0.0
  9
$PUCSORGLEFT
 10
0.0
 20
0.0
 30
0.0
  9
$PUCSORGRIGHT
 10
0.0
 20
0.0
 30
0.0
  9
$PUCSORGFRONT
 10
0.0
 20
0.0
 30
0.0
  9
$PUCSORGBACK
 10
0.0
 20
0.0
 30
0.0
  9
$USERI1
 70
0
  9
$USERI2
 70
0
  9
$USERI3
 70
0
  9
$USERI4
 70
0
  9
$USERI5
 70
0
  9
$USERR1
 40
0.0
  9
$USERR2
 40
0.0
  9
$USERR3
 40
0.0
  9
$USERR4
 40
0.0
  9
$USERR5
 40
0.0
  9
$WORLDVIEW
 70
1
  9
$SHADEDGE
 70
3
  9
$SHADEDIF
 70
70
  9
$TILEMODE
 70
1
  9
$MAXACTVP
 70
64
  9
$PINSBASE
 10
0.0
 20
0.0
 30
0.0
  9
$PLIMCHECK
 70
0
  9
$PEXTMIN
 10
1e+20
 20
1e+20
 30
1e+20
  9
$PEXTMAX
 10
-1e+20
 20
-1e+20
 30
-1e+20
  9
$PLIMMIN
 10
0.0
 20
0.0
  9
$PLIMMAX
 10
420.0
 20
297.0
  9
$UNITMODE
 70
0
  9
$VISRETAIN
 70
1
  9
$PLINEGEN
 70
0
  9
$PSLTSCALE
 70
1
  9
$TREEDEPTH
 70
3020
  9
$CMLSTYLE
  2
Standard
  9
$CMLJUST
 70
0
  9
$CMLSCALE
 40
20.0
  9
$PROXYGRAPHICS
 70
1
  9
$MEASUREMENT
 70
1
  9
$CELWEIGHT
370
-1
  9
$ENDCAPS
280
0
  9
$JOINSTYLE
280
0
  9
$LWDISPLAY
290
0
  9
$INSUNITS
 70
4
  9
$HYPERLINKBASE
  1

  9
$STYLESHEET
  1

  9
$XEDIT
290
1
  9
$CEPSNTYPE
380
0
  9
$PSTYLEMODE
290
1
  9
$FINGERPRINTGUID
  2
{D93B489C-198E-438E-BBD3-E7D02E9CFAED}
  9
$VERSIONGUID
  2
{9EE718DF-16FC-48B9-B51A-08E6012C8BB6}
  9
$EXTNAMES
290
1
  9
$PSVPSCALE
 40
0.0
  9
$OLESTARTUP
290
0
  9
$SORTENTS
280
127
  9
$INDEXCTL
280
0
  9
$HIDETEXT
280
1
  9
$XCLIPFRAME
280
1
  9
$HALOGAP
280
0
  9
$OBSCOLOR
 70
257
  9
$OBSLTYPE
280
0
  9
$INTERSECTIONDISPLAY
280
0
  9
$INTERSECTIONCOLOR
 70
257
  9
$DIMASSOC
280
2
  9
$PROJECTNAME
  1

  9
$CAMERADISPLAY
290
0
  9
$LENSLENGTH
 40
50.0
  9
$CAMERAHEIGHT
 40
0.0
  9
$STEPSPERSEC
 40
24.0
  9
$STEPSIZE
 40
100.0
  9
$3DDWFPREC
 40
2.0
  9
$PSOLWIDTH
 40
0.005
  9
$PSOLHEIGHT
 40
0.08
  9
$LOFTANG1
 40
1.570796326795
  9
$LOFTANG2
 40
1.570796326795
  9
$LOFTMAG1
 40
0.0
  9
$LOFTMAG2
 40
0.0
  9
$LOFTPARAM
 70
7
  9
$LOFTNORMALS
280
1
  9
$LATITUDE
 40
37.795
  9
$LONGITUDE
 40
-122.394
  9
$NORTHDIRECTION
 40
0.0
  9
$TIMEZONE
 70
-8000
  9
$LIGHTGLYPHDISPLAY
280
1
  9
$TILEMODELIGHTSYNCH
280
1
  9
$CMATERIAL
347
20
  9
$SOLIDHIST
280
0
  9
$SHOWHIST
280
1
  9
$DWFFRAME
280
2
  9
$DGNFRAME
280
2
  9
$REALWORLDSCALE
290
1
  9
$INTERFERECOLOR
 62
256
  9
$CSHADOW
280
0
  9
$SHADOWPLANELOCATION
 40
0.0
  0
ENDSEC
  0
SECTION
  2
CLASSES
  0
CLASS
  1
ACDBDICTIONARYWDFLT
  2
AcDbDictionaryWithDefault
  3
ObjectDBX Classes
 90
0
 91
0
280
0
281
0
  0
CLASS
  1
SUN
  2
AcDbSun
  3
SCENEOE
 90
1153
 91
0
280
0
281
0
  0
CLASS
  1
VISUALSTYLE
  2
AcDbVisualStyle
  3
ObjectDBX Classes
 90
4095
 91
0
280
0
281
0
  0
CLASS
  1
MATERIAL
  2
AcDbMaterial
  3
ObjectDBX Classes
 90
1153
 91
0
280
0
281
0
  0
CLASS
  1
SCALE
  2
AcDbScale
  3
ObjectDBX Classes
 90
1153
 91
0
280
0
281
0
  0
CLASS
  1
TABLESTYLE
  2
AcDbTableStyle
  3
ObjectDBX Classes
 90
4095
 91
0
280
0
281
0
  0
CLASS
  1
MLEADERSTYLE
  2
AcDbMLeaderStyle
  3
ACDB_MLEADERSTYLE_CLASS
 90
4095
 91
0
280
0
281
0
  0
CLASS
  1
DICTIONARYVAR
  2
AcDbDictionaryVar
  3
ObjectDBX Classes
 90
0
 91
0
280
0
281
0
  0
CLASS
  1
CELLSTYLEMAP
  2
AcDbCellStyleMap
  3
ObjectDBX Classes
 90
1152
 91
0
280
0
281
0
  0
CLASS
  1
MENTALRAYRENDERSETTINGS
  2
AcDbMentalRayRenderSettings
  3
SCENEOE
 90
1024
 91
0
280
0
281
0
  0
CLASS
  1
ACDBDETAILVIEWSTYLE
  2
AcDbDetailViewStyle
  3
ObjectDBX Classes
 90
1025
 91
0
280
0
281
0
  0
CLASS
  1
ACDBSECTIONVIEWSTYLE
  2
AcDbSectionViewStyle
  3
ObjectDBX Classes
 90
1025
 91
0
280
0
281
0
  0
CLASS
  1
RASTERVARIABLES
  2
AcDbRasterVariables
  3
ISM
 90
0
 91
0
280
0
281
0
  0
CLASS
  1
LAYOUT
  2
AcDbLayout
  3
ObjectDBX Classes
 90
0
 91
0
280
0
281
0
  0
CLASS
  1
ACDBPLACEHOLDER
  2
AcDbPlaceHolder
  3
ObjectDBX Classes
 90
0
 91
0
280
0
281
0
  0
ENDSEC
  0
SECTION
  2
TABLES
  0
TABLE
  2
VPORT
  5
8
330
0
100
AcDbSymbolTable
 70
1
  0
VPORT
  5
23
330
8
100
AcDbSymbolTableRecord
100
AcDbViewportTableRecord
  2
*Active
 70
0
 10
0.0
 20
0.0
 11
1.0
 21
1.0
 12
0.0
 22
0.0
 13
0.0
 23
0.0
 14
0.5
 24
0.5
 15
0.5
 25
0.5
 16
0.0
 26
0.0
 36
1.0
 17
0.0
 27
0.0
 37
0.0
 40
1000.0
 41
1.34
 42
50.0
 43
0.0
 44
0.0
 50
0.0
 51
0.0
 71
0
 72
1000
 73
1
 74
3
 75
0
 76
0
 77
0
 78
0
281
0
 65
0
146
0.0
  0
ENDTAB
  0
TABLE
  2
LTYPE
  5
2
330
0
100
AcDbSymbolTable
 70
3
  0
LTYPE
  5
24
330
2
100
AcDbSymbolTableRecord
100
AcDbLinetypeTableRecord
  2
ByBlock
 70
0
  3

 72
65
 73
0
 40
0.0
  0
LTYPE
  5
25
330
2
100
AcDbSymbolTableRecord
100
AcDbLinetypeTableRecord
  2
ByLayer
 70
0
  3

 72
65
 73
0
 40
0.0
  0
LTYPE
  5
26
330
2
100
AcDbSymbolTableRecord
100
AcDbLinetypeTableRecord
  2
Continuous
 70
0
  3

 72
65
 73
0
 40
0.0
  0
ENDTAB
  0
TABLE
  2
LAYER
  5
1
330
0
100
AcDbSymbolTable
 70
7
  0
LAYER
  5
27
330
1
100
AcDbSymbolTableRecord
100
AcDbLayerTableRecord
  2
0
 70
0
 62
7
  6
Continuous
370
-3
390
13
347
21
  0
LAYER
  5
28
330
1
100
AcDbSymbolTableRecord
100
AcDbLayerTableRecord
  2
Defpoints
 70
0
 62
7
  6
Continuous
290
0
370
-3
390
13
347
21
  0
LAYER
  5
2F
330
1
100
AcDbSymbolTableRecord
100
AcDbLayerTableRecord
  2
LOWER
 70
0
 62
4
  6
Continuous
370
-3
390
13
347
21
  0
LAYER
  5
30
330
1
100
AcDbSymbolTableRecord
100
AcDbLayerTableRecord
  2
MIDDLE
 70
0
 62
30
  6
Continuous
370
-3
390
13
347
21
  0
LAYER
  5
31
330
1
100
AcDbSymbolTableRecord
100
AcDbLayerTableRecord
  2
UPPER
 70
0
 62
3
  6
Continuous
370
-3
390
13
347
21
  0
LAYER
  5
32
330
1
100
AcDbSymbolTableRecord
100
AcDbLayerTableRecord
  2
FLOOR
 70
0
 62
8
  6
Continuous
370
-3
390
13
347
21
  0
LAYER
  5
33
330
1
100
AcDbSymbolTableRecord
100
AcDbLayerTableRecord
  2
CVS2_GUIDES
 70
0
 62
2
  6
Continuous
370
-3
390
13
347
21
  0
ENDTAB
  0
TABLE
  2
STYLE
  5
5
330
0
100
AcDbSymbolTable
 70
1
  0
STYLE
  5
29
330
5
100
AcDbSymbolTableRecord
100
AcDbTextStyleTableRecord
  2
Standard
 70
0
 40
0.0
 41
1.0
 50
0.0
 71
0
 42
2.5
  3
txt
  4

  0
ENDTAB
  0
TABLE
  2
VIEW
  5
7
330
0
100
AcDbSymbolTable
 70
0
  0
ENDTAB
  0
TABLE
  2
UCS
  5
6
330
0
100
AcDbSymbolTable
 70
0
  0
ENDTAB
  0
TABLE
  2
APPID
  5
3
330
0
100
AcDbSymbolTable
 70
3
  0
APPID
  5
2A
330
3
100
AcDbSymbolTableRecord
100
AcDbRegAppTableRecord
  2
ACAD
 70
0
  0
APPID
  5
73A
330
3
100
AcDbSymbolTableRecord
100
AcDbRegAppTableRecord
  2
HATCHBACKGROUNDCOLOR
 70
0
  0
APPID
  5
73B
330
3
100
AcDbSymbolTableRecord
100
AcDbRegAppTableRecord
  2
EZDXF
 70
0
  0
ENDTAB
  0
TABLE
  2
DIMSTYLE
  5
4
330
0
100
AcDbSymbolTable
 70
1
100
AcDbDimStyleTable
  0
DIMSTYLE
105
2B
330
4
100
AcDbSymbolTableRecord
100
AcDbDimStyleTableRecord
  2
Standard
 70
0
 40
1.0
 41
2.5
 42
0.625
 43
3.75
 44
1.25
 45
0.0
 46
0.0
 47
0.0
 48
0.0
 49
2.5
140
2.5
141
2.5
142
0.0
143
0.03937007874
144
1.0
145
0.0
146
1.0
147
0.625
148
0.0
 69
0
 70
0
 71
0
 72
0
 73
0
 74
0
 75
0
 76
0
 77
1
 78
8
 79
3
170
0
171
3
172
1
173
0
174
0
175
0
176
0
177
0
178
0
179
2
271
2
272
2
273
2
274
3
275
0
276
0
277
2
278
44
279
0
280
0
281
0
282
0
283
0
284
8
285
0
286
0
288
0
289
3
290
0
371
-2
372
-2
  0
ENDTAB
  0
TABLE
  2
BLOCK_RECORD
  5
9
330
0
100
AcDbSymbolTable
 70
2
  0
BLOCK_RECORD
  5
17
330
9
100
AcDbSymbolTableRecord
100
AcDbBlockTableRecord
  2
*Model_Space
340
1A
 70
0
280
1
281
0
  0
BLOCK_RECORD
  5
1B
330
9
100
AcDbSymbolTableRecord
100
AcDbBlockTableRecord
  2
*Paper_Space
340
1E
 70
0
280
1
281
0
  0
ENDTAB
  0
ENDSEC
  0
SECTION
  2
BLOCKS
  0
BLOCK
  5
18
330
17
100
AcDbEntity
  8
0
100
AcDbBlockBegin
  2
*Model_Space
 70
0
 10
0.0
 20
0.0
 30
0.0
  3
*Model_Space
  1

  0
ENDBLK
  5
19
330
17
100
AcDbEntity
  8
0
100
AcDbBlockEnd
  0
BLOCK
  5
1C
330
1B
100
AcDbEntity
  8
0
100
AcDbBlockBegin
  2
*Paper_Space
 70
0
 10
0.0
 20
0.0
 30
0.0
  3
*Paper_Space
  1

  0
ENDBLK
  5
1D
330
1B
100
AcDbEntity
  8
0
100
AcDbBlockEnd
  0
ENDSEC
  0
SECTION
  2
ENTITIES
  0
LINE
  5
34
330
17
100
AcDbEntity
  8
LOWER
100
AcDbLine
 10
287514.7186257614
 20
34000.0
 30
350.0
 11
288102.82146773883
 21
33971.108360033184
 31
350.0
  0
LINE
  5
35
330
17
100
AcDbEntity
  8
LOWER
100
AcDbLine
 10
288102.82146773883
 20
33971.108360033184
 30
350.0
 11
288685.2605578582
 21
33884.71168241938
 31
350.0
  0
LINE
  5
36
330
17
100
AcDbEntity
  8
LOWER
100
AcDbLine
 10
288685.2605578582
 20
33884.71168241938
 30
350.0
 11
289256.42668928823
 21
33741.64201439325
 31
350.0
  0
LINE
  5
37
330
17
100
AcDbEntity
  8
LOWER
100
AcDbLine
 10
289256.42668928823
 20
33741.64201439325
 30
350.0
 11
289810.8192199519
 21
33543.27719506772
 31
350.0
  0
LINE
  5
38
330
17
100
AcDbEntity
  8
LOWER
100
AcDbLine
 10
289810.8192199519
 20
33543.27719506772
 30
350.0
 11
290343.0990467174
 21
33291.527586090124
 31
350.0
  0
LINE
  5
39
330
17
100
AcDbEntity
  8
LOWER
100
AcDbLine
 10
290343.0990467174
 20
33291.527586090124
 30
350.0
 11
290848.14002387907
 21
32988.81767381527
 31
350.0
  0
LINE
  5
3A
330
17
100
AcDbEntity
  8
LOWER
100
AcDbLine
 10
290848.14002387907
 20
32988.81767381527
 30
350.0
 11
291321.0783307433
 21
32638.062720176422
 31
350.0
  0
LINE
  5
3B
330
17
100
AcDbEntity
  8
LOWER
100
AcDbLine
 10
291321.0783307433
 20
32638.062720176422
 30
350.0
 11
291757.35931288067
 21
32242.640687119285
 31
350.0
  0
LINE
  5
3C
330
17
100
AcDbEntity
  8
LOWER
100
AcDbLine
 10
291757.35931288067
 20
32242.640687119285
 30
350.0
 11
292171.5728752538
 21
31828.427124746187
 31
350.0
  0
LINE
  5
3D
330
17
100
AcDbEntity
  8
LOWER
100
AcDbLine
 10
292171.5728752538
 20
31828.427124746187
 30
350.0
 11
292585.78643762687
 21
31414.213562373097
 31
350.0
  0
LINE
  5
3E
330
17
100
AcDbEntity
  8
LOWER
100
AcDbLine
 10
292585.78643762687
 20
31414.213562373097
 30
350.0
 11
293000.0
 21
31000.0
 31
350.0
  0
LINE
  5
3F
330
17
100
AcDbEntity
  8
LOWER
100
AcDbLine
 10
293000.0
 20
31000.0
 30
350.0
 11
293414.21356237313
 21
30585.786437626903
 31
350.0
  0
LINE
  5
40
330
17
100
AcDbEntity
  8
LOWER
100
AcDbLine
 10
293414.21356237313
 20
30585.786437626903
 30
350.0
 11
293828.4271247462
 21
30171.572875253813
 31
350.0
  0
LINE
  5
41
330
17
100
AcDbEntity
  8
LOWER
100
AcDbLine
 10
293828.4271247462
 20
30171.572875253813
 30
350.0
 11
294242.64068711933
 21
29757.35931288072
 31
350.0
  0
LINE
  5
42
330
17
100
AcDbEntity
  8
LOWER
100
AcDbLine
 10
294242.64068711933
 20
29757.35931288072
 30
350.0
 11
294678.92166925676
 21
29361.937279823578
 31
350.0
  0
LINE
  5
43
330
17
100
AcDbEntity
  8
LOWER
100
AcDbLine
 10
294678.92166925676
 20
29361.937279823578
 30
350.0
 11
295151.85997612093
 21
29011.18232618473
 31
350.0
  0
LINE
  5
44
330
17
100
AcDbEntity
  8
LOWER
100
AcDbLine
 10
295151.85997612093
 20
29011.18232618473
 30
350.0
 11
295656.9009532826
 21
28708.472413909873
 31
350.0
  0
LINE
  5
45
330
17
100
AcDbEntity
  8
LOWER
100
AcDbLine
 10
295656.9009532826
 20
28708.472413909873
 30
350.0
 11
296189.1807800481
 21
28456.722804932284
 31
350.0
  0
LINE
  5
46
330
17
100
AcDbEntity
  8
LOWER
100
AcDbLine
 10
296189.1807800481
 20
28456.722804932284
 30
350.0
 11
296743.57331071177
 21
28258.357985606748
 31
350.0
  0
LINE
  5
47
330
17
100
AcDbEntity
  8
LOWER
100
AcDbLine
 10
296743.57331071177
 20
28258.357985606748
 30
350.0
 11
297314.7394421418
 21
28115.288317580616
 31
350.0
  0
LINE
  5
48
330
17
100
AcDbEntity
  8
LOWER
100
AcDbLine
 10
297314.7394421418
 20
28115.288317580616
 30
350.0
 11
297897.17853226117
 21
28028.89163996682
 31
350.0
  0
LINE
  5
49
330
17
100
AcDbEntity
  8
LOWER
100
AcDbLine
 10
297897.17853226117
 20
28028.89163996682
 30
350.0
 11
298485.2813742386
 21
28000.0
 31
350.0
  0
LINE
  5
4A
330
17
100
AcDbEntity
  8
LOWER
100
AcDbLine
 10
298485.2813742386
 20
28000.0
 30
350.0
 11
299098.02788821206
 21
28000.0
 31
350.0
  0
LINE
  5
4B
330
17
100
AcDbEntity
  8
LOWER
100
AcDbLine
 10
299098.02788821206
 20
28000.0
 30
350.0
 11
299710.7744021856
 21
28000.0
 31
350.0
  0
LINE
  5
4C
330
17
100
AcDbEntity
  8
LOWER
100
AcDbLine
 10
299710.7744021856
 20
28000.0
 30
350.0
 11
300323.52091615903
 21
28000.0
 31
350.0
  0
LINE
  5
4D
330
17
100
AcDbEntity
  8
LOWER
100
AcDbLine
 10
300323.52091615903
 20
28000.0
 30
350.0
 11
300936.26743013255
 21
28000.0
 31
350.0
  0
LINE
  5
4E
330
17
100
AcDbEntity
  8
LOWER
100
AcDbLine
 10
300936.26743013255
 20
28000.0
 30
350.0
 11
301549.01394410606
 21
28000.0
 31
350.0
  0
LINE
  5
4F
330
17
100
AcDbEntity
  8
LOWER
100
AcDbLine
 10
301549.01394410606
 20
28000.0
 30
350.0
 11
302161.7604580795
 21
28000.0
 31
350.0
  0
LINE
  5
50
330
17
100
AcDbEntity
  8
LOWER
100
AcDbLine
 10
302161.7604580795
 20
28000.0
 30
350.0
 11
302774.50697205303
 21
28000.0
 31
350.0
  0
LINE
  5
51
330
17
100
AcDbEntity
  8
LOWER
100
AcDbLine
 10
302774.50697205303
 20
28000.0
 30
350.0
 11
303387.2534860265
 21
28000.0
 31
350.0
  0
LINE
  5
52
330
17
100
AcDbEntity
  8
LOWER
100
AcDbLine
 10
303387.2534860265
 20
28000.0
 30
350.0
 11
304000.0
 21
28000.0
 31
350.0
  0
LINE
  5
53
330
17
100
AcDbEntity
  8
LOWER
100
AcDbLine
 10
304000.0
 20
28000.0
 30
350.0
 11
304644.2550417506
 21
28012.976029254885
 31
350.0
  0
LINE
  5
54
330
17
100
AcDbEntity
  8
LOWER
100
AcDbLine
 10
304644.2550417506
 20
28012.976029254885
 30
350.0
 11
305287.4650994676
 21
28051.883069852644
 31
350.0
  0
LINE
  5
55
330
17
100
AcDbEntity
  8
LOWER
100
AcDbLine
 10
305287.4650994676
 20
28051.883069852644
 30
350.0
 11
305928.5868840852
 21
28116.658014431137
 31
350.0
  0
LINE
  5
56
330
17
100
AcDbEntity
  8
LOWER
100
AcDbLine
 10
305928.5868840852
 20
28116.658014431137
 30
350.0
 11
306566.58049372415
 21
28207.195797793396
 31
350.0
  0
LINE
  5
57
330
17
100
AcDbEntity
  8
LOWER
100
AcDbLine
 10
306566.58049372415
 20
28207.195797793396
 30
350.0
 11
307200.41110041674
 21
28323.349567323716
 31
350.0
  0
LINE
  5
58
330
17
100
AcDbEntity
  8
LOWER
100
AcDbLine
 10
307200.41110041674
 20
28323.349567323716
 30
350.0
 11
307829.05062860093
 21
28464.930921183168
 31
350.0
  0
LINE
  5
59
330
17
100
AcDbEntity
  8
LOWER
100
AcDbLine
 10
307829.05062860093
 20
28464.930921183168
 30
350.0
 11
308451.4794226633
 21
28631.710213898044
 31
350.0
  0
LINE
  5
5A
330
17
100
AcDbEntity
  8
LOWER
100
AcDbLine
 10
308451.4794226633
 20
28631.710213898044
 30
350.0
 11
309066.6879008236
 21
28823.41692884567
 31
350.0
  0
LINE
  5
5B
330
17
100
AcDbEntity
  8
LOWER
100
AcDbLine
 10
309066.6879008236
 20
28823.41692884567
 30
350.0
 11
309673.6781926805
 21
29039.740117033365
 31
350.0
  0
LINE
  5
5C
330
17
100
AcDbEntity
  8
LOWER
100
AcDbLine
 10
309673.6781926805
 20
29039.740117033365
 30
350.0
 11
310271.4657577612
 21
29280.32890145881
 31
350.0
  0
LINE
  5
5D
330
17
100
AcDbEntity
  8
LOWER
100
AcDbLine
 10
310271.4657577612
 20
29280.32890145881
 30
350.0
 11
310859.0809824489
 21
29544.793046233885
 31
350.0
  0
LINE
  5
5E
330
17
100
AcDbEntity
  8
LOWER
100
AcDbLine
 10
310859.0809824489
 20
29544.793046233885
 30
350.0
 11
311435.5707527003
 21
29832.703589548644
 31
350.0
  0
LINE
  5
5F
330
17
100
AcDbEntity
  8
LOWER
100
AcDbLine
 10
311435.5707527003
 20
29832.703589548644
 30
350.0
 11
312000.0
 21
30143.593539448982
 31
350.0
  0
LINE
  5
60
330
17
100
AcDbEntity
  8
LOWER
100
AcDbLine
 10
312000.0
 20
30143.593539448982
 30
350.0
 11
312551.4532180448
 21
30476.958631299283
 31
350.0
  0
LINE
  5
61
330
17
100
AcDbEntity
  8
LOWER
100
AcDbLine
 10
312551.4532180448
 20
30476.958631299283
 30
350.0
 11
313089.0359476985
 21
30832.258145701493
 31
350.0
  0
LINE
  5
62
330
17
100
AcDbEntity
  8
LOWER
100
AcDbLine
 10
313089.0359476985
 20
30832.258145701493
 30
350.0
 11
313611.87622780766
 21
31208.91578554398
 31
350.0
  0
LINE
  5
63
330
17
100
AcDbEntity
  8
LOWER
100
AcDbLine
 10
313611.87622780766
 20
31208.91578554398
 30
350.0
 11
314119.126009526
 21
31606.320610757528
 31
350.0
  0
LINE
  5
64
330
17
100
AcDbEntity
  8
LOWER
100
AcDbLine
 10
314119.126009526
 20
31606.320610757528
 30
350.0
 11
314609.9625318527
 21
32023.828029262382
 31
350.0
  0
LINE
  5
65
330
17
100
AcDbEntity
  8
LOWER
100
AcDbLine
 10
314609.9625318527
 20
32023.828029262382
 30
350.0
 11
315083.5896561536
 21
32460.76084249897
 31
350.0
  0
LINE
  5
66
330
17
100
AcDbEntity
  8
LOWER
100
AcDbLine
 10
315083.5896561536
 20
32460.76084249897
 30
350.0
 11
315539.239157501
 21
32916.41034384641
 31
350.0
  0
LINE
  5
67
330
17
100
AcDbEntity
  8
LOWER
100
AcDbLine
 10
315539.239157501
 20
32916.41034384641
 30
350.0
 11
315976.1719707376
 21
33390.037468147275
 31
350.0
  0
LINE
  5
68
330
17
100
AcDbEntity
  8
LOWER
100
AcDbLine
 10
315976.1719707376
 20
33390.037468147275
 30
350.0
 11
316393.6793892425
 21
33880.87399047396
 31
350.0
  0
LINE
  5
69
330
17
100
AcDbEntity
  8
LOWER
100
AcDbLine
 10
316393.6793892425
 20
33880.87399047396
 30
350.0
 11
316791.08421445603
 21
34388.12377219234
 31
350.0
  0
LINE
  5
6A
330
17
100
AcDbEntity
  8
LOWER
100
AcDbLine
 10
316791.08421445603
 20
34388.12377219234
 30
350.0
 11
317167.74185429845
 21
34910.96405230151
 31
350.0
  0
LINE
  5
6B
330
17
100
AcDbEntity
  8
LOWER
100
AcDbLine
 10
317167.74185429845
 20
34910.96405230151
 30
350.0
 11
317523.04136870074
 21
35448.546781955185
 31
350.0
  0
LINE
  5
6C
330
17
100
AcDbEntity
  8
LOWER
100
AcDbLine
 10
317523.04136870074
 20
35448.546781955185
 30
350.0
 11
317856.4064605511
 21
36000.0
 31
350.0
  0
LINE
  5
6D
330
17
100
AcDbEntity
  8
LOWER
100
AcDbLine
 10
317856.4064605511
 20
36000.0
 30
350.0
 11
318167.2964104514
 21
36564.4292472997
 31
350.0
  0
LINE
  5
6E
330
17
100
AcDbEntity
  8
LOWER
100
AcDbLine
 10
318167.2964104514
 20
36564.4292472997
 30
350.0
 11
318455.2069537662
 21
37140.91901755113
 31
350.0
  0
LINE
  5
6F
330
17
100
AcDbEntity
  8
LOWER
100
AcDbLine
 10
318455.2069537662
 20
37140.91901755113
 30
350.0
 11
318719.6710985412
 21
37728.5342422388
 31
350.0
  0
LINE
  5
70
330
17
100
AcDbEntity
  8
LOWER
100
AcDbLine
 10
318719.6710985412
 20
37728.5342422388
 30
350.0
 11
318960.25988296664
 21
38326.32180731943
 31
350.0
  0
LINE
  5
71
330
17
100
AcDbEntity
  8
LOWER
100
AcDbLine
 10
318960.25988296664
 20
38326.32180731943
 30
350.0
 11
319176.58307115437
 21
38933.31209917644
 31
350.0
  0
LINE
  5
72
330
17
100
AcDbEntity
  8
LOWER
100
AcDbLine
 10
319176.58307115437
 20
38933.31209917644
 30
350.0
 11
319368.28978610196
 21
39548.520577336756
 31
350.0
  0
LINE
  5
73
330
17
100
AcDbEntity
  8
LOWER
100
AcDbLine
 10
319368.28978610196
 20
39548.520577336756
 30
350.0
 11
319535.06907881686
 21
40170.949371399074
 31
350.0
  0
LINE
  5
74
330
17
100
AcDbEntity
  8
LOWER
100
AcDbLine
 10
319535.06907881686
 20
40170.949371399074
 30
350.0
 11
319676.6504326763
 21
40799.588899583294
 31
350.0
  0
LINE
  5
75
330
17
100
AcDbEntity
  8
LOWER
100
AcDbLine
 10
319676.6504326763
 20
40799.588899583294
 30
350.0
 11
319792.80420220667
 21
41433.41950627584
 31
350.0
  0
LINE
  5
76
330
17
100
AcDbEntity
  8
LOWER
100
AcDbLine
 10
319792.80420220667
 20
41433.41950627584
 30
350.0
 11
319883.3419855689
 21
42071.41311591483
 31
350.0
  0
LINE
  5
77
330
17
100
AcDbEntity
  8
LOWER
100
AcDbLine
 10
319883.3419855689
 20
42071.41311591483
 30
350.0
 11
319948.11693014734
 21
42712.53490053239
 31
350.0
  0
LINE
  5
78
330
17
100
AcDbEntity
  8
LOWER
100
AcDbLine
 10
319948.11693014734
 20
42712.53490053239
 30
350.0
 11
319987.0239707451
 21
43355.74495824936
 31
350.0
  0
LINE
  5
79
330
17
100
AcDbEntity
  8
LOWER
100
AcDbLine
 10
319987.0239707451
 20
43355.74495824936
 30
350.0
 11
320000.0
 21
44000.0
 31
350.0
  0
LINE
  5
7A
330
17
100
AcDbEntity
  8
LOWER
100
AcDbLine
 10
320000.0
 20
44000.0
 30
350.0
 11
320000.0
 21
44649.57264957265
 31
350.0
  0
LINE
  5
7B
330
17
100
AcDbEntity
  8
LOWER
100
AcDbLine
 10
320000.0
 20
44649.57264957265
 30
350.0
 11
320000.0
 21
45299.145299145304
 31
350.0
  0
LINE
  5
7C
330
17
100
AcDbEntity
  8
LOWER
100
AcDbLine
 10
320000.0
 20
45299.145299145304
 30
350.0
 11
320000.0
 21
45948.717948717946
 31
350.0
  0
LINE
  5
7D
330
17
100
AcDbEntity
  8
LOWER
100
AcDbLine
 10
320000.0
 20
45948.717948717946
 30
350.0
 11
320000.0
 21
46598.290598290594
 31
350.0
  0
LINE
  5
7E
330
17
100
AcDbEntity
  8
LOWER
100
AcDbLine
 10
320000.0
 20
46598.290598290594
 30
350.0
 11
320000.0
 21
47247.86324786325
 31
350.0
  0
LINE
  5
7F
330
17
100
AcDbEntity
  8
LOWER
100
AcDbLine
 10
320000.0
 20
47247.86324786325
 30
350.0
 11
320000.0
 21
47897.4358974359
 31
350.0
  0
LINE
  5
80
330
17
100
AcDbEntity
  8
LOWER
100
AcDbLine
 10
320000.0
 20
47897.4358974359
 30
350.0
 11
320000.0
 21
48547.00854700855
 31
350.0
  0
LINE
  5
81
330
17
100
AcDbEntity
  8
LOWER
100
AcDbLine
 10
320000.0
 20
48547.00854700855
 30
350.0
 11
320000.0
 21
49196.5811965812
 31
350.0
  0
LINE
  5
82
330
17
100
AcDbEntity
  8
LOWER
100
AcDbLine
 10
320000.0
 20
49196.5811965812
 30
350.0
 11
320000.0
 21
49846.153846153844
 31
350.0
  0
LINE
  5
83
330
17
100
AcDbEntity
  8
LOWER
100
AcDbLine
 10
320000.0
 20
49846.153846153844
 30
350.0
 11
320000.0
 21
50495.72649572649
 31
350.0
  0
LINE
  5
84
330
17
100
AcDbEntity
  8
LOWER
100
AcDbLine
 10
320000.0
 20
50495.72649572649
 30
350.0
 11
320000.0
 21
51145.29914529915
 31
350.0
  0
LINE
  5
85
330
17
100
AcDbEntity
  8
LOWER
100
AcDbLine
 10
320000.0
 20
51145.29914529915
 30
350.0
 11
320000.0
 21
51794.8717948718
 31
350.0
  0
LINE
  5
86
330
17
100
AcDbEntity
  8
LOWER
100
AcDbLine
 10
320000.0
 20
51794.8717948718
 30
350.0
 11
320000.0
 21
52444.444444444445
 31
350.0
  0
LINE
  5
87
330
17
100
AcDbEntity
  8
LOWER
100
AcDbLine
 10
320000.0
 20
52444.444444444445
 30
350.0
 11
320000.0
 21
53094.017094017094
 31
350.0
  0
LINE
  5
88
330
17
100
AcDbEntity
  8
LOWER
100
AcDbLine
 10
320000.0
 20
53094.017094017094
 30
350.0
 11
320000.0
 21
53743.58974358974
 31
350.0
  0
LINE
  5
89
330
17
100
AcDbEntity
  8
LOWER
100
AcDbLine
 10
320000.0
 20
53743.58974358974
 30
350.0
 11
320000.0
 21
54393.16239316239
 31
351.5614273283822
  0
LINE
  5
8A
330
17
100
AcDbEntity
  8
LOWER
100
AcDbLine
 10
320000.0
 20
54393.16239316239
 30
351.5614273283822
 11
320000.0
 21
55042.73504273505
 31
356.85380349012564
  0
LINE
  5
8B
330
17
100
AcDbEntity
  8
LOWER
100
AcDbLine
 10
320000.0
 20
55042.73504273505
 30
356.85380349012564
 11
320000.0
 21
55692.307692307695
 31
365.8912503063617
  0
LINE
  5
8C
330
17
100
AcDbEntity
  8
LOWER
100
AcDbLine
 10
320000.0
 20
55692.307692307695
 30
365.8912503063617
 11
320000.0
 21
56341.88034188034
 31
378.67376777709035
  0
LINE
  5
8D
330
17
100
AcDbEntity
  8
LOWER
100
AcDbLine
 10
320000.0
 20
56341.88034188034
 30
378.67376777709035
 11
320000.0
 21
56991.452991452985
 31
395.2013559023117
  0
LINE
  5
8E
330
17
100
AcDbEntity
  8
LOWER
100
AcDbLine
 10
320000.0
 20
56991.452991452985
 30
395.2013559023117
 11
320000.0
 21
57641.02564102564
 31
415.4740146820255
  0
LINE
  5
8F
330
17
100
AcDbEntity
  8
LOWER
100
AcDbLine
 10
320000.0
 20
57641.02564102564
 30
415.4740146820255
 11
320000.0
 21
58290.59829059829
 31
439.4917441162318
  0
LINE
  5
90
330
17
100
AcDbEntity
  8
LOWER
100
AcDbLine
 10
320000.0
 20
58290.59829059829
 30
439.4917441162318
 11
320000.0
 21
58940.170940170945
 31
467.2545442049307
  0
LINE
  5
91
330
17
100
AcDbEntity
  8
LOWER
100
AcDbLine
 10
320000.0
 20
58940.170940170945
 30
467.2545442049307
 11
320000.0
 21
59589.74358974359
 31
498.76241494812257
  0
LINE
  5
92
330
17
100
AcDbEntity
  8
LOWER
100
AcDbLine
 10
320000.0
 20
59589.74358974359
 30
498.76241494812257
 11
320000.0
 21
60239.31623931624
 31
534.0153563458067
  0
LINE
  5
93
330
17
100
AcDbEntity
  8
LOWER
100
AcDbLine
 10
320000.0
 20
60239.31623931624
 30
534.0153563458067
 11
320000.0
 21
60888.88888888888
 31
573.0133683979836
  0
LINE
  5
94
330
17
100
AcDbEntity
  8
LOWER
100
AcDbLine
 10
320000.0
 20
60888.88888888888
 30
573.0133683979836
 11
320000.0
 21
61538.46153846154
 31
615.7564511046529
  0
LINE
  5
95
330
17
100
AcDbEntity
  8
LOWER
100
AcDbLine
 10
320000.0
 20
61538.46153846154
 30
615.7564511046529
 11
320000.0
 21
62188.03418803419
 31
662.2446044658147
  0
LINE
  5
96
330
17
100
AcDbEntity
  8
LOWER
100
AcDbLine
 10
320000.0
 20
62188.03418803419
 30
662.2446044658147
 11
320000.0
 21
62837.60683760684
 31
712.4778284814693
  0
LINE
  5
97
330
17
100
AcDbEntity
  8
LOWER
100
AcDbLine
 10
320000.0
 20
62837.60683760684
 30
712.4778284814693
 11
320000.0
 21
63487.17948717949
 31
766.4561231516161
  0
LINE
  5
98
330
17
100
AcDbEntity
  8
LOWER
100
AcDbLine
 10
320000.0
 20
63487.17948717949
 30
766.4561231516161
 11
320000.0
 21
64136.75213675213
 31
824.1794884762563
  0
LINE
  5
99
330
17
100
AcDbEntity
  8
LOWER
100
AcDbLine
 10
320000.0
 20
64136.75213675213
 30
824.1794884762563
 11
320000.0
 21
64786.32478632478
 31
885.6479244553892
  0
LINE
  5
9A
330
17
100
AcDbEntity
  8
LOWER
100
AcDbLine
 10
320000.0
 20
64786.32478632478
 30
885.6479244553892
 11
320000.0
 21
65435.89743589743
 31
950.8614310890139
  0
LINE
  5
9B
330
17
100
AcDbEntity
  8
LOWER
100
AcDbLine
 10
320000.0
 20
65435.89743589743
 30
950.8614310890139
 11
320000.0
 21
66085.4700854701
 31
1019.8200083771312
  0
LINE
  5
9C
330
17
100
AcDbEntity
  8
LOWER
100
AcDbLine
 10
320000.0
 20
66085.4700854701
 30
1019.8200083771312
 11
320000.0
 21
66735.04273504273
 31
1092.5236563197411
  0
LINE
  5
9D
330
17
100
AcDbEntity
  8
LOWER
100
AcDbLine
 10
320000.0
 20
66735.04273504273
 30
1092.5236563197411
 11
320000.0
 21
67384.61538461539
 31
1034.0611323132953
  0
LINE
  5
9E
330
17
100
AcDbEntity
  8
LOWER
100
AcDbLine
 10
320000.0
 20
67384.61538461539
 30
1034.0611323132953
 11
320000.0
 21
68034.18803418803
 31
964.353540894278
  0
LINE
  5
9F
330
17
100
AcDbEntity
  8
LOWER
100
AcDbLine
 10
320000.0
 20
68034.18803418803
 30
964.353540894278
 11
320000.0
 21
68683.76068376069
 31
898.3910201297547
  0
LINE
  5
A0
330
17
100
AcDbEntity
  8
LOWER
100
AcDbLine
 10
320000.0
 20
68683.76068376069
 30
898.3910201297547
 11
320000.0
 21
69333.33333333333
 31
836.173570019724
  0
LINE
  5
A1
330
17
100
AcDbEntity
  8
LOWER
100
AcDbLine
 10
320000.0
 20
69333.33333333333
 30
836.173570019724
 11
320000.0
 21
69982.90598290597
 31
777.7011905641858
  0
LINE
  5
A2
330
17
100
AcDbEntity
  8
LOWER
100
AcDbLine
 10
320000.0
 20
69982.90598290597
 30
777.7011905641858
 11
320000.0
 21
70632.47863247864
 31
722.9738817631404
  0
LINE
  5
A3
330
17
100
AcDbEntity
  8
LOWER
100
AcDbLine
 10
320000.0
 20
70632.47863247864
 30
722.9738817631404
 11
320000.0
 21
71282.05128205128
 31
671.9916436165873
  0
LINE
  5
A4
330
17
100
AcDbEntity
  8
LOWER
100
AcDbLine
 10
320000.0
 20
71282.05128205128
 30
671.9916436165873
 11
320000.0
 21
71931.62393162394
 31
624.754476124527
  0
LINE
  5
A5
330
17
100
AcDbEntity
  8
LOWER
100
AcDbLine
 10
320000.0
 20
71931.62393162394
 30
624.754476124527
 11
320000.0
 21
72581.19658119658
 31
581.2623792869582
  0
LINE
  5
A6
330
17
100
AcDbEntity
  8
LOWER
100
AcDbLine
 10
320000.0
 20
72581.19658119658
 30
581.2623792869582
 11
320000.0
 21
73230.76923076922
 31
541.515353103883
  0
LINE
  5
A7
330
17
100
AcDbEntity
  8
LOWER
100
AcDbLine
 10
320000.0
 20
73230.76923076922
 30
541.515353103883
 11
320000.0
 21
73880.34188034189
 31
505.51339757530036
  0
LINE
  5
A8
330
17
100
AcDbEntity
  8
LOWER
100
AcDbLine
 10
320000.0
 20
73880.34188034189
 30
505.51339757530036
 11
320000.0
 21
74529.91452991453
 31
473.2565127012103
  0
LINE
  5
A9
330
17
100
AcDbEntity
  8
LOWER
100
AcDbLine
 10
320000.0
 20
74529.91452991453
 30
473.2565127012103
 11
320000.0
 21
75179.48717948719
 31
444.7446984816128
  0
LINE
  5
AA
330
17
100
AcDbEntity
  8
LOWER
100
AcDbLine
 10
320000.0
 20
75179.48717948719
 30
444.7446984816128
 11
320000.0
 21
75829.05982905983
 31
419.9779549165074
  0
LINE
  5
AB
330
17
100
AcDbEntity
  8
LOWER
100
AcDbLine
 10
320000.0
 20
75829.05982905983
 30
419.9779549165074
 11
320000.0
 21
76478.63247863248
 31
398.9562820058955
  0
LINE
  5
AC
330
17
100
AcDbEntity
  8
LOWER
100
AcDbLine
 10
320000.0
 20
76478.63247863248
 30
398.9562820058955
 11
320000.0
 21
77128.20512820514
 31
381.67967974977535
  0
LINE
  5
AD
330
17
100
AcDbEntity
  8
LOWER
100
AcDbLine
 10
320000.0
 20
77128.20512820514
 30
381.67967974977535
 11
320000.0
 21
77777.77777777777
 31
368.14814814814815
  0
LINE
  5
AE
330
17
100
AcDbEntity
  8
LOWER
100
AcDbLine
 10
320000.0
 20
77777.77777777777
 30
368.14814814814815
 11
320000.0
 21
78427.35042735044
 31
358.36168720101364
  0
LINE
  5
AF
330
17
100
AcDbEntity
  8
LOWER
100
AcDbLine
 10
320000.0
 20
78427.35042735044
 30
358.36168720101364
 11
320000.0
 21
79076.92307692308
 31
352.3202969083715
  0
LINE
  5
B0
330
17
100
AcDbEntity
  8
LOWER
100
AcDbLine
 10
320000.0
 20
79076.92307692308
 30
352.3202969083715
 11
320000.0
 21
79726.49572649573
 31
350.02397727022213
  0
LINE
  5
B1
330
17
100
AcDbEntity
  8
LOWER
100
AcDbLine
 10
320000.0
 20
79726.49572649573
 30
350.02397727022213
 11
320000.0
 21
80376.06837606838
 31
350.0
  0
LINE
  5
B2
330
17
100
AcDbEntity
  8
LOWER
100
AcDbLine
 10
320000.0
 20
80376.06837606838
 30
350.0
 11
320000.0
 21
81025.64102564102
 31
350.0
  0
LINE
  5
B3
330
17
100
AcDbEntity
  8
LOWER
100
AcDbLine
 10
320000.0
 20
81025.64102564102
 30
350.0
 11
320000.0
 21
81675.21367521369
 31
350.0
  0
LINE
  5
B4
330
17
100
AcDbEntity
  8
LOWER
100
AcDbLine
 10
320000.0
 20
81675.21367521369
 30
350.0
 11
320000.0
 21
82324.78632478631
 31
350.0
  0
LINE
  5
B5
330
17
100
AcDbEntity
  8
LOWER
100
AcDbLine
 10
320000.0
 20
82324.78632478631
 30
350.0
 11
320000.0
 21
82974.35897435898
 31
350.0
  0
LINE
  5
B6
330
17
100
AcDbEntity
  8
LOWER
100
AcDbLine
 10
320000.0
 20
82974.35897435898
 30
350.0
 11
320000.0
 21
83623.93162393162
 31
350.0
  0
LINE
  5
B7
330
17
100
AcDbEntity
  8
LOWER
100
AcDbLine
 10
320000.0
 20
83623.93162393162
 30
350.0
 11
320000.0
 21
84273.50427350427
 31
350.0
  0
LINE
  5
B8
330
17
100
AcDbEntity
  8
LOWER
100
AcDbLine
 10
320000.0
 20
84273.50427350427
 30
350.0
 11
320000.0
 21
84923.07692307692
 31
350.0
  0
LINE
  5
B9
330
17
100
AcDbEntity
  8
LOWER
100
AcDbLine
 10
320000.0
 20
84923.07692307692
 30
350.0
 11
320000.0
 21
85572.64957264956
 31
350.0
  0
LINE
  5
BA
330
17
100
AcDbEntity
  8
LOWER
100
AcDbLine
 10
320000.0
 20
85572.64957264956
 30
350.0
 11
320000.0
 21
86222.22222222223
 31
350.0
  0
LINE
  5
BB
330
17
100
AcDbEntity
  8
LOWER
100
AcDbLine
 10
320000.0
 20
86222.22222222223
 30
350.0
 11
320000.0
 21
86871.79487179486
 31
350.0
  0
LINE
  5
BC
330
17
100
AcDbEntity
  8
LOWER
100
AcDbLine
 10
320000.0
 20
86871.79487179486
 30
350.0
 11
320000.0
 21
87521.36752136752
 31
350.0
  0
LINE
  5
BD
330
17
100
AcDbEntity
  8
LOWER
100
AcDbLine
 10
320000.0
 20
87521.36752136752
 30
350.0
 11
320000.0
 21
88170.94017094017
 31
350.0
  0
LINE
  5
BE
330
17
100
AcDbEntity
  8
LOWER
100
AcDbLine
 10
320000.0
 20
88170.94017094017
 30
350.0
 11
320000.0
 21
88820.51282051281
 31
350.0
  0
LINE
  5
BF
330
17
100
AcDbEntity
  8
LOWER
100
AcDbLine
 10
320000.0
 20
88820.51282051281
 30
350.0
 11
320000.0
 21
89470.08547008548
 31
350.0
  0
LINE
  5
C0
330
17
100
AcDbEntity
  8
LOWER
100
AcDbLine
 10
320000.0
 20
89470.08547008548
 30
350.0
 11
320000.0
 21
90119.65811965811
 31
350.0
  0
LINE
  5
C1
330
17
100
AcDbEntity
  8
LOWER
100
AcDbLine
 10
320000.0
 20
90119.65811965811
 30
350.0
 11
320000.0
 21
90769.23076923078
 31
350.0
  0
LINE
  5
C2
330
17
100
AcDbEntity
  8
LOWER
100
AcDbLine
 10
320000.0
 20
90769.23076923078
 30
350.0
 11
320000.0
 21
91418.80341880342
 31
350.0
  0
LINE
  5
C3
330
17
100
AcDbEntity
  8
LOWER
100
AcDbLine
 10
320000.0
 20
91418.80341880342
 30
350.0
 11
320000.0
 21
92068.37606837606
 31
350.0
  0
LINE
  5
C4
330
17
100
AcDbEntity
  8
LOWER
100
AcDbLine
 10
320000.0
 20
92068.37606837606
 30
350.0
 11
320000.0
 21
92717.94871794872
 31
350.0
  0
LINE
  5
C5
330
17
100
AcDbEntity
  8
LOWER
100
AcDbLine
 10
320000.0
 20
92717.94871794872
 30
350.0
 11
320000.0
 21
93367.52136752136
 31
350.0
  0
LINE
  5
C6
330
17
100
AcDbEntity
  8
LOWER
100
AcDbLine
 10
320000.0
 20
93367.52136752136
 30
350.0
 11
320000.0
 21
94017.09401709403
 31
350.0
  0
LINE
  5
C7
330
17
100
AcDbEntity
  8
LOWER
100
AcDbLine
 10
320000.0
 20
94017.09401709403
 30
350.0
 11
320000.0
 21
94666.66666666666
 31
350.0
  0
LINE
  5
C8
330
17
100
AcDbEntity
  8
LOWER
100
AcDbLine
 10
320000.0
 20
94666.66666666666
 30
350.0
 11
320000.0
 21
95316.23931623931
 31
350.0
  0
LINE
  5
C9
330
17
100
AcDbEntity
  8
LOWER
100
AcDbLine
 10
320000.0
 20
95316.23931623931
 30
350.0
 11
320000.0
 21
95965.81196581197
 31
350.0
  0
LINE
  5
CA
330
17
100
AcDbEntity
  8
LOWER
100
AcDbLine
 10
320000.0
 20
95965.81196581197
 30
350.0
 11
320000.0
 21
96615.38461538461
 31
350.0
  0
LINE
  5
CB
330
17
100
AcDbEntity
  8
LOWER
100
AcDbLine
 10
320000.0
 20
96615.38461538461
 30
350.0
 11
320000.0
 21
97264.95726495728
 31
350.0
  0
LINE
  5
CC
330
17
100
AcDbEntity
  8
LOWER
100
AcDbLine
 10
320000.0
 20
97264.95726495728
 30
350.0
 11
320000.0
 21
97914.5299145299
 31
350.0
  0
LINE
  5
CD
330
17
100
AcDbEntity
  8
LOWER
100
AcDbLine
 10
320000.0
 20
97914.5299145299
 30
350.0
 11
320000.0
 21
98564.10256410256
 31
350.0
  0
LINE
  5
CE
330
17
100
AcDbEntity
  8
LOWER
100
AcDbLine
 10
320000.0
 20
98564.10256410256
 30
350.0
 11
320000.0
 21
99213.67521367522
 31
350.0
  0
LINE
  5
CF
330
17
100
AcDbEntity
  8
LOWER
100
AcDbLine
 10
320000.0
 20
99213.67521367522
 30
350.0
 11
320000.0
 21
99863.24786324786
 31
350.0
  0
LINE
  5
D0
330
17
100
AcDbEntity
  8
LOWER
100
AcDbLine
 10
320000.0
 20
99863.24786324786
 30
350.0
 11
320000.0
 21
100512.82051282052
 31
350.0
  0
LINE
  5
D1
330
17
100
AcDbEntity
  8
LOWER
100
AcDbLine
 10
320000.0
 20
100512.82051282052
 30
350.0
 11
320000.0
 21
101162.39316239316
 31
350.0
  0
LINE
  5
D2
330
17
100
AcDbEntity
  8
LOWER
100
AcDbLine
 10
320000.0
 20
101162.39316239316
 30
350.0
 11
320000.0
 21
101811.96581196581
 31
350.0
  0
LINE
  5
D3
330
17
100
AcDbEntity
  8
LOWER
100
AcDbLine
 10
320000.0
 20
101811.96581196581
 30
350.0
 11
320000.0
 21
102461.53846153845
 31
350.0
  0
LINE
  5
D4
330
17
100
AcDbEntity
  8
LOWER
100
AcDbLine
 10
320000.0
 20
102461.53846153845
 30
350.0
 11
320000.0
 21
103111.11111111111
 31
350.0
  0
LINE
  5
D5
330
17
100
AcDbEntity
  8
LOWER
100
AcDbLine
 10
320000.0
 20
103111.11111111111
 30
350.0
 11
320000.0
 21
103760.68376068377
 31
350.0
  0
LINE
  5
D6
330
17
100
AcDbEntity
  8
LOWER
100
AcDbLine
 10
320000.0
 20
103760.68376068377
 30
350.0
 11
320000.0
 21
104410.2564102564
 31
350.0
  0
LINE
  5
D7
330
17
100
AcDbEntity
  8
LOWER
100
AcDbLine
 10
320000.0
 20
104410.2564102564
 30
350.0
 11
320000.0
 21
105059.82905982908
 31
350.0
  0
LINE
  5
D8
330
17
100
AcDbEntity
  8
LOWER
100
AcDbLine
 10
320000.0
 20
105059.82905982908
 30
350.0
 11
320000.0
 21
105709.4017094017
 31
350.0
  0
LINE
  5
D9
330
17
100
AcDbEntity
  8
LOWER
100
AcDbLine
 10
320000.0
 20
105709.4017094017
 30
350.0
 11
320000.0
 21
106358.97435897436
 31
350.0
  0
LINE
  5
DA
330
17
100
AcDbEntity
  8
LOWER
100
AcDbLine
 10
320000.0
 20
106358.97435897436
 30
350.0
 11
320000.0
 21
107008.54700854702
 31
350.0
  0
LINE
  5
DB
330
17
100
AcDbEntity
  8
LOWER
100
AcDbLine
 10
320000.0
 20
107008.54700854702
 30
350.0
 11
320000.0
 21
107658.11965811966
 31
350.0
  0
LINE
  5
DC
330
17
100
AcDbEntity
  8
LOWER
100
AcDbLine
 10
320000.0
 20
107658.11965811966
 30
350.0
 11
320000.0
 21
108307.69230769231
 31
350.0
  0
LINE
  5
DD
330
17
100
AcDbEntity
  8
LOWER
100
AcDbLine
 10
320000.0
 20
108307.69230769231
 30
350.0
 11
320000.0
 21
108957.26495726495
 31
350.0
  0
LINE
  5
DE
330
17
100
AcDbEntity
  8
LOWER
100
AcDbLine
 10
320000.0
 20
108957.26495726495
 30
350.0
 11
320000.0
 21
109606.8376068376
 31
350.0
  0
LINE
  5
DF
330
17
100
AcDbEntity
  8
LOWER
100
AcDbLine
 10
320000.0
 20
109606.8376068376
 30
350.0
 11
320000.0
 21
110256.41025641026
 31
350.0
  0
LINE
  5
E0
330
17
100
AcDbEntity
  8
LOWER
100
AcDbLine
 10
320000.0
 20
110256.41025641026
 30
350.0
 11
320000.0
 21
110905.9829059829
 31
350.0
  0
LINE
  5
E1
330
17
100
AcDbEntity
  8
LOWER
100
AcDbLine
 10
320000.0
 20
110905.9829059829
 30
350.0
 11
320000.0
 21
111555.55555555556
 31
350.0
  0
LINE
  5
E2
330
17
100
AcDbEntity
  8
LOWER
100
AcDbLine
 10
320000.0
 20
111555.55555555556
 30
350.0
 11
320000.0
 21
112205.1282051282
 31
350.0
  0
LINE
  5
E3
330
17
100
AcDbEntity
  8
LOWER
100
AcDbLine
 10
320000.0
 20
112205.1282051282
 30
350.0
 11
320000.0
 21
112854.70085470084
 31
350.0
  0
LINE
  5
E4
330
17
100
AcDbEntity
  8
LOWER
100
AcDbLine
 10
320000.0
 20
112854.70085470084
 30
350.0
 11
320000.0
 21
113504.2735042735
 31
350.0
  0
LINE
  5
E5
330
17
100
AcDbEntity
  8
LOWER
100
AcDbLine
 10
320000.0
 20
113504.2735042735
 30
350.0
 11
320000.0
 21
114153.84615384616
 31
350.0
  0
LINE
  5
E6
330
17
100
AcDbEntity
  8
LOWER
100
AcDbLine
 10
320000.0
 20
114153.84615384616
 30
350.0
 11
320000.0
 21
114803.41880341881
 31
350.0
  0
LINE
  5
E7
330
17
100
AcDbEntity
  8
LOWER
100
AcDbLine
 10
320000.0
 20
114803.41880341881
 30
350.0
 11
320000.0
 21
115452.99145299145
 31
350.0
  0
LINE
  5
E8
330
17
100
AcDbEntity
  8
LOWER
100
AcDbLine
 10
320000.0
 20
115452.99145299145
 30
350.0
 11
320000.0
 21
116102.56410256411
 31
350.0
  0
LINE
  5
E9
330
17
100
AcDbEntity
  8
LOWER
100
AcDbLine
 10
320000.0
 20
116102.56410256411
 30
350.0
 11
320000.0
 21
116752.13675213675
 31
350.0
  0
LINE
  5
EA
330
17
100
AcDbEntity
  8
LOWER
100
AcDbLine
 10
320000.0
 20
116752.13675213675
 30
350.0
 11
320000.0
 21
117401.70940170939
 31
350.0
  0
LINE
  5
EB
330
17
100
AcDbEntity
  8
LOWER
100
AcDbLine
 10
320000.0
 20
117401.70940170939
 30
350.0
 11
320000.0
 21
118051.28205128206
 31
350.0
  0
LINE
  5
EC
330
17
100
AcDbEntity
  8
LOWER
100
AcDbLine
 10
320000.0
 20
118051.28205128206
 30
350.0
 11
320000.0
 21
118700.8547008547
 31
350.0
  0
LINE
  5
ED
330
17
100
AcDbEntity
  8
LOWER
100
AcDbLine
 10
320000.0
 20
118700.8547008547
 30
350.0
 11
320000.0
 21
119350.42735042736
 31
350.0
  0
LINE
  5
EE
330
17
100
AcDbEntity
  8
LOWER
100
AcDbLine
 10
320000.0
 20
119350.42735042736
 30
350.0
 11
320000.0
 21
120000.0
 31
350.0
  0
LINE
  5
EF
330
17
100
AcDbEntity
  8
LOWER
100
AcDbLine
 10
320000.0
 20
120000.0
 30
350.0
 11
319982.4009662135
 21
120649.666903025
 31
350.93100373119023
  0
LINE
  5
F0
330
17
100
AcDbEntity
  8
LOWER
100
AcDbLine
 10
319982.4009662135
 20
120649.666903025
 30
350.93100373119023
 11
319929.65548585233
 21
121297.4282210873
 31
353.70248882693016
  0
LINE
  5
F1
330
17
100
AcDbEntity
  8
LOWER
100
AcDbLine
 10
319929.65548585233
 20
121297.4282210873
 30
353.70248882693016
 11
319841.91827049834
 21
121941.38395863319
 31
358.2821661404731
  0
LINE
  5
F2
330
17
100
AcDbEntity
  8
LOWER
100
AcDbLine
 10
319841.91827049834
 20
121941.38395863319
 30
358.2821661404731
 11
319719.4466685211
 21
122579.64528253228
 31
364.63774652507277
  0
LINE
  5
F3
330
17
100
AcDbEntity
  8
LOWER
100
AcDbLine
 10
319719.4466685211
 20
122579.64528253228
 30
364.63774652507277
 11
319562.59991023067
 21
123210.34006235065
 31
372.73694083398243
  0
LINE
  5
F4
330
17
100
AcDbEntity
  8
LOWER
100
AcDbLine
 10
319562.59991023067
 20
123210.34006235065
 30
372.73694083398243
 11
319371.83805419365
 21
123831.61836163176
 31
382.54745992045605
  0
LINE
  5
F5
330
17
100
AcDbEntity
  8
LOWER
100
AcDbLine
 10
319371.83805419365
 20
123831.61836163176
 30
382.54745992045605
 11
319147.7206378015
 21
124441.65786407898
 31
394.03701463774655
  0
LINE
  5
F6
330
17
100
AcDbEntity
  8
LOWER
100
AcDbLine
 10
319147.7206378015
 20
124441.65786407898
 30
394.03701463774655
 11
318890.90503605147
 21
125038.66921872317
 31
407.1733158391077
  0
LINE
  5
F7
330
17
100
AcDbEntity
  8
LOWER
100
AcDbLine
 10
318890.90503605147
 20
125038.66921872317
 30
407.1733158391077
 11
318602.14453335234
 21
125620.90128839748
 31
421.92407437779343
  0
LINE
  5
F8
330
17
100
AcDbEntity
  8
LOWER
100
AcDbLine
 10
318602.14453335234
 20
125620.90128839748
 30
421.92407437779343
 11
318282.2861140111
 21
126186.64628612426
 31
438.2570011070565
  0
LINE
  5
F9
330
17
100
AcDbEntity
  8
LOWER
100
AcDbLine
 10
318282.2861140111
 20
126186.64628612426
 30
438.2570011070565
 11
317932.2679778827
 21
126734.24478434859
 31
456.1398068801509
  0
LINE
  5
FA
330
17
100
AcDbEntity
  8
LOWER
100
AcDbLine
 10
317932.2679778827
 20
126734.24478434859
 30
456.1398068801509
 11
317553.11678846774
 21
127262.09058232518
 31
475.5402025503304
  0
LINE
  5
FB
330
17
100
AcDbEntity
  8
LOWER
100
AcDbLine
 10
317553.11678846774
 20
127262.09058232518
 30
475.5402025503304
 11
317145.94466153166
 21
127768.63541738193
 31
496.42589897084764
  0
LINE
  5
FC
330
17
100
AcDbEntity
  8
LOWER
100
AcDbLine
 10
317145.94466153166
 20
127768.63541738193
 30
496.42589897084764
 11
316711.94590307755
 21
128252.39350624107
 31
518.7646069949567
  0
LINE
  5
FD
330
17
100
AcDbEntity
  8
LOWER
100
AcDbLine
 10
316711.94590307755
 20
128252.39350624107
 30
518.7646069949567
 11
316252.3935062411
 21
128711.94590307758
 31
542.5240374759113
  0
LINE
  5
FE
330
17
100
AcDbEntity
  8
LOWER
100
AcDbLine
 10
316252.3935062411
 20
128711.94590307758
 30
542.5240374759113
 11
315768.63541738194
 21
129145.94466153164
 31
567.6719012669645
  0
LINE
  5
FF
330
17
100
AcDbEntity
  8
LOWER
100
AcDbLine
 10
315768.63541738194
 20
129145.94466153164
 30
567.6719012669645
 11
315262.0905823252
 21
129553.11678846771
 31
594.175909221371
  0
LINE
  5
100
330
17
100
AcDbEntity
  8
LOWER
100
AcDbLine
 10
315262.0905823252
 20
129553.11678846771
 30
594.175909221371
 11
314734.2447843486
 21
129932.26797788267
 31
622.0037721923824
  0
LINE
  5
101
330
17
100
AcDbEntity
  8
LOWER
100
AcDbLine
 10
314734.2447843486
 20
129932.26797788267
 30
622.0037721923824
 11
314186.6462861243
 21
130282.28611401108
 31
651.123201033253
  0
LINE
  5
102
330
17
100
AcDbEntity
  8
LOWER
100
AcDbLine
 10
314186.6462861243
 20
130282.28611401108
 30
651.123201033253
 11
313620.9012883975
 21
130602.14453335229
 31
681.5019065972367
  0
LINE
  5
103
330
17
100
AcDbEntity
  8
LOWER
100
AcDbLine
 10
313620.9012883975
 20
130602.14453335229
 30
681.5019065972367
 11
313038.66921872314
 21
130890.9050360515
 31
713.1075997375866
  0
LINE
  5
104
330
17
100
AcDbEntity
  8
LOWER
100
AcDbLine
 10
313038.66921872314
 20
130890.9050360515
 30
713.1075997375866
 11
312441.65786407894
 21
131147.72063780148
 31
745.9079913075566
  0
LINE
  5
105
330
17
100
AcDbEntity
  8
LOWER
100
AcDbLine
 10
312441.65786407894
 20
131147.72063780148
 30
745.9079913075566
 11
311831.61836163176
 21
131371.83805419362
 31
779.8707921603998
  0
LINE
  5
106
330
17
100
AcDbEntity
  8
LOWER
100
AcDbLine
 10
311831.61836163176
 20
131371.83805419362
 30
779.8707921603998
 11
311210.3400623506
 21
131562.5999102307
 31
814.96371314937
  0
LINE
  5
107
330
17
100
AcDbEntity
  8
LOWER
100
AcDbLine
 10
311210.3400623506
 20
131562.5999102307
 30
814.96371314937
 11
310579.64528253226
 21
131719.44666852104
 31
851.1544651277225
  0
LINE
  5
108
330
17
100
AcDbEntity
  8
LOWER
100
AcDbLine
 10
310579.64528253226
 20
131719.44666852104
 30
851.1544651277225
 11
309941.3839586332
 21
131841.91827049834
 31
888.410758948707
  0
LINE
  5
109
330
17
100
AcDbEntity
  8
LOWER
100
AcDbLine
 10
309941.3839586332
 20
131841.91827049834
 30
888.410758948707
 11
309297.4282210873
 21
131929.65548585233
 31
926.7003054655793
  0
LINE
  5
10A
330
17
100
AcDbEntity
  8
LOWER
100
AcDbLine
 10
309297.4282210873
 20
131929.65548585233
 30
926.7003054655793
 11
308649.66690302506
 21
131982.40096621346
 31
965.9908155315924
  0
LINE
  5
10B
330
17
100
AcDbEntity
  8
LOWER
100
AcDbLine
 10
308649.66690302506
 20
131982.40096621346
 30
965.9908155315924
 11
308000.0
 21
132000.0
 31
1006.2500000000001
  0
LINE
  5
10C
330
17
100
AcDbEntity
  8
LOWER
100
AcDbLine
 10
308000.0
 20
132000.0
 30
1006.2500000000001
 11
307350.33309697494
 21
131982.40096621346
 31
1047.4455697240558
  0
LINE
  5
10D
330
17
100
AcDbEntity
  8
LOWER
100
AcDbLine
 10
307350.33309697494
 20
131982.40096621346
 30
1047.4455697240558
 11
306702.5717789127
 21
131929.65548585233
 31
1089.5452355570133
  0
LINE
  5
10E
330
17
100
AcDbEntity
  8
LOWER
100
AcDbLine
 10
306702.5717789127
 20
131929.65548585233
 30
1089.5452355570133
 11
306058.6160413668
 21
131841.91827049834
 31
1132.5167083521253
  0
LINE
  5
10F
330
17
100
AcDbEntity
  8
LOWER
100
AcDbLine
 10
306058.6160413668
 20
131841.91827049834
 30
1132.5167083521253
 11
305420.35471746774
 21
131719.44666852104
 31
1176.327698962648
  0
LINE
  5
110
330
17
100
AcDbEntity
  8
LOWER
100
AcDbLine
 10
305420.35471746774
 20
131719.44666852104
 30
1176.327698962648
 11
304789.6599376493
 21
131562.5999102307
 31
1220.9459182418311
  0
LINE
  5
111
330
17
100
AcDbEntity
  8
LOWER
100
AcDbLine
 10
304789.6599376493
 20
131562.5999102307
 30
1220.9459182418311
 11
304168.38163836824
 21
131371.83805419362
 31
1266.3390770429296
  0
LINE
  5
112
330
17
100
AcDbEntity
  8
LOWER
100
AcDbLine
 10
304168.38163836824
 20
131371.83805419362
 30
1266.3390770429296
 11
303558.342135921
 21
131147.7206378015
 31
1312.4748862191975
  0
LINE
  5
113
330
17
100
AcDbEntity
  8
LOWER
100
AcDbLine
 10
303558.342135921
 20
131147.7206378015
 30
1312.4748862191975
 11
302961.33078127686
 21
130890.9050360515
 31
1359.321056623888
  0
LINE
  5
114
330
17
100
AcDbEntity
  8
LOWER
100
AcDbLine
 10
302961.33078127686
 20
130890.9050360515
 30
1359.321056623888
 11
302379.0987116025
 21
130602.14453335229
 31
1406.8452991102545
  0
LINE
  5
115
330
17
100
AcDbEntity
  8
LOWER
100
AcDbLine
 10
302379.0987116025
 20
130602.14453335229
 30
1406.8452991102545
 11
301813.35371387575
 21
130282.28611401108
 31
1455.01532453155
  0
LINE
  5
116
330
17
100
AcDbEntity
  8
LOWER
100
AcDbLine
 10
301813.35371387575
 20
130282.28611401108
 30
1455.01532453155
 11
301265.7552156514
 21
129932.26797788267
 31
1503.798843741032
  0
LINE
  5
117
330
17
100
AcDbEntity
  8
LOWER
100
AcDbLine
 10
301265.7552156514
 20
129932.26797788267
 30
1503.798843741032
 11
300737.9094176748
 21
129553.11678846771
 31
1553.163567591948
  0
LINE
  5
118
330
17
100
AcDbEntity
  8
LOWER
100
AcDbLine
 10
300737.9094176748
 20
129553.11678846771
 30
1553.163567591948
 11
300231.36458261806
 21
129145.94466153164
 31
1603.0772069375541
  0
LINE
  5
119
330
17
100
AcDbEntity
  8
LOWER
100
AcDbLine
 10
300231.36458261806
 20
129145.94466153164
 30
1603.0772069375541
 11
299747.6064937589
 21
128711.94590307758
 31
1653.5074726311043
  0
LINE
  5
11A
330
17
100
AcDbEntity
  8
LOWER
100
AcDbLine
 10
299747.6064937589
 20
128711.94590307758
 30
1653.5074726311043
 11
299288.05409692245
 21
128252.39350624107
 31
1704.4220755258514
  0
LINE
  5
11B
330
17
100
AcDbEntity
  8
LOWER
100
AcDbLine
 10
299288.05409692245
 20
128252.39350624107
 30
1704.4220755258514
 11
298854.05533846834
 21
127768.63541738193
 31
1755.7887264750498
  0
LINE
  5
11C
330
17
100
AcDbEntity
  8
LOWER
100
AcDbLine
 10
298854.05533846834
 20
127768.63541738193
 30
1755.7887264750498
 11
298446.88321153226
 21
127262.09058232518
 31
1807.5751363319541
  0
LINE
  5
11D
330
17
100
AcDbEntity
  8
LOWER
100
AcDbLine
 10
298446.88321153226
 20
127262.09058232518
 30
1807.5751363319541
 11
298067.7320221173
 21
126734.24478434859
 31
1859.7490159498147
  0
LINE
  5
11E
330
17
100
AcDbEntity
  8
LOWER
100
AcDbLine
 10
298067.7320221173
 20
126734.24478434859
 30
1859.7490159498147
 11
297717.7138859889
 21
126186.64628612426
 31
1912.2780761818863
  0
LINE
  5
11F
330
17
100
AcDbEntity
  8
LOWER
100
AcDbLine
 10
297717.7138859889
 20
126186.64628612426
 30
1912.2780761818863
 11
297397.8554666477
 21
125620.90128839748
 31
1965.1300278814224
  0
LINE
  5
120
330
17
100
AcDbEntity
  8
LOWER
100
AcDbLine
 10
297397.8554666477
 20
125620.90128839748
 30
1965.1300278814224
 11
297109.09496394853
 21
125038.66921872317
 31
2018.272581901677
  0
LINE
  5
121
330
17
100
AcDbEntity
  8
LOWER
100
AcDbLine
 10
297109.09496394853
 20
125038.66921872317
 30
2018.272581901677
 11
296852.2793621985
 21
124441.65786407898
 31
2071.6734490959043
  0
LINE
  5
122
330
17
100
AcDbEntity
  8
LOWER
100
AcDbLine
 10
296852.2793621985
 20
124441.65786407898
 30
2071.6734490959043
 11
296628.16194580635
 21
123831.61836163177
 31
2125.3003403173557
  0
LINE
  5
123
330
17
100
AcDbEntity
  8
LOWER
100
AcDbLine
 10
296628.16194580635
 20
123831.61836163177
 30
2125.3003403173557
 11
296437.40008976933
 21
123210.34006235065
 31
2179.1209664192866
  0
LINE
  5
124
330
17
100
AcDbEntity
  8
LOWER
100
AcDbLine
 10
296437.40008976933
 20
123210.34006235065
 30
2179.1209664192866
 11
296280.5533314789
 21
122579.64528253229
 31
2233.1030382549525
  0
LINE
  5
125
330
17
100
AcDbEntity
  8
LOWER
100
AcDbLine
 10
296280.5533314789
 20
122579.64528253229
 30
2233.1030382549525
 11
296158.0817295017
 21
121941.38395863319
 31
2287.2142666776017
  0
LINE
  5
126
330
17
100
AcDbEntity
  8
LOWER
100
AcDbLine
 10
296158.0817295017
 20
121941.38395863319
 30
2287.2142666776017
 11
296070.34451414767
 21
121297.4282210873
 31
2341.42236254049
  0
LINE
  5
127
330
17
100
AcDbEntity
  8
LOWER
100
AcDbLine
 10
296070.34451414767
 20
121297.4282210873
 30
2341.42236254049
 11
296017.5990337865
 21
120649.66690302502
 31
2395.695036696872
  0
LINE
  5
128
330
17
100
AcDbEntity
  8
LOWER
100
AcDbLine
 10
296017.5990337865
 20
120649.66690302502
 30
2395.695036696872
 11
296000.0
 21
120000.0
 31
2450.0
  0
LINE
  5
129
330
17
100
AcDbEntity
  8
MIDDLE
100
AcDbLine
 10
296000.0
 20
120000.0
 30
2450.0
 11
296017.5990337865
 21
119350.333096975
 31
2504.3049633031283
  0
LINE
  5
12A
330
17
100
AcDbEntity
  8
MIDDLE
100
AcDbLine
 10
296017.5990337865
 20
119350.333096975
 30
2504.3049633031283
 11
296070.34451414767
 21
118702.5717789127
 31
2558.5776374595107
  0
LINE
  5
12B
330
17
100
AcDbEntity
  8
MIDDLE
100
AcDbLine
 10
296070.34451414767
 20
118702.5717789127
 30
2558.5776374595107
 11
296158.0817295017
 21
118058.61604136683
 31
2612.7857333223988
  0
LINE
  5
12C
330
17
100
AcDbEntity
  8
MIDDLE
100
AcDbLine
 10
296158.0817295017
 20
118058.61604136683
 30
2612.7857333223988
 11
296280.5533314789
 21
117420.35471746772
 31
2666.8969617450502
  0
LINE
  5
12D
330
17
100
AcDbEntity
  8
MIDDLE
100
AcDbLine
 10
296280.5533314789
 20
117420.35471746772
 30
2666.8969617450502
 11
296437.40008976933
 21
116789.65993764935
 31
2720.879033580714
  0
LINE
  5
12E
330
17
100
AcDbEntity
  8
MIDDLE
100
AcDbLine
 10
296437.40008976933
 20
116789.65993764935
 30
2720.879033580714
 11
296628.16194580635
 21
116168.38163836824
 31
2774.6996596826443
  0
LINE
  5
12F
330
17
100
AcDbEntity
  8
MIDDLE
100
AcDbLine
 10
296628.16194580635
 20
116168.38163836824
 30
2774.6996596826443
 11
296852.2793621985
 21
115558.34213592102
 31
2828.326550904096
  0
LINE
  5
130
330
17
100
AcDbEntity
  8
MIDDLE
100
AcDbLine
 10
296852.2793621985
 20
115558.34213592102
 30
2828.326550904096
 11
297109.09496394853
 21
114961.33078127683
 31
2881.7274180983222
  0
LINE
  5
131
330
17
100
AcDbEntity
  8
MIDDLE
100
AcDbLine
 10
297109.09496394853
 20
114961.33078127683
 30
2881.7274180983222
 11
297397.8554666477
 21
114379.09871160252
 31
2934.869972118577
  0
LINE
  5
132
330
17
100
AcDbEntity
  8
MIDDLE
100
AcDbLine
 10
297397.8554666477
 20
114379.09871160252
 30
2934.869972118577
 11
297717.7138859889
 21
113813.35371387574
 31
2987.721923818114
  0
LINE
  5
133
330
17
100
AcDbEntity
  8
MIDDLE
100
AcDbLine
 10
297717.7138859889
 20
113813.35371387574
 30
2987.721923818114
 11
298067.7320221173
 21
113265.75521565141
 31
3040.2509840501875
  0
LINE
  5
134
330
17
100
AcDbEntity
  8
MIDDLE
100
AcDbLine
 10
298067.7320221173
 20
113265.75521565141
 30
3040.2509840501875
 11
298446.88321153226
 21
112737.90941767482
 31
3092.424863668048
  0
LINE
  5
135
330
17
100
AcDbEntity
  8
MIDDLE
100
AcDbLine
 10
298446.88321153226
 20
112737.90941767482
 30
3092.424863668048
 11
298854.05533846834
 21
112231.36458261807
 31
3144.2112735249502
  0
LINE
  5
136
330
17
100
AcDbEntity
  8
MIDDLE
100
AcDbLine
 10
298854.05533846834
 20
112231.36458261807
 30
3144.2112735249502
 11
299288.05409692245
 21
111747.60649375893
 31
3195.5779244741484
  0
LINE
  5
137
330
17
100
AcDbEntity
  8
MIDDLE
100
AcDbLine
 10
299288.05409692245
 20
111747.60649375893
 30
3195.5779244741484
 11
299747.6064937589
 21
111288.05409692242
 31
3246.492527368896
  0
LINE
  5
138
330
17
100
AcDbEntity
  8
MIDDLE
100
AcDbLine
 10
299747.6064937589
 20
111288.05409692242
 30
3246.492527368896
 11
300231.36458261806
 21
110854.05533846836
 31
3296.922793062446
  0
LINE
  5
139
330
17
100
AcDbEntity
  8
MIDDLE
100
AcDbLine
 10
300231.36458261806
 20
110854.05533846836
 30
3296.922793062446
 11
300737.9094176748
 21
110446.88321153229
 31
3346.8364324080544
  0
LINE
  5
13A
330
17
100
AcDbEntity
  8
MIDDLE
100
AcDbLine
 10
300737.9094176748
 20
110446.88321153229
 30
3346.8364324080544
 11
301265.7552156514
 21
110067.73202211731
 31
3396.20115625897
  0
LINE
  5
13B
330
17
100
AcDbEntity
  8
MIDDLE
100
AcDbLine
 10
301265.7552156514
 20
110067.73202211731
 30
3396.20115625897
 11
301813.35371387575
 21
109717.71388598892
 31
3444.98467546845
  0
LINE
  5
13C
330
17
100
AcDbEntity
  8
MIDDLE
100
AcDbLine
 10
301813.35371387575
 20
109717.71388598892
 30
3444.98467546845
 11
302379.0987116025
 21
109397.85546664773
 31
3493.154700889746
  0
LINE
  5
13D
330
17
100
AcDbEntity
  8
MIDDLE
100
AcDbLine
 10
302379.0987116025
 20
109397.85546664773
 30
3493.154700889746
 11
302961.33078127686
 21
109109.09496394852
 31
3540.678943376113
  0
LINE
  5
13E
330
17
100
AcDbEntity
  8
MIDDLE
100
AcDbLine
 10
302961.33078127686
 20
109109.09496394852
 30
3540.678943376113
 11
303558.342135921
 21
108852.2793621985
 31
3587.5251137808023
  0
LINE
  5
13F
330
17
100
AcDbEntity
  8
MIDDLE
100
AcDbLine
 10
303558.342135921
 20
108852.2793621985
 30
3587.5251137808023
 11
304168.38163836824
 21
108628.16194580637
 31
3633.660922957071
  0
LINE
  5
140
330
17
100
AcDbEntity
  8
MIDDLE
100
AcDbLine
 10
304168.38163836824
 20
108628.16194580637
 30
3633.660922957071
 11
304789.6599376494
 21
108437.40008976933
 31
3679.054081758169
  0
LINE
  5
141
330
17
100
AcDbEntity
  8
MIDDLE
100
AcDbLine
 10
304789.6599376494
 20
108437.40008976933
 30
3679.054081758169
 11
305420.35471746774
 21
108280.55333147895
 31
3723.6723010373544
  0
LINE
  5
142
330
17
100
AcDbEntity
  8
MIDDLE
100
AcDbLine
 10
305420.35471746774
 20
108280.55333147895
 30
3723.6723010373544
 11
306058.6160413668
 21
108158.08172950169
 31
3767.4832916478745
  0
LINE
  5
143
330
17
100
AcDbEntity
  8
MIDDLE
100
AcDbLine
 10
306058.6160413668
 20
108158.08172950169
 30
3767.4832916478745
 11
306702.5717789127
 21
108070.3445141477
 31
3810.454764442987
  0
LINE
  5
144
330
17
100
AcDbEntity
  8
MIDDLE
100
AcDbLine
 10
306702.5717789127
 20
108070.3445141477
 30
3810.454764442987
 11
307350.33309697494
 21
108017.59903378651
 31
3852.5544302759445
  0
LINE
  5
145
330
17
100
AcDbEntity
  8
MIDDLE
100
AcDbLine
 10
307350.33309697494
 20
108017.59903378651
 30
3852.5544302759445
 11
308000.0
 21
108000.0
 31
3893.7500000000005
  0
LINE
  5
146
330
17
100
AcDbEntity
  8
MIDDLE
100
AcDbLine
 10
308000.0
 20
108000.0
 30
3893.7500000000005
 11
308649.66690302506
 21
108017.59903378651
 31
3934.009184468408
  0
LINE
  5
147
330
17
100
AcDbEntity
  8
MIDDLE
100
AcDbLine
 10
308649.66690302506
 20
108017.59903378651
 30
3934.009184468408
 11
309297.4282210873
 21
108070.34451414768
 31
3973.2996945344216
  0
LINE
  5
148
330
17
100
AcDbEntity
  8
MIDDLE
100
AcDbLine
 10
309297.4282210873
 20
108070.34451414768
 30
3973.2996945344216
 11
309941.3839586332
 21
108158.08172950169
 31
4011.5892410512934
  0
LINE
  5
149
330
17
100
AcDbEntity
  8
MIDDLE
100
AcDbLine
 10
309941.3839586332
 20
108158.08172950169
 30
4011.5892410512934
 11
310579.64528253226
 21
108280.55333147895
 31
4048.845534872279
  0
LINE
  5
14A
330
17
100
AcDbEntity
  8
MIDDLE
100
AcDbLine
 10
310579.64528253226
 20
108280.55333147895
 30
4048.845534872279
 11
311210.3400623506
 21
108437.40008976933
 31
4085.03628685063
  0
LINE
  5
14B
330
17
100
AcDbEntity
  8
MIDDLE
100
AcDbLine
 10
311210.3400623506
 20
108437.40008976933
 30
4085.03628685063
 11
311831.61836163176
 21
108628.16194580637
 31
4120.1292078396
  0
LINE
  5
14C
330
17
100
AcDbEntity
  8
MIDDLE
100
AcDbLine
 10
311831.61836163176
 20
108628.16194580637
 30
4120.1292078396
 11
312441.65786407894
 21
108852.2793621985
 31
4154.092008692443
  0
LINE
  5
14D
330
17
100
AcDbEntity
  8
MIDDLE
100
AcDbLine
 10
312441.65786407894
 20
108852.2793621985
 30
4154.092008692443
 11
313038.66921872314
 21
109109.09496394852
 31
4186.892400262413
  0
LINE
  5
14E
330
17
100
AcDbEntity
  8
MIDDLE
100
AcDbLine
 10
313038.66921872314
 20
109109.09496394852
 30
4186.892400262413
 11
313620.9012883975
 21
109397.85546664773
 31
4218.4980934027635
  0
LINE
  5
14F
330
17
100
AcDbEntity
  8
MIDDLE
100
AcDbLine
 10
313620.9012883975
 20
109397.85546664773
 30
4218.4980934027635
 11
314186.6462861243
 21
109717.71388598892
 31
4248.876798966746
  0
LINE
  5
150
330
17
100
AcDbEntity
  8
MIDDLE
100
AcDbLine
 10
314186.6462861243
 20
109717.71388598892
 30
4248.876798966746
 11
314734.2447843486
 21
110067.73202211731
 31
4277.996227807618
  0
LINE
  5
151
330
17
100
AcDbEntity
  8
MIDDLE
100
AcDbLine
 10
314734.2447843486
 20
110067.73202211731
 30
4277.996227807618
 11
315262.0905823252
 21
110446.88321153229
 31
4305.82409077863
  0
LINE
  5
152
330
17
100
AcDbEntity
  8
MIDDLE
100
AcDbLine
 10
315262.0905823252
 20
110446.88321153229
 30
4305.82409077863
 11
315768.63541738194
 21
110854.05533846836
 31
4332.328098733035
  0
LINE
  5
153
330
17
100
AcDbEntity
  8
MIDDLE
100
AcDbLine
 10
315768.63541738194
 20
110854.05533846836
 30
4332.328098733035
 11
316252.3935062411
 21
111288.05409692242
 31
4357.475962524089
  0
LINE
  5
154
330
17
100
AcDbEntity
  8
MIDDLE
100
AcDbLine
 10
316252.3935062411
 20
111288.05409692242
 30
4357.475962524089
 11
316711.94590307755
 21
111747.60649375893
 31
4381.235393005044
  0
LINE
  5
155
330
17
100
AcDbEntity
  8
MIDDLE
100
AcDbLine
 10
316711.94590307755
 20
111747.60649375893
 30
4381.235393005044
 11
317145.94466153166
 21
112231.36458261807
 31
4403.574101029152
  0
LINE
  5
156
330
17
100
AcDbEntity
  8
MIDDLE
100
AcDbLine
 10
317145.94466153166
 20
112231.36458261807
 30
4403.574101029152
 11
317553.11678846774
 21
112737.90941767482
 31
4424.45979744967
  0
LINE
  5
157
330
17
100
AcDbEntity
  8
MIDDLE
100
AcDbLine
 10
317553.11678846774
 20
112737.90941767482
 30
4424.45979744967
 11
317932.2679778827
 21
113265.75521565141
 31
4443.86019311985
  0
LINE
  5
158
330
17
100
AcDbEntity
  8
MIDDLE
100
AcDbLine
 10
317932.2679778827
 20
113265.75521565141
 30
4443.86019311985
 11
318282.2861140111
 21
113813.35371387574
 31
4461.742998892943
  0
LINE
  5
159
330
17
100
AcDbEntity
  8
MIDDLE
100
AcDbLine
 10
318282.2861140111
 20
113813.35371387574
 30
4461.742998892943
 11
318602.14453335234
 21
114379.09871160252
 31
4478.075925622207
  0
LINE
  5
15A
330
17
100
AcDbEntity
  8
MIDDLE
100
AcDbLine
 10
318602.14453335234
 20
114379.09871160252
 30
4478.075925622207
 11
318890.90503605147
 21
114961.33078127683
 31
4492.826684160892
  0
LINE
  5
15B
330
17
100
AcDbEntity
  8
MIDDLE
100
AcDbLine
 10
318890.90503605147
 20
114961.33078127683
 30
4492.826684160892
 11
319147.7206378015
 21
115558.34213592102
 31
4505.962985362254
  0
LINE
  5
15C
330
17
100
AcDbEntity
  8
MIDDLE
100
AcDbLine
 10
319147.7206378015
 20
115558.34213592102
 30
4505.962985362254
 11
319371.83805419365
 21
116168.38163836823
 31
4517.452540079545
  0
LINE
  5
15D
330
17
100
AcDbEntity
  8
MIDDLE
100
AcDbLine
 10
319371.83805419365
 20
116168.38163836823
 30
4517.452540079545
 11
319562.59991023067
 21
116789.65993764935
 31
4527.263059166017
  0
LINE
  5
15E
330
17
100
AcDbEntity
  8
MIDDLE
100
AcDbLine
 10
319562.59991023067
 20
116789.65993764935
 30
4527.263059166017
 11
319719.4466685211
 21
117420.35471746772
 31
4535.3622534749275
  0
LINE
  5
15F
330
17
100
AcDbEntity
  8
MIDDLE
100
AcDbLine
 10
319719.4466685211
 20
117420.35471746772
 30
4535.3622534749275
 11
319841.91827049834
 21
118058.61604136683
 31
4541.717833859527
  0
LINE
  5
160
330
17
100
AcDbEntity
  8
MIDDLE
100
AcDbLine
 10
319841.91827049834
 20
118058.61604136683
 30
4541.717833859527
 11
319929.65548585233
 21
118702.5717789127
 31
4546.297511173069
  0
LINE
  5
161
330
17
100
AcDbEntity
  8
MIDDLE
100
AcDbLine
 10
319929.65548585233
 20
118702.5717789127
 30
4546.297511173069
 11
319982.4009662135
 21
119350.333096975
 31
4549.068996268809
  0
LINE
  5
162
330
17
100
AcDbEntity
  8
MIDDLE
100
AcDbLine
 10
319982.4009662135
 20
119350.333096975
 30
4549.068996268809
 11
320000.0
 21
120000.0
 31
4550.0
  0
LINE
  5
163
330
17
100
AcDbEntity
  8
MIDDLE
100
AcDbLine
 10
320000.0
 20
120000.0
 30
4550.0
 11
320000.0
 21
120647.05882352941
 31
4550.0
  0
LINE
  5
164
330
17
100
AcDbEntity
  8
MIDDLE
100
AcDbLine
 10
320000.0
 20
120647.05882352941
 30
4550.0
 11
320000.0
 21
121294.11764705883
 31
4550.0
  0
LINE
  5
165
330
17
100
AcDbEntity
  8
MIDDLE
100
AcDbLine
 10
320000.0
 20
121294.11764705883
 30
4550.0
 11
320000.0
 21
121941.17647058824
 31
4550.0
  0
LINE
  5
166
330
17
100
AcDbEntity
  8
MIDDLE
100
AcDbLine
 10
320000.0
 20
121941.17647058824
 30
4550.0
 11
320000.0
 21
122588.23529411765
 31
4550.0
  0
LINE
  5
167
330
17
100
AcDbEntity
  8
MIDDLE
100
AcDbLine
 10
320000.0
 20
122588.23529411765
 30
4550.0
 11
320000.0
 21
123235.29411764706
 31
4550.0
  0
LINE
  5
168
330
17
100
AcDbEntity
  8
MIDDLE
100
AcDbLine
 10
320000.0
 20
123235.29411764706
 30
4550.0
 11
320000.0
 21
123882.35294117646
 31
4550.0
  0
LINE
  5
169
330
17
100
AcDbEntity
  8
MIDDLE
100
AcDbLine
 10
320000.0
 20
123882.35294117646
 30
4550.0
 11
320000.0
 21
124529.41176470589
 31
4550.0
  0
LINE
  5
16A
330
17
100
AcDbEntity
  8
MIDDLE
100
AcDbLine
 10
320000.0
 20
124529.41176470589
 30
4550.0
 11
320000.0
 21
125176.47058823529
 31
4550.0
  0
LINE
  5
16B
330
17
100
AcDbEntity
  8
MIDDLE
100
AcDbLine
 10
320000.0
 20
125176.47058823529
 30
4550.0
 11
320000.0
 21
125823.52941176471
 31
4550.0
  0
LINE
  5
16C
330
17
100
AcDbEntity
  8
MIDDLE
100
AcDbLine
 10
320000.0
 20
125823.52941176471
 30
4550.0
 11
320000.0
 21
126470.58823529411
 31
4550.0
  0
LINE
  5
16D
330
17
100
AcDbEntity
  8
MIDDLE
100
AcDbLine
 10
320000.0
 20
126470.58823529411
 30
4550.0
 11
320000.0
 21
127117.64705882354
 31
4550.0
  0
LINE
  5
16E
330
17
100
AcDbEntity
  8
MIDDLE
100
AcDbLine
 10
320000.0
 20
127117.64705882354
 30
4550.0
 11
320000.0
 21
127764.70588235294
 31
4550.0
  0
LINE
  5
16F
330
17
100
AcDbEntity
  8
MIDDLE
100
AcDbLine
 10
320000.0
 20
127764.70588235294
 30
4550.0
 11
320000.0
 21
128411.76470588235
 31
4550.0
  0
LINE
  5
170
330
17
100
AcDbEntity
  8
MIDDLE
100
AcDbLine
 10
320000.0
 20
128411.76470588235
 30
4550.0
 11
320000.0
 21
129058.82352941176
 31
4550.0
  0
LINE
  5
171
330
17
100
AcDbEntity
  8
MIDDLE
100
AcDbLine
 10
320000.0
 20
129058.82352941176
 30
4550.0
 11
320000.0
 21
129705.88235294119
 31
4550.0
  0
LINE
  5
172
330
17
100
AcDbEntity
  8
MIDDLE
100
AcDbLine
 10
320000.0
 20
129705.88235294119
 30
4550.0
 11
320000.0
 21
130352.94117647057
 31
4550.0
  0
LINE
  5
173
330
17
100
AcDbEntity
  8
MIDDLE
100
AcDbLine
 10
320000.0
 20
130352.94117647057
 30
4550.0
 11
320000.0
 21
131000.0
 31
4550.0
  0
LINE
  5
174
330
17
100
AcDbEntity
  8
MIDDLE
100
AcDbLine
 10
320000.0
 20
131000.0
 30
4550.0
 11
320000.0
 21
131647.05882352943
 31
4550.0
  0
LINE
  5
175
330
17
100
AcDbEntity
  8
MIDDLE
100
AcDbLine
 10
320000.0
 20
131647.05882352943
 30
4550.0
 11
320000.0
 21
132294.11764705883
 31
4550.0
  0
LINE
  5
176
330
17
100
AcDbEntity
  8
MIDDLE
100
AcDbLine
 10
320000.0
 20
132294.11764705883
 30
4550.0
 11
320000.0
 21
132941.17647058822
 31
4550.0
  0
LINE
  5
177
330
17
100
AcDbEntity
  8
MIDDLE
100
AcDbLine
 10
320000.0
 20
132941.17647058822
 30
4550.0
 11
320000.0
 21
133588.23529411765
 31
4550.0
  0
LINE
  5
178
330
17
100
AcDbEntity
  8
MIDDLE
100
AcDbLine
 10
320000.0
 20
133588.23529411765
 30
4550.0
 11
320000.0
 21
134235.29411764708
 31
4550.0
  0
LINE
  5
179
330
17
100
AcDbEntity
  8
MIDDLE
100
AcDbLine
 10
320000.0
 20
134235.29411764708
 30
4550.0
 11
320000.0
 21
134882.35294117648
 31
4550.0
  0
LINE
  5
17A
330
17
100
AcDbEntity
  8
MIDDLE
100
AcDbLine
 10
320000.0
 20
134882.35294117648
 30
4550.0
 11
320000.0
 21
135529.41176470587
 31
4550.0
  0
LINE
  5
17B
330
17
100
AcDbEntity
  8
MIDDLE
100
AcDbLine
 10
320000.0
 20
135529.41176470587
 30
4550.0
 11
320000.0
 21
136176.4705882353
 31
4550.0
  0
LINE
  5
17C
330
17
100
AcDbEntity
  8
MIDDLE
100
AcDbLine
 10
320000.0
 20
136176.4705882353
 30
4550.0
 11
320000.0
 21
136823.5294117647
 31
4550.0
  0
LINE
  5
17D
330
17
100
AcDbEntity
  8
MIDDLE
100
AcDbLine
 10
320000.0
 20
136823.5294117647
 30
4550.0
 11
320000.0
 21
137470.58823529413
 31
4550.0
  0
LINE
  5
17E
330
17
100
AcDbEntity
  8
MIDDLE
100
AcDbLine
 10
320000.0
 20
137470.58823529413
 30
4550.0
 11
320000.0
 21
138117.64705882352
 31
4550.0
  0
LINE
  5
17F
330
17
100
AcDbEntity
  8
MIDDLE
100
AcDbLine
 10
320000.0
 20
138117.64705882352
 30
4550.0
 11
320000.0
 21
138764.70588235292
 31
4550.0
  0
LINE
  5
180
330
17
100
AcDbEntity
  8
MIDDLE
100
AcDbLine
 10
320000.0
 20
138764.70588235292
 30
4550.0
 11
320000.0
 21
139411.76470588235
 31
4550.0
  0
LINE
  5
181
330
17
100
AcDbEntity
  8
MIDDLE
100
AcDbLine
 10
320000.0
 20
139411.76470588235
 30
4550.0
 11
320000.0
 21
140058.82352941178
 31
4550.0
  0
LINE
  5
182
330
17
100
AcDbEntity
  8
MIDDLE
100
AcDbLine
 10
320000.0
 20
140058.82352941178
 30
4550.0
 11
320000.0
 21
140705.88235294117
 31
4550.0
  0
LINE
  5
183
330
17
100
AcDbEntity
  8
MIDDLE
100
AcDbLine
 10
320000.0
 20
140705.88235294117
 30
4550.0
 11
320000.0
 21
141352.94117647057
 31
4550.0
  0
LINE
  5
184
330
17
100
AcDbEntity
  8
MIDDLE
100
AcDbLine
 10
320000.0
 20
141352.94117647057
 30
4550.0
 11
320000.0
 21
142000.0
 31
4550.0
  0
LINE
  5
185
330
17
100
AcDbEntity
  8
MIDDLE
100
AcDbLine
 10
320000.0
 20
142000.0
 30
4550.0
 11
319975.338669865
 21
142627.67276582276
 31
4550.0
  0
LINE
  5
186
330
17
100
AcDbEntity
  8
MIDDLE
100
AcDbLine
 10
319975.338669865
 20
142627.67276582276
 30
4550.0
 11
319901.50672476116
 21
143251.47572032185
 31
4550.0
  0
LINE
  5
187
330
17
100
AcDbEntity
  8
MIDDLE
100
AcDbLine
 10
319901.50672476116
 20
143251.47572032185
 30
4550.0
 11
319778.9593631814
 21
143867.56291084725
 31
4550.0
  0
LINE
  5
188
330
17
100
AcDbEntity
  8
MIDDLE
100
AcDbLine
 10
319778.9593631814
 20
143867.56291084725
 30
4550.0
 11
319608.4521303612
 21
144472.13595499957
 31
4550.0
  0
LINE
  5
189
330
17
100
AcDbEntity
  8
MIDDLE
100
AcDbLine
 10
319608.4521303612
 20
144472.13595499957
 30
4550.0
 11
319391.0362600903
 21
145061.46745892073
 31
4550.0
  0
LINE
  5
18A
330
17
100
AcDbEntity
  8
MIDDLE
100
AcDbLine
 10
319391.0362600903
 20
145061.46745892073
 30
4550.0
 11
319128.05219350697
 21
145631.92399791637
 31
4550.0
  0
LINE
  5
18B
330
17
100
AcDbEntity
  8
MIDDLE
100
AcDbLine
 10
319128.05219350697
 20
145631.92399791637
 30
4550.0
 11
318821.12131483277
 21
146179.9885177276
 31
4550.0
  0
LINE
  5
18C
330
17
100
AcDbEntity
  8
MIDDLE
100
AcDbLine
 10
318821.12131483277
 20
146179.9885177276
 30
4550.0
 11
318472.13595499954
 21
146702.28201833979
 31
4550.0
  0
LINE
  5
18D
330
17
100
AcDbEntity
  8
MIDDLE
100
AcDbLine
 10
318472.13595499954
 20
146702.28201833979
 30
4550.0
 11
318083.24772480025
 21
147195.58438664145
 31
4550.0
  0
LINE
  5
18E
330
17
100
AcDbEntity
  8
MIDDLE
100
AcDbLine
 10
318083.24772480025
 20
147195.58438664145
 30
4550.0
 11
317656.85424949235
 21
147656.85424949237
 31
4550.0
  0
LINE
  5
18F
330
17
100
AcDbEntity
  8
MIDDLE
100
AcDbLine
 10
317656.85424949235
 20
147656.85424949237
 30
4550.0
 11
317195.5843866415
 21
148083.24772480025
 31
4550.0
  0
LINE
  5
190
330
17
100
AcDbEntity
  8
MIDDLE
100
AcDbLine
 10
317195.5843866415
 20
148083.24772480025
 30
4550.0
 11
316702.28201833984
 21
148472.13595499957
 31
4550.0
  0
LINE
  5
191
330
17
100
AcDbEntity
  8
MIDDLE
100
AcDbLine
 10
316702.28201833984
 20
148472.13595499957
 30
4550.0
 11
316179.9885177276
 21
148821.12131483274
 31
4550.0
  0
LINE
  5
192
330
17
100
AcDbEntity
  8
MIDDLE
100
AcDbLine
 10
316179.9885177276
 20
148821.12131483274
 30
4550.0
 11
315631.9239979164
 21
149128.05219350694
 31
4550.0
  0
LINE
  5
193
330
17
100
AcDbEntity
  8
MIDDLE
100
AcDbLine
 10
315631.9239979164
 20
149128.05219350694
 30
4550.0
 11
315061.4674589207
 21
149391.0362600903
 31
4550.0
  0
LINE
  5
194
330
17
100
AcDbEntity
  8
MIDDLE
100
AcDbLine
 10
315061.4674589207
 20
149391.0362600903
 30
4550.0
 11
314472.13595499954
 21
149608.45213036123
 31
4550.0
  0
LINE
  5
195
330
17
100
AcDbEntity
  8
MIDDLE
100
AcDbLine
 10
314472.13595499954
 20
149608.45213036123
 30
4550.0
 11
313867.56291084725
 21
149778.9593631814
 31
4550.0
  0
LINE
  5
196
330
17
100
AcDbEntity
  8
MIDDLE
100
AcDbLine
 10
313867.56291084725
 20
149778.9593631814
 30
4550.0
 11
313251.4757203219
 21
149901.5067247611
 31
4550.0
  0
LINE
  5
197
330
17
100
AcDbEntity
  8
MIDDLE
100
AcDbLine
 10
313251.4757203219
 20
149901.5067247611
 30
4550.0
 11
312627.67276582273
 21
149975.338669865
 31
4550.0
  0
LINE
  5
198
330
17
100
AcDbEntity
  8
MIDDLE
100
AcDbLine
 10
312627.67276582273
 20
149975.338669865
 30
4550.0
 11
312000.0
 21
150000.0
 31
4550.0
  0
LINE
  5
199
330
17
100
AcDbEntity
  8
MIDDLE
100
AcDbLine
 10
312000.0
 20
150000.0
 30
4550.0
 11
311361.49671433156
 21
150000.0
 31
4550.0
  0
LINE
  5
19A
330
17
100
AcDbEntity
  8
MIDDLE
100
AcDbLine
 10
311361.49671433156
 20
150000.0
 30
4550.0
 11
310722.9934286631
 21
150000.0
 31
4550.0
  0
LINE
  5
19B
330
17
100
AcDbEntity
  8
MIDDLE
100
AcDbLine
 10
310722.9934286631
 20
150000.0
 30
4550.0
 11
310084.4901429946
 21
150000.0
 31
4550.0
  0
LINE
  5
19C
330
17
100
AcDbEntity
  8
MIDDLE
100
AcDbLine
 10
310084.4901429946
 20
150000.0
 30
4550.0
 11
309445.9868573262
 21
150000.0
 31
4550.0
  0
LINE
  5
19D
330
17
100
AcDbEntity
  8
MIDDLE
100
AcDbLine
 10
309445.9868573262
 20
150000.0
 30
4550.0
 11
308807.48357165774
 21
150000.0
 31
4550.0
  0
LINE
  5
19E
330
17
100
AcDbEntity
  8
MIDDLE
100
AcDbLine
 10
308807.48357165774
 20
150000.0
 30
4550.0
 11
308168.9802859893
 21
150000.0
 31
4550.0
  0
LINE
  5
19F
330
17
100
AcDbEntity
  8
MIDDLE
100
AcDbLine
 10
308168.9802859893
 20
150000.0
 30
4550.0
 11
307530.47700032085
 21
150000.0
 31
4550.0
  0
LINE
  5
1A0
330
17
100
AcDbEntity
  8
MIDDLE
100
AcDbLine
 10
307530.47700032085
 20
150000.0
 30
4550.0
 11
306891.9737146524
 21
150000.0
 31
4550.0
  0
LINE
  5
1A1
330
17
100
AcDbEntity
  8
MIDDLE
100
AcDbLine
 10
306891.9737146524
 20
150000.0
 30
4550.0
 11
306253.4704289839
 21
150000.0
 31
4550.0
  0
LINE
  5
1A2
330
17
100
AcDbEntity
  8
MIDDLE
100
AcDbLine
 10
306253.4704289839
 20
150000.0
 30
4550.0
 11
305614.9671433155
 21
150000.0
 31
4550.0
  0
LINE
  5
1A3
330
17
100
AcDbEntity
  8
MIDDLE
100
AcDbLine
 10
305614.9671433155
 20
150000.0
 30
4550.0
 11
304976.46385764703
 21
150000.0
 31
4550.0
  0
LINE
  5
1A4
330
17
100
AcDbEntity
  8
MIDDLE
100
AcDbLine
 10
304976.46385764703
 20
150000.0
 30
4550.0
 11
304337.96057197853
 21
150000.0
 31
4550.0
  0
LINE
  5
1A5
330
17
100
AcDbEntity
  8
MIDDLE
100
AcDbLine
 10
304337.96057197853
 20
150000.0
 30
4550.0
 11
303699.45728631015
 21
150000.0
 31
4550.0
  0
LINE
  5
1A6
330
17
100
AcDbEntity
  8
MIDDLE
100
AcDbLine
 10
303699.45728631015
 20
150000.0
 30
4550.0
 11
303060.9540006417
 21
150000.0
 31
4550.0
  0
LINE
  5
1A7
330
17
100
AcDbEntity
  8
MIDDLE
100
AcDbLine
 10
303060.9540006417
 20
150000.0
 30
4550.0
 11
302422.45071497327
 21
150000.0
 31
4550.0
  0
LINE
  5
1A8
330
17
100
AcDbEntity
  8
MIDDLE
100
AcDbLine
 10
302422.45071497327
 20
150000.0
 30
4550.0
 11
301783.94742930477
 21
150000.0
 31
4550.0
  0
LINE
  5
1A9
330
17
100
AcDbEntity
  8
MIDDLE
100
AcDbLine
 10
301783.94742930477
 20
150000.0
 30
4550.0
 11
301145.4441436363
 21
150000.0
 31
4550.0
  0
LINE
  5
1AA
330
17
100
AcDbEntity
  8
MIDDLE
100
AcDbLine
 10
301145.4441436363
 20
150000.0
 30
4550.0
 11
300506.9408579678
 21
150000.0
 31
4550.0
  0
LINE
  5
1AB
330
17
100
AcDbEntity
  8
MIDDLE
100
AcDbLine
 10
300506.9408579678
 20
150000.0
 30
4550.0
 11
299868.4375722994
 21
150000.0
 31
4550.0
  0
LINE
  5
1AC
330
17
100
AcDbEntity
  8
MIDDLE
100
AcDbLine
 10
299868.4375722994
 20
150000.0
 30
4550.0
 11
299229.93428663095
 21
150000.0
 31
4550.0
  0
LINE
  5
1AD
330
17
100
AcDbEntity
  8
MIDDLE
100
AcDbLine
 10
299229.93428663095
 20
150000.0
 30
4550.0
 11
298591.4310009625
 21
150000.0
 31
4550.0
  0
LINE
  5
1AE
330
17
100
AcDbEntity
  8
MIDDLE
100
AcDbLine
 10
298591.4310009625
 20
150000.0
 30
4550.0
 11
297952.9277152941
 21
150000.0
 31
4550.0
  0
LINE
  5
1AF
330
17
100
AcDbEntity
  8
MIDDLE
100
AcDbLine
 10
297952.9277152941
 20
150000.0
 30
4550.0
 11
297314.4244296256
 21
150000.0
 31
4550.0
  0
LINE
  5
1B0
330
17
100
AcDbEntity
  8
MIDDLE
100
AcDbLine
 10
297314.4244296256
 20
150000.0
 30
4550.0
 11
296675.9211439572
 21
150000.0
 31
4550.0
  0
LINE
  5
1B1
330
17
100
AcDbEntity
  8
MIDDLE
100
AcDbLine
 10
296675.9211439572
 20
150000.0
 30
4550.0
 11
296037.4178582887
 21
150000.0
 31
4550.0
  0
LINE
  5
1B2
330
17
100
AcDbEntity
  8
MIDDLE
100
AcDbLine
 10
296037.4178582887
 20
150000.0
 30
4550.0
 11
295398.91457262024
 21
150000.0
 31
4550.0
  0
LINE
  5
1B3
330
17
100
AcDbEntity
  8
MIDDLE
100
AcDbLine
 10
295398.91457262024
 20
150000.0
 30
4550.0
 11
294786.8741053184
 21
149990.63296812747
 31
4550.0
  0
LINE
  5
1B4
330
17
100
AcDbEntity
  8
MIDDLE
100
AcDbLine
 10
294786.8741053184
 20
149990.63296812747
 30
4550.0
 11
294175.406938273
 21
149962.5406466385
 31
4550.0
  0
LINE
  5
1B5
330
17
100
AcDbEntity
  8
MIDDLE
100
AcDbLine
 10
294175.406938273
 20
149962.5406466385
 30
4550.0
 11
293565.0858347283
 21
149915.74934970014
 31
4550.0
  0
LINE
  5
1B6
330
17
100
AcDbEntity
  8
MIDDLE
100
AcDbLine
 10
293565.0858347283
 20
149915.74934970014
 30
4550.0
 11
292956.48248440726
 21
149850.3029068694
 31
4550.0
  0
LINE
  5
1B7
330
17
100
AcDbEntity
  8
MIDDLE
100
AcDbLine
 10
292956.48248440726
 20
149850.3029068694
 30
4550.0
 11
292350.166968008
 21
149766.26262203784
 31
4550.0
  0
LINE
  5
1B8
330
17
100
AcDbEntity
  8
MIDDLE
100
AcDbLine
 10
292350.166968008
 20
149766.26262203784
 30
4550.0
 11
291746.70722320693
 21
149663.70721600816
 31
4550.0
  0
LINE
  5
1B9
330
17
100
AcDbEntity
  8
MIDDLE
100
AcDbLine
 10
291746.70722320693
 20
149663.70721600816
 30
4550.0
 11
291146.66851267073
 21
149542.732752756
 31
4550.0
  0
LINE
  5
1BA
330
17
100
AcDbEntity
  8
MIDDLE
100
AcDbLine
 10
291146.66851267073
 20
149542.732752756
 30
4550.0
 11
290550.6128945718
 21
149403.45254944678
 31
4550.0
  0
LINE
  5
1BB
330
17
100
AcDbEntity
  8
MIDDLE
100
AcDbLine
 10
290550.6128945718
 20
149403.45254944678
 30
4550.0
 11
289959.0986961074
 21
149245.9970702907
 31
4550.0
  0
LINE
  5
1BC
330
17
100
AcDbEntity
  8
MIDDLE
100
AcDbLine
 10
289959.0986961074
 20
149245.9970702907
 30
4550.0
 11
289372.67999051267
 21
149070.51380433707
 31
4550.0
  0
LINE
  5
1BD
330
17
100
AcDbEntity
  8
MIDDLE
100
AcDbLine
 10
289372.67999051267
 20
149070.51380433707
 30
4550.0
 11
288791.9060780581
 21
148877.16712732034
 31
4550.0
  0
LINE
  5
1BE
330
17
100
AcDbEntity
  8
MIDDLE
100
AcDbLine
 10
288791.9060780581
 20
148877.16712732034
 30
4550.0
 11
288201.30554953136
 21
148670.45694233596
 31
4545.8263923415
  0
LINE
  5
1BF
330
17
100
AcDbEntity
  8
MIDDLE
100
AcDbLine
 10
288201.30554953136
 20
148670.45694233596
 30
4545.8263923415
 11
287610.70502100454
 21
148463.7467573516
 31
4525.220740069041
  0
LINE
  5
1C0
330
17
100
AcDbEntity
  8
MIDDLE
100
AcDbLine
 10
287610.70502100454
 20
148463.7467573516
 30
4525.220740069041
 11
287020.1044924777
 21
148257.03657236721
 31
4488.928420490022
  0
LINE
  5
1C1
330
17
100
AcDbEntity
  8
MIDDLE
100
AcDbLine
 10
287020.1044924777
 20
148257.03657236721
 30
4488.928420490022
 11
286429.50396395096
 21
148050.3263873828
 31
4439.792823069604
  0
LINE
  5
1C2
330
17
100
AcDbEntity
  8
MIDDLE
100
AcDbLine
 10
286429.50396395096
 20
148050.3263873828
 30
4439.792823069604
 11
285838.9034354242
 21
147843.61620239847
 31
4381.663567829056
  0
LINE
  5
1C3
330
17
100
AcDbEntity
  8
MIDDLE
100
AcDbLine
 10
285838.9034354242
 20
147843.61620239847
 30
4381.663567829056
 11
285248.3029068974
 21
147636.9060174141
 31
4319.09489968538
  0
LINE
  5
1C4
330
17
100
AcDbEntity
  8
MIDDLE
100
AcDbLine
 10
285248.3029068974
 20
147636.9060174141
 30
4319.09489968538
 11
284657.70237837057
 21
147430.1958324297
 31
4256.988877639278
  0
LINE
  5
1C5
330
17
100
AcDbEntity
  8
MIDDLE
100
AcDbLine
 10
284657.70237837057
 20
147430.1958324297
 30
4256.988877639278
 11
284067.10184984375
 21
147223.48564744534
 31
4200.211313820085
  0
LINE
  5
1C6
330
17
100
AcDbEntity
  8
MIDDLE
100
AcDbLine
 10
284067.10184984375
 20
147223.48564744534
 30
4200.211313820085
 11
283476.501321317
 21
147016.77546246094
 31
4153.210552359394
  0
LINE
  5
1C7
330
17
100
AcDbEntity
  8
MIDDLE
100
AcDbLine
 10
283476.501321317
 20
147016.77546246094
 30
4153.210552359394
 11
282885.9007927902
 21
146810.06527747656
 31
4119.668955573582
  0
LINE
  5
1C8
330
17
100
AcDbEntity
  8
MIDDLE
100
AcDbLine
 10
282885.9007927902
 20
146810.06527747656
 30
4119.668955573582
 11
282295.3002642634
 21
146603.3550924922
 31
4102.214402420291
  0
LINE
  5
1C9
330
17
100
AcDbEntity
  8
MIDDLE
100
AcDbLine
 10
282295.3002642634
 20
146603.3550924922
 30
4102.214402420291
 11
281704.6997357366
 21
146396.6449075078
 31
4102.214402420291
  0
LINE
  5
1CA
330
17
100
AcDbEntity
  8
MIDDLE
100
AcDbLine
 10
281704.6997357366
 20
146396.6449075078
 30
4102.214402420291
 11
281114.0992072098
 21
146189.93472252344
 31
4119.668955573584
  0
LINE
  5
1CB
330
17
100
AcDbEntity
  8
MIDDLE
100
AcDbLine
 10
281114.0992072098
 20
146189.93472252344
 30
4119.668955573584
 11
280523.498678683
 21
145983.22453753906
 31
4153.210552359394
  0
LINE
  5
1CC
330
17
100
AcDbEntity
  8
MIDDLE
100
AcDbLine
 10
280523.498678683
 20
145983.22453753906
 30
4153.210552359394
 11
279932.89815015625
 21
145776.51435255466
 31
4200.211313820089
  0
LINE
  5
1CD
330
17
100
AcDbEntity
  8
MIDDLE
100
AcDbLine
 10
279932.89815015625
 20
145776.51435255466
 30
4200.211313820089
 11
279342.29762162943
 21
145569.8041675703
 31
4256.988877639284
  0
LINE
  5
1CE
330
17
100
AcDbEntity
  8
MIDDLE
100
AcDbLine
 10
279342.29762162943
 20
145569.8041675703
 30
4256.988877639284
 11
278751.6970931026
 21
145363.0939825859
 31
4319.09489968538
  0
LINE
  5
1CF
330
17
100
AcDbEntity
  8
MIDDLE
100
AcDbLine
 10
278751.6970931026
 20
145363.0939825859
 30
4319.09489968538
 11
278161.0965645758
 21
145156.38379760153
 31
4381.663567829061
  0
LINE
  5
1D0
330
17
100
AcDbEntity
  8
MIDDLE
100
AcDbLine
 10
278161.0965645758
 20
145156.38379760153
 30
4381.663567829061
 11
277570.496036049
 21
144949.6736126172
 31
4439.79282306961
  0
LINE
  5
1D1
330
17
100
AcDbEntity
  8
MIDDLE
100
AcDbLine
 10
277570.496036049
 20
144949.6736126172
 30
4439.79282306961
 11
276979.8955075223
 21
144742.96342763279
 31
4488.928420490024
  0
LINE
  5
1D2
330
17
100
AcDbEntity
  8
MIDDLE
100
AcDbLine
 10
276979.8955075223
 20
144742.96342763279
 30
4488.928420490024
 11
276389.29497899546
 21
144536.2532426484
 31
4525.220740069043
  0
LINE
  5
1D3
330
17
100
AcDbEntity
  8
MIDDLE
100
AcDbLine
 10
276389.29497899546
 20
144536.2532426484
 30
4525.220740069043
 11
275798.69445046864
 21
144329.54305766404
 31
4545.8263923415
  0
LINE
  5
1D4
330
17
100
AcDbEntity
  8
MIDDLE
100
AcDbLine
 10
275798.69445046864
 20
144329.54305766404
 30
4545.8263923415
 11
275208.0939219419
 21
144122.83287267966
 31
4550.0
  0
LINE
  5
1D5
330
17
100
AcDbEntity
  8
MIDDLE
100
AcDbLine
 10
275208.0939219419
 20
144122.83287267966
 30
4550.0
 11
274627.32000948733
 21
143929.48619566293
 31
4550.0
  0
LINE
  5
1D6
330
17
100
AcDbEntity
  8
MIDDLE
100
AcDbLine
 10
274627.32000948733
 20
143929.48619566293
 30
4550.0
 11
274040.9013038926
 21
143754.0029297093
 31
4550.0
  0
LINE
  5
1D7
330
17
100
AcDbEntity
  8
MIDDLE
100
AcDbLine
 10
274040.9013038926
 20
143754.0029297093
 30
4550.0
 11
273449.3871054282
 21
143596.54745055322
 31
4550.0
  0
LINE
  5
1D8
330
17
100
AcDbEntity
  8
MIDDLE
100
AcDbLine
 10
273449.3871054282
 20
143596.54745055322
 30
4550.0
 11
272853.33148732927
 21
143457.267247244
 31
4550.0
  0
LINE
  5
1D9
330
17
100
AcDbEntity
  8
MIDDLE
100
AcDbLine
 10
272853.33148732927
 20
143457.267247244
 30
4550.0
 11
272253.29277679307
 21
143336.29278399184
 31
4550.0
  0
LINE
  5
1DA
330
17
100
AcDbEntity
  8
MIDDLE
100
AcDbLine
 10
272253.29277679307
 20
143336.29278399184
 30
4550.0
 11
271649.833031992
 21
143233.73737796216
 31
4550.0
  0
LINE
  5
1DB
330
17
100
AcDbEntity
  8
MIDDLE
100
AcDbLine
 10
271649.833031992
 20
143233.73737796216
 30
4550.0
 11
271043.51751559274
 21
143149.6970931306
 31
4550.0
  0
LINE
  5
1DC
330
17
100
AcDbEntity
  8
MIDDLE
100
AcDbLine
 10
271043.51751559274
 20
143149.6970931306
 30
4550.0
 11
270434.9141652717
 21
143084.25065029986
 31
4550.0
  0
LINE
  5
1DD
330
17
100
AcDbEntity
  8
MIDDLE
100
AcDbLine
 10
270434.9141652717
 20
143084.25065029986
 30
4550.0
 11
269824.593061727
 21
143037.4593533615
 31
4550.0
  0
LINE
  5
1DE
330
17
100
AcDbEntity
  8
MIDDLE
100
AcDbLine
 10
269824.593061727
 20
143037.4593533615
 30
4550.0
 11
269213.1258946816
 21
143009.36703187253
 31
4550.0
  0
LINE
  5
1DF
330
17
100
AcDbEntity
  8
MIDDLE
100
AcDbLine
 10
269213.1258946816
 20
143009.36703187253
 30
4550.0
 11
268601.08542737976
 21
143000.0
 31
4550.0
  0
LINE
  5
1E0
330
17
100
AcDbEntity
  8
MIDDLE
100
AcDbLine
 10
268601.08542737976
 20
143000.0
 30
4550.0
 11
267954.36770117056
 21
143000.0
 31
4550.0
  0
LINE
  5
1E1
330
17
100
AcDbEntity
  8
MIDDLE
100
AcDbLine
 10
267954.36770117056
 20
143000.0
 30
4550.0
 11
267307.64997496136
 21
143000.0
 31
4550.0
  0
LINE
  5
1E2
330
17
100
AcDbEntity
  8
MIDDLE
100
AcDbLine
 10
267307.64997496136
 20
143000.0
 30
4550.0
 11
266660.93224875216
 21
143000.0
 31
4550.0
  0
LINE
  5
1E3
330
17
100
AcDbEntity
  8
MIDDLE
100
AcDbLine
 10
266660.93224875216
 20
143000.0
 30
4550.0
 11
266014.21452254296
 21
143000.0
 31
4550.0
  0
LINE
  5
1E4
330
17
100
AcDbEntity
  8
MIDDLE
100
AcDbLine
 10
266014.21452254296
 20
143000.0
 30
4550.0
 11
265367.49679633375
 21
143000.0
 31
4550.0
  0
LINE
  5
1E5
330
17
100
AcDbEntity
  8
MIDDLE
100
AcDbLine
 10
265367.49679633375
 20
143000.0
 30
4550.0
 11
264720.77907012455
 21
143000.0
 31
4550.0
  0
LINE
  5
1E6
330
17
100
AcDbEntity
  8
MIDDLE
100
AcDbLine
 10
264720.77907012455
 20
143000.0
 30
4550.0
 11
264074.06134391535
 21
143000.0
 31
4550.0
  0
LINE
  5
1E7
330
17
100
AcDbEntity
  8
MIDDLE
100
AcDbLine
 10
264074.06134391535
 20
143000.0
 30
4550.0
 11
263427.34361770615
 21
143000.0
 31
4550.0
  0
LINE
  5
1E8
330
17
100
AcDbEntity
  8
MIDDLE
100
AcDbLine
 10
263427.34361770615
 20
143000.0
 30
4550.0
 11
262780.62589149695
 21
143000.0
 31
4550.0
  0
LINE
  5
1E9
330
17
100
AcDbEntity
  8
MIDDLE
100
AcDbLine
 10
262780.62589149695
 20
143000.0
 30
4550.0
 11
262133.90816528772
 21
143000.0
 31
4550.0
  0
LINE
  5
1EA
330
17
100
AcDbEntity
  8
MIDDLE
100
AcDbLine
 10
262133.90816528772
 20
143000.0
 30
4550.0
 11
261487.19043907852
 21
143000.0
 31
4550.0
  0
LINE
  5
1EB
330
17
100
AcDbEntity
  8
MIDDLE
100
AcDbLine
 10
261487.19043907852
 20
143000.0
 30
4550.0
 11
260840.47271286932
 21
143000.0
 31
4550.0
  0
LINE
  5
1EC
330
17
100
AcDbEntity
  8
MIDDLE
100
AcDbLine
 10
260840.47271286932
 20
143000.0
 30
4550.0
 11
260193.75498666018
 21
143000.0
 31
4550.0
  0
LINE
  5
1ED
330
17
100
AcDbEntity
  8
MIDDLE
100
AcDbLine
 10
260193.75498666018
 20
143000.0
 30
4550.0
 11
259547.03726045098
 21
143000.0
 31
4550.0
  0
LINE
  5
1EE
330
17
100
AcDbEntity
  8
MIDDLE
100
AcDbLine
 10
259547.03726045098
 20
143000.0
 30
4550.0
 11
258900.31953424175
 21
143000.0
 31
4550.0
  0
LINE
  5
1EF
330
17
100
AcDbEntity
  8
MIDDLE
100
AcDbLine
 10
258900.31953424175
 20
143000.0
 30
4550.0
 11
258253.60180803254
 21
143000.0
 31
4550.0
  0
LINE
  5
1F0
330
17
100
AcDbEntity
  8
MIDDLE
100
AcDbLine
 10
258253.60180803254
 20
143000.0
 30
4550.0
 11
257606.88408182334
 21
143000.0
 31
4550.0
  0
LINE
  5
1F1
330
17
100
AcDbEntity
  8
MIDDLE
100
AcDbLine
 10
257606.88408182334
 20
143000.0
 30
4550.0
 11
256960.16635561414
 21
143000.0
 31
4550.0
  0
LINE
  5
1F2
330
17
100
AcDbEntity
  8
MIDDLE
100
AcDbLine
 10
256960.16635561414
 20
143000.0
 30
4550.0
 11
256313.44862940494
 21
143000.0
 31
4550.0
  0
LINE
  5
1F3
330
17
100
AcDbEntity
  8
MIDDLE
100
AcDbLine
 10
256313.44862940494
 20
143000.0
 30
4550.0
 11
255666.73090319574
 21
143000.0
 31
4550.0
  0
LINE
  5
1F4
330
17
100
AcDbEntity
  8
MIDDLE
100
AcDbLine
 10
255666.73090319574
 20
143000.0
 30
4550.0
 11
255020.01317698654
 21
143000.0
 31
4550.0
  0
LINE
  5
1F5
330
17
100
AcDbEntity
  8
MIDDLE
100
AcDbLine
 10
255020.01317698654
 20
143000.0
 30
4550.0
 11
254373.29545077734
 21
143000.0
 31
4550.0
  0
LINE
  5
1F6
330
17
100
AcDbEntity
  8
MIDDLE
100
AcDbLine
 10
254373.29545077734
 20
143000.0
 30
4550.0
 11
253726.57772456814
 21
143000.0
 31
4550.0
  0
LINE
  5
1F7
330
17
100
AcDbEntity
  8
MIDDLE
100
AcDbLine
 10
253726.57772456814
 20
143000.0
 30
4550.0
 11
253079.85999835897
 21
143000.0
 31
4550.0
  0
LINE
  5
1F8
330
17
100
AcDbEntity
  8
MIDDLE
100
AcDbLine
 10
253079.85999835897
 20
143000.0
 30
4550.0
 11
252433.14227214977
 21
143000.0
 31
4550.0
  0
LINE
  5
1F9
330
17
100
AcDbEntity
  8
MIDDLE
100
AcDbLine
 10
252433.14227214977
 20
143000.0
 30
4550.0
 11
251839.48985013165
 21
143019.6004096793
 31
4550.0
  0
LINE
  5
1FA
330
17
100
AcDbEntity
  8
MIDDLE
100
AcDbLine
 10
251839.48985013165
 20
143019.6004096793
 30
4550.0
 11
251248.42316826436
 21
143078.31626625956
 31
4550.0
  0
LINE
  5
1FB
330
17
100
AcDbEntity
  8
MIDDLE
100
AcDbLine
 10
251248.42316826436
 20
143078.31626625956
 30
4550.0
 11
250662.51670412841
 21
143175.89182421993
 31
4550.0
  0
LINE
  5
1FC
330
17
100
AcDbEntity
  8
MIDDLE
100
AcDbLine
 10
250662.51670412841
 20
143175.89182421993
 30
4550.0
 11
250084.32245921955
 21
143311.90207891355
 31
4550.0
  0
LINE
  5
1FD
330
17
100
AcDbEntity
  8
MIDDLE
100
AcDbLine
 10
250084.32245921955
 20
143311.90207891355
 30
4550.0
 11
249516.35884333213
 21
143485.75461773772
 31
4550.0
  0
LINE
  5
1FE
330
17
100
AcDbEntity
  8
MIDDLE
100
AcDbLine
 10
249516.35884333213
 20
143485.75461773772
 30
4550.0
 11
248961.09970525588
 21
143696.69220047354
 31
4550.0
  0
LINE
  5
1FF
330
17
100
AcDbEntity
  8
MIDDLE
100
AcDbLine
 10
248961.09970525588
 20
143696.69220047354
 30
4550.0
 11
248420.96355756526
 21
143943.79605755693
 31
4550.0
  0
LINE
  5
200
330
17
100
AcDbEntity
  8
MIDDLE
100
AcDbLine
 10
248420.96355756526
 20
143943.79605755693
 30
4550.0
 11
247898.303042433
 21
144225.9898919141
 31
4550.0
  0
LINE
  5
201
330
17
100
AcDbEntity
  8
MIDDLE
100
AcDbLine
 10
247898.303042433
 20
144225.9898919141
 30
4550.0
 11
247341.40260779968
 21
144550.84847878353
 31
4550.0
  0
LINE
  5
202
330
17
100
AcDbEntity
  8
MIDDLE
100
AcDbLine
 10
247341.40260779968
 20
144550.84847878353
 30
4550.0
 11
246784.5021731664
 21
144875.70706565294
 31
4550.0
  0
LINE
  5
203
330
17
100
AcDbEntity
  8
MIDDLE
100
AcDbLine
 10
246784.5021731664
 20
144875.70706565294
 30
4550.0
 11
246227.60173853312
 21
145200.56565252235
 31
4550.0
  0
LINE
  5
204
330
17
100
AcDbEntity
  8
MIDDLE
100
AcDbLine
 10
246227.60173853312
 20
145200.56565252235
 30
4550.0
 11
245670.70130389984
 21
145525.42423939175
 31
4550.0
  0
LINE
  5
205
330
17
100
AcDbEntity
  8
MIDDLE
100
AcDbLine
 10
245670.70130389984
 20
145525.42423939175
 30
4550.0
 11
245113.8008692666
 21
145850.2828262612
 31
4550.0
  0
LINE
  5
206
330
17
100
AcDbEntity
  8
MIDDLE
100
AcDbLine
 10
245113.8008692666
 20
145850.2828262612
 30
4550.0
 11
244556.90043463328
 21
146175.14141313056
 31
4550.0
  0
LINE
  5
207
330
17
100
AcDbEntity
  8
MIDDLE
100
AcDbLine
 10
244556.90043463328
 20
146175.14141313056
 30
4550.0
 11
244000.0
 21
146500.0
 31
4550.0
  0
LINE
  5
208
330
17
100
AcDbEntity
  8
MIDDLE
100
AcDbLine
 10
244000.0
 20
146500.0
 30
4550.0
 11
243443.09956536672
 21
146824.85858686944
 31
4550.0
  0
LINE
  5
209
330
17
100
AcDbEntity
  8
MIDDLE
100
AcDbLine
 10
243443.09956536672
 20
146824.85858686944
 30
4550.0
 11
242886.19913073344
 21
147149.7171737388
 31
4550.0
  0
LINE
  5
20A
330
17
100
AcDbEntity
  8
MIDDLE
100
AcDbLine
 10
242886.19913073344
 20
147149.7171737388
 30
4550.0
 11
242329.29869610016
 21
147474.57576060825
 31
4550.0
  0
LINE
  5
20B
330
17
100
AcDbEntity
  8
MIDDLE
100
AcDbLine
 10
242329.29869610016
 20
147474.57576060825
 30
4550.0
 11
241772.39826146688
 21
147799.43434747765
 31
4550.0
  0
LINE
  5
20C
330
17
100
AcDbEntity
  8
MIDDLE
100
AcDbLine
 10
241772.39826146688
 20
147799.43434747765
 30
4550.0
 11
241215.4978268336
 21
148124.29293434706
 31
4550.0
  0
LINE
  5
20D
330
17
100
AcDbEntity
  8
MIDDLE
100
AcDbLine
 10
241215.4978268336
 20
148124.29293434706
 30
4550.0
 11
240658.59739220032
 21
148449.15152121647
 31
4550.0
  0
LINE
  5
20E
330
17
100
AcDbEntity
  8
MIDDLE
100
AcDbLine
 10
240658.59739220032
 20
148449.15152121647
 30
4550.0
 11
240101.69695756704
 21
148774.0101080859
 31
4550.0
  0
LINE
  5
20F
330
17
100
AcDbEntity
  8
MIDDLE
100
AcDbLine
 10
240101.69695756704
 20
148774.0101080859
 30
4550.0
 11
239579.03644243476
 21
149056.20394244307
 31
4550.0
  0
LINE
  5
210
330
17
100
AcDbEntity
  8
MIDDLE
100
AcDbLine
 10
239579.03644243476
 20
149056.20394244307
 30
4550.0
 11
239038.90029474412
 21
149303.30779952646
 31
4550.0
  0
LINE
  5
211
330
17
100
AcDbEntity
  8
MIDDLE
100
AcDbLine
 10
239038.90029474412
 20
149303.30779952646
 30
4550.0
 11
238483.6411566679
 21
149514.24538226228
 31
4550.0
  0
LINE
  5
212
330
17
100
AcDbEntity
  8
MIDDLE
100
AcDbLine
 10
238483.6411566679
 20
149514.24538226228
 30
4550.0
 11
237915.67754078045
 21
149688.09792108645
 31
4550.0
  0
LINE
  5
213
330
17
100
AcDbEntity
  8
MIDDLE
100
AcDbLine
 10
237915.67754078045
 20
149688.09792108645
 30
4550.0
 11
237337.4832958716
 21
149824.10817578007
 31
4550.0
  0
LINE
  5
214
330
17
100
AcDbEntity
  8
MIDDLE
100
AcDbLine
 10
237337.4832958716
 20
149824.10817578007
 30
4550.0
 11
236751.57683173567
 21
149921.68373374044
 31
4550.0
  0
LINE
  5
215
330
17
100
AcDbEntity
  8
MIDDLE
100
AcDbLine
 10
236751.57683173567
 20
149921.68373374044
 30
4550.0
 11
236160.51014986838
 21
149980.3995903207
 31
4550.0
  0
LINE
  5
216
330
17
100
AcDbEntity
  8
MIDDLE
100
AcDbLine
 10
236160.51014986838
 20
149980.3995903207
 30
4550.0
 11
235566.85772785023
 21
150000.0
 31
4550.0
  0
LINE
  5
217
330
17
100
AcDbEntity
  8
MIDDLE
100
AcDbLine
 10
235566.85772785023
 20
150000.0
 30
4550.0
 11
234919.15328426662
 21
150000.0
 31
4550.0
  0
LINE
  5
218
330
17
100
AcDbEntity
  8
MIDDLE
100
AcDbLine
 10
234919.15328426662
 20
150000.0
 30
4550.0
 11
234271.448840683
 21
150000.0
 31
4550.0
  0
LINE
  5
219
330
17
100
AcDbEntity
  8
MIDDLE
100
AcDbLine
 10
234271.448840683
 20
150000.0
 30
4550.0
 11
233623.74439709936
 21
150000.0
 31
4550.0
  0
LINE
  5
21A
330
17
100
AcDbEntity
  8
MIDDLE
100
AcDbLine
 10
233623.74439709936
 20
150000.0
 30
4550.0
 11
232976.03995351575
 21
150000.0
 31
4550.0
  0
LINE
  5
21B
330
17
100
AcDbEntity
  8
MIDDLE
100
AcDbLine
 10
232976.03995351575
 20
150000.0
 30
4550.0
 11
232328.3355099321
 21
150000.0
 31
4550.0
  0
LINE
  5
21C
330
17
100
AcDbEntity
  8
MIDDLE
100
AcDbLine
 10
232328.3355099321
 20
150000.0
 30
4550.0
 11
231680.6310663485
 21
150000.0
 31
4550.0
  0
LINE
  5
21D
330
17
100
AcDbEntity
  8
MIDDLE
100
AcDbLine
 10
231680.6310663485
 20
150000.0
 30
4550.0
 11
231032.92662276488
 21
150000.0
 31
4550.0
  0
LINE
  5
21E
330
17
100
AcDbEntity
  8
MIDDLE
100
AcDbLine
 10
231032.92662276488
 20
150000.0
 30
4550.0
 11
230385.22217918126
 21
150000.0
 31
4550.0
  0
LINE
  5
21F
330
17
100
AcDbEntity
  8
MIDDLE
100
AcDbLine
 10
230385.22217918126
 20
150000.0
 30
4550.0
 11
229737.51773559765
 21
150000.0
 31
4550.0
  0
LINE
  5
220
330
17
100
AcDbEntity
  8
MIDDLE
100
AcDbLine
 10
229737.51773559765
 20
150000.0
 30
4550.0
 11
229089.813292014
 21
150000.0
 31
4550.0
  0
LINE
  5
221
330
17
100
AcDbEntity
  8
MIDDLE
100
AcDbLine
 10
229089.813292014
 20
150000.0
 30
4550.0
 11
228442.10884843036
 21
150000.0
 31
4550.0
  0
LINE
  5
222
330
17
100
AcDbEntity
  8
MIDDLE
100
AcDbLine
 10
228442.10884843036
 20
150000.0
 30
4550.0
 11
227794.40440484675
 21
150000.0
 31
4550.0
  0
LINE
  5
223
330
17
100
AcDbEntity
  8
MIDDLE
100
AcDbLine
 10
227794.40440484675
 20
150000.0
 30
4550.0
 11
227146.69996126313
 21
150000.0
 31
4550.0
  0
LINE
  5
224
330
17
100
AcDbEntity
  8
MIDDLE
100
AcDbLine
 10
227146.69996126313
 20
150000.0
 30
4550.0
 11
226498.9955176795
 21
150000.0
 31
4550.0
  0
LINE
  5
225
330
17
100
AcDbEntity
  8
MIDDLE
100
AcDbLine
 10
226498.9955176795
 20
150000.0
 30
4550.0
 11
225851.29107409585
 21
150000.0
 31
4550.0
  0
LINE
  5
226
330
17
100
AcDbEntity
  8
MIDDLE
100
AcDbLine
 10
225851.29107409585
 20
150000.0
 30
4550.0
 11
225203.58663051223
 21
150000.0
 31
4550.0
  0
LINE
  5
227
330
17
100
AcDbEntity
  8
MIDDLE
100
AcDbLine
 10
225203.58663051223
 20
150000.0
 30
4550.0
 11
224555.88218692862
 21
150000.0
 31
4550.0
  0
LINE
  5
228
330
17
100
AcDbEntity
  8
MIDDLE
100
AcDbLine
 10
224555.88218692862
 20
150000.0
 30
4550.0
 11
223908.177743345
 21
150000.0
 31
4550.0
  0
LINE
  5
229
330
17
100
AcDbEntity
  8
MIDDLE
100
AcDbLine
 10
223908.177743345
 20
150000.0
 30
4550.0
 11
223260.47329976136
 21
150000.0
 31
4550.0
  0
LINE
  5
22A
330
17
100
AcDbEntity
  8
MIDDLE
100
AcDbLine
 10
223260.47329976136
 20
150000.0
 30
4550.0
 11
222612.76885617775
 21
150000.0
 31
4550.534058121482
  0
LINE
  5
22B
330
17
100
AcDbEntity
  8
MIDDLE
100
AcDbLine
 10
222612.76885617775
 20
150000.0
 30
4550.534058121482
 11
221965.06441259413
 21
150000.0
 31
4555.522753390935
  0
LINE
  5
22C
330
17
100
AcDbEntity
  8
MIDDLE
100
AcDbLine
 10
221965.06441259413
 20
150000.0
 30
4555.522753390935
 11
221317.35996901052
 21
150000.0
 31
4565.75546173836
  0
LINE
  5
22D
330
17
100
AcDbEntity
  8
MIDDLE
100
AcDbLine
 10
221317.35996901052
 20
150000.0
 30
4565.75546173836
 11
220669.6555254269
 21
150000.0
 31
4581.232183163762
  0
LINE
  5
22E
330
17
100
AcDbEntity
  8
MIDDLE
100
AcDbLine
 10
220669.6555254269
 20
150000.0
 30
4581.232183163762
 11
220021.95108184323
 21
150000.0
 31
4601.952917667137
  0
LINE
  5
22F
330
17
100
AcDbEntity
  8
MIDDLE
100
AcDbLine
 10
220021.95108184323
 20
150000.0
 30
4601.952917667137
 11
219374.24663825962
 21
150000.0
 31
4627.9176652484875
  0
LINE
  5
230
330
17
100
AcDbEntity
  8
MIDDLE
100
AcDbLine
 10
219374.24663825962
 20
150000.0
 30
4627.9176652484875
 11
218726.542194676
 21
150000.0
 31
4659.126425907812
  0
LINE
  5
231
330
17
100
AcDbEntity
  8
MIDDLE
100
AcDbLine
 10
218726.542194676
 20
150000.0
 30
4659.126425907812
 11
218078.8377510924
 21
150000.0
 31
4695.579199645112
  0
LINE
  5
232
330
17
100
AcDbEntity
  8
MIDDLE
100
AcDbLine
 10
218078.8377510924
 20
150000.0
 30
4695.579199645112
 11
217431.13330750872
 21
150000.0
 31
4737.275986460386
  0
LINE
  5
233
330
17
100
AcDbEntity
  8
MIDDLE
100
AcDbLine
 10
217431.13330750872
 20
150000.0
 30
4737.275986460386
 11
216783.4288639251
 21
150000.0
 31
4784.216786353633
  0
LINE
  5
234
330
17
100
AcDbEntity
  8
MIDDLE
100
AcDbLine
 10
216783.4288639251
 20
150000.0
 30
4784.216786353633
 11
216135.7244203415
 21
150000.0
 31
4836.401599324857
  0
LINE
  5
235
330
17
100
AcDbEntity
  8
MIDDLE
100
AcDbLine
 10
216135.7244203415
 20
150000.0
 30
4836.401599324857
 11
215488.01997675787
 21
150000.0
 31
4893.830425374054
  0
LINE
  5
236
330
17
100
AcDbEntity
  8
MIDDLE
100
AcDbLine
 10
215488.01997675787
 20
150000.0
 30
4893.830425374054
 11
214840.31553317426
 21
150000.0
 31
4943.549175629552
  0
LINE
  5
237
330
17
100
AcDbEntity
  8
MIDDLE
100
AcDbLine
 10
214840.31553317426
 20
150000.0
 30
4943.549175629552
 11
214192.61108959062
 21
150000.0
 31
4881.9251391179705
  0
LINE
  5
238
330
17
100
AcDbEntity
  8
MIDDLE
100
AcDbLine
 10
214192.61108959062
 20
150000.0
 30
4881.9251391179705
 11
213544.906646007
 21
150000.0
 31
4825.545115684368
  0
LINE
  5
239
330
17
100
AcDbEntity
  8
MIDDLE
100
AcDbLine
 10
213544.906646007
 20
150000.0
 30
4825.545115684368
 11
212897.2022024234
 21
150000.0
 31
4774.40910532874
  0
LINE
  5
23A
330
17
100
AcDbEntity
  8
MIDDLE
100
AcDbLine
 10
212897.2022024234
 20
150000.0
 30
4774.40910532874
 11
212249.49775883977
 21
150000.0
 31
4728.517108051087
  0
LINE
  5
23B
330
17
100
AcDbEntity
  8
MIDDLE
100
AcDbLine
 10
212249.49775883977
 20
150000.0
 30
4728.517108051087
 11
211601.79331525613
 21
150000.0
 31
4687.869123851409
  0
LINE
  5
23C
330
17
100
AcDbEntity
  8
MIDDLE
100
AcDbLine
 10
211601.79331525613
 20
150000.0
 30
4687.869123851409
 11
210954.0888716725
 21
150000.0
 31
4652.465152729705
  0
LINE
  5
23D
330
17
100
AcDbEntity
  8
MIDDLE
100
AcDbLine
 10
210954.0888716725
 20
150000.0
 30
4652.465152729705
 11
210306.38442808887
 21
150000.0
 31
4622.305194685976
  0
LINE
  5
23E
330
17
100
AcDbEntity
  8
MIDDLE
100
AcDbLine
 10
210306.38442808887
 20
150000.0
 30
4622.305194685976
 11
209658.67998450526
 21
150000.0
 31
4597.389249720221
  0
LINE
  5
23F
330
17
100
AcDbEntity
  8
MIDDLE
100
AcDbLine
 10
209658.67998450526
 20
150000.0
 30
4597.389249720221
 11
209010.97554092165
 21
150000.0
 31
4577.717317832441
  0
LINE
  5
240
330
17
100
AcDbEntity
  8
MIDDLE
100
AcDbLine
 10
209010.97554092165
 20
150000.0
 30
4577.717317832441
 11
208363.27109733797
 21
150000.0
 31
4563.289399022637
  0
LINE
  5
241
330
17
100
AcDbEntity
  8
MIDDLE
100
AcDbLine
 10
208363.27109733797
 20
150000.0
 30
4563.289399022637
 11
207715.56665375436
 21
150000.0
 31
4554.1054932908055
  0
LINE
  5
242
330
17
100
AcDbEntity
  8
MIDDLE
100
AcDbLine
 10
207715.56665375436
 20
150000.0
 30
4554.1054932908055
 11
207067.86221017074
 21
150000.0
 31
4550.1656006369485
  0
LINE
  5
243
330
17
100
AcDbEntity
  8
MIDDLE
100
AcDbLine
 10
207067.86221017074
 20
150000.0
 30
4550.1656006369485
 11
206420.15776658713
 21
150000.0
 31
4550.0
  0
LINE
  5
244
330
17
100
AcDbEntity
  8
MIDDLE
100
AcDbLine
 10
206420.15776658713
 20
150000.0
 30
4550.0
 11
205772.45332300352
 21
150000.0
 31
4550.0
  0
LINE
  5
245
330
17
100
AcDbEntity
  8
MIDDLE
100
AcDbLine
 10
205772.45332300352
 20
150000.0
 30
4550.0
 11
205124.74887941987
 21
150000.0
 31
4550.0
  0
LINE
  5
246
330
17
100
AcDbEntity
  8
MIDDLE
100
AcDbLine
 10
205124.74887941987
 20
150000.0
 30
4550.0
 11
204477.04443583626
 21
150000.0
 31
4550.0
  0
LINE
  5
247
330
17
100
AcDbEntity
  8
MIDDLE
100
AcDbLine
 10
204477.04443583626
 20
150000.0
 30
4550.0
 11
203829.33999225262
 21
150000.0
 31
4550.0
  0
LINE
  5
248
330
17
100
AcDbEntity
  8
MIDDLE
100
AcDbLine
 10
203829.33999225262
 20
150000.0
 30
4550.0
 11
203181.635548669
 21
150000.0
 31
4550.0
  0
LINE
  5
249
330
17
100
AcDbEntity
  8
MIDDLE
100
AcDbLine
 10
203181.635548669
 20
150000.0
 30
4550.0
 11
202533.9311050854
 21
150000.0
 31
4550.0
  0
LINE
  5
24A
330
17
100
AcDbEntity
  8
MIDDLE
100
AcDbLine
 10
202533.9311050854
 20
150000.0
 30
4550.0
 11
201886.22666150174
 21
150000.0
 31
4550.0
  0
LINE
  5
24B
330
17
100
AcDbEntity
  8
MIDDLE
100
AcDbLine
 10
201886.22666150174
 20
150000.0
 30
4550.0
 11
201238.52221791813
 21
150000.0
 31
4550.0
  0
LINE
  5
24C
330
17
100
AcDbEntity
  8
MIDDLE
100
AcDbLine
 10
201238.52221791813
 20
150000.0
 30
4550.0
 11
200590.8177743345
 21
150000.0
 31
4550.0
  0
LINE
  5
24D
330
17
100
AcDbEntity
  8
MIDDLE
100
AcDbLine
 10
200590.8177743345
 20
150000.0
 30
4550.0
 11
199943.11333075087
 21
150000.0
 31
4550.0
  0
LINE
  5
24E
330
17
100
AcDbEntity
  8
MIDDLE
100
AcDbLine
 10
199943.11333075087
 20
150000.0
 30
4550.0
 11
199295.40888716723
 21
150000.0
 31
4550.0
  0
LINE
  5
24F
330
17
100
AcDbEntity
  8
MIDDLE
100
AcDbLine
 10
199295.40888716723
 20
150000.0
 30
4550.0
 11
198647.7044435836
 21
150000.0
 31
4550.0
  0
LINE
  5
250
330
17
100
AcDbEntity
  8
MIDDLE
100
AcDbLine
 10
198647.7044435836
 20
150000.0
 30
4550.0
 11
198000.0
 21
150000.0
 31
4550.0
  0
LINE
  5
251
330
17
100
AcDbEntity
  8
MIDDLE
100
AcDbLine
 10
198000.0
 20
150000.0
 30
4550.0
 11
197372.32723417724
 21
149975.338669865
 31
4550.0
  0
LINE
  5
252
330
17
100
AcDbEntity
  8
MIDDLE
100
AcDbLine
 10
197372.32723417724
 20
149975.338669865
 30
4550.0
 11
196748.52427967815
 21
149901.5067247611
 31
4550.0
  0
LINE
  5
253
330
17
100
AcDbEntity
  8
MIDDLE
100
AcDbLine
 10
196748.52427967815
 20
149901.5067247611
 30
4550.0
 11
196132.43708915275
 21
149778.9593631814
 31
4550.0
  0
LINE
  5
254
330
17
100
AcDbEntity
  8
MIDDLE
100
AcDbLine
 10
196132.43708915275
 20
149778.9593631814
 30
4550.0
 11
195527.86404500043
 21
149608.45213036123
 31
4550.0
  0
LINE
  5
255
330
17
100
AcDbEntity
  8
MIDDLE
100
AcDbLine
 10
195527.86404500043
 20
149608.45213036123
 30
4550.0
 11
194938.53254107927
 21
149391.0362600903
 31
4550.0
  0
LINE
  5
256
330
17
100
AcDbEntity
  8
MIDDLE
100
AcDbLine
 10
194938.53254107927
 20
149391.0362600903
 30
4550.0
 11
194368.07600208363
 21
149128.05219350694
 31
4550.0
  0
LINE
  5
257
330
17
100
AcDbEntity
  8
MIDDLE
100
AcDbLine
 10
194368.07600208363
 20
149128.05219350694
 30
4550.0
 11
193820.0114822724
 21
148821.12131483274
 31
4550.0
  0
LINE
  5
258
330
17
100
AcDbEntity
  8
MIDDLE
100
AcDbLine
 10
193820.0114822724
 20
148821.12131483274
 30
4550.0
 11
193297.71798166021
 21
148472.13595499957
 31
4550.0
  0
LINE
  5
259
330
17
100
AcDbEntity
  8
MIDDLE
100
AcDbLine
 10
193297.71798166021
 20
148472.13595499957
 30
4550.0
 11
192804.41561335855
 21
148083.24772480025
 31
4550.0
  0
LINE
  5
25A
330
17
100
AcDbEntity
  8
MIDDLE
100
AcDbLine
 10
192804.41561335855
 20
148083.24772480025
 30
4550.0
 11
192343.14575050763
 21
147656.85424949237
 31
4550.0
  0
LINE
  5
25B
330
17
100
AcDbEntity
  8
MIDDLE
100
AcDbLine
 10
192343.14575050763
 20
147656.85424949237
 30
4550.0
 11
191916.75227519975
 21
147195.58438664145
 31
4551.499992039462
  0
LINE
  5
25C
330
17
100
AcDbEntity
  8
MIDDLE
100
AcDbLine
 10
191916.75227519975
 20
147195.58438664145
 30
4551.499992039462
 11
191527.86404500043
 21
146702.28201833979
 31
4555.955842595046
  0
LINE
  5
25D
330
17
100
AcDbEntity
  8
MIDDLE
100
AcDbLine
 10
191527.86404500043
 20
146702.28201833979
 30
4555.955842595046
 11
191178.87868516726
 21
146179.9885177276
 31
4563.301363322552
  0
LINE
  5
25E
330
17
100
AcDbEntity
  8
MIDDLE
100
AcDbLine
 10
191178.87868516726
 20
146179.9885177276
 30
4563.301363322552
 11
190871.94780649306
 21
145631.92399791637
 31
4573.470365877775
  0
LINE
  5
25F
330
17
100
AcDbEntity
  8
MIDDLE
100
AcDbLine
 10
190871.94780649306
 20
145631.92399791637
 30
4573.470365877775
 11
190608.9637399097
 21
145061.46745892073
 31
4586.396661916518
  0
LINE
  5
260
330
17
100
AcDbEntity
  8
MIDDLE
100
AcDbLine
 10
190608.9637399097
 20
145061.46745892073
 30
4586.396661916518
 11
190391.54786963877
 21
144472.13595499957
 31
4602.014063094575
  0
LINE
  5
261
330
17
100
AcDbEntity
  8
MIDDLE
100
AcDbLine
 10
190391.54786963877
 20
144472.13595499957
 30
4602.014063094575
 11
190221.0406368186
 21
143867.56291084725
 31
4620.256381067747
  0
LINE
  5
262
330
17
100
AcDbEntity
  8
MIDDLE
100
AcDbLine
 10
190221.0406368186
 20
143867.56291084725
 30
4620.256381067747
 11
190098.4932752389
 21
143251.47572032185
 31
4641.057427491832
  0
LINE
  5
263
330
17
100
AcDbEntity
  8
MIDDLE
100
AcDbLine
 10
190098.4932752389
 20
143251.47572032185
 30
4641.057427491832
 11
190024.66133013496
 21
142627.67276582276
 31
4664.351014022626
  0
LINE
  5
264
330
17
100
AcDbEntity
  8
MIDDLE
100
AcDbLine
 10
190024.66133013496
 20
142627.67276582276
 30
4664.351014022626
 11
190000.0
 21
142000.0
 31
4690.070952315932
  0
LINE
  5
265
330
17
100
AcDbEntity
  8
MIDDLE
100
AcDbLine
 10
190000.0
 20
142000.0
 30
4690.070952315932
 11
190000.0
 21
141482.1962140319
 31
4713.043914957012
  0
LINE
  5
266
330
17
100
AcDbEntity
  8
MIDDLE
100
AcDbLine
 10
190000.0
 20
141482.1962140319
 30
4713.043914957012
 11
190000.0
 21
140964.39242806376
 31
4737.582755362011
  0
LINE
  5
267
330
17
100
AcDbEntity
  8
MIDDLE
100
AcDbLine
 10
190000.0
 20
140964.39242806376
 30
4737.582755362011
 11
190000.0
 21
140446.58864209562
 31
4763.6504278504935
  0
LINE
  5
268
330
17
100
AcDbEntity
  8
MIDDLE
100
AcDbLine
 10
190000.0
 20
140446.58864209562
 30
4763.6504278504935
 11
190023.9419704969
 21
139828.12416453913
 31
4796.771558875941
  0
LINE
  5
269
330
17
100
AcDbEntity
  8
MIDDLE
100
AcDbLine
 10
190023.9419704969
 20
139828.12416453913
 30
4796.771558875941
 11
190095.6245774998
 21
139213.36150155138
 31
4831.96179812547
  0
LINE
  5
26A
330
17
100
AcDbEntity
  8
MIDDLE
100
AcDbLine
 10
190095.6245774998
 20
139213.36150155138
 30
4831.96179812547
 11
190214.6187652932
 21
138605.98031051736
 31
4869.157833482254
  0
LINE
  5
26B
330
17
100
AcDbEntity
  8
MIDDLE
100
AcDbLine
 10
190214.6187652932
 20
138605.98031051736
 30
4869.157833482254
 11
190380.21229504375
 21
138009.6160670761
 31
4908.2963528294695
  0
LINE
  5
26C
330
17
100
AcDbEntity
  8
MIDDLE
100
AcDbLine
 10
190380.21229504375
 20
138009.6160670761
 30
4908.2963528294695
 11
190591.41400790046
 21
137427.83830500807
 31
4949.314044050291
  0
LINE
  5
26D
330
17
100
AcDbEntity
  8
MIDDLE
100
AcDbLine
 10
190591.41400790046
 20
137427.83830500807
 30
4949.314044050291
 11
190846.95975756884
 21
136864.12925081703
 31
4992.147595027891
  0
LINE
  5
26E
330
17
100
AcDbEntity
  8
MIDDLE
100
AcDbLine
 10
190846.95975756884
 20
136864.12925081703
 30
4992.147595027891
 11
191145.31997684907
 21
136321.8629808891
 31
5036.733693645446
  0
LINE
  5
26F
330
17
100
AcDbEntity
  8
MIDDLE
100
AcDbLine
 10
191145.31997684907
 20
136321.8629808891
 30
5036.733693645446
 11
191484.7088328493
 21
135804.28522598327
 31
5083.009027786129
  0
LINE
  5
270
330
17
100
AcDbEntity
  8
MIDDLE
100
AcDbLine
 10
191484.7088328493
 20
135804.28522598327
 30
5083.009027786129
 11
191863.09491607526
 21
135314.49394393404
 31
5130.910285333115
  0
LINE
  5
271
330
17
100
AcDbEntity
  8
MIDDLE
100
AcDbLine
 10
191863.09491607526
 20
135314.49394393404
 30
5130.910285333115
 11
192278.2133994166
 21
134855.42077684743
 31
5180.374154169579
  0
LINE
  5
272
330
17
100
AcDbEntity
  8
MIDDLE
100
AcDbLine
 10
192278.2133994166
 20
134855.42077684743
 30
5180.374154169579
 11
192727.57959425313
 21
134429.81350377912
 31
5231.337322178695
  0
LINE
  5
273
330
17
100
AcDbEntity
  8
MIDDLE
100
AcDbLine
 10
192727.57959425313
 20
134429.81350377912
 30
5231.337322178695
 11
193208.50382254005
 21
134040.2195939228
 31
5283.736477243637
  0
LINE
  5
274
330
17
100
AcDbEntity
  8
MIDDLE
100
AcDbLine
 10
193208.50382254005
 20
134040.2195939228
 30
5283.736477243637
 11
193718.1075158562
 21
133688.97095875244
 31
5337.50830724758
  0
LINE
  5
275
330
17
100
AcDbEntity
  8
MIDDLE
100
AcDbLine
 10
193718.1075158562
 20
133688.97095875244
 30
5337.50830724758
 11
194253.3404450539
 21
133378.16999438303
 31
5392.589500073697
  0
LINE
  5
276
330
17
100
AcDbEntity
  8
MIDDLE
100
AcDbLine
 10
194253.3404450539
 20
133378.16999438303
 30
5392.589500073697
 11
194810.99897738325
 21
133109.67699769448
 31
5448.916743605165
  0
LINE
  5
277
330
17
100
AcDbEntity
  8
MIDDLE
100
AcDbLine
 10
194810.99897738325
 20
133109.67699769448
 30
5448.916743605165
 11
195387.7452518121
 21
132885.0990315381
 31
5506.426725725156
  0
LINE
  5
278
330
17
100
AcDbEntity
  8
MIDDLE
100
AcDbLine
 10
195387.7452518121
 20
132885.0990315381
 30
5506.426725725156
 11
195980.12715776885
 21
132705.78030567383
 31
5565.056134316846
  0
LINE
  5
279
330
17
100
AcDbEntity
  8
MIDDLE
100
AcDbLine
 10
195980.12715776885
 20
132705.78030567383
 30
5565.056134316846
 11
196584.59899772465
 21
132572.7941310128
 31
5624.741657263409
  0
LINE
  5
27A
330
17
100
AcDbEntity
  8
MIDDLE
100
AcDbLine
 10
196584.59899772465
 20
132572.7941310128
 30
5624.741657263409
 11
197197.54270993985
 21
132486.93649532253
 31
5685.419982448019
  0
LINE
  5
27B
330
17
100
AcDbEntity
  8
MIDDLE
100
AcDbLine
 10
197197.54270993985
 20
132486.93649532253
 30
5685.419982448019
 11
197815.289524346
 21
132448.7212988482
 31
5747.027797753852
  0
LINE
  5
27C
330
17
100
AcDbEntity
  8
MIDDLE
100
AcDbLine
 10
197815.289524346
 20
132448.7212988482
 30
5747.027797753852
 11
198434.1419219418
 21
132458.37727836642
 31
5809.501791064079
  0
LINE
  5
27D
330
17
100
AcDbEntity
  8
MIDDLE
100
AcDbLine
 10
198434.1419219418
 20
132458.37727836642
 30
5809.501791064079
 11
199074.22506173968
 21
132493.16440552933
 31
5875.035668765113
  0
LINE
  5
27E
330
17
100
AcDbEntity
  8
MIDDLE
100
AcDbLine
 10
199074.22506173968
 20
132493.16440552933
 30
5875.035668765113
 11
199714.3082015375
 21
132527.95153269227
 31
5941.360055502535
  0
LINE
  5
27F
330
17
100
AcDbEntity
  8
MIDDLE
100
AcDbLine
 10
199714.3082015375
 20
132527.95153269227
 30
5941.360055502535
 11
200354.39134133537
 21
132562.7386598552
 31
6008.404664699367
  0
LINE
  5
280
330
17
100
AcDbEntity
  8
MIDDLE
100
AcDbLine
 10
200354.39134133537
 20
132562.7386598552
 30
6008.404664699367
 11
200994.47448113325
 21
132597.52578701812
 31
6076.099209778643
  0
LINE
  5
281
330
17
100
AcDbEntity
  8
MIDDLE
100
AcDbLine
 10
200994.47448113325
 20
132597.52578701812
 30
6076.099209778643
 11
201634.5576209311
 21
132632.31291418106
 31
6144.373404163403
  0
LINE
  5
282
330
17
100
AcDbEntity
  8
MIDDLE
100
AcDbLine
 10
201634.5576209311
 20
132632.31291418106
 30
6144.373404163403
 11
202274.64076072894
 21
132667.10004134398
 31
6213.156961276668
  0
LINE
  5
283
330
17
100
AcDbEntity
  8
MIDDLE
100
AcDbLine
 10
202274.64076072894
 20
132667.10004134398
 30
6213.156961276668
 11
202914.72390052682
 21
132701.88716850692
 31
6282.379594541474
  0
LINE
  5
284
330
17
100
AcDbEntity
  8
MIDDLE
100
AcDbLine
 10
202914.72390052682
 20
132701.88716850692
 30
6282.379594541474
 11
203554.80704032467
 21
132736.67429566983
 31
6351.971017380859
  0
LINE
  5
285
330
17
100
AcDbEntity
  8
MIDDLE
100
AcDbLine
 10
203554.80704032467
 20
132736.67429566983
 30
6351.971017380859
 11
204194.89018012251
 21
132771.46142283274
 31
6421.860943217843
  0
LINE
  5
286
330
17
100
AcDbEntity
  8
MIDDLE
100
AcDbLine
 10
204194.89018012251
 20
132771.46142283274
 30
6421.860943217843
 11
204834.9733199204
 21
132806.24854999568
 31
6491.979085475465
  0
LINE
  5
287
330
17
100
AcDbEntity
  8
MIDDLE
100
AcDbLine
 10
204834.9733199204
 20
132806.24854999568
 30
6491.979085475465
 11
205475.05645971824
 21
132841.0356771586
 31
6562.255157576761
  0
LINE
  5
288
330
17
100
AcDbEntity
  8
MIDDLE
100
AcDbLine
 10
205475.05645971824
 20
132841.0356771586
 30
6562.255157576761
 11
206115.13959951611
 21
132875.82280432153
 31
6632.618872944751
  0
LINE
  5
289
330
17
100
AcDbEntity
  8
MIDDLE
100
AcDbLine
 10
206115.13959951611
 20
132875.82280432153
 30
6632.618872944751
 11
206755.22273931396
 21
132910.60993148445
 31
6702.999945002473
  0
LINE
  5
28A
330
17
100
AcDbEntity
  8
UPPER
100
AcDbLine
 10
206755.22273931396
 20
132910.60993148445
 30
6702.999945002473
 11
207395.3058791118
 21
132945.3970586474
 31
6773.328087172967
  0
LINE
  5
28B
330
17
100
AcDbEntity
  8
UPPER
100
AcDbLine
 10
207395.3058791118
 20
132945.3970586474
 30
6773.328087172967
 11
208035.38901890966
 21
132980.18418581033
 31
6843.533012879248
  0
LINE
  5
28C
330
17
100
AcDbEntity
  8
UPPER
100
AcDbLine
 10
208035.38901890966
 20
132980.18418581033
 30
6843.533012879248
 11
208675.47215870753
 21
133014.97131297324
 31
6913.54443554436
  0
LINE
  5
28D
330
17
100
AcDbEntity
  8
UPPER
100
AcDbLine
 10
208675.47215870753
 20
133014.97131297324
 30
6913.54443554436
 11
209315.55529850538
 21
133049.75844013618
 31
6983.292068591336
  0
LINE
  5
28E
330
17
100
AcDbEntity
  8
UPPER
100
AcDbLine
 10
209315.55529850538
 20
133049.75844013618
 30
6983.292068591336
 11
209955.63843830326
 21
133084.5455672991
 31
7052.705625443196
  0
LINE
  5
28F
330
17
100
AcDbEntity
  8
UPPER
100
AcDbLine
 10
209955.63843830326
 20
133084.5455672991
 30
7052.705625443196
 11
210595.7215781011
 21
133119.33269446203
 31
7121.714819522981
  0
LINE
  5
290
330
17
100
AcDbEntity
  8
UPPER
100
AcDbLine
 10
210595.7215781011
 20
133119.33269446203
 30
7121.714819522981
 11
211235.80471789895
 21
133154.11982162495
 31
7190.2493642537265
  0
LINE
  5
291
330
17
100
AcDbEntity
  8
UPPER
100
AcDbLine
 10
211235.80471789895
 20
133154.11982162495
 30
7190.2493642537265
 11
211875.88785769683
 21
133188.9069487879
 31
7258.238973058452
  0
LINE
  5
292
330
17
100
AcDbEntity
  8
UPPER
100
AcDbLine
 10
211875.88785769683
 20
133188.9069487879
 30
7258.238973058452
 11
212515.97099749467
 21
133223.6940759508
 31
7325.613359360196
  0
LINE
  5
293
330
17
100
AcDbEntity
  8
UPPER
100
AcDbLine
 10
212515.97099749467
 20
133223.6940759508
 30
7325.613359360196
 11
213156.05413729252
 21
133258.4812031137
 31
7392.302236581997
  0
LINE
  5
294
330
17
100
AcDbEntity
  8
UPPER
100
AcDbLine
 10
213156.05413729252
 20
133258.4812031137
 30
7392.302236581997
 11
213796.1372770904
 21
133293.26833027665
 31
7458.235318146873
  0
LINE
  5
295
330
17
100
AcDbEntity
  8
UPPER
100
AcDbLine
 10
213796.1372770904
 20
133293.26833027665
 30
7458.235318146873
 11
214436.22041688827
 21
133328.05545743956
 31
7523.342317477864
  0
LINE
  5
296
330
17
100
AcDbEntity
  8
UPPER
100
AcDbLine
 10
214436.22041688827
 20
133328.05545743956
 30
7523.342317477864
 11
215076.3035566861
 21
133362.8425846025
 31
7587.552947998006
  0
LINE
  5
297
330
17
100
AcDbEntity
  8
UPPER
100
AcDbLine
 10
215076.3035566861
 20
133362.8425846025
 30
7587.552947998006
 11
215716.38669648397
 21
133397.62971176545
 31
7650.796923130319
  0
LINE
  5
298
330
17
100
AcDbEntity
  8
UPPER
100
AcDbLine
 10
215716.38669648397
 20
133397.62971176545
 30
7650.796923130319
 11
216356.46983628182
 21
133432.41683892836
 31
7713.003956297842
  0
LINE
  5
299
330
17
100
AcDbEntity
  8
UPPER
100
AcDbLine
 10
216356.46983628182
 20
133432.41683892836
 30
7713.003956297842
 11
216996.55297607966
 21
133467.2039660913
 31
7774.103760923611
  0
LINE
  5
29A
330
17
100
AcDbEntity
  8
UPPER
100
AcDbLine
 10
216996.55297607966
 20
133467.2039660913
 30
7774.103760923611
 11
217636.63611587754
 21
133501.9910932542
 31
7834.026050430648
  0
LINE
  5
29B
330
17
100
AcDbEntity
  8
UPPER
100
AcDbLine
 10
217636.63611587754
 20
133501.9910932542
 30
7834.026050430648
 11
218276.71925567542
 21
133536.77822041715
 31
7892.700538241995
  0
LINE
  5
29C
330
17
100
AcDbEntity
  8
UPPER
100
AcDbLine
 10
218276.71925567542
 20
133536.77822041715
 30
7892.700538241995
 11
218916.80239547323
 21
133571.56534758006
 31
7950.056937780672
  0
LINE
  5
29D
330
17
100
AcDbEntity
  8
UPPER
100
AcDbLine
 10
218916.80239547323
 20
133571.56534758006
 30
7950.056937780672
 11
219556.8855352711
 21
133606.352474743
 31
8006.024962469718
  0
LINE
  5
29E
330
17
100
AcDbEntity
  8
UPPER
100
AcDbLine
 10
219556.8855352711
 20
133606.352474743
 30
8006.024962469718
 11
220196.968675069
 21
133641.13960190595
 31
8060.534325732171
  0
LINE
  5
29F
330
17
100
AcDbEntity
  8
UPPER
100
AcDbLine
 10
220196.968675069
 20
133641.13960190595
 30
8060.534325732171
 11
220837.0518148668
 21
133675.92672906886
 31
8113.514740991049
  0
LINE
  5
2A0
330
17
100
AcDbEntity
  8
UPPER
100
AcDbLine
 10
220837.0518148668
 20
133675.92672906886
 30
8113.514740991049
 11
221477.13495466468
 21
133710.71385623177
 31
8164.895921669389
  0
LINE
  5
2A1
330
17
100
AcDbEntity
  8
UPPER
100
AcDbLine
 10
221477.13495466468
 20
133710.71385623177
 30
8164.895921669389
 11
222117.21809446256
 21
133745.50098339468
 31
8214.607581190232
  0
LINE
  5
2A2
330
17
100
AcDbEntity
  8
UPPER
100
AcDbLine
 10
222117.21809446256
 20
133745.50098339468
 30
8214.607581190232
 11
222757.3012342604
 21
133780.28811055762
 31
8262.579432976596
  0
LINE
  5
2A3
330
17
100
AcDbEntity
  8
UPPER
100
AcDbLine
 10
222757.3012342604
 20
133780.28811055762
 30
8262.579432976596
 11
223397.38437405825
 21
133815.07523772054
 31
8308.741190451517
  0
LINE
  5
2A4
330
17
100
AcDbEntity
  8
UPPER
100
AcDbLine
 10
223397.38437405825
 20
133815.07523772054
 30
8308.741190451517
 11
224037.46751385613
 21
133849.86236488348
 31
8353.022567038037
  0
LINE
  5
2A5
330
17
100
AcDbEntity
  8
UPPER
100
AcDbLine
 10
224037.46751385613
 20
133849.86236488348
 30
8353.022567038037
 11
224677.55065365395
 21
133884.64949204642
 31
8395.353276159174
  0
LINE
  5
2A6
330
17
100
AcDbEntity
  8
UPPER
100
AcDbLine
 10
224677.55065365395
 20
133884.64949204642
 30
8395.353276159174
 11
225317.63379345182
 21
133919.43661920933
 31
8435.663031237966
  0
LINE
  5
2A7
330
17
100
AcDbEntity
  8
UPPER
100
AcDbLine
 10
225317.63379345182
 20
133919.43661920933
 30
8435.663031237966
 11
225957.71693324967
 21
133954.22374637227
 31
8473.881545697444
  0
LINE
  5
2A8
330
17
100
AcDbEntity
  8
UPPER
100
AcDbLine
 10
225957.71693324967
 20
133954.22374637227
 30
8473.881545697444
 11
226597.80007304755
 21
133989.01087353518
 31
8509.938532960641
  0
LINE
  5
2A9
330
17
100
AcDbEntity
  8
UPPER
100
AcDbLine
 10
226597.80007304755
 20
133989.01087353518
 30
8509.938532960641
 11
227237.8832128454
 21
134023.79800069812
 31
8543.763706450587
  0
LINE
  5
2AA
330
17
100
AcDbEntity
  8
UPPER
100
AcDbLine
 10
227237.8832128454
 20
134023.79800069812
 30
8543.763706450587
 11
227877.96635264324
 21
134058.58512786106
 31
8575.286779590318
  0
LINE
  5
2AB
330
17
100
AcDbEntity
  8
UPPER
100
AcDbLine
 10
227877.96635264324
 20
134058.58512786106
 30
8575.286779590318
 11
228518.04949244112
 21
134093.37225502398
 31
8604.437465802857
  0
LINE
  5
2AC
330
17
100
AcDbEntity
  8
UPPER
100
AcDbLine
 10
228518.04949244112
 20
134093.37225502398
 30
8604.437465802857
 11
229158.13263223897
 21
134128.15938218692
 31
8631.145478511244
  0
LINE
  5
2AD
330
17
100
AcDbEntity
  8
UPPER
100
AcDbLine
 10
229158.13263223897
 20
134128.15938218692
 30
8631.145478511244
 11
229798.2157720368
 21
134162.94650934983
 31
8655.340531138509
  0
LINE
  5
2AE
330
17
100
AcDbEntity
  8
UPPER
100
AcDbLine
 10
229798.2157720368
 20
134162.94650934983
 30
8655.340531138509
 11
230438.2989118347
 21
134197.73363651274
 31
8676.95233710768
  0
LINE
  5
2AF
330
17
100
AcDbEntity
  8
UPPER
100
AcDbLine
 10
230438.2989118347
 20
134197.73363651274
 30
8676.95233710768
 11
231078.38205163256
 21
134232.52076367565
 31
8695.91060984179
  0
LINE
  5
2B0
330
17
100
AcDbEntity
  8
UPPER
100
AcDbLine
 10
231078.38205163256
 20
134232.52076367565
 30
8695.91060984179
 11
231718.46519143038
 21
134267.3078908386
 31
8712.145062763877
  0
LINE
  5
2B1
330
17
100
AcDbEntity
  8
UPPER
100
AcDbLine
 10
231718.46519143038
 20
134267.3078908386
 30
8712.145062763877
 11
232358.54833122826
 21
134302.09501800154
 31
8725.585409296966
  0
LINE
  5
2B2
330
17
100
AcDbEntity
  8
UPPER
100
AcDbLine
 10
232358.54833122826
 20
134302.09501800154
 30
8725.585409296966
 11
232998.6314710261
 21
134336.88214516445
 31
8736.161362864092
  0
LINE
  5
2B3
330
17
100
AcDbEntity
  8
UPPER
100
AcDbLine
 10
232998.6314710261
 20
134336.88214516445
 30
8736.161362864092
 11
233638.71461082395
 21
134371.6692723274
 31
8743.802636888284
  0
LINE
  5
2B4
330
17
100
AcDbEntity
  8
UPPER
100
AcDbLine
 10
233638.71461082395
 20
134371.6692723274
 30
8743.802636888284
 11
234278.79775062183
 21
134406.4563994903
 31
8748.438944792575
  0
LINE
  5
2B5
330
17
100
AcDbEntity
  8
UPPER
100
AcDbLine
 10
234278.79775062183
 20
134406.4563994903
 30
8748.438944792575
 11
234918.8808904197
 21
134441.24352665324
 31
8750.0
  0
LINE
  5
2B6
330
17
100
AcDbEntity
  8
UPPER
100
AcDbLine
 10
234918.8808904197
 20
134441.24352665324
 30
8750.0
 11
235459.44146443275
 21
134465.73452451656
 31
8750.0
  0
LINE
  5
2B7
330
17
100
AcDbEntity
  8
UPPER
100
AcDbLine
 10
235459.44146443275
 20
134465.73452451656
 30
8750.0
 11
236000.35583591493
 21
134480.4717521278
 31
8750.0
  0
LINE
  5
2B8
330
17
100
AcDbEntity
  8
UPPER
100
AcDbLine
 10
236000.35583591493
 20
134480.4717521278
 30
8750.0
 11
236541.44802405927
 21
134485.4504148848
 31
8750.0
  0
LINE
  5
2B9
330
17
100
AcDbEntity
  8
UPPER
100
AcDbLine
 10
236541.44802405927
 20
134485.4504148848
 30
8750.0
 11
237082.5419902079
 21
134480.668893032
 31
8750.0
  0
LINE
  5
2BA
330
17
100
AcDbEntity
  8
UPPER
100
AcDbLine
 10
237082.5419902079
 20
134480.668893032
 30
8750.0
 11
237729.07225100498
 21
134469.12370980348
 31
8750.0
  0
LINE
  5
2BB
330
17
100
AcDbEntity
  8
UPPER
100
AcDbLine
 10
237729.07225100498
 20
134469.12370980348
 30
8750.0
 11
238375.6025118021
 21
134457.57852657497
 31
8750.451501194082
  0
LINE
  5
2BC
330
17
100
AcDbEntity
  8
UPPER
100
AcDbLine
 10
238375.6025118021
 20
134457.57852657497
 30
8750.451501194082
 11
239022.1327725992
 21
134446.03334334644
 31
8755.19161612244
  0
LINE
  5
2BD
330
17
100
AcDbEntity
  8
UPPER
100
AcDbLine
 10
239022.1327725992
 20
134446.03334334644
 30
8755.19161612244
 11
239668.66303339633
 21
134434.48816011794
 31
8765.093887462925
  0
LINE
  5
2BE
330
17
100
AcDbEntity
  8
UPPER
100
AcDbLine
 10
239668.66303339633
 20
134434.48816011794
 30
8765.093887462925
 11
240315.19329419342
 21
134422.9429768894
 31
8780.158315215534
  0
LINE
  5
2BF
330
17
100
AcDbEntity
  8
UPPER
100
AcDbLine
 10
240315.19329419342
 20
134422.9429768894
 30
8780.158315215534
 11
240961.72355499052
 21
134411.39779366087
 31
8800.384899380268
  0
LINE
  5
2C0
330
17
100
AcDbEntity
  8
UPPER
100
AcDbLine
 10
240961.72355499052
 20
134411.39779366087
 30
8800.384899380268
 11
241608.25381578764
 21
134399.85261043237
 31
8825.77363995713
  0
LINE
  5
2C1
330
17
100
AcDbEntity
  8
UPPER
100
AcDbLine
 10
241608.25381578764
 20
134399.85261043237
 30
8825.77363995713
 11
242254.78407658474
 21
134388.30742720384
 31
8856.324536946113
  0
LINE
  5
2C2
330
17
100
AcDbEntity
  8
UPPER
100
AcDbLine
 10
242254.78407658474
 20
134388.30742720384
 30
8856.324536946113
 11
242901.31433738186
 21
134376.76224397533
 31
8892.037590347223
  0
LINE
  5
2C3
330
17
100
AcDbEntity
  8
UPPER
100
AcDbLine
 10
242901.31433738186
 20
134376.76224397533
 30
8892.037590347223
 11
243547.84459817896
 21
134365.2170607468
 31
8932.912800160464
  0
LINE
  5
2C4
330
17
100
AcDbEntity
  8
UPPER
100
AcDbLine
 10
243547.84459817896
 20
134365.2170607468
 30
8932.912800160464
 11
244194.37485897605
 21
134353.67187751827
 31
8978.950166385825
  0
LINE
  5
2C5
330
17
100
AcDbEntity
  8
UPPER
100
AcDbLine
 10
244194.37485897605
 20
134353.67187751827
 30
8978.950166385825
 11
244840.90511977318
 21
134342.12669428976
 31
9030.149689023312
  0
LINE
  5
2C6
330
17
100
AcDbEntity
  8
UPPER
100
AcDbLine
 10
244840.90511977318
 20
134342.12669428976
 30
9030.149689023312
 11
245487.43538057027
 21
134330.58151106123
 31
9086.511368072925
  0
LINE
  5
2C7
330
17
100
AcDbEntity
  8
UPPER
100
AcDbLine
 10
245487.43538057027
 20
134330.58151106123
 30
9086.511368072925
 11
246133.9656413674
 21
134319.03632783273
 31
9148.03520353466
  0
LINE
  5
2C8
330
17
100
AcDbEntity
  8
UPPER
100
AcDbLine
 10
246133.9656413674
 20
134319.03632783273
 30
9148.03520353466
 11
246780.4959021645
 21
134307.4911446042
 31
9214.721195408523
  0
LINE
  5
2C9
330
17
100
AcDbEntity
  8
UPPER
100
AcDbLine
 10
246780.4959021645
 20
134307.4911446042
 30
9214.721195408523
 11
247427.02616296159
 21
134295.94596137572
 31
9214.721195408518
  0
LINE
  5
2CA
330
17
100
AcDbEntity
  8
UPPER
100
AcDbLine
 10
247427.02616296159
 20
134295.94596137572
 30
9214.721195408518
 11
248073.5564237587
 21
134284.4007781472
 31
9148.035203534657
  0
LINE
  5
2CB
330
17
100
AcDbEntity
  8
UPPER
100
AcDbLine
 10
248073.5564237587
 20
134284.4007781472
 30
9148.035203534657
 11
248720.08668455578
 21
134272.85559491866
 31
9086.51136807292
  0
LINE
  5
2CC
330
17
100
AcDbEntity
  8
UPPER
100
AcDbLine
 10
248720.08668455578
 20
134272.85559491866
 30
9086.51136807292
 11
249366.61694535293
 21
134261.31041169015
 31
9030.149689023308
  0
LINE
  5
2CD
330
17
100
AcDbEntity
  8
UPPER
100
AcDbLine
 10
249366.61694535293
 20
134261.31041169015
 30
9030.149689023308
 11
250013.14720615
 21
134249.76522846162
 31
8978.95016638582
  0
LINE
  5
2CE
330
17
100
AcDbEntity
  8
UPPER
100
AcDbLine
 10
250013.14720615
 20
134249.76522846162
 30
8978.95016638582
 11
250659.67746694712
 21
134238.22004523312
 31
8932.912800160459
  0
LINE
  5
2CF
330
17
100
AcDbEntity
  8
UPPER
100
AcDbLine
 10
250659.67746694712
 20
134238.22004523312
 30
8932.912800160459
 11
251306.20772774421
 21
134226.67486200458
 31
8892.037590347223
  0
LINE
  5
2D0
330
17
100
AcDbEntity
  8
UPPER
100
AcDbLine
 10
251306.20772774421
 20
134226.67486200458
 30
8892.037590347223
 11
251952.73798854134
 21
134215.12967877608
 31
8856.324536946113
  0
LINE
  5
2D1
330
17
100
AcDbEntity
  8
UPPER
100
AcDbLine
 10
251952.73798854134
 20
134215.12967877608
 30
8856.324536946113
 11
252599.26824933843
 21
134203.58449554755
 31
8825.77363995713
  0
LINE
  5
2D2
330
17
100
AcDbEntity
  8
UPPER
100
AcDbLine
 10
252599.26824933843
 20
134203.58449554755
 30
8825.77363995713
 11
253245.79851013556
 21
134192.03931231902
 31
8800.384899380268
  0
LINE
  5
2D3
330
17
100
AcDbEntity
  8
UPPER
100
AcDbLine
 10
253245.79851013556
 20
134192.03931231902
 30
8800.384899380268
 11
253892.32877093263
 21
134180.4941290905
 31
8780.158315215534
  0
LINE
  5
2D4
330
17
100
AcDbEntity
  8
UPPER
100
AcDbLine
 10
253892.32877093263
 20
134180.4941290905
 30
8780.158315215534
 11
254538.85903172978
 21
134168.94894586198
 31
8765.093887462925
  0
LINE
  5
2D5
330
17
100
AcDbEntity
  8
UPPER
100
AcDbLine
 10
254538.85903172978
 20
134168.94894586198
 30
8765.093887462925
 11
255185.38929252684
 21
134157.40376263348
 31
8755.19161612244
  0
LINE
  5
2D6
330
17
100
AcDbEntity
  8
UPPER
100
AcDbLine
 10
255185.38929252684
 20
134157.40376263348
 30
8755.19161612244
 11
255831.919553324
 21
134145.85857940494
 31
8750.451501194082
  0
LINE
  5
2D7
330
17
100
AcDbEntity
  8
UPPER
100
AcDbLine
 10
255831.919553324
 20
134145.85857940494
 30
8750.451501194082
 11
256478.44981412106
 21
134134.3133961764
 31
8750.0
  0
LINE
  5
2D8
330
17
100
AcDbEntity
  8
UPPER
100
AcDbLine
 10
256478.44981412106
 20
134134.3133961764
 30
8750.0
 11
257124.9800749182
 21
134122.7682129479
 31
8750.0
  0
LINE
  5
2D9
330
17
100
AcDbEntity
  8
UPPER
100
AcDbLine
 10
257124.9800749182
 20
134122.7682129479
 30
8750.0
 11
257762.9145532893
 21
134082.18563389994
 31
8750.0
  0
LINE
  5
2DA
330
17
100
AcDbEntity
  8
UPPER
100
AcDbLine
 10
257762.9145532893
 20
134082.18563389994
 30
8750.0
 11
258394.48714411687
 21
133983.5782967884
 31
8750.0
  0
LINE
  5
2DB
330
17
100
AcDbEntity
  8
UPPER
100
AcDbLine
 10
258394.48714411687
 20
133983.5782967884
 30
8750.0
 11
259014.43121068348
 21
133827.76848084092
 31
8750.0
  0
LINE
  5
2DC
330
17
100
AcDbEntity
  8
UPPER
100
AcDbLine
 10
259014.43121068348
 20
133827.76848084092
 30
8750.0
 11
259617.57708566837
 21
133616.05547248875
 31
8750.0
  0
LINE
  5
2DD
330
17
100
AcDbEntity
  8
UPPER
100
AcDbLine
 10
259617.57708566837
 20
133616.05547248875
 30
8750.0
 11
260198.89518061688
 21
133350.20473071391
 31
8750.0
  0
LINE
  5
2DE
330
17
100
AcDbEntity
  8
UPPER
100
AcDbLine
 10
260198.89518061688
 20
133350.20473071391
 30
8750.0
 11
260753.53792730384
 21
133032.43316501868
 31
8750.0
  0
LINE
  5
2DF
330
17
100
AcDbEntity
  8
UPPER
100
AcDbLine
 10
260753.53792730384
 20
133032.43316501868
 30
8750.0
 11
261276.88020124292
 21
132665.39064878237
 31
8750.0
  0
LINE
  5
2E0
330
17
100
AcDbEntity
  8
UPPER
100
AcDbLine
 10
261276.88020124292
 20
132665.39064878237
 30
8750.0
 11
261764.5578902551
 21
132252.13792216516
 31
8750.0
  0
LINE
  5
2E1
330
17
100
AcDbEntity
  8
UPPER
100
AcDbLine
 10
261764.5578902551
 20
132252.13792216516
 30
8750.0
 11
262212.50428647426
 21
131796.1210688241
 31
8750.0
  0
LINE
  5
2E2
330
17
100
AcDbEntity
  8
UPPER
100
AcDbLine
 10
262212.50428647426
 20
131796.1210688241
 30
8750.0
 11
262616.9839983208
 21
131301.14277927869
 31
8750.0
  0
LINE
  5
2E3
330
17
100
AcDbEntity
  8
UPPER
100
AcDbLine
 10
262616.9839983208
 20
131301.14277927869
 30
8750.0
 11
262974.6240996534
 21
130771.33064055812
 31
8750.0
  0
LINE
  5
2E4
330
17
100
AcDbEntity
  8
UPPER
100
AcDbLine
 10
262974.6240996534
 20
130771.33064055812
 30
8750.0
 11
263282.44225634827
 21
130211.1027165613
 31
8750.0
  0
LINE
  5
2E5
330
17
100
AcDbEntity
  8
UPPER
100
AcDbLine
 10
263282.44225634827
 20
130211.1027165613
 30
8750.0
 11
263537.8715957611
 21
129625.1307061513
 31
8750.0
  0
LINE
  5
2E6
330
17
100
AcDbEntity
  8
UPPER
100
AcDbLine
 10
263537.8715957611
 20
129625.1307061513
 30
8750.0
 11
263738.7821116866
 21
129018.30098620724
 31
8750.0
  0
LINE
  5
2E7
330
17
100
AcDbEntity
  8
UPPER
100
AcDbLine
 10
263738.7821116866
 20
129018.30098620724
 30
8750.0
 11
263883.498426321
 21
128395.67386449198
 31
8750.0
  0
LINE
  5
2E8
330
17
100
AcDbEntity
  8
UPPER
100
AcDbLine
 10
263883.498426321
 20
128395.67386449198
 30
8750.0
 11
263970.81376111304
 21
127762.44138212317
 31
8750.0
  0
LINE
  5
2E9
330
17
100
AcDbEntity
  8
UPPER
100
AcDbLine
 10
263970.81376111304
 20
127762.44138212317
 30
8750.0
 11
264000.0
 21
127123.88401752978
 31
8750.0
  0
LINE
  5
2EA
330
17
100
AcDbEntity
  8
UPPER
100
AcDbLine
 10
264000.0
 20
127123.88401752978
 30
8750.0
 11
264000.0
 21
126483.76632002888
 31
8750.0
  0
LINE
  5
2EB
330
17
100
AcDbEntity
  8
UPPER
100
AcDbLine
 10
264000.0
 20
126483.76632002888
 30
8750.0
 11
264000.0
 21
125843.64862252797
 31
8750.0
  0
LINE
  5
2EC
330
17
100
AcDbEntity
  8
UPPER
100
AcDbLine
 10
264000.0
 20
125843.64862252797
 30
8750.0
 11
264000.0
 21
125203.53092502707
 31
8750.0
  0
LINE
  5
2ED
330
17
100
AcDbEntity
  8
UPPER
100
AcDbLine
 10
264000.0
 20
125203.53092502707
 30
8750.0
 11
264000.0
 21
124563.41322752617
 31
8750.0
  0
LINE
  5
2EE
330
17
100
AcDbEntity
  8
UPPER
100
AcDbLine
 10
264000.0
 20
124563.41322752617
 30
8750.0
 11
264000.0
 21
123923.29553002525
 31
8750.0
  0
LINE
  5
2EF
330
17
100
AcDbEntity
  8
UPPER
100
AcDbLine
 10
264000.0
 20
123923.29553002525
 30
8750.0
 11
264000.0
 21
123283.17783252436
 31
8750.0
  0
LINE
  5
2F0
330
17
100
AcDbEntity
  8
UPPER
100
AcDbLine
 10
264000.0
 20
123283.17783252436
 30
8750.0
 11
264000.0
 21
122643.06013502346
 31
8750.0
  0
LINE
  5
2F1
330
17
100
AcDbEntity
  8
UPPER
100
AcDbLine
 10
264000.0
 20
122643.06013502346
 30
8750.0
 11
264000.0
 21
122002.94243752256
 31
8750.0
  0
LINE
  5
2F2
330
17
100
AcDbEntity
  8
UPPER
100
AcDbLine
 10
264000.0
 20
122002.94243752256
 30
8750.0
 11
264000.0
 21
121362.82474002165
 31
8750.0
  0
LINE
  5
2F3
330
17
100
AcDbEntity
  8
UPPER
100
AcDbLine
 10
264000.0
 20
121362.82474002165
 30
8750.0
 11
264000.0
 21
120722.70704252075
 31
8750.0
  0
LINE
  5
2F4
330
17
100
AcDbEntity
  8
UPPER
100
AcDbLine
 10
264000.0
 20
120722.70704252075
 30
8750.0
 11
264000.0
 21
120082.58934501985
 31
8750.0
  0
LINE
  5
2F5
330
17
100
AcDbEntity
  8
UPPER
100
AcDbLine
 10
264000.0
 20
120082.58934501985
 30
8750.0
 11
264000.0
 21
119442.47164751895
 31
8750.0
  0
LINE
  5
2F6
330
17
100
AcDbEntity
  8
UPPER
100
AcDbLine
 10
264000.0
 20
119442.47164751895
 30
8750.0
 11
264000.0
 21
118802.35395001805
 31
8750.0
  0
LINE
  5
2F7
330
17
100
AcDbEntity
  8
UPPER
100
AcDbLine
 10
264000.0
 20
118802.35395001805
 30
8750.0
 11
264000.0
 21
118162.23625251715
 31
8750.0
  0
LINE
  5
2F8
330
17
100
AcDbEntity
  8
UPPER
100
AcDbLine
 10
264000.0
 20
118162.23625251715
 30
8750.0
 11
264000.0
 21
117522.11855501625
 31
8750.0
  0
LINE
  5
2F9
330
17
100
AcDbEntity
  8
UPPER
100
AcDbLine
 10
264000.0
 20
117522.11855501625
 30
8750.0
 11
264000.0
 21
116882.00085751533
 31
8750.0
  0
LINE
  5
2FA
330
17
100
AcDbEntity
  8
UPPER
100
AcDbLine
 10
264000.0
 20
116882.00085751533
 30
8750.0
 11
264000.0
 21
116241.88316001443
 31
8750.0
  0
LINE
  5
2FB
330
17
100
AcDbEntity
  8
UPPER
100
AcDbLine
 10
264000.0
 20
116241.88316001443
 30
8750.0
 11
264000.0
 21
115601.76546251353
 31
8750.0
  0
LINE
  5
2FC
330
17
100
AcDbEntity
  8
UPPER
100
AcDbLine
 10
264000.0
 20
115601.76546251353
 30
8750.0
 11
264000.0
 21
114961.64776501263
 31
8750.0
  0
LINE
  5
2FD
330
17
100
AcDbEntity
  8
UPPER
100
AcDbLine
 10
264000.0
 20
114961.64776501263
 30
8750.0
 11
264000.0
 21
114321.53006751173
 31
8750.0
  0
LINE
  5
2FE
330
17
100
AcDbEntity
  8
UPPER
100
AcDbLine
 10
264000.0
 20
114321.53006751173
 30
8750.0
 11
264000.0
 21
113681.41237001083
 31
8750.0
  0
LINE
  5
2FF
330
17
100
AcDbEntity
  8
UPPER
100
AcDbLine
 10
264000.0
 20
113681.41237001083
 30
8750.0
 11
264000.0
 21
113041.29467250992
 31
8750.0
  0
LINE
  5
300
330
17
100
AcDbEntity
  8
UPPER
100
AcDbLine
 10
264000.0
 20
113041.29467250992
 30
8750.0
 11
264000.0
 21
112401.17697500902
 31
8750.0
  0
LINE
  5
301
330
17
100
AcDbEntity
  8
UPPER
100
AcDbLine
 10
264000.0
 20
112401.17697500902
 30
8750.0
 11
264000.0
 21
111761.05927750813
 31
8750.0
  0
LINE
  5
302
330
17
100
AcDbEntity
  8
UPPER
100
AcDbLine
 10
264000.0
 20
111761.05927750813
 30
8750.0
 11
264000.0
 21
111120.94158000722
 31
8750.0
  0
LINE
  5
303
330
17
100
AcDbEntity
  8
UPPER
100
AcDbLine
 10
264000.0
 20
111120.94158000722
 30
8750.0
 11
264000.0
 21
110480.82388250632
 31
8750.0
  0
LINE
  5
304
330
17
100
AcDbEntity
  8
UPPER
100
AcDbLine
 10
264000.0
 20
110480.82388250632
 30
8750.0
 11
264000.0
 21
109840.70618500542
 31
8750.0
  0
LINE
  5
305
330
17
100
AcDbEntity
  8
UPPER
100
AcDbLine
 10
264000.0
 20
109840.70618500542
 30
8750.0
 11
264000.0
 21
109200.58848750452
 31
8750.0
  0
LINE
  5
306
330
17
100
AcDbEntity
  8
UPPER
100
AcDbLine
 10
264000.0
 20
109200.58848750452
 30
8750.0
 11
264000.0
 21
108560.4707900036
 31
8750.0
  0
LINE
  5
307
330
17
100
AcDbEntity
  8
UPPER
100
AcDbLine
 10
264000.0
 20
108560.4707900036
 30
8750.0
 11
264000.0
 21
107920.35309250272
 31
8750.0
  0
LINE
  5
308
330
17
100
AcDbEntity
  8
UPPER
100
AcDbLine
 10
264000.0
 20
107920.35309250272
 30
8750.0
 11
264000.0
 21
107280.23539500182
 31
8750.0
  0
LINE
  5
309
330
17
100
AcDbEntity
  8
UPPER
100
AcDbLine
 10
264000.0
 20
107280.23539500182
 30
8750.0
 11
264000.0
 21
106640.1176975009
 31
8750.0
  0
LINE
  5
30A
330
17
100
AcDbEntity
  8
UPPER
100
AcDbLine
 10
264000.0
 20
106640.1176975009
 30
8750.0
 11
264000.0
 21
106000.0
 31
8750.0
  0
LINE
  5
30B
330
17
100
AcDbEntity
  8
UPPER
100
AcDbLine
 10
264000.0
 20
106000.0
 30
8750.0
 11
264032.86862779036
 21
105372.82922039408
 31
8750.0
  0
LINE
  5
30C
330
17
100
AcDbEntity
  8
UPPER
100
AcDbLine
 10
264032.86862779036
 20
105372.82922039408
 30
8750.0
 11
264131.11439559713
 21
104752.52985509344
 31
8750.0
  0
LINE
  5
30D
330
17
100
AcDbEntity
  8
UPPER
100
AcDbLine
 10
264131.11439559713
 20
104752.52985509344
 30
8750.0
 11
264293.6609022291
 21
104145.89803375032
 31
8750.0
  0
LINE
  5
30E
330
17
100
AcDbEntity
  8
UPPER
100
AcDbLine
 10
264293.6609022291
 20
104145.89803375032
 30
8750.0
 11
264518.7272541444
 21
103559.5801415452
 31
8750.0
  0
LINE
  5
30F
330
17
100
AcDbEntity
  8
UPPER
100
AcDbLine
 10
264518.7272541444
 20
103559.5801415452
 30
8750.0
 11
264803.84757729335
 21
103000.0
 31
8750.0
  0
LINE
  5
310
330
17
100
AcDbEntity
  8
UPPER
100
AcDbLine
 10
264803.84757729335
 20
103000.0
 30
8750.0
 11
265145.8980337503
 21
102473.28848624516
 31
8750.0
  0
LINE
  5
311
330
17
100
AcDbEntity
  8
UPPER
100
AcDbLine
 10
265145.8980337503
 20
102473.28848624516
 30
8750.0
 11
265541.1310471356
 21
101985.21636184685
 31
8750.0
  0
LINE
  5
312
330
17
100
AcDbEntity
  8
UPPER
100
AcDbLine
 10
265541.1310471356
 20
101985.21636184685
 30
8750.0
 11
265985.21636184683
 21
101541.13104713564
 31
8750.0
  0
LINE
  5
313
330
17
100
AcDbEntity
  8
UPPER
100
AcDbLine
 10
265985.21636184683
 20
101541.13104713564
 30
8750.0
 11
266473.28848624515
 21
101145.89803375032
 31
8750.0
  0
LINE
  5
314
330
17
100
AcDbEntity
  8
UPPER
100
AcDbLine
 10
266473.28848624515
 20
101145.89803375032
 30
8750.0
 11
267000.0
 21
100803.84757729337
 31
8750.0
  0
LINE
  5
315
330
17
100
AcDbEntity
  8
UPPER
100
AcDbLine
 10
267000.0
 20
100803.84757729337
 30
8750.0
 11
267559.5801415452
 21
100518.7272541444
 31
8750.0
  0
LINE
  5
316
330
17
100
AcDbEntity
  8
UPPER
100
AcDbLine
 10
267559.5801415452
 20
100518.7272541444
 30
8750.0
 11
268145.8980337503
 21
100293.66090222908
 31
8750.0
  0
LINE
  5
317
330
17
100
AcDbEntity
  8
UPPER
100
AcDbLine
 10
268145.8980337503
 20
100293.66090222908
 30
8750.0
 11
268752.52985509345
 21
100131.11439559716
 31
8750.0
  0
LINE
  5
318
330
17
100
AcDbEntity
  8
UPPER
100
AcDbLine
 10
268752.52985509345
 20
100131.11439559716
 30
8750.0
 11
269372.8292203941
 21
100032.86862779036
 31
8750.0
  0
LINE
  5
319
330
17
100
AcDbEntity
  8
UPPER
100
AcDbLine
 10
269372.8292203941
 20
100032.86862779036
 30
8750.0
 11
270000.0
 21
100000.0
 31
8750.0
  0
LINE
  5
31A
330
17
100
AcDbEntity
  8
UPPER
100
AcDbLine
 10
270000.0
 20
100000.0
 30
8750.0
 11
270642.8571428571
 21
100000.0
 31
8750.0
  0
LINE
  5
31B
330
17
100
AcDbEntity
  8
UPPER
100
AcDbLine
 10
270642.8571428571
 20
100000.0
 30
8750.0
 11
271285.71428571426
 21
100000.0
 31
8750.0
  0
LINE
  5
31C
330
17
100
AcDbEntity
  8
UPPER
100
AcDbLine
 10
271285.71428571426
 20
100000.0
 30
8750.0
 11
271928.5714285714
 21
100000.0
 31
8750.0
  0
LINE
  5
31D
330
17
100
AcDbEntity
  8
UPPER
100
AcDbLine
 10
271928.5714285714
 20
100000.0
 30
8750.0
 11
272571.4285714286
 21
100000.0
 31
8750.0
  0
LINE
  5
31E
330
17
100
AcDbEntity
  8
UPPER
100
AcDbLine
 10
272571.4285714286
 20
100000.0
 30
8750.0
 11
273214.28571428574
 21
100000.0
 31
8750.0
  0
LINE
  5
31F
330
17
100
AcDbEntity
  8
UPPER
100
AcDbLine
 10
273214.28571428574
 20
100000.0
 30
8750.0
 11
273857.1428571429
 21
100000.0
 31
8750.0
  0
LINE
  5
320
330
17
100
AcDbEntity
  8
UPPER
100
AcDbLine
 10
273857.1428571429
 20
100000.0
 30
8750.0
 11
274500.0
 21
100000.0
 31
8750.0
  0
LINE
  5
321
330
17
100
AcDbEntity
  8
UPPER
100
AcDbLine
 10
274500.0
 20
100000.0
 30
8750.0
 11
275142.8571428571
 21
100000.0
 31
8750.0
  0
LINE
  5
322
330
17
100
AcDbEntity
  8
UPPER
100
AcDbLine
 10
275142.8571428571
 20
100000.0
 30
8750.0
 11
275785.71428571426
 21
100000.0
 31
8750.0
  0
LINE
  5
323
330
17
100
AcDbEntity
  8
UPPER
100
AcDbLine
 10
275785.71428571426
 20
100000.0
 30
8750.0
 11
276428.5714285714
 21
100000.0
 31
8750.0
  0
LINE
  5
324
330
17
100
AcDbEntity
  8
UPPER
100
AcDbLine
 10
276428.5714285714
 20
100000.0
 30
8750.0
 11
277071.4285714286
 21
100000.0
 31
8750.0
  0
LINE
  5
325
330
17
100
AcDbEntity
  8
UPPER
100
AcDbLine
 10
277071.4285714286
 20
100000.0
 30
8750.0
 11
277714.28571428574
 21
100000.0
 31
8750.0
  0
LINE
  5
326
330
17
100
AcDbEntity
  8
UPPER
100
AcDbLine
 10
277714.28571428574
 20
100000.0
 30
8750.0
 11
278357.1428571429
 21
100000.0
 31
8750.0
  0
LINE
  5
327
330
17
100
AcDbEntity
  8
UPPER
100
AcDbLine
 10
278357.1428571429
 20
100000.0
 30
8750.0
 11
279000.0
 21
100000.0
 31
8750.0
  0
LINE
  5
328
330
17
100
AcDbEntity
  8
UPPER
100
AcDbLine
 10
279000.0
 20
100000.0
 30
8750.0
 11
279642.8571428571
 21
100000.0
 31
8750.0
  0
LINE
  5
329
330
17
100
AcDbEntity
  8
UPPER
100
AcDbLine
 10
279642.8571428571
 20
100000.0
 30
8750.0
 11
280285.71428571426
 21
100000.0
 31
8750.0
  0
LINE
  5
32A
330
17
100
AcDbEntity
  8
UPPER
100
AcDbLine
 10
280285.71428571426
 20
100000.0
 30
8750.0
 11
280928.5714285714
 21
100000.0
 31
8750.0
  0
LINE
  5
32B
330
17
100
AcDbEntity
  8
UPPER
100
AcDbLine
 10
280928.5714285714
 20
100000.0
 30
8750.0
 11
281571.4285714286
 21
100000.0
 31
8750.0
  0
LINE
  5
32C
330
17
100
AcDbEntity
  8
UPPER
100
AcDbLine
 10
281571.4285714286
 20
100000.0
 30
8750.0
 11
282214.28571428574
 21
100000.0
 31
8750.0
  0
LINE
  5
32D
330
17
100
AcDbEntity
  8
UPPER
100
AcDbLine
 10
282214.28571428574
 20
100000.0
 30
8750.0
 11
282857.1428571429
 21
100000.0
 31
8750.0
  0
LINE
  5
32E
330
17
100
AcDbEntity
  8
UPPER
100
AcDbLine
 10
282857.1428571429
 20
100000.0
 30
8750.0
 11
283500.0
 21
100000.0
 31
8750.0
  0
LINE
  5
32F
330
17
100
AcDbEntity
  8
UPPER
100
AcDbLine
 10
283500.0
 20
100000.0
 30
8750.0
 11
284142.8571428571
 21
100000.0
 31
8750.0
  0
LINE
  5
330
330
17
100
AcDbEntity
  8
UPPER
100
AcDbLine
 10
284142.8571428571
 20
100000.0
 30
8750.0
 11
284785.71428571426
 21
100000.0
 31
8750.0
  0
LINE
  5
331
330
17
100
AcDbEntity
  8
UPPER
100
AcDbLine
 10
284785.71428571426
 20
100000.0
 30
8750.0
 11
285428.5714285714
 21
100000.0
 31
8750.0
  0
LINE
  5
332
330
17
100
AcDbEntity
  8
UPPER
100
AcDbLine
 10
285428.5714285714
 20
100000.0
 30
8750.0
 11
286071.4285714286
 21
100000.0
 31
8750.0
  0
LINE
  5
333
330
17
100
AcDbEntity
  8
UPPER
100
AcDbLine
 10
286071.4285714286
 20
100000.0
 30
8750.0
 11
286714.28571428574
 21
100000.0
 31
8750.0
  0
LINE
  5
334
330
17
100
AcDbEntity
  8
UPPER
100
AcDbLine
 10
286714.28571428574
 20
100000.0
 30
8750.0
 11
287357.1428571429
 21
100000.0
 31
8750.0
  0
LINE
  5
335
330
17
100
AcDbEntity
  8
UPPER
100
AcDbLine
 10
287357.1428571429
 20
100000.0
 30
8750.0
 11
288000.0
 21
100000.0
 31
8750.0
  0
LINE
  5
336
330
17
100
AcDbEntity
  8
UPPER
100
AcDbLine
 10
288000.0
 20
100000.0
 30
8750.0
 11
288627.1707796059
 21
99967.13137220964
 31
8748.233580164648
  0
LINE
  5
337
330
17
100
AcDbEntity
  8
UPPER
100
AcDbLine
 10
288627.1707796059
 20
99967.13137220964
 30
8748.233580164648
 11
289247.47014490655
 21
99868.88560440284
 31
8742.990763333482
  0
LINE
  5
338
330
17
100
AcDbEntity
  8
UPPER
100
AcDbLine
 10
289247.47014490655
 20
99868.88560440284
 30
8742.990763333482
 11
289854.1019662497
 21
99706.33909777092
 31
8734.356213518839
  0
LINE
  5
339
330
17
100
AcDbEntity
  8
UPPER
100
AcDbLine
 10
289854.1019662497
 20
99706.33909777092
 30
8734.356213518839
 11
290440.4198584548
 21
99481.2727458556
 31
8722.414594733047
  0
LINE
  5
33A
330
17
100
AcDbEntity
  8
UPPER
100
AcDbLine
 10
290440.4198584548
 20
99481.2727458556
 30
8722.414594733047
 11
291000.0
 21
99196.15242270663
 31
8707.250570988448
  0
LINE
  5
33B
330
17
100
AcDbEntity
  8
UPPER
100
AcDbLine
 10
291000.0
 20
99196.15242270663
 30
8707.250570988448
 11
291526.71151375485
 21
98854.10196624968
 31
8688.948806297369
  0
LINE
  5
33C
330
17
100
AcDbEntity
  8
UPPER
100
AcDbLine
 10
291526.71151375485
 20
98854.10196624968
 30
8688.948806297369
 11
292014.78363815317
 21
98458.86895286436
 31
8667.59396467215
  0
LINE
  5
33D
330
17
100
AcDbEntity
  8
UPPER
100
AcDbLine
 10
292014.78363815317
 20
98458.86895286436
 30
8667.59396467215
 11
292458.8689528644
 21
98014.78363815315
 31
8643.270710125124
  0
LINE
  5
33E
330
17
100
AcDbEntity
  8
UPPER
100
AcDbLine
 10
292458.8689528644
 20
98014.78363815315
 30
8643.270710125124
 11
292854.1019662497
 21
97526.71151375484
 31
8616.063706668623
  0
LINE
  5
33F
330
17
100
AcDbEntity
  8
UPPER
100
AcDbLine
 10
292854.1019662497
 20
97526.71151375484
 30
8616.063706668623
 11
293196.15242270665
 21
97000.0
 31
8586.057618314986
  0
LINE
  5
340
330
17
100
AcDbEntity
  8
UPPER
100
AcDbLine
 10
293196.15242270665
 20
97000.0
 30
8586.057618314986
 11
293481.2727458556
 21
96440.4198584548
 31
8553.33710907654
  0
LINE
  5
341
330
17
100
AcDbEntity
  8
UPPER
100
AcDbLine
 10
293481.2727458556
 20
96440.4198584548
 30
8553.33710907654
 11
293706.3390977709
 21
95854.10196624968
 31
8517.986842965627
  0
LINE
  5
342
330
17
100
AcDbEntity
  8
UPPER
100
AcDbLine
 10
293706.3390977709
 20
95854.10196624968
 30
8517.986842965627
 11
293868.88560440287
 21
95247.47014490656
 31
8480.091483994574
  0
LINE
  5
343
330
17
100
AcDbEntity
  8
UPPER
100
AcDbLine
 10
293868.88560440287
 20
95247.47014490656
 30
8480.091483994574
 11
293967.13137220964
 21
94627.17077960592
 31
8439.735696175723
  0
LINE
  5
344
330
17
100
AcDbEntity
  8
UPPER
100
AcDbLine
 10
293967.13137220964
 20
94627.17077960592
 30
8439.735696175723
 11
294000.0
 21
94000.0
 31
8397.004143521404
  0
LINE
  5
345
330
17
100
AcDbEntity
  8
UPPER
100
AcDbLine
 10
294000.0
 20
94000.0
 30
8397.004143521404
 11
294000.0
 21
93383.94082394528
 31
8352.881324173388
  0
LINE
  5
346
330
17
100
AcDbEntity
  8
UPPER
100
AcDbLine
 10
294000.0
 20
93383.94082394528
 30
8352.881324173388
 11
294000.0
 21
92767.88164789055
 31
8306.635741166116
  0
LINE
  5
347
330
17
100
AcDbEntity
  8
UPPER
100
AcDbLine
 10
294000.0
 20
92767.88164789055
 30
8306.635741166116
 11
294000.0
 21
92151.82247183583
 31
8258.347198843836
  0
LINE
  5
348
330
17
100
AcDbEntity
  8
UPPER
100
AcDbLine
 10
294000.0
 20
92151.82247183583
 30
8258.347198843836
 11
294000.0
 21
91535.76329578111
 31
8208.095501550788
  0
LINE
  5
349
330
17
100
AcDbEntity
  8
UPPER
100
AcDbLine
 10
294000.0
 20
91535.76329578111
 30
8208.095501550788
 11
294000.0
 21
90919.70411972638
 31
8155.9604536312145
  0
LINE
  5
34A
330
17
100
AcDbEntity
  8
UPPER
100
AcDbLine
 10
294000.0
 20
90919.70411972638
 30
8155.9604536312145
 11
294000.0
 21
90303.64494367165
 31
8102.021859429364
  0
LINE
  5
34B
330
17
100
AcDbEntity
  8
UPPER
100
AcDbLine
 10
294000.0
 20
90303.64494367165
 30
8102.021859429364
 11
294000.0
 21
89687.58576761694
 31
8046.359523289477
  0
LINE
  5
34C
330
17
100
AcDbEntity
  8
UPPER
100
AcDbLine
 10
294000.0
 20
89687.58576761694
 30
8046.359523289477
 11
294000.0
 21
89071.5265915622
 31
7989.053249555791
  0
LINE
  5
34D
330
17
100
AcDbEntity
  8
UPPER
100
AcDbLine
 10
294000.0
 20
89071.5265915622
 30
7989.053249555791
 11
294000.0
 21
88455.46741550749
 31
7930.182842572563
  0
LINE
  5
34E
330
17
100
AcDbEntity
  8
UPPER
100
AcDbLine
 10
294000.0
 20
88455.46741550749
 30
7930.182842572563
 11
294024.8831139896
 21
87865.7688259784
 31
7872.3706622180025
  0
LINE
  5
34F
330
17
100
AcDbEntity
  8
UPPER
100
AcDbLine
 10
294024.8831139896
 20
87865.7688259784
 30
7872.3706622180025
 11
294099.35555042647
 21
87280.26267565585
 31
7813.265473464454
  0
LINE
  5
350
330
17
100
AcDbEntity
  8
UPPER
100
AcDbLine
 10
294099.35555042647
 20
87280.26267565585
 30
7813.265473464454
 11
294222.8878504177
 21
86703.11159776266
 31
7752.937517943374
  0
LINE
  5
351
330
17
100
AcDbEntity
  8
UPPER
100
AcDbLine
 10
294222.8878504177
 20
86703.11159776266
 30
7752.937517943374
 11
294394.60176587704
 21
86138.41882545898
 31
7691.457037286238
  0
LINE
  5
352
330
17
100
AcDbEntity
  8
UPPER
100
AcDbLine
 10
294394.60176587704
 20
86138.41882545898
 30
7691.457037286238
 11
294613.2765033954
 21
85590.19902006548
 31
7628.894273124524
  0
LINE
  5
353
330
17
100
AcDbEntity
  8
UPPER
100
AcDbLine
 10
294613.2765033954
 20
85590.19902006548
 30
7628.894273124524
 11
294877.35740342404
 21
85062.34972898471
 31
7565.319467089688
  0
LINE
  5
354
330
17
100
AcDbEntity
  8
UPPER
100
AcDbLine
 10
294877.35740342404
 20
85062.34972898471
 30
7565.319467089688
 11
295184.9669930664
 21
84558.62367623935
 31
7500.802860813213
  0
LINE
  5
355
330
17
100
AcDbEntity
  8
UPPER
100
AcDbLine
 10
295184.9669930664
 20
84558.62367623935
 30
7500.802860813213
 11
295533.91833389876
 21
84082.60208262652
 31
7435.414695926557
  0
LINE
  5
356
330
17
100
AcDbEntity
  8
UPPER
100
AcDbLine
 10
295533.91833389876
 20
84082.60208262652
 30
7435.414695926557
 11
295913.31551329896
 21
83608.35560837628
 31
7367.315681788016
  0
LINE
  5
357
330
17
100
AcDbEntity
  8
UPPER
100
AcDbLine
 10
295913.31551329896
 20
83608.35560837628
 30
7367.315681788016
 11
296292.71269269916
 21
83134.10913412605
 31
7298.445186118675
  0
LINE
  5
358
330
17
100
AcDbEntity
  8
UPPER
100
AcDbLine
 10
296292.71269269916
 20
83134.10913412605
 30
7298.445186118675
 11
296672.1098720993
 21
82659.86265987581
 31
7228.8796694559005
  0
LINE
  5
359
330
17
100
AcDbEntity
  8
UPPER
100
AcDbLine
 10
296672.1098720993
 20
82659.86265987581
 30
7228.8796694559005
 11
297051.5070514995
 21
82185.6161856256
 31
7158.695592337056
  0
LINE
  5
35A
330
17
100
AcDbEntity
  8
UPPER
100
AcDbLine
 10
297051.5070514995
 20
82185.6161856256
 30
7158.695592337056
 11
297430.9042308997
 21
81711.36971137536
 31
7087.969415299506
  0
LINE
  5
35B
330
17
100
AcDbEntity
  8
UPPER
100
AcDbLine
 10
297430.9042308997
 20
81711.36971137536
 30
7087.969415299506
 11
297810.30141029984
 21
81237.12323712512
 31
7016.777598880614
  0
LINE
  5
35C
330
17
100
AcDbEntity
  8
UPPER
100
AcDbLine
 10
297810.30141029984
 20
81237.12323712512
 30
7016.777598880614
 11
298189.69858970016
 21
80762.87676287488
 31
6945.196603617749
  0
LINE
  5
35D
330
17
100
AcDbEntity
  8
UPPER
100
AcDbLine
 10
298189.69858970016
 20
80762.87676287488
 30
6945.196603617749
 11
298569.0957691003
 21
80288.63028862464
 31
6873.302890048285
  0
LINE
  5
35E
330
17
100
AcDbEntity
  8
UPPER
100
AcDbLine
 10
298569.0957691003
 20
80288.63028862464
 30
6873.302890048285
 11
298948.4929485005
 21
79814.3838143744
 31
6801.172918709561
  0
LINE
  5
35F
330
17
100
AcDbEntity
  8
UPPER
100
AcDbLine
 10
298948.4929485005
 20
79814.3838143744
 30
6801.172918709561
 11
299327.8901279007
 21
79340.13734012419
 31
6728.883150138955
  0
LINE
  5
360
330
17
100
AcDbEntity
  8
UPPER
100
AcDbLine
 10
299327.8901279007
 20
79340.13734012419
 30
6728.883150138955
 11
299707.28730730084
 21
78865.89086587395
 31
6656.510044873831
  0
LINE
  5
361
330
17
100
AcDbEntity
  8
UPPER
100
AcDbLine
 10
299707.28730730084
 20
78865.89086587395
 30
6656.510044873831
 11
300086.68448670104
 21
78391.64439162372
 31
6584.130063451557
  0
LINE
  5
362
330
17
100
AcDbEntity
  8
MIDDLE
100
AcDbLine
 10
300086.68448670104
 20
78391.64439162372
 30
6584.130063451557
 11
300466.08166610124
 21
77917.39791737348
 31
6511.819666409494
  0
LINE
  5
363
330
17
100
AcDbEntity
  8
MIDDLE
100
AcDbLine
 10
300466.08166610124
 20
77917.39791737348
 30
6511.819666409494
 11
300815.0330069336
 21
77441.37632376063
 31
6441.664724726658
  0
LINE
  5
364
330
17
100
AcDbEntity
  8
MIDDLE
100
AcDbLine
 10
300815.0330069336
 20
77441.37632376063
 30
6441.664724726658
 11
301122.64259657596
 21
76937.65027101527
 31
6371.718039141719
  0
LINE
  5
365
330
17
100
AcDbEntity
  8
MIDDLE
100
AcDbLine
 10
301122.64259657596
 20
76937.65027101527
 30
6371.718039141719
 11
301386.7234966046
 21
76409.80097993452
 31
6302.049851286172
  0
LINE
  5
366
330
17
100
AcDbEntity
  8
MIDDLE
100
AcDbLine
 10
301386.7234966046
 20
76409.80097993452
 30
6302.049851286172
 11
301605.39823412296
 21
75861.58117454102
 31
6232.7304027914715
  0
LINE
  5
367
330
17
100
AcDbEntity
  8
MIDDLE
100
AcDbLine
 10
301605.39823412296
 20
75861.58117454102
 30
6232.7304027914715
 11
301777.1121495823
 21
75296.88840223732
 31
6163.829935289076
  0
LINE
  5
368
330
17
100
AcDbEntity
  8
MIDDLE
100
AcDbLine
 10
301777.1121495823
 20
75296.88840223732
 30
6163.829935289076
 11
301900.64444957353
 21
74719.73732434415
 31
6095.418690410481
  0
LINE
  5
369
330
17
100
AcDbEntity
  8
MIDDLE
100
AcDbLine
 10
301900.64444957353
 20
74719.73732434415
 30
6095.418690410481
 11
301975.1168860104
 21
74134.23117402158
 31
6027.566909787145
  0
LINE
  5
36A
330
17
100
AcDbEntity
  8
MIDDLE
100
AcDbLine
 10
301975.1168860104
 20
74134.23117402158
 30
6027.566909787145
 11
302000.0
 21
73544.53258449251
 31
5960.344835050536
  0
LINE
  5
36B
330
17
100
AcDbEntity
  8
MIDDLE
100
AcDbLine
 10
302000.0
 20
73544.53258449251
 30
5960.344835050536
 11
302000.0
 21
72902.51594122712
 31
5888.042298152866
  0
LINE
  5
36C
330
17
100
AcDbEntity
  8
MIDDLE
100
AcDbLine
 10
302000.0
 20
72902.51594122712
 30
5888.042298152866
 11
302000.0
 21
72260.49929796172
 31
5816.657774413201
  0
LINE
  5
36D
330
17
100
AcDbEntity
  8
MIDDLE
100
AcDbLine
 10
302000.0
 20
72260.49929796172
 30
5816.657774413201
 11
302000.0
 21
71618.48265469633
 31
5746.281586778986
  0
LINE
  5
36E
330
17
100
AcDbEntity
  8
MIDDLE
100
AcDbLine
 10
302000.0
 20
71618.48265469633
 30
5746.281586778986
 11
302000.0
 21
70976.46601143094
 31
5677.004058197656
  0
LINE
  5
36F
330
17
100
AcDbEntity
  8
MIDDLE
100
AcDbLine
 10
302000.0
 20
70976.46601143094
 30
5677.004058197656
 11
302000.0
 21
70334.44936816556
 31
5608.915511616644
  0
LINE
  5
370
330
17
100
AcDbEntity
  8
MIDDLE
100
AcDbLine
 10
302000.0
 20
70334.44936816556
 30
5608.915511616644
 11
302000.0
 21
69692.43272490017
 31
5542.10626998341
  0
LINE
  5
371
330
17
100
AcDbEntity
  8
MIDDLE
100
AcDbLine
 10
302000.0
 20
69692.43272490017
 30
5542.10626998341
 11
302000.0
 21
69050.41608163477
 31
5476.666656245385
  0
LINE
  5
372
330
17
100
AcDbEntity
  8
MIDDLE
100
AcDbLine
 10
302000.0
 20
69050.41608163477
 30
5476.666656245385
 11
302000.0
 21
68408.3994383694
 31
5412.686993350009
  0
LINE
  5
373
330
17
100
AcDbEntity
  8
MIDDLE
100
AcDbLine
 10
302000.0
 20
68408.3994383694
 30
5412.686993350009
 11
302000.0
 21
67766.382795104
 31
5350.257604244721
  0
LINE
  5
374
330
17
100
AcDbEntity
  8
MIDDLE
100
AcDbLine
 10
302000.0
 20
67766.382795104
 30
5350.257604244721
 11
302000.0
 21
67124.3661518386
 31
5289.468811876962
  0
LINE
  5
375
330
17
100
AcDbEntity
  8
MIDDLE
100
AcDbLine
 10
302000.0
 20
67124.3661518386
 30
5289.468811876962
 11
302000.0
 21
66482.34950857321
 31
5230.41093919417
  0
LINE
  5
376
330
17
100
AcDbEntity
  8
MIDDLE
100
AcDbLine
 10
302000.0
 20
66482.34950857321
 30
5230.41093919417
 11
302000.0
 21
65840.33286530784
 31
5173.174309143789
  0
LINE
  5
377
330
17
100
AcDbEntity
  8
MIDDLE
100
AcDbLine
 10
302000.0
 20
65840.33286530784
 30
5173.174309143789
 11
302000.0
 21
65198.316222042435
 31
5117.849244673257
  0
LINE
  5
378
330
17
100
AcDbEntity
  8
MIDDLE
100
AcDbLine
 10
302000.0
 20
65198.316222042435
 30
5117.849244673257
 11
302000.0
 21
64556.29957877704
 31
5064.526068730005
  0
LINE
  5
379
330
17
100
AcDbEntity
  8
MIDDLE
100
AcDbLine
 10
302000.0
 20
64556.29957877704
 30
5064.526068730005
 11
302000.0
 21
63914.28293551165
 31
5013.295104261493
  0
LINE
  5
37A
330
17
100
AcDbEntity
  8
MIDDLE
100
AcDbLine
 10
302000.0
 20
63914.28293551165
 30
5013.295104261493
 11
302000.0
 21
63272.266292246255
 31
4964.246674215152
  0
LINE
  5
37B
330
17
100
AcDbEntity
  8
MIDDLE
100
AcDbLine
 10
302000.0
 20
63272.266292246255
 30
4964.246674215152
 11
302000.0
 21
62630.24964898086
 31
4917.471101538419
  0
LINE
  5
37C
330
17
100
AcDbEntity
  8
MIDDLE
100
AcDbLine
 10
302000.0
 20
62630.24964898086
 30
4917.471101538419
 11
302000.0
 21
61988.23300571547
 31
4873.058709178737
  0
LINE
  5
37D
330
17
100
AcDbEntity
  8
MIDDLE
100
AcDbLine
 10
302000.0
 20
61988.23300571547
 30
4873.058709178737
 11
302000.0
 21
61346.21636245008
 31
4831.099820083546
  0
LINE
  5
37E
330
17
100
AcDbEntity
  8
MIDDLE
100
AcDbLine
 10
302000.0
 20
61346.21636245008
 30
4831.099820083546
 11
302000.0
 21
60704.1997191847
 31
4791.684757200286
  0
LINE
  5
37F
330
17
100
AcDbEntity
  8
MIDDLE
100
AcDbLine
 10
302000.0
 20
60704.1997191847
 30
4791.684757200286
 11
302000.0
 21
60062.1830759193
 31
4754.903843476397
  0
LINE
  5
380
330
17
100
AcDbEntity
  8
MIDDLE
100
AcDbLine
 10
302000.0
 20
60062.1830759193
 30
4754.903843476397
 11
302000.0
 21
59420.16643265392
 31
4720.847401859318
  0
LINE
  5
381
330
17
100
AcDbEntity
  8
MIDDLE
100
AcDbLine
 10
302000.0
 20
59420.16643265392
 30
4720.847401859318
 11
302000.0
 21
58778.149789388524
 31
4689.605755296487
  0
LINE
  5
382
330
17
100
AcDbEntity
  8
MIDDLE
100
AcDbLine
 10
302000.0
 20
58778.149789388524
 30
4689.605755296487
 11
302000.0
 21
58136.13314612313
 31
4661.269226735352
  0
LINE
  5
383
330
17
100
AcDbEntity
  8
MIDDLE
100
AcDbLine
 10
302000.0
 20
58136.13314612313
 30
4661.269226735352
 11
302000.0
 21
57494.11650285774
 31
4635.928139123349
  0
LINE
  5
384
330
17
100
AcDbEntity
  8
MIDDLE
100
AcDbLine
 10
302000.0
 20
57494.11650285774
 30
4635.928139123349
 11
302000.0
 21
56852.099859592345
 31
4613.672815407919
  0
LINE
  5
385
330
17
100
AcDbEntity
  8
MIDDLE
100
AcDbLine
 10
302000.0
 20
56852.099859592345
 30
4613.672815407919
 11
302000.0
 21
56210.08321632696
 31
4594.593578536501
  0
LINE
  5
386
330
17
100
AcDbEntity
  8
MIDDLE
100
AcDbLine
 10
302000.0
 20
56210.08321632696
 30
4594.593578536501
 11
302000.0
 21
55568.066573061566
 31
4578.780751456535
  0
LINE
  5
387
330
17
100
AcDbEntity
  8
MIDDLE
100
AcDbLine
 10
302000.0
 20
55568.066573061566
 30
4578.780751456535
 11
302000.0
 21
54926.04992979617
 31
4566.324657115461
  0
LINE
  5
388
330
17
100
AcDbEntity
  8
MIDDLE
100
AcDbLine
 10
302000.0
 20
54926.04992979617
 30
4566.324657115461
 11
302000.0
 21
54284.03328653079
 31
4557.3156184607205
  0
LINE
  5
389
330
17
100
AcDbEntity
  8
MIDDLE
100
AcDbLine
 10
302000.0
 20
54284.03328653079
 30
4557.3156184607205
 11
302000.0
 21
53642.01664326539
 31
4551.843958439754
  0
LINE
  5
38A
330
17
100
AcDbEntity
  8
MIDDLE
100
AcDbLine
 10
302000.0
 20
53642.01664326539
 30
4551.843958439754
 11
302000.0
 21
53000.0
 31
4550.0
  0
LINE
  5
38B
330
17
100
AcDbEntity
  8
MIDDLE
100
AcDbLine
 10
302000.0
 20
53000.0
 30
4550.0
 11
301970.13923406525
 21
52354.121483756884
 31
4550.0
  0
LINE
  5
38C
330
17
100
AcDbEntity
  8
MIDDLE
100
AcDbLine
 10
301970.13923406525
 20
52354.121483756884
 30
4550.0
 11
301880.8116977873
 21
51713.75337528401
 31
4550.0
  0
LINE
  5
38D
330
17
100
AcDbEntity
  8
MIDDLE
100
AcDbLine
 10
301880.8116977873
 20
51713.75337528401
 30
4550.0
 11
301732.77950220974
 21
51084.35906949542
 31
4550.0
  0
LINE
  5
38E
330
17
100
AcDbEntity
  8
MIDDLE
100
AcDbLine
 10
301732.77950220974
 20
51084.35906949542
 30
4550.0
 11
301527.3056058305
 21
50471.30833668993
 31
4550.0
  0
LINE
  5
38F
330
17
100
AcDbEntity
  8
MIDDLE
100
AcDbLine
 10
301527.3056058305
 20
50471.30833668993
 30
4550.0
 11
301266.14303948544
 21
49879.83150956423
 31
4550.0
  0
LINE
  5
390
330
17
100
AcDbEntity
  8
MIDDLE
100
AcDbLine
 10
301266.14303948544
 20
49879.83150956423
 30
4550.0
 11
300951.5199501073
 21
49314.97485985851
 31
4550.0
  0
LINE
  5
391
330
17
100
AcDbEntity
  8
MIDDLE
100
AcDbLine
 10
300951.5199501073
 20
49314.97485985851
 30
4550.0
 11
300586.1205909617
 21
48781.55754534521
 31
4550.0
  0
LINE
  5
392
330
17
100
AcDbEntity
  8
MIDDLE
100
AcDbLine
 10
300586.1205909617
 20
48781.55754534521
 30
4550.0
 11
300173.0624205446
 21
48284.1304944741
 31
4550.0
  0
LINE
  5
393
330
17
100
AcDbEntity
  8
MIDDLE
100
AcDbLine
 10
300173.0624205446
 20
48284.1304944741
 30
4550.0
 11
299715.8695055259
 21
47826.93757945539
 31
4550.0
  0
LINE
  5
394
330
17
100
AcDbEntity
  8
MIDDLE
100
AcDbLine
 10
299715.8695055259
 20
47826.93757945539
 30
4550.0
 11
299218.4424546548
 21
47413.87940903832
 31
4550.0
  0
LINE
  5
395
330
17
100
AcDbEntity
  8
MIDDLE
100
AcDbLine
 10
299218.4424546548
 20
47413.87940903832
 30
4550.0
 11
298685.0251401415
 21
47048.4800498927
 31
4550.0
  0
LINE
  5
396
330
17
100
AcDbEntity
  8
MIDDLE
100
AcDbLine
 10
298685.0251401415
 20
47048.4800498927
 30
4550.0
 11
298120.1684904358
 21
46733.85696051457
 31
4550.0
  0
LINE
  5
397
330
17
100
AcDbEntity
  8
MIDDLE
100
AcDbLine
 10
298120.1684904358
 20
46733.85696051457
 30
4550.0
 11
297528.69166331005
 21
46472.694394169506
 31
4550.0
  0
LINE
  5
398
330
17
100
AcDbEntity
  8
MIDDLE
100
AcDbLine
 10
297528.69166331005
 20
46472.694394169506
 30
4550.0
 11
296915.6409305046
 21
46267.22049779027
 31
4550.0
  0
LINE
  5
399
330
17
100
AcDbEntity
  8
MIDDLE
100
AcDbLine
 10
296915.6409305046
 20
46267.22049779027
 30
4550.0
 11
296286.246624716
 21
46119.188302212686
 31
4550.0
  0
LINE
  5
39A
330
17
100
AcDbEntity
  8
MIDDLE
100
AcDbLine
 10
296286.246624716
 20
46119.188302212686
 30
4550.0
 11
295645.8785162431
 21
46029.860765934754
 31
4550.0
  0
LINE
  5
39B
330
17
100
AcDbEntity
  8
MIDDLE
100
AcDbLine
 10
295645.8785162431
 20
46029.860765934754
 30
4550.0
 11
295000.0
 21
46000.0
 31
4550.0
  0
LINE
  5
39C
330
17
100
AcDbEntity
  8
MIDDLE
100
AcDbLine
 10
295000.0
 20
46000.0
 30
4550.0
 11
294428.57109491026
 21
46000.0
 31
4550.0
  0
LINE
  5
39D
330
17
100
AcDbEntity
  8
MIDDLE
100
AcDbLine
 10
294428.57109491026
 20
46000.0
 30
4550.0
 11
293857.1421898205
 21
46000.0
 31
4550.0
  0
LINE
  5
39E
330
17
100
AcDbEntity
  8
MIDDLE
100
AcDbLine
 10
293857.1421898205
 20
46000.0
 30
4550.0
 11
293285.71328473074
 21
46000.0
 31
4550.0
  0
LINE
  5
39F
330
17
100
AcDbEntity
  8
MIDDLE
100
AcDbLine
 10
293285.71328473074
 20
46000.0
 30
4550.0
 11
292714.28437964094
 21
46000.0
 31
4550.0
  0
LINE
  5
3A0
330
17
100
AcDbEntity
  8
MIDDLE
100
AcDbLine
 10
292714.28437964094
 20
46000.0
 30
4550.0
 11
292142.85547455115
 21
46000.0
 31
4550.0
  0
LINE
  5
3A1
330
17
100
AcDbEntity
  8
MIDDLE
100
AcDbLine
 10
292142.85547455115
 20
46000.0
 30
4550.0
 11
291571.42656946136
 21
46000.0
 31
4550.0
  0
LINE
  5
3A2
330
17
100
AcDbEntity
  8
MIDDLE
100
AcDbLine
 10
291571.42656946136
 20
46000.0
 30
4550.0
 11
290999.9976643716
 21
46000.0
 31
4550.0
  0
LINE
  5
3A3
330
17
100
AcDbEntity
  8
MIDDLE
100
AcDbLine
 10
290999.9976643716
 20
46000.0
 30
4550.0
 11
290384.2810866078
 21
46031.67585532867
 31
4550.0
  0
LINE
  5
3A4
330
17
100
AcDbEntity
  8
MIDDLE
100
AcDbLine
 10
290384.2810866078
 20
46031.67585532867
 30
4550.0
 11
289775.06562525744
 21
46126.368968044415
 31
4550.0
  0
LINE
  5
3A5
330
17
100
AcDbEntity
  8
MIDDLE
100
AcDbLine
 10
289775.06562525744
 20
46126.368968044415
 30
4550.0
 11
289178.78375392663
 21
46283.07950970091
 31
4550.0
  0
LINE
  5
3A6
330
17
100
AcDbEntity
  8
MIDDLE
100
AcDbLine
 10
289178.78375392663
 20
46283.07950970091
 30
4550.0
 11
288601.73138537904
 21
46500.15283348282
 31
4550.0
  0
LINE
  5
3A7
330
17
100
AcDbEntity
  8
MIDDLE
100
AcDbLine
 10
288601.73138537904
 20
46500.15283348282
 30
4550.0
 11
288050.00139539584
 21
46775.29694499018
 31
4550.0
  0
LINE
  5
3A8
330
17
100
AcDbEntity
  8
MIDDLE
100
AcDbLine
 10
288050.00139539584
 20
46775.29694499018
 30
4550.0
 11
287529.4192904247
 21
47105.6067025328
 31
4550.0
  0
LINE
  5
3A9
330
17
100
AcDbEntity
  8
MIDDLE
100
AcDbLine
 10
287529.4192904247
 20
47105.6067025328
 30
4550.0
 11
287045.4816982802
 21
47487.59449141283
 31
4550.0
  0
LINE
  5
3AA
330
17
100
AcDbEntity
  8
MIDDLE
100
AcDbLine
 10
287045.4816982802
 20
47487.59449141283
 30
4550.0
 11
286603.29833134793
 21
47917.22704831762
 31
4550.0
  0
LINE
  5
3AB
330
17
100
AcDbEntity
  8
MIDDLE
100
AcDbLine
 10
286603.29833134793
 20
47917.22704831762
 30
4550.0
 11
286207.53803508123
 21
48389.96804700818
 31
4550.0
  0
LINE
  5
3AC
330
17
100
AcDbEntity
  8
MIDDLE
100
AcDbLine
 10
286207.53803508123
 20
48389.96804700818
 30
4550.0
 11
285862.37949144316
 21
48900.825995657025
 31
4550.0
  0
LINE
  5
3AD
330
17
100
AcDbEntity
  8
MIDDLE
100
AcDbLine
 10
285862.37949144316
 20
48900.825995657025
 30
4550.0
 11
285571.4670977983
 21
49444.40694010586
 31
4550.0
  0
LINE
  5
3AE
330
17
100
AcDbEntity
  8
MIDDLE
100
AcDbLine
 10
285571.4670977983
 20
49444.40694010586
 30
4550.0
 11
285337.8724871114
 21
50014.9714165694
 31
4550.0
  0
LINE
  5
3AF
330
17
100
AcDbEntity
  8
MIDDLE
100
AcDbLine
 10
285337.8724871114
 20
50014.9714165694
 30
4550.0
 11
285164.06209574715
 21
50606.49505244363
 31
4550.0
  0
LINE
  5
3B0
330
17
100
AcDbEntity
  8
MIDDLE
100
AcDbLine
 10
285164.06209574715
 20
50606.49505244363
 30
4550.0
 11
285051.8711213093
 21
51212.73217535738
 31
4550.0
  0
LINE
  5
3B1
330
17
100
AcDbEntity
  8
MIDDLE
100
AcDbLine
 10
285051.8711213093
 20
51212.73217535738
 30
4550.0
 11
285002.48414548964
 21
51827.2817588439
 31
4550.0
  0
LINE
  5
3B2
330
17
100
AcDbEntity
  8
MIDDLE
100
AcDbLine
 10
285002.48414548964
 20
51827.2817588439
 30
4550.0
 11
284983.934936835
 21
52471.38934659025
 31
4549.795932191908
  0
LINE
  5
3B3
330
17
100
AcDbEntity
  8
MIDDLE
100
AcDbLine
 10
284983.934936835
 20
52471.38934659025
 30
4549.795932191908
 11
284965.3857281803
 21
53115.496934336596
 31
4549.190502802757
  0
LINE
  5
3B4
330
17
100
AcDbEntity
  8
MIDDLE
100
AcDbLine
 10
284965.3857281803
 20
53115.496934336596
 30
4549.190502802757
 11
284946.8365195257
 21
53759.60452208295
 31
4548.19387288523
  0
LINE
  5
3B5
330
17
100
AcDbEntity
  8
MIDDLE
100
AcDbLine
 10
284946.8365195257
 20
53759.60452208295
 30
4548.19387288523
 11
284928.28731087106
 21
54403.71210982929
 31
4546.816203492015
  0
LINE
  5
3B6
330
17
100
AcDbEntity
  8
MIDDLE
100
AcDbLine
 10
284928.28731087106
 20
54403.71210982929
 30
4546.816203492015
 11
284909.73810221633
 21
55047.81969757564
 31
4545.067655675794
  0
LINE
  5
3B7
330
17
100
AcDbEntity
  8
MIDDLE
100
AcDbLine
 10
284909.73810221633
 20
55047.81969757564
 30
4545.067655675794
 11
284891.1888935617
 21
55691.92728532198
 31
4542.958390489255
  0
LINE
  5
3B8
330
17
100
AcDbEntity
  8
MIDDLE
100
AcDbLine
 10
284891.1888935617
 20
55691.92728532198
 30
4542.958390489255
 11
284872.6396849071
 21
56336.034873068325
 31
4540.49856898508
  0
LINE
  5
3B9
330
17
100
AcDbEntity
  8
MIDDLE
100
AcDbLine
 10
284872.6396849071
 20
56336.034873068325
 30
4540.49856898508
 11
284854.0904762524
 21
56980.14246081468
 31
4537.698352215955
  0
LINE
  5
3BA
330
17
100
AcDbEntity
  8
MIDDLE
100
AcDbLine
 10
284854.0904762524
 20
56980.14246081468
 30
4537.698352215955
 11
284835.54126759776
 21
57624.25004856102
 31
4534.567901234568
  0
LINE
  5
3BB
330
17
100
AcDbEntity
  8
MIDDLE
100
AcDbLine
 10
284835.54126759776
 20
57624.25004856102
 30
4534.567901234568
 11
284816.99205894314
 21
58268.35763630737
 31
4531.1173770936
  0
LINE
  5
3BC
330
17
100
AcDbEntity
  8
MIDDLE
100
AcDbLine
 10
284816.99205894314
 20
58268.35763630737
 30
4531.1173770936
 11
284798.4428502884
 21
58912.46522405372
 31
4527.356940845739
  0
LINE
  5
3BD
330
17
100
AcDbEntity
  8
MIDDLE
100
AcDbLine
 10
284798.4428502884
 20
58912.46522405372
 30
4527.356940845739
 11
284779.8936416338
 21
59556.57281180007
 31
4523.2967535436665
  0
LINE
  5
3BE
330
17
100
AcDbEntity
  8
MIDDLE
100
AcDbLine
 10
284779.8936416338
 20
59556.57281180007
 30
4523.2967535436665
 11
284761.3444329792
 21
60200.680399546414
 31
4518.946976240071
  0
LINE
  5
3BF
330
17
100
AcDbEntity
  8
MIDDLE
100
AcDbLine
 10
284761.3444329792
 20
60200.680399546414
 30
4518.946976240071
 11
284742.7952243245
 21
60844.78798729275
 31
4514.317769987637
  0
LINE
  5
3C0
330
17
100
AcDbEntity
  8
MIDDLE
100
AcDbLine
 10
284742.7952243245
 20
60844.78798729275
 30
4514.317769987637
 11
284724.24601566984
 21
61488.89557503911
 31
4509.419295839049
  0
LINE
  5
3C1
330
17
100
AcDbEntity
  8
MIDDLE
100
AcDbLine
 10
284724.24601566984
 20
61488.89557503911
 30
4509.419295839049
 11
284705.6968070152
 21
62133.00316278545
 31
4504.261714846992
  0
LINE
  5
3C2
330
17
100
AcDbEntity
  8
MIDDLE
100
AcDbLine
 10
284705.6968070152
 20
62133.00316278545
 30
4504.261714846992
 11
284687.14759836055
 21
62777.1107505318
 31
4498.85518806415
  0
LINE
  5
3C3
330
17
100
AcDbEntity
  8
MIDDLE
100
AcDbLine
 10
284687.14759836055
 20
62777.1107505318
 30
4498.85518806415
 11
284668.5983897059
 21
63421.218338278144
 31
4493.20987654321
  0
LINE
  5
3C4
330
17
100
AcDbEntity
  8
MIDDLE
100
AcDbLine
 10
284668.5983897059
 20
63421.218338278144
 30
4493.20987654321
 11
284650.04918105126
 21
64065.32592602449
 31
4487.335941336855
  0
LINE
  5
3C5
330
17
100
AcDbEntity
  8
MIDDLE
100
AcDbLine
 10
284650.04918105126
 20
64065.32592602449
 30
4487.335941336855
 11
284631.4999723966
 21
64709.43351377083
 31
4481.243543497773
  0
LINE
  5
3C6
330
17
100
AcDbEntity
  8
MIDDLE
100
AcDbLine
 10
284631.4999723966
 20
64709.43351377083
 30
4481.243543497773
 11
284612.9507637419
 21
65353.54110151718
 31
4474.942844078647
  0
LINE
  5
3C7
330
17
100
AcDbEntity
  8
MIDDLE
100
AcDbLine
 10
284612.9507637419
 20
65353.54110151718
 30
4474.942844078647
 11
284594.4015550873
 21
65997.64868926353
 31
4468.444004132161
  0
LINE
  5
3C8
330
17
100
AcDbEntity
  8
MIDDLE
100
AcDbLine
 10
284594.4015550873
 20
65997.64868926353
 30
4468.444004132161
 11
284575.8523464326
 21
66641.75627700987
 31
4461.757184711002
  0
LINE
  5
3C9
330
17
100
AcDbEntity
  8
MIDDLE
100
AcDbLine
 10
284575.8523464326
 20
66641.75627700987
 30
4461.757184711002
 11
284557.30313777796
 21
67285.86386475622
 31
4454.892546867855
  0
LINE
  5
3CA
330
17
100
AcDbEntity
  8
MIDDLE
100
AcDbLine
 10
284557.30313777796
 20
67285.86386475622
 30
4454.892546867855
 11
284538.75392912334
 21
67929.97145250258
 31
4447.860251655405
  0
LINE
  5
3CB
330
17
100
AcDbEntity
  8
MIDDLE
100
AcDbLine
 10
284538.75392912334
 20
67929.97145250258
 30
4447.860251655405
 11
284520.20472046867
 21
68574.07904024892
 31
4440.6704601263355
  0
LINE
  5
3CC
330
17
100
AcDbEntity
  8
MIDDLE
100
AcDbLine
 10
284520.20472046867
 20
68574.07904024892
 30
4440.6704601263355
 11
284501.655511814
 21
69218.18662799527
 31
4433.333333333334
  0
LINE
  5
3CD
330
17
100
AcDbEntity
  8
MIDDLE
100
AcDbLine
 10
284501.655511814
 20
69218.18662799527
 30
4433.333333333334
 11
284483.1063031593
 21
69862.29421574161
 31
4425.859032329083
  0
LINE
  5
3CE
330
17
100
AcDbEntity
  8
MIDDLE
100
AcDbLine
 10
284483.1063031593
 20
69862.29421574161
 30
4425.859032329083
 11
284464.5570945047
 21
70506.40180348796
 31
4418.257718166268
  0
LINE
  5
3CF
330
17
100
AcDbEntity
  8
MIDDLE
100
AcDbLine
 10
284464.5570945047
 20
70506.40180348796
 30
4418.257718166268
 11
284446.00788585003
 21
71150.50939123431
 31
4410.5395518975765
  0
LINE
  5
3D0
330
17
100
AcDbEntity
  8
MIDDLE
100
AcDbLine
 10
284446.00788585003
 20
71150.50939123431
 30
4410.5395518975765
 11
284427.45867719536
 21
71794.61697898066
 31
4402.71469457569
  0
LINE
  5
3D1
330
17
100
AcDbEntity
  8
MIDDLE
100
AcDbLine
 10
284427.45867719536
 20
71794.61697898066
 30
4402.71469457569
 11
284408.90946854075
 21
72438.724566727
 31
4394.793307253298
  0
LINE
  5
3D2
330
17
100
AcDbEntity
  8
MIDDLE
100
AcDbLine
 10
284408.90946854075
 20
72438.724566727
 30
4394.793307253298
 11
284390.3602598861
 21
73082.83215447335
 31
4386.7855509830815
  0
LINE
  5
3D3
330
17
100
AcDbEntity
  8
MIDDLE
100
AcDbLine
 10
284390.3602598861
 20
73082.83215447335
 30
4386.7855509830815
 11
284371.8110512314
 21
73726.93974221968
 31
4378.701586817727
  0
LINE
  5
3D4
330
17
100
AcDbEntity
  8
MIDDLE
100
AcDbLine
 10
284371.8110512314
 20
73726.93974221968
 30
4378.701586817727
 11
284353.2618425768
 21
74371.04732996605
 31
4370.55157580992
  0
LINE
  5
3D5
330
17
100
AcDbEntity
  8
MIDDLE
100
AcDbLine
 10
284353.2618425768
 20
74371.04732996605
 30
4370.55157580992
 11
284334.7126339221
 21
75015.15491771238
 31
4362.345679012345
  0
LINE
  5
3D6
330
17
100
AcDbEntity
  8
MIDDLE
100
AcDbLine
 10
284334.7126339221
 20
75015.15491771238
 30
4362.345679012345
 11
284316.16342526744
 21
75659.26250545874
 31
4354.094057477687
  0
LINE
  5
3D7
330
17
100
AcDbEntity
  8
MIDDLE
100
AcDbLine
 10
284316.16342526744
 20
75659.26250545874
 30
4354.094057477687
 11
284297.6142166128
 21
76303.37009320507
 31
4345.806872258633
  0
LINE
  5
3D8
330
17
100
AcDbEntity
  8
MIDDLE
100
AcDbLine
 10
284297.6142166128
 20
76303.37009320507
 30
4345.806872258633
 11
284279.06500795815
 21
76947.47768095143
 31
4337.494284407865
  0
LINE
  5
3D9
330
17
100
AcDbEntity
  8
MIDDLE
100
AcDbLine
 10
284279.06500795815
 20
76947.47768095143
 30
4337.494284407865
 11
284260.5157993035
 21
77591.58526869777
 31
4329.166454978068
  0
LINE
  5
3DA
330
17
100
AcDbEntity
  8
MIDDLE
100
AcDbLine
 10
284260.5157993035
 20
77591.58526869777
 30
4329.166454978068
 11
284241.96659064887
 21
78235.69285644412
 31
4320.83354502193
  0
LINE
  5
3DB
330
17
100
AcDbEntity
  8
MIDDLE
100
AcDbLine
 10
284241.96659064887
 20
78235.69285644412
 30
4320.83354502193
 11
284223.4173819942
 21
78879.80044419046
 31
4312.505715592135
  0
LINE
  5
3DC
330
17
100
AcDbEntity
  8
MIDDLE
100
AcDbLine
 10
284223.4173819942
 20
78879.80044419046
 30
4312.505715592135
 11
284204.8681733395
 21
79523.90803193681
 31
4304.193127741367
  0
LINE
  5
3DD
330
17
100
AcDbEntity
  8
MIDDLE
100
AcDbLine
 10
284204.8681733395
 20
79523.90803193681
 30
4304.193127741367
 11
284186.3189646849
 21
80168.01561968317
 31
4295.905942522311
  0
LINE
  5
3DE
330
17
100
AcDbEntity
  8
MIDDLE
100
AcDbLine
 10
284186.3189646849
 20
80168.01561968317
 30
4295.905942522311
 11
284167.76975603023
 21
80812.12320742951
 31
4287.654320987654
  0
LINE
  5
3DF
330
17
100
AcDbEntity
  8
MIDDLE
100
AcDbLine
 10
284167.76975603023
 20
80812.12320742951
 30
4287.654320987654
 11
284149.2205473756
 21
81456.23079517586
 31
4279.448424190078
  0
LINE
  5
3E0
330
17
100
AcDbEntity
  8
MIDDLE
100
AcDbLine
 10
284149.2205473756
 20
81456.23079517586
 30
4279.448424190078
 11
284130.67133872095
 21
82100.3383829222
 31
4271.298413182271
  0
LINE
  5
3E1
330
17
100
AcDbEntity
  8
MIDDLE
100
AcDbLine
 10
284130.67133872095
 20
82100.3383829222
 30
4271.298413182271
 11
284112.1221300663
 21
82744.44597066854
 31
4263.214449016917
  0
LINE
  5
3E2
330
17
100
AcDbEntity
  8
MIDDLE
100
AcDbLine
 10
284112.1221300663
 20
82744.44597066854
 30
4263.214449016917
 11
284093.57292141166
 21
83388.5535584149
 31
4255.206692746702
  0
LINE
  5
3E3
330
17
100
AcDbEntity
  8
MIDDLE
100
AcDbLine
 10
284093.57292141166
 20
83388.5535584149
 30
4255.206692746702
 11
284075.023712757
 21
84032.66114616125
 31
4247.285305424309
  0
LINE
  5
3E4
330
17
100
AcDbEntity
  8
MIDDLE
100
AcDbLine
 10
284075.023712757
 20
84032.66114616125
 30
4247.285305424309
 11
284056.4745041023
 21
84676.76873390758
 31
4239.460448102423
  0
LINE
  5
3E5
330
17
100
AcDbEntity
  8
MIDDLE
100
AcDbLine
 10
284056.4745041023
 20
84676.76873390758
 30
4239.460448102423
 11
284037.9252954477
 21
85320.87632165394
 31
4231.742281833731
  0
LINE
  5
3E6
330
17
100
AcDbEntity
  8
MIDDLE
100
AcDbLine
 10
284037.9252954477
 20
85320.87632165394
 30
4231.742281833731
 11
284019.376086793
 21
85964.98390940027
 31
4224.140967670917
  0
LINE
  5
3E7
330
17
100
AcDbEntity
  8
MIDDLE
100
AcDbLine
 10
284019.376086793
 20
85964.98390940027
 30
4224.140967670917
 11
284000.82687813835
 21
86609.09149714664
 31
4216.666666666666
  0
LINE
  5
3E8
330
17
100
AcDbEntity
  8
MIDDLE
100
AcDbLine
 10
284000.82687813835
 20
86609.09149714664
 30
4216.666666666666
 11
283982.27766948374
 21
87253.19908489297
 31
4209.329539873664
  0
LINE
  5
3E9
330
17
100
AcDbEntity
  8
MIDDLE
100
AcDbLine
 10
283982.27766948374
 20
87253.19908489297
 30
4209.329539873664
 11
283963.72846082906
 21
87897.30667263932
 31
4202.139748344594
  0
LINE
  5
3EA
330
17
100
AcDbEntity
  8
MIDDLE
100
AcDbLine
 10
283963.72846082906
 20
87897.30667263932
 30
4202.139748344594
 11
283945.1792521744
 21
88541.41426038566
 31
4195.107453132144
  0
LINE
  5
3EB
330
17
100
AcDbEntity
  8
MIDDLE
100
AcDbLine
 10
283945.1792521744
 20
88541.41426038566
 30
4195.107453132144
 11
283926.6300435198
 21
89185.52184813203
 31
4188.242815288996
  0
LINE
  5
3EC
330
17
100
AcDbEntity
  8
MIDDLE
100
AcDbLine
 10
283926.6300435198
 20
89185.52184813203
 30
4188.242815288996
 11
283908.08083486505
 21
89829.62943587836
 31
4181.555995867839
  0
LINE
  5
3ED
330
17
100
AcDbEntity
  8
MIDDLE
100
AcDbLine
 10
283908.08083486505
 20
89829.62943587836
 30
4181.555995867839
 11
283889.53162621043
 21
90473.73702362472
 31
4175.057155921353
  0
LINE
  5
3EE
330
17
100
AcDbEntity
  8
MIDDLE
100
AcDbLine
 10
283889.53162621043
 20
90473.73702362472
 30
4175.057155921353
 11
283870.98241755576
 21
91117.84461137105
 31
4168.756456502227
  0
LINE
  5
3EF
330
17
100
AcDbEntity
  8
MIDDLE
100
AcDbLine
 10
283870.98241755576
 20
91117.84461137105
 30
4168.756456502227
 11
283852.43320890114
 21
91761.9521991174
 31
4162.664058663144
  0
LINE
  5
3F0
330
17
100
AcDbEntity
  8
MIDDLE
100
AcDbLine
 10
283852.43320890114
 20
91761.9521991174
 30
4162.664058663144
 11
283833.8840002465
 21
92406.05978686376
 31
4156.79012345679
  0
LINE
  5
3F1
330
17
100
AcDbEntity
  8
MIDDLE
100
AcDbLine
 10
283833.8840002465
 20
92406.05978686376
 30
4156.79012345679
 11
283815.3347915918
 21
93050.1673746101
 31
4151.144811935849
  0
LINE
  5
3F2
330
17
100
AcDbEntity
  8
MIDDLE
100
AcDbLine
 10
283815.3347915918
 20
93050.1673746101
 30
4151.144811935849
 11
283796.7855829372
 21
93694.27496235645
 31
4145.738285153007
  0
LINE
  5
3F3
330
17
100
AcDbEntity
  8
MIDDLE
100
AcDbLine
 10
283796.7855829372
 20
93694.27496235645
 30
4145.738285153007
 11
283778.2363742825
 21
94338.38255010279
 31
4140.58070416095
  0
LINE
  5
3F4
330
17
100
AcDbEntity
  8
MIDDLE
100
AcDbLine
 10
283778.2363742825
 20
94338.38255010279
 30
4140.58070416095
 11
283759.68716562784
 21
94982.49013784913
 31
4135.682230012362
  0
LINE
  5
3F5
330
17
100
AcDbEntity
  8
MIDDLE
100
AcDbLine
 10
283759.68716562784
 20
94982.49013784913
 30
4135.682230012362
 11
283741.1379569732
 21
95626.59772559548
 31
4131.053023759927
  0
LINE
  5
3F6
330
17
100
AcDbEntity
  8
MIDDLE
100
AcDbLine
 10
283741.1379569732
 20
95626.59772559548
 30
4131.053023759927
 11
283722.58874831855
 21
96270.70531334184
 31
4126.703246456332
  0
LINE
  5
3F7
330
17
100
AcDbEntity
  8
MIDDLE
100
AcDbLine
 10
283722.58874831855
 20
96270.70531334184
 30
4126.703246456332
 11
283704.0395396639
 21
96914.81290108817
 31
4122.643059154261
  0
LINE
  5
3F8
330
17
100
AcDbEntity
  8
MIDDLE
100
AcDbLine
 10
283704.0395396639
 20
96914.81290108817
 30
4122.643059154261
 11
283685.49033100926
 21
97558.92048883453
 31
4118.8826229064
  0
LINE
  5
3F9
330
17
100
AcDbEntity
  8
MIDDLE
100
AcDbLine
 10
283685.49033100926
 20
97558.92048883453
 30
4118.8826229064
 11
283666.9411223546
 21
98203.02807658087
 31
4115.432098765432
  0
LINE
  5
3FA
330
17
100
AcDbEntity
  8
MIDDLE
100
AcDbLine
 10
283666.9411223546
 20
98203.02807658087
 30
4115.432098765432
 11
283648.3919136999
 21
98847.13566432723
 31
4112.301647784044
  0
LINE
  5
3FB
330
17
100
AcDbEntity
  8
MIDDLE
100
AcDbLine
 10
283648.3919136999
 20
98847.13566432723
 30
4112.301647784044
 11
283629.8427050453
 21
99491.24325207356
 31
4109.50143101492
  0
LINE
  5
3FC
330
17
100
AcDbEntity
  8
MIDDLE
100
AcDbLine
 10
283629.8427050453
 20
99491.24325207356
 30
4109.50143101492
 11
283611.29349639063
 21
100135.35083981992
 31
4107.041609510745
  0
LINE
  5
3FD
330
17
100
AcDbEntity
  8
MIDDLE
100
AcDbLine
 10
283611.29349639063
 20
100135.35083981992
 30
4107.041609510745
 11
283592.74428773596
 21
100779.45842756625
 31
4104.932344324205
  0
LINE
  5
3FE
330
17
100
AcDbEntity
  8
MIDDLE
100
AcDbLine
 10
283592.74428773596
 20
100779.45842756625
 30
4104.932344324205
 11
283574.19507908134
 21
101423.56601531261
 31
4103.183796507985
  0
LINE
  5
3FF
330
17
100
AcDbEntity
  8
MIDDLE
100
AcDbLine
 10
283574.19507908134
 20
101423.56601531261
 30
4103.183796507985
 11
283555.6458704267
 21
102067.67360305895
 31
4101.806127114768
  0
LINE
  5
400
330
17
100
AcDbEntity
  8
MIDDLE
100
AcDbLine
 10
283555.6458704267
 20
102067.67360305895
 30
4101.806127114768
 11
283537.096661772
 21
102711.78119080531
 31
4100.809497197242
  0
LINE
  5
401
330
17
100
AcDbEntity
  8
MIDDLE
100
AcDbLine
 10
283537.096661772
 20
102711.78119080531
 30
4100.809497197242
 11
283518.5474531174
 21
103355.88877855164
 31
4100.204067808091
  0
LINE
  5
402
330
17
100
AcDbEntity
  8
MIDDLE
100
AcDbLine
 10
283518.5474531174
 20
103355.88877855164
 30
4100.204067808091
 11
283499.99824446277
 21
103999.99636629799
 31
4100.0
  0
LINE
  5
403
330
17
100
AcDbEntity
  8
MIDDLE
100
AcDbLine
 10
283499.99824446277
 20
103999.99636629799
 30
4100.0
 11
283449.08926453034
 21
104625.96107684654
 31
4100.0
  0
LINE
  5
404
330
17
100
AcDbEntity
  8
MIDDLE
100
AcDbLine
 10
283449.08926453034
 20
104625.96107684654
 30
4100.0
 11
283333.0280392756
 21
105243.17524962794
 31
4100.0
  0
LINE
  5
405
330
17
100
AcDbEntity
  8
MIDDLE
100
AcDbLine
 10
283333.0280392756
 20
105243.17524962794
 30
4100.0
 11
283153.08615980076
 21
105844.87655684016
 31
4100.0
  0
LINE
  5
406
330
17
100
AcDbEntity
  8
MIDDLE
100
AcDbLine
 10
283153.08615980076
 20
105844.87655684016
 30
4100.0
 11
282911.2351070404
 21
106424.47263288675
 31
4100.0
  0
LINE
  5
407
330
17
100
AcDbEntity
  8
MIDDLE
100
AcDbLine
 10
282911.2351070404
 20
106424.47263288675
 30
4100.0
 11
282610.12465180387
 21
106975.61330171561
 31
4100.0
  0
LINE
  5
408
330
17
100
AcDbEntity
  8
MIDDLE
100
AcDbLine
 10
282610.12465180387
 20
106975.61330171561
 30
4100.0
 11
282253.05382333044
 21
107492.2601506784
 31
4100.0
  0
LINE
  5
409
330
17
100
AcDbEntity
  8
MIDDLE
100
AcDbLine
 10
282253.05382333044
 20
107492.2601506784
 30
4100.0
 11
281843.93476443406
 21
107968.75268864472
 31
4100.0
  0
LINE
  5
40A
330
17
100
AcDbEntity
  8
MIDDLE
100
AcDbLine
 10
281843.93476443406
 20
107968.75268864472
 30
4100.0
 11
281387.24986924673
 21
108399.87036352899
 31
4100.0
  0
LINE
  5
40B
330
17
100
AcDbEntity
  8
MIDDLE
100
AcDbLine
 10
281387.24986924673
 20
108399.87036352899
 30
4100.0
 11
280888.0026731695
 21
108780.889759753
 31
4100.0
  0
LINE
  5
40C
330
17
100
AcDbEntity
  8
MIDDLE
100
AcDbLine
 10
280888.0026731695
 20
108780.889759753
 30
4100.0
 11
280351.66303309
 21
109107.6363489766
 31
4100.0
  0
LINE
  5
40D
330
17
100
AcDbEntity
  8
MIDDLE
100
AcDbLine
 10
280351.66303309
 20
109107.6363489766
 30
4100.0
 11
279784.1071984843
 21
109376.53022710494
 31
4100.0
  0
LINE
  5
40E
330
17
100
AcDbEntity
  8
MIDDLE
100
AcDbLine
 10
279784.1071984843
 20
109376.53022710494
 30
4100.0
 11
279191.5534299965
 21
109584.6253364679
 31
4100.0
  0
LINE
  5
40F
330
17
100
AcDbEntity
  8
MIDDLE
100
AcDbLine
 10
279191.5534299965
 20
109584.6253364679
 30
4100.0
 11
278580.4938708721
 21
109729.641743445
 31
4100.0
  0
LINE
  5
410
330
17
100
AcDbEntity
  8
MIDDLE
100
AcDbLine
 10
278580.4938708721
 20
109729.641743445
 30
4100.0
 11
277957.6234176763
 21
109809.99061789612
 31
4100.0
  0
LINE
  5
411
330
17
100
AcDbEntity
  8
MIDDLE
100
AcDbLine
 10
277957.6234176763
 20
109809.99061789612
 30
4100.0
 11
277329.7663696046
 21
109824.79164071723
 31
4100.0
  0
LINE
  5
412
330
17
100
AcDbEntity
  8
MIDDLE
100
AcDbLine
 10
277329.7663696046
 20
109824.79164071723
 30
4100.0
 11
276705.0254712903
 21
109806.80014797818
 31
4100.0
  0
LINE
  5
413
330
17
100
AcDbEntity
  8
MIDDLE
100
AcDbLine
 10
276705.0254712903
 20
109806.80014797818
 30
4100.0
 11
276080.284572976
 21
109788.8086552391
 31
4100.0
  0
LINE
  5
414
330
17
100
AcDbEntity
  8
MIDDLE
100
AcDbLine
 10
276080.284572976
 20
109788.8086552391
 30
4100.0
 11
275455.54367466166
 21
109770.81716250005
 31
4100.0
  0
LINE
  5
415
330
17
100
AcDbEntity
  8
MIDDLE
100
AcDbLine
 10
275455.54367466166
 20
109770.81716250005
 30
4100.0
 11
274830.8027763474
 21
109752.82566976099
 31
4100.0
  0
LINE
  5
416
330
17
100
AcDbEntity
  8
MIDDLE
100
AcDbLine
 10
274830.8027763474
 20
109752.82566976099
 30
4100.0
 11
274206.0618780331
 21
109734.83417702193
 31
4100.0
  0
LINE
  5
417
330
17
100
AcDbEntity
  8
MIDDLE
100
AcDbLine
 10
274206.0618780331
 20
109734.83417702193
 30
4100.0
 11
273581.3209797187
 21
109716.84268428286
 31
4100.0
  0
LINE
  5
418
330
17
100
AcDbEntity
  8
MIDDLE
100
AcDbLine
 10
273581.3209797187
 20
109716.84268428286
 30
4100.0
 11
272956.5800814045
 21
109698.8511915438
 31
4100.0
  0
LINE
  5
419
330
17
100
AcDbEntity
  8
MIDDLE
100
AcDbLine
 10
272956.5800814045
 20
109698.8511915438
 30
4100.0
 11
272331.83918309014
 21
109680.85969880474
 31
4100.0
  0
LINE
  5
41A
330
17
100
AcDbEntity
  8
MIDDLE
100
AcDbLine
 10
272331.83918309014
 20
109680.85969880474
 30
4100.0
 11
271712.07115620945
 21
109630.77969130549
 31
4100.0
  0
LINE
  5
41B
330
17
100
AcDbEntity
  8
MIDDLE
100
AcDbLine
 10
271712.07115620945
 20
109630.77969130549
 30
4100.0
 11
271100.8140019305
 21
109516.82748361508
 31
4100.0
  0
LINE
  5
41C
330
17
100
AcDbEntity
  8
MIDDLE
100
AcDbLine
 10
271100.8140019305
 20
109516.82748361508
 30
4100.0
 11
270504.6322895374
 21
109340.22686044867
 31
4100.0
  0
LINE
  5
41D
330
17
100
AcDbEntity
  8
MIDDLE
100
AcDbLine
 10
270504.6322895374
 20
109340.22686044867
 30
4100.0
 11
269929.9286862702
 21
109102.87441641999
 31
4100.0
  0
LINE
  5
41E
330
17
100
AcDbEntity
  8
MIDDLE
100
AcDbLine
 10
269929.9286862702
 20
109102.87441641999
 30
4100.0
 11
269382.875196162
 21
108807.3191876469
 31
4100.0
  0
LINE
  5
41F
330
17
100
AcDbEntity
  8
MIDDLE
100
AcDbLine
 10
269382.875196162
 20
108807.3191876469
 30
4100.0
 11
268869.34687607345
 21
108456.73527649044
 31
4100.0
  0
LINE
  5
420
330
17
100
AcDbEntity
  8
MIDDLE
100
AcDbLine
 10
268869.34687607345
 20
108456.73527649044
 30
4100.0
 11
268394.8587407787
 21
108054.8877634221
 31
4100.0
  0
LINE
  5
421
330
17
100
AcDbEntity
  8
MIDDLE
100
AcDbLine
 10
268394.8587407787
 20
108054.8877634221
 30
4100.0
 11
267964.50653470674
 21
107606.0922721082
 31
4100.0
  0
LINE
  5
422
330
17
100
AcDbEntity
  8
MIDDLE
100
AcDbLine
 10
267964.50653470674
 20
107606.0922721082
 30
4100.0
 11
267582.9120064188
 21
107115.16862195943
 31
4100.0
  0
LINE
  5
423
330
17
100
AcDbEntity
  8
MIDDLE
100
AcDbLine
 10
267582.9120064188
 20
107115.16862195943
 30
4100.0
 11
267254.1732735432
 21
106587.38906589267
 31
4100.0
  0
LINE
  5
424
330
17
100
AcDbEntity
  8
MIDDLE
100
AcDbLine
 10
267254.1732735432
 20
106587.38906589267
 30
4100.0
 11
266981.8208112215
 21
106028.42166920299
 31
4100.0
  0
LINE
  5
425
330
17
100
AcDbEntity
  8
MIDDLE
100
AcDbLine
 10
266981.8208112215
 20
106028.42166920299
 30
4100.0
 11
266768.7795367265
 21
105444.2694376261
 31
4100.0
  0
LINE
  5
426
330
17
100
AcDbEntity
  8
MIDDLE
100
AcDbLine
 10
266768.7795367265
 20
105444.2694376261
 30
4100.0
 11
266617.3373974417
 21
104841.20584832266
 31
4100.0
  0
LINE
  5
427
330
17
100
AcDbEntity
  8
MIDDLE
100
AcDbLine
 10
266617.3373974417
 20
104841.20584832266
 30
4100.0
 11
266529.1207995513
 21
104225.70747614662
 31
4100.0
  0
LINE
  5
428
330
17
100
AcDbEntity
  8
MIDDLE
100
AcDbLine
 10
266529.1207995513
 20
104225.70747614662
 30
4100.0
 11
266505.07714132266
 21
103604.3844387549
 31
4100.0
  0
LINE
  5
429
330
17
100
AcDbEntity
  8
MIDDLE
100
AcDbLine
 10
266505.07714132266
 20
103604.3844387549
 30
4100.0
 11
266513.610374176
 21
102956.03296712061
 31
4099.559227520604
  0
LINE
  5
42A
330
17
100
AcDbEntity
  8
MIDDLE
100
AcDbLine
 10
266513.610374176
 20
102956.03296712061
 30
4099.559227520604
 11
266522.1436070293
 21
102307.68149548631
 31
4098.257411127967
  0
LINE
  5
42B
330
17
100
AcDbEntity
  8
MIDDLE
100
AcDbLine
 10
266522.1436070293
 20
102307.68149548631
 30
4098.257411127967
 11
266530.6768398826
 21
101659.330023852
 31
4096.125302390422
  0
LINE
  5
42C
330
17
100
AcDbEntity
  8
MIDDLE
100
AcDbLine
 10
266530.6768398826
 20
101659.330023852
 30
4096.125302390422
 11
266539.21007273596
 21
101010.97855221771
 31
4093.1936528762963
  0
LINE
  5
42D
330
17
100
AcDbEntity
  8
MIDDLE
100
AcDbLine
 10
266539.21007273596
 20
101010.97855221771
 30
4093.1936528762963
 11
266547.7433055893
 21
100362.6270805834
 31
4089.493214153921
  0
LINE
  5
42E
330
17
100
AcDbEntity
  8
MIDDLE
100
AcDbLine
 10
266547.7433055893
 20
100362.6270805834
 30
4089.493214153921
 11
266556.2765384426
 21
99714.27560894912
 31
4085.0547377916273
  0
LINE
  5
42F
330
17
100
AcDbEntity
  8
MIDDLE
100
AcDbLine
 10
266556.2765384426
 20
99714.27560894912
 30
4085.0547377916273
 11
266564.8097712959
 21
99065.92413731481
 31
4079.9089753577427
  0
LINE
  5
430
330
17
100
AcDbEntity
  8
MIDDLE
100
AcDbLine
 10
266564.8097712959
 20
99065.92413731481
 30
4079.9089753577427
 11
266573.3430041492
 21
98417.5726656805
 31
4074.086678420599
  0
LINE
  5
431
330
17
100
AcDbEntity
  8
MIDDLE
100
AcDbLine
 10
266573.3430041492
 20
98417.5726656805
 30
4074.086678420599
 11
266581.8762370025
 21
97769.2211940462
 31
4067.6185985485267
  0
LINE
  5
432
330
17
100
AcDbEntity
  8
MIDDLE
100
AcDbLine
 10
266581.8762370025
 20
97769.2211940462
 30
4067.6185985485267
 11
266590.40946985583
 21
97120.8697224119
 31
4060.5354873098527
  0
LINE
  5
433
330
17
100
AcDbEntity
  8
MIDDLE
100
AcDbLine
 10
266590.40946985583
 20
97120.8697224119
 30
4060.5354873098527
 11
266598.9427027092
 21
96472.51825077759
 31
4052.86809627291
  0
LINE
  5
434
330
17
100
AcDbEntity
  8
MIDDLE
100
AcDbLine
 10
266598.9427027092
 20
96472.51825077759
 30
4052.86809627291
 11
266607.4759355625
 21
95824.1667791433
 31
4044.647177006026
  0
LINE
  5
435
330
17
100
AcDbEntity
  8
MIDDLE
100
AcDbLine
 10
266607.4759355625
 20
95824.1667791433
 30
4044.647177006026
 11
266616.00916841574
 21
95175.815307509
 31
4035.903481077535
  0
LINE
  5
436
330
17
100
AcDbEntity
  8
MIDDLE
100
AcDbLine
 10
266616.00916841574
 20
95175.815307509
 30
4035.903481077535
 11
266624.5424012691
 21
94527.4638358747
 31
4026.667760055763
  0
LINE
  5
437
330
17
100
AcDbEntity
  8
MIDDLE
100
AcDbLine
 10
266624.5424012691
 20
94527.4638358747
 30
4026.667760055763
 11
266633.0756341224
 21
93879.1123642404
 31
4016.9707655090406
  0
LINE
  5
438
330
17
100
AcDbEntity
  8
MIDDLE
100
AcDbLine
 10
266633.0756341224
 20
93879.1123642404
 30
4016.9707655090406
 11
266641.60886697576
 21
93230.7608926061
 31
4006.8432490056985
  0
LINE
  5
439
330
17
100
AcDbEntity
  8
MIDDLE
100
AcDbLine
 10
266641.60886697576
 20
93230.7608926061
 30
4006.8432490056985
 11
266650.14209982904
 21
92582.4094209718
 31
3996.315962114068
  0
LINE
  5
43A
330
17
100
AcDbEntity
  8
MIDDLE
100
AcDbLine
 10
266650.14209982904
 20
92582.4094209718
 30
3996.315962114068
 11
266658.6753326824
 21
91934.0579493375
 31
3985.419656402476
  0
LINE
  5
43B
330
17
100
AcDbEntity
  8
MIDDLE
100
AcDbLine
 10
266658.6753326824
 20
91934.0579493375
 30
3985.419656402476
 11
266667.2085655357
 21
91285.7064777032
 31
3974.185083439255
  0
LINE
  5
43C
330
17
100
AcDbEntity
  8
MIDDLE
100
AcDbLine
 10
266667.2085655357
 20
91285.7064777032
 30
3974.185083439255
 11
266675.741798389
 21
90637.3550060689
 31
3962.642994792735
  0
LINE
  5
43D
330
17
100
AcDbEntity
  8
MIDDLE
100
AcDbLine
 10
266675.741798389
 20
90637.3550060689
 30
3962.642994792735
 11
266684.27503124234
 21
89989.0035344346
 31
3950.8241420312434
  0
LINE
  5
43E
330
17
100
AcDbEntity
  8
MIDDLE
100
AcDbLine
 10
266684.27503124234
 20
89989.0035344346
 30
3950.8241420312434
 11
266692.8082640956
 21
89340.6520628003
 31
3938.7592767231126
  0
LINE
  5
43F
330
17
100
AcDbEntity
  8
MIDDLE
100
AcDbLine
 10
266692.8082640956
 20
89340.6520628003
 30
3938.7592767231126
 11
266701.34149694897
 21
88692.300591166
 31
3926.4791504366713
  0
LINE
  5
440
330
17
100
AcDbEntity
  8
MIDDLE
100
AcDbLine
 10
266701.34149694897
 20
88692.300591166
 30
3926.4791504366713
 11
266709.87472980225
 21
88043.94911953171
 31
3914.0145147402527
  0
LINE
  5
441
330
17
100
AcDbEntity
  8
MIDDLE
100
AcDbLine
 10
266709.87472980225
 20
88043.94911953171
 30
3914.0145147402527
 11
266718.4079626556
 21
87395.5976478974
 31
3901.3961212021813
  0
LINE
  5
442
330
17
100
AcDbEntity
  8
MIDDLE
100
AcDbLine
 10
266718.4079626556
 20
87395.5976478974
 30
3901.3961212021813
 11
266726.94119550893
 21
86747.2461762631
 31
3888.6547213907907
  0
LINE
  5
443
330
17
100
AcDbEntity
  8
MIDDLE
100
AcDbLine
 10
266726.94119550893
 20
86747.2461762631
 30
3888.6547213907907
 11
266735.47442836215
 21
86098.89470462881
 31
3875.8210668744114
  0
LINE
  5
444
330
17
100
AcDbEntity
  8
MIDDLE
100
AcDbLine
 10
266735.47442836215
 20
86098.89470462881
 30
3875.8210668744114
 11
266744.0076612155
 21
85450.5432329945
 31
3862.9259092213706
  0
LINE
  5
445
330
17
100
AcDbEntity
  8
MIDDLE
100
AcDbLine
 10
266744.0076612155
 20
85450.5432329945
 30
3862.9259092213706
 11
266752.54089406884
 21
84802.19176136021
 31
3849.9999999999995
  0
LINE
  5
446
330
17
100
AcDbEntity
  8
MIDDLE
100
AcDbLine
 10
266752.54089406884
 20
84802.19176136021
 30
3849.9999999999995
 11
266761.0741269222
 21
84153.84028972591
 31
3837.074090778629
  0
LINE
  5
447
330
17
100
AcDbEntity
  8
MIDDLE
100
AcDbLine
 10
266761.0741269222
 20
84153.84028972591
 30
3837.074090778629
 11
266769.60735977546
 21
83505.4888180916
 31
3824.1789331255904
  0
LINE
  5
448
330
17
100
AcDbEntity
  8
MIDDLE
100
AcDbLine
 10
266769.60735977546
 20
83505.4888180916
 30
3824.1789331255904
 11
266778.1405926288
 21
82857.1373464573
 31
3811.3452786092093
  0
LINE
  5
449
330
17
100
AcDbEntity
  8
MIDDLE
100
AcDbLine
 10
266778.1405926288
 20
82857.1373464573
 30
3811.3452786092093
 11
266786.67382548214
 21
82208.78587482299
 31
3798.6038787978187
  0
LINE
  5
44A
330
17
100
AcDbEntity
  8
MIDDLE
100
AcDbLine
 10
266786.67382548214
 20
82208.78587482299
 30
3798.6038787978187
 11
266795.2070583354
 21
81560.43440318869
 31
3785.9854852597473
  0
LINE
  5
44B
330
17
100
AcDbEntity
  8
MIDDLE
100
AcDbLine
 10
266795.2070583354
 20
81560.43440318869
 30
3785.9854852597473
 11
266803.7402911887
 21
80912.0829315544
 31
3773.5208495633287
  0
LINE
  5
44C
330
17
100
AcDbEntity
  8
MIDDLE
100
AcDbLine
 10
266803.7402911887
 20
80912.0829315544
 30
3773.5208495633287
 11
266812.27352404204
 21
80263.73145992009
 31
3761.2407232768874
  0
LINE
  5
44D
330
17
100
AcDbEntity
  8
MIDDLE
100
AcDbLine
 10
266812.27352404204
 20
80263.73145992009
 30
3761.2407232768874
 11
266820.8067568954
 21
79615.3799882858
 31
3749.1758579687557
  0
LINE
  5
44E
330
17
100
AcDbEntity
  8
MIDDLE
100
AcDbLine
 10
266820.8067568954
 20
79615.3799882858
 30
3749.1758579687557
 11
266829.33998974867
 21
78967.0285166515
 31
3737.357005207267
  0
LINE
  5
44F
330
17
100
AcDbEntity
  8
MIDDLE
100
AcDbLine
 10
266829.33998974867
 20
78967.0285166515
 30
3737.357005207267
 11
266837.873222602
 21
78318.67704501719
 31
3725.814916560745
  0
LINE
  5
450
330
17
100
AcDbEntity
  8
MIDDLE
100
AcDbLine
 10
266837.873222602
 20
78318.67704501719
 30
3725.814916560745
 11
266846.40645545535
 21
77670.3255733829
 31
3714.5803435975236
  0
LINE
  5
451
330
17
100
AcDbEntity
  8
MIDDLE
100
AcDbLine
 10
266846.40645545535
 20
77670.3255733829
 30
3714.5803435975236
 11
266854.93968830863
 21
77021.9741017486
 31
3703.6840378859315
  0
LINE
  5
452
330
17
100
AcDbEntity
  8
MIDDLE
100
AcDbLine
 10
266854.93968830863
 20
77021.9741017486
 30
3703.6840378859315
 11
266863.4729211619
 21
76373.6226301143
 31
3693.1567509943015
  0
LINE
  5
453
330
17
100
AcDbEntity
  8
MIDDLE
100
AcDbLine
 10
266863.4729211619
 20
76373.6226301143
 30
3693.1567509943015
 11
266872.00615401525
 21
75725.27115848
 31
3683.0292344909594
  0
LINE
  5
454
330
17
100
AcDbEntity
  8
MIDDLE
100
AcDbLine
 10
266872.00615401525
 20
75725.27115848
 30
3683.0292344909594
 11
266880.5393868686
 21
75076.9196868457
 31
3673.3322399442372
  0
LINE
  5
455
330
17
100
AcDbEntity
  8
MIDDLE
100
AcDbLine
 10
266880.5393868686
 20
75076.9196868457
 30
3673.3322399442372
 11
266889.0726197219
 21
74428.5682152114
 31
3664.096518922466
  0
LINE
  5
456
330
17
100
AcDbEntity
  8
MIDDLE
100
AcDbLine
 10
266889.0726197219
 20
74428.5682152114
 30
3664.096518922466
 11
266897.6058525752
 21
73780.2167435771
 31
3655.352822993973
  0
LINE
  5
457
330
17
100
AcDbEntity
  8
MIDDLE
100
AcDbLine
 10
266897.6058525752
 20
73780.2167435771
 30
3655.352822993973
 11
266906.13908542856
 21
73131.86527194279
 31
3647.1319037270905
  0
LINE
  5
458
330
17
100
AcDbEntity
  8
MIDDLE
100
AcDbLine
 10
266906.13908542856
 20
73131.86527194279
 30
3647.1319037270905
 11
266914.6723182819
 21
72483.51380030849
 31
3639.464512690147
  0
LINE
  5
459
330
17
100
AcDbEntity
  8
MIDDLE
100
AcDbLine
 10
266914.6723182819
 20
72483.51380030849
 30
3639.464512690147
 11
266923.2055511351
 21
71835.16232867418
 31
3632.381401451474
  0
LINE
  5
45A
330
17
100
AcDbEntity
  8
MIDDLE
100
AcDbLine
 10
266923.2055511351
 20
71835.16232867418
 30
3632.381401451474
 11
266931.73878398846
 21
71186.81085703989
 31
3625.913321579401
  0
LINE
  5
45B
330
17
100
AcDbEntity
  8
MIDDLE
100
AcDbLine
 10
266931.73878398846
 20
71186.81085703989
 30
3625.913321579401
 11
266940.2720168418
 21
70538.45938540559
 31
3620.091024642257
  0
LINE
  5
45C
330
17
100
AcDbEntity
  8
MIDDLE
100
AcDbLine
 10
266940.2720168418
 20
70538.45938540559
 30
3620.091024642257
 11
266948.8052496951
 21
69890.1079137713
 31
3614.945262208373
  0
LINE
  5
45D
330
17
100
AcDbEntity
  8
MIDDLE
100
AcDbLine
 10
266948.8052496951
 20
69890.1079137713
 30
3614.945262208373
 11
266957.3384825484
 21
69241.75644213699
 31
3610.5067858460784
  0
LINE
  5
45E
330
17
100
AcDbEntity
  8
MIDDLE
100
AcDbLine
 10
266957.3384825484
 20
69241.75644213699
 30
3610.5067858460784
 11
266965.8717154017
 21
68593.40497050268
 31
3606.8063471237033
  0
LINE
  5
45F
330
17
100
AcDbEntity
  8
MIDDLE
100
AcDbLine
 10
266965.8717154017
 20
68593.40497050268
 30
3606.8063471237033
 11
266974.40494825505
 21
67945.0534988684
 31
3603.874697609578
  0
LINE
  5
460
330
17
100
AcDbEntity
  8
MIDDLE
100
AcDbLine
 10
266974.40494825505
 20
67945.0534988684
 30
3603.874697609578
 11
266982.93818110833
 21
67296.70202723409
 31
3601.7425888720327
  0
LINE
  5
461
330
17
100
AcDbEntity
  8
MIDDLE
100
AcDbLine
 10
266982.93818110833
 20
67296.70202723409
 30
3601.7425888720327
 11
266991.47141396167
 21
66648.35055559978
 31
3600.440772479397
  0
LINE
  5
462
330
17
100
AcDbEntity
  8
MIDDLE
100
AcDbLine
 10
266991.47141396167
 20
66648.35055559978
 30
3600.440772479397
 11
267000.004646815
 21
65999.9990839655
 31
3600.0
  0
LINE
  5
463
330
17
100
AcDbEntity
  8
MIDDLE
100
AcDbLine
 10
267000.004646815
 20
65999.9990839655
 30
3600.0
 11
267031.34486724884
 21
65390.08754776013
 31
3600.0
  0
LINE
  5
464
330
17
100
AcDbEntity
  8
MIDDLE
100
AcDbLine
 10
267031.34486724884
 20
65390.08754776013
 30
3600.0
 11
267109.1201945122
 21
64784.34396349177
 31
3600.0
  0
LINE
  5
465
330
17
100
AcDbEntity
  8
MIDDLE
100
AcDbLine
 10
267109.1201945122
 20
64784.34396349177
 30
3600.0
 11
267232.87737551786
 21
64186.29843716224
 31
3600.0
  0
LINE
  5
466
330
17
100
AcDbEntity
  8
MIDDLE
100
AcDbLine
 10
267232.87737551786
 20
64186.29843716224
 30
3600.0
 11
267401.89518765814
 21
63599.436212621826
 31
3600.0
  0
LINE
  5
467
330
17
100
AcDbEntity
  8
MIDDLE
100
AcDbLine
 10
267401.89518765814
 20
63599.436212621826
 30
3600.0
 11
267615.18864189053
 21
63027.17736053232
 31
3600.0
  0
LINE
  5
468
330
17
100
AcDbEntity
  8
MIDDLE
100
AcDbLine
 10
267615.18864189053
 20
63027.17736053232
 30
3600.0
 11
267871.5147229815
 21
62472.85684714157
 31
3600.0
  0
LINE
  5
469
330
17
100
AcDbEntity
  8
MIDDLE
100
AcDbLine
 10
267871.5147229815
 20
62472.85684714157
 30
3600.0
 11
268169.37963345484
 21
61939.70509902298
 31
3600.0
  0
LINE
  5
46A
330
17
100
AcDbEntity
  8
MIDDLE
100
AcDbLine
 10
268169.37963345484
 20
61939.70509902298
 30
3600.0
 11
268507.0526922011
 21
61430.82196434044
 31
3600.0
  0
LINE
  5
46B
330
17
100
AcDbEntity
  8
MIDDLE
100
AcDbLine
 10
268507.0526922011
 20
61430.82196434044
 30
3600.0
 11
268863.16561406484
 21
60891.551567088434
 31
3600.0
  0
LINE
  5
46C
330
17
100
AcDbEntity
  8
MIDDLE
100
AcDbLine
 10
268863.16561406484
 20
60891.551567088434
 30
3600.0
 11
269174.58977382455
 21
60325.29723625415
 31
3600.0
  0
LINE
  5
46D
330
17
100
AcDbEntity
  8
MIDDLE
100
AcDbLine
 10
269174.58977382455
 20
60325.29723625415
 30
3600.0
 11
269439.29298784805
 21
59735.754037704384
 31
3600.0
  0
LINE
  5
46E
330
17
100
AcDbEntity
  8
MIDDLE
100
AcDbLine
 10
269439.29298784805
 20
59735.754037704384
 30
3600.0
 11
269655.5479478257
 21
59126.76900771127
 31
3600.0
  0
LINE
  5
46F
330
17
100
AcDbEntity
  8
MIDDLE
100
AcDbLine
 10
269655.5479478257
 20
59126.76900771127
 30
3600.0
 11
269821.9434922394
 21
58502.31604929895
 31
3600.0
  0
LINE
  5
470
330
17
100
AcDbEntity
  8
MIDDLE
100
AcDbLine
 10
269821.9434922394
 20
58502.31604929895
 30
3600.0
 11
269937.39381483034
 21
57866.4700007272
 31
3600.0
  0
LINE
  5
471
330
17
100
AcDbEntity
  8
MIDDLE
100
AcDbLine
 10
269937.39381483034
 20
57866.4700007272
 30
3600.0
 11
270001.14554997603
 21
57223.38004532706
 31
3600.0
  0
LINE
  5
472
330
17
100
AcDbEntity
  8
MIDDLE
100
AcDbLine
 10
270001.14554997603
 20
57223.38004532706
 30
3600.0
 11
270012.78268874285
 21
56577.242636201125
 31
3600.0
  0
LINE
  5
473
330
17
100
AcDbEntity
  8
MIDDLE
100
AcDbLine
 10
270012.78268874285
 20
56577.242636201125
 30
3600.0
 11
269972.2292935317
 21
55932.27411246722
 31
3600.0
  0
LINE
  5
474
330
17
100
AcDbEntity
  8
MIDDLE
100
AcDbLine
 10
269972.2292935317
 20
55932.27411246722
 30
3600.0
 11
269879.7499936059
 21
55292.68318573679
 31
3600.0
  0
LINE
  5
475
330
17
100
AcDbEntity
  8
MIDDLE
100
AcDbLine
 10
269879.7499936059
 20
55292.68318573679
 30
3600.0
 11
269735.9482582653
 21
54662.643476366255
 31
3600.0
  0
LINE
  5
476
330
17
100
AcDbEntity
  8
MIDDLE
100
AcDbLine
 10
269735.9482582653
 20
54662.643476366255
 30
3600.0
 11
269541.76245893596
 21
54046.26627869469
 31
3600.0
  0
LINE
  5
477
330
17
100
AcDbEntity
  8
MIDDLE
100
AcDbLine
 10
269541.76245893596
 20
54046.26627869469
 30
3600.0
 11
269298.4597458713
 21
53447.573732986944
 31
3600.0
  0
LINE
  5
478
330
17
100
AcDbEntity
  8
MIDDLE
100
AcDbLine
 10
269298.4597458713
 20
53447.573732986944
 30
3600.0
 11
269007.6277794236
 21
52870.47257914751
 31
3600.0
  0
LINE
  5
479
330
17
100
AcDbEntity
  8
MIDDLE
100
AcDbLine
 10
269007.6277794236
 20
52870.47257914751
 30
3600.0
 11
268671.16436984116
 21
52318.728663473936
 31
3600.0
  0
LINE
  5
47A
330
17
100
AcDbEntity
  8
MIDDLE
100
AcDbLine
 10
268671.16436984116
 20
52318.728663473936
 30
3600.0
 11
268291.26509319723
 21
51795.942364804876
 31
3600.0
  0
LINE
  5
47B
330
17
100
AcDbEntity
  8
MIDDLE
100
AcDbLine
 10
268291.26509319723
 20
51795.942364804876
 30
3600.0
 11
267870.4089642623
 21
51305.52510041814
 31
3600.0
  0
LINE
  5
47C
330
17
100
AcDbEntity
  8
MIDDLE
100
AcDbLine
 10
267870.4089642623
 20
51305.52510041814
 30
3600.0
 11
267411.3393155618
 21
50850.67437456824
 31
3600.0
  0
LINE
  5
47D
330
17
100
AcDbEntity
  8
MIDDLE
100
AcDbLine
 10
267411.3393155618
 20
50850.67437456824
 30
3600.0
 11
266917.0575491035
 21
50434.3635763641
 31
3600.0
  0
LINE
  5
47E
330
17
100
AcDbEntity
  8
MIDDLE
100
AcDbLine
 10
266917.0575491035
 20
50434.3635763641
 30
3600.0
 11
266390.7862244171
 21
50059.30672978304
 31
3600.0
  0
LINE
  5
47F
330
17
100
AcDbEntity
  8
MIDDLE
100
AcDbLine
 10
266390.7862244171
 20
50059.30672978304
 30
3600.0
 11
265835.9595015581
 21
49727.95125154846
 31
3600.0
  0
LINE
  5
480
330
17
100
AcDbEntity
  8
MIDDLE
100
AcDbLine
 10
265835.9595015581
 20
49727.95125154846
 30
3600.0
 11
265256.19787755917
 21
49442.45938705385
 31
3600.0
  0
LINE
  5
481
330
17
100
AcDbEntity
  8
MIDDLE
100
AcDbLine
 10
265256.19787755917
 20
49442.45938705385
 30
3600.0
 11
264655.284561038
 21
49204.69410072694
 31
3600.0
  0
LINE
  5
482
330
17
100
AcDbEntity
  8
MIDDLE
100
AcDbLine
 10
264655.284561038
 20
49204.69410072694
 30
3600.0
 11
264037.14078503865
 21
49016.20691933841
 31
3600.0
  0
LINE
  5
483
330
17
100
AcDbEntity
  8
MIDDLE
100
AcDbLine
 10
264037.14078503865
 20
49016.20691933841
 30
3600.0
 11
263405.8002191998
 21
48878.22780758316
 31
3600.0
  0
LINE
  5
484
330
17
100
AcDbEntity
  8
MIDDLE
100
AcDbLine
 10
263405.8002191998
 20
48878.22780758316
 30
3600.0
 11
262765.3826482236
 21
48791.65714200055
 31
3600.0
  0
LINE
  5
485
330
17
100
AcDbEntity
  8
MIDDLE
100
AcDbLine
 10
262765.3826482236
 20
48791.65714200055
 30
3600.0
 11
262120.06708840432
 21
48757.05983560746
 31
3600.0
  0
LINE
  5
486
330
17
100
AcDbEntity
  8
MIDDLE
100
AcDbLine
 10
262120.06708840432
 20
48757.05983560746
 30
3600.0
 11
261474.06451764403
 21
48774.661651583585
 31
3600.0
  0
LINE
  5
487
330
17
100
AcDbEntity
  8
MIDDLE
100
AcDbLine
 10
261474.06451764403
 20
48774.661651583585
 30
3600.0
 11
260831.59039690412
 21
48844.34773006388
 31
3600.0
  0
LINE
  5
488
330
17
100
AcDbEntity
  8
MIDDLE
100
AcDbLine
 10
260831.59039690412
 20
48844.34773006388
 30
3600.0
 11
260196.83716240257
 21
48965.66333765149
 31
3600.0
  0
LINE
  5
489
330
17
100
AcDbEntity
  8
MIDDLE
100
AcDbLine
 10
260196.83716240257
 20
48965.66333765149
 30
3600.0
 11
259573.94686805873
 21
49137.81683476023
 31
3600.0
  0
LINE
  5
48A
330
17
100
AcDbEntity
  8
MIDDLE
100
AcDbLine
 10
259573.94686805873
 20
49137.81683476023
 30
3600.0
 11
258966.98415670506
 21
49359.68484142344
 31
3600.0
  0
LINE
  5
48B
330
17
100
AcDbEntity
  8
MIDDLE
100
AcDbLine
 10
258966.98415670506
 20
49359.68484142344
 30
3600.0
 11
258379.90973644162
 21
49629.819567859806
 31
3600.0
  0
LINE
  5
48C
330
17
100
AcDbEntity
  8
MIDDLE
100
AcDbLine
 10
258379.90973644162
 20
49629.819567859806
 30
3600.0
 11
257816.55453521205
 21
49946.458261960994
 31
3600.0
  0
LINE
  5
48D
330
17
100
AcDbEntity
  8
MIDDLE
100
AcDbLine
 10
257816.55453521205
 20
49946.458261960994
 30
3600.0
 11
257280.59470225417
 21
50307.53471205196
 31
3600.0
  0
LINE
  5
48E
330
17
100
AcDbEntity
  8
MIDDLE
100
AcDbLine
 10
257280.59470225417
 20
50307.53471205196
 30
3600.0
 11
256775.5234634095
 21
50710.69633162876
 31
3600.0
  0
LINE
  5
48F
330
17
100
AcDbEntity
  8
MIDDLE
100
AcDbLine
 10
256775.5234634095
 20
50710.69633162876
 30
3600.0
 11
256304.64486145036
 21
51153.3051909195
 31
3600.0
  0
LINE
  5
490
330
17
100
AcDbEntity
  8
MIDDLE
100
AcDbLine
 10
256304.64486145036
 20
51153.3051909195
 30
3600.0
 11
255871.0275100195
 21
51632.47661394448
 31
3600.0
  0
LINE
  5
491
330
17
100
AcDbEntity
  8
MIDDLE
100
AcDbLine
 10
255871.0275100195
 20
51632.47661394448
 30
3600.0
 11
255477.50096058025
 21
52145.08378809648
 31
3600.0
  0
LINE
  5
492
330
17
100
AcDbEntity
  8
MIDDLE
100
AcDbLine
 10
255477.50096058025
 20
52145.08378809648
 30
3600.0
 11
255126.63315378374
 21
52687.78171720573
 31
3600.0
  0
LINE
  5
493
330
17
100
AcDbEntity
  8
MIDDLE
100
AcDbLine
 10
255126.63315378374
 20
52687.78171720573
 30
3600.0
 11
254820.71366248227
 21
53257.02904916919
 31
3600.0
  0
LINE
  5
494
330
17
100
AcDbEntity
  8
MIDDLE
100
AcDbLine
 10
254820.71366248227
 20
53257.02904916919
 30
3600.0
 11
254561.73875121961
 21
53849.111184892085
 31
3600.0
  0
LINE
  5
495
330
17
100
AcDbEntity
  8
MIDDLE
100
AcDbLine
 10
254561.73875121961
 20
53849.111184892085
 30
3600.0
 11
254351.39834969238
 21
54460.1645177453
 31
3600.0
  0
LINE
  5
496
330
17
100
AcDbEntity
  8
MIDDLE
100
AcDbLine
 10
254351.39834969238
 20
54460.1645177453
 30
3600.0
 11
254191.06502518576
 21
55086.20164536501
 31
3600.0
  0
LINE
  5
497
330
17
100
AcDbEntity
  8
MIDDLE
100
AcDbLine
 10
254191.06502518576
 20
55086.20164536501
 30
3600.0
 11
254081.78502594496
 21
55723.13738927612
 31
3600.0
  0
LINE
  5
498
330
17
100
AcDbEntity
  8
MIDDLE
100
AcDbLine
 10
254081.78502594496
 20
55723.13738927612
 30
3600.0
 11
254024.2714539265
 21
56366.81545254948
 31
3600.0
  0
LINE
  5
499
330
17
100
AcDbEntity
  8
MIDDLE
100
AcDbLine
 10
254024.2714539265
 20
56366.81545254948
 30
3600.0
 11
254018.89961148248
 21
57013.03554153962
 31
3600.0
  0
LINE
  5
49A
330
17
100
AcDbEntity
  8
MIDDLE
100
AcDbLine
 10
254018.89961148248
 20
57013.03554153962
 30
3600.0
 11
254065.70455234082
 21
57657.580774721064
 31
3600.0
  0
LINE
  5
49B
330
17
100
AcDbEntity
  8
MIDDLE
100
AcDbLine
 10
254065.70455234082
 20
57657.580774721064
 30
3600.0
 11
254164.3808528636
 21
58296.24519976821
 31
3600.0
  0
LINE
  5
49C
330
17
100
AcDbEntity
  8
MIDDLE
100
AcDbLine
 10
254164.3808528636
 20
58296.24519976821
 30
3600.0
 11
254314.28460507625
 21
58924.86123931718
 31
3600.0
  0
LINE
  5
49D
330
17
100
AcDbEntity
  8
MIDDLE
100
AcDbLine
 10
254314.28460507625
 20
58924.86123931718
 30
3600.0
 11
254514.4376184612
 21
59539.32688631349
 31
3600.0
  0
LINE
  5
49E
330
17
100
AcDbEntity
  8
MIDDLE
100
AcDbLine
 10
254514.4376184612
 20
59539.32688631349
 30
3600.0
 11
254763.53380309834
 21
60135.632471483455
 31
3600.0
  0
LINE
  5
49F
330
17
100
AcDbEntity
  8
MIDDLE
100
AcDbLine
 10
254763.53380309834
 20
60135.632471483455
 30
3600.0
 11
255059.9476924988
 21
60709.8868282594
 31
3600.0
  0
LINE
  5
4A0
330
17
100
AcDbEntity
  8
MIDDLE
100
AcDbLine
 10
255059.9476924988
 20
60709.8868282594
 30
3600.0
 11
255401.74389467886
 21
61258.340986586765
 31
3600.0
  0
LINE
  5
4A1
330
17
100
AcDbEntity
  8
MIDDLE
100
AcDbLine
 10
255401.74389467886
 20
61258.340986586765
 30
3600.0
 11
255726.47202301983
 21
61776.919227350125
 31
3600.0
  0
LINE
  5
4A2
330
17
100
AcDbEntity
  8
MIDDLE
100
AcDbLine
 10
255726.47202301983
 20
61776.919227350125
 30
3600.0
 11
256010.61729252728
 21
62318.79856349939
 31
3600.0
  0
LINE
  5
4A3
330
17
100
AcDbEntity
  8
MIDDLE
100
AcDbLine
 10
256010.61729252728
 20
62318.79856349939
 30
3600.0
 11
256252.5175788021
 21
62880.80924011437
 31
3600.0
  0
LINE
  5
4A4
330
17
100
AcDbEntity
  8
MIDDLE
100
AcDbLine
 10
256252.5175788021
 20
62880.80924011437
 30
3600.0
 11
256450.757871949
 21
63459.66374281957
 31
3600.0
  0
LINE
  5
4A5
330
17
100
AcDbEntity
  8
MIDDLE
100
AcDbLine
 10
256450.757871949
 20
63459.66374281957
 30
3600.0
 11
256604.1785537604
 21
64051.976028292
 31
3600.0
  0
LINE
  5
4A6
330
17
100
AcDbEntity
  8
MIDDLE
100
AcDbLine
 10
256604.1785537604
 20
64051.976028292
 30
3600.0
 11
256711.8821809705
 21
64654.28133112009
 31
3600.0
  0
LINE
  5
4A7
330
17
100
AcDbEntity
  8
MIDDLE
100
AcDbLine
 10
256711.8821809705
 20
64654.28133112009
 30
3600.0
 11
256773.2387349028
 21
65263.05643115178
 31
3600.0
  0
LINE
  5
4A8
330
17
100
AcDbEntity
  8
MIDDLE
100
AcDbLine
 10
256773.2387349028
 20
65263.05643115178
 30
3600.0
 11
256787.8893068007
 21
65874.74026277734
 31
3600.0
  0
LINE
  5
4A9
330
17
100
AcDbEntity
  8
MIDDLE
100
AcDbLine
 10
256787.8893068007
 20
65874.74026277734
 30
3600.0
 11
256778.60255799943
 21
66523.94226871604
 31
3599.7800670607558
  0
LINE
  5
4AA
330
17
100
AcDbEntity
  8
MIDDLE
100
AcDbLine
 10
256778.60255799943
 20
66523.94226871604
 30
3599.7800670607558
 11
256769.31580919813
 21
67173.14427465474
 31
3599.126823719036
  0
LINE
  5
4AB
330
17
100
AcDbEntity
  8
MIDDLE
100
AcDbLine
 10
256769.31580919813
 20
67173.14427465474
 30
3599.126823719036
 11
256760.02906039683
 21
67822.34628059345
 31
3598.0501031888634
  0
LINE
  5
4AC
330
17
100
AcDbEntity
  8
MIDDLE
100
AcDbLine
 10
256760.02906039683
 20
67822.34628059345
 30
3598.0501031888634
 11
256750.74231159556
 21
68471.54828653217
 31
3596.559738684259
  0
LINE
  5
4AD
330
17
100
AcDbEntity
  8
MIDDLE
100
AcDbLine
 10
256750.74231159556
 20
68471.54828653217
 30
3596.559738684259
 11
256741.45556279426
 21
69120.75029247087
 31
3594.6655634192452
  0
LINE
  5
4AE
330
17
100
AcDbEntity
  8
MIDDLE
100
AcDbLine
 10
256741.45556279426
 20
69120.75029247087
 30
3594.6655634192452
 11
256732.168813993
 21
69769.95229840958
 31
3592.3774106078426
  0
LINE
  5
4AF
330
17
100
AcDbEntity
  8
MIDDLE
100
AcDbLine
 10
256732.168813993
 20
69769.95229840958
 30
3592.3774106078426
 11
256722.88206519163
 21
70419.15430434828
 31
3589.705113464074
  0
LINE
  5
4B0
330
17
100
AcDbEntity
  8
MIDDLE
100
AcDbLine
 10
256722.88206519163
 20
70419.15430434828
 30
3589.705113464074
 11
256713.59531639036
 21
71068.35631028698
 31
3586.6585052019595
  0
LINE
  5
4B1
330
17
100
AcDbEntity
  8
MIDDLE
100
AcDbLine
 10
256713.59531639036
 20
71068.35631028698
 30
3586.6585052019595
 11
256704.30856758906
 21
71717.5583162257
 31
3583.247419035523
  0
LINE
  5
4B2
330
17
100
AcDbEntity
  8
MIDDLE
100
AcDbLine
 10
256704.30856758906
 20
71717.5583162257
 30
3583.247419035523
 11
256695.0218187878
 21
72366.7603221644
 31
3579.4816881787838
  0
LINE
  5
4B3
330
17
100
AcDbEntity
  8
MIDDLE
100
AcDbLine
 10
256695.0218187878
 20
72366.7603221644
 30
3579.4816881787838
 11
256685.7350699865
 21
73015.9623281031
 31
3575.371145845765
  0
LINE
  5
4B4
330
17
100
AcDbEntity
  8
MIDDLE
100
AcDbLine
 10
256685.7350699865
 20
73015.9623281031
 30
3575.371145845765
 11
256676.44832118516
 21
73665.16433404182
 31
3570.9256252504883
  0
LINE
  5
4B5
330
17
100
AcDbEntity
  8
MIDDLE
100
AcDbLine
 10
256676.44832118516
 20
73665.16433404182
 30
3570.9256252504883
 11
256667.16157238386
 21
74314.36633998052
 31
3566.1549596069744
  0
LINE
  5
4B6
330
17
100
AcDbEntity
  8
MIDDLE
100
AcDbLine
 10
256667.16157238386
 20
74314.36633998052
 30
3566.1549596069744
 11
256657.87482358256
 21
74963.56834591922
 31
3561.0689821292453
  0
LINE
  5
4B7
330
17
100
AcDbEntity
  8
MIDDLE
100
AcDbLine
 10
256657.87482358256
 20
74963.56834591922
 30
3561.0689821292453
 11
256648.5880747813
 21
75612.77035185794
 31
3555.6775260313225
  0
LINE
  5
4B8
330
17
100
AcDbEntity
  8
MIDDLE
100
AcDbLine
 10
256648.5880747813
 20
75612.77035185794
 30
3555.6775260313225
 11
256639.30132598
 21
76261.97235779664
 31
3549.9904245272282
  0
LINE
  5
4B9
330
17
100
AcDbEntity
  8
MIDDLE
100
AcDbLine
 10
256639.30132598
 20
76261.97235779664
 30
3549.9904245272282
 11
256630.01457717872
 21
76911.17436373534
 31
3544.017510830984
  0
LINE
  5
4BA
330
17
100
AcDbEntity
  8
MIDDLE
100
AcDbLine
 10
256630.01457717872
 20
76911.17436373534
 30
3544.017510830984
 11
256620.72782837742
 21
77560.37636967405
 31
3537.768618156612
  0
LINE
  5
4BB
330
17
100
AcDbEntity
  8
MIDDLE
100
AcDbLine
 10
256620.72782837742
 20
77560.37636967405
 30
3537.768618156612
 11
256611.44107957615
 21
78209.57837561275
 31
3531.253579718132
  0
LINE
  5
4BC
330
17
100
AcDbEntity
  8
MIDDLE
100
AcDbLine
 10
256611.44107957615
 20
78209.57837561275
 30
3531.253579718132
 11
256602.1543307748
 21
78858.78038155146
 31
3524.4822287295674
  0
LINE
  5
4BD
330
17
100
AcDbEntity
  8
MIDDLE
100
AcDbLine
 10
256602.1543307748
 20
78858.78038155146
 30
3524.4822287295674
 11
256592.86758197352
 21
79507.98238749018
 31
3517.464398404939
  0
LINE
  5
4BE
330
17
100
AcDbEntity
  8
MIDDLE
100
AcDbLine
 10
256592.86758197352
 20
79507.98238749018
 30
3517.464398404939
 11
256583.58083317222
 21
80157.18439342888
 31
3510.2099219582688
  0
LINE
  5
4BF
330
17
100
AcDbEntity
  8
MIDDLE
100
AcDbLine
 10
256583.58083317222
 20
80157.18439342888
 30
3510.2099219582688
 11
256574.29408437092
 21
80806.38639936758
 31
3502.728632603578
  0
LINE
  5
4C0
330
17
100
AcDbEntity
  8
MIDDLE
100
AcDbLine
 10
256574.29408437092
 20
80806.38639936758
 30
3502.728632603578
 11
256565.00733556965
 21
81455.58840530629
 31
3495.03036355489
  0
LINE
  5
4C1
330
17
100
AcDbEntity
  8
MIDDLE
100
AcDbLine
 10
256565.00733556965
 20
81455.58840530629
 30
3495.03036355489
 11
256555.7205867683
 21
82104.79041124499
 31
3487.124948026224
  0
LINE
  5
4C2
330
17
100
AcDbEntity
  8
MIDDLE
100
AcDbLine
 10
256555.7205867683
 20
82104.79041124499
 30
3487.124948026224
 11
256546.43383796702
 21
82753.99241718369
 31
3479.022219231603
  0
LINE
  5
4C3
330
17
100
AcDbEntity
  8
MIDDLE
100
AcDbLine
 10
256546.43383796702
 20
82753.99241718369
 30
3479.022219231603
 11
256537.14708916572
 21
83403.19442312242
 31
3470.7320103850475
  0
LINE
  5
4C4
330
17
100
AcDbEntity
  8
MIDDLE
100
AcDbLine
 10
256537.14708916572
 20
83403.19442312242
 30
3470.7320103850475
 11
256527.86034036445
 21
84052.39642906112
 31
3462.26415470058
  0
LINE
  5
4C5
330
17
100
AcDbEntity
  8
MIDDLE
100
AcDbLine
 10
256527.86034036445
 20
84052.39642906112
 30
3462.26415470058
 11
256518.57359156315
 21
84701.59843499982
 31
3453.6284853922225
  0
LINE
  5
4C6
330
17
100
AcDbEntity
  8
MIDDLE
100
AcDbLine
 10
256518.57359156315
 20
84701.59843499982
 30
3453.6284853922225
 11
256509.28684276185
 21
85350.80044093853
 31
3444.8348356739966
  0
LINE
  5
4C7
330
17
100
AcDbEntity
  8
MIDDLE
100
AcDbLine
 10
256509.28684276185
 20
85350.80044093853
 30
3444.8348356739966
 11
256500.00009396058
 21
86000.00244687723
 31
3435.893038759925
  0
LINE
  5
4C8
330
17
100
AcDbEntity
  8
MIDDLE
100
AcDbLine
 10
256500.00009396058
 20
86000.00244687723
 30
3435.893038759925
 11
256473.24843389128
 21
86647.3360100033
 31
3426.831291093705
  0
LINE
  5
4C9
330
17
100
AcDbEntity
  8
MIDDLE
100
AcDbLine
 10
256473.24843389128
 20
86647.3360100033
 30
3426.831291093705
 11
256411.59863318774
 21
87292.28228322238
 31
3417.6415584097617
  0
LINE
  5
4CA
330
17
100
AcDbEntity
  8
MIDDLE
100
AcDbLine
 10
256411.59863318774
 20
87292.28228322238
 30
3417.6415584097617
 11
256315.2303994748
 21
87932.96126430183
 31
3408.3336148110334
  0
LINE
  5
4CB
330
17
100
AcDbEntity
  8
MIDDLE
100
AcDbLine
 10
256315.2303994748
 20
87932.96126430183
 30
3408.3336148110334
 11
256184.42464374006
 21
88567.50539005875
 31
3398.917234400454
  0
LINE
  5
4CC
330
17
100
AcDbEntity
  8
MIDDLE
100
AcDbLine
 10
256184.42464374006
 20
88567.50539005875
 30
3398.917234400454
 11
256019.56266148516
 21
89194.06498025985
 31
3389.4021912809635
  0
LINE
  5
4CD
330
17
100
AcDbEntity
  8
MIDDLE
100
AcDbLine
 10
256019.56266148516
 20
89194.06498025985
 30
3389.4021912809635
 11
255821.12502125927
 21
89810.81362939297
 31
3379.7982595554945
  0
LINE
  5
4CE
330
17
100
AcDbEntity
  8
MIDDLE
100
AcDbLine
 10
255821.12502125927
 20
89810.81362939297
 30
3379.7982595554945
 11
255609.06712780165
 21
90413.57634025952
 31
3370.2500240811264
  0
LINE
  5
4CF
330
17
100
AcDbEntity
  8
MIDDLE
100
AcDbLine
 10
255609.06712780165
 20
90413.57634025952
 30
3370.2500240811264
 11
255397.00923434403
 21
91016.33905112607
 31
3360.6342266702172
  0
LINE
  5
4D0
330
17
100
AcDbEntity
  8
MIDDLE
100
AcDbLine
 10
255397.00923434403
 20
91016.33905112607
 30
3360.6342266702172
 11
255184.95134088644
 21
91619.10176199263
 31
3350.9602403104777
  0
LINE
  5
4D1
330
17
100
AcDbEntity
  8
MIDDLE
100
AcDbLine
 10
255184.95134088644
 20
91619.10176199263
 30
3350.9602403104777
 11
254972.89344742885
 21
92221.86447285916
 31
3341.237437989625
  0
LINE
  5
4D2
330
17
100
AcDbEntity
  8
MIDDLE
100
AcDbLine
 10
254972.89344742885
 20
92221.86447285916
 30
3341.237437989625
 11
254760.83555397124
 21
92824.62718372572
 31
3331.475192695369
  0
LINE
  5
4D3
330
17
100
AcDbEntity
  8
MIDDLE
100
AcDbLine
 10
254760.83555397124
 20
92824.62718372572
 30
3331.475192695369
 11
254548.77766051362
 21
93427.38989459228
 31
3321.682877415428
  0
LINE
  5
4D4
330
17
100
AcDbEntity
  8
MIDDLE
100
AcDbLine
 10
254548.77766051362
 20
93427.38989459228
 30
3321.682877415428
 11
254336.71976705603
 21
94030.15260545882
 31
3311.8698651375107
  0
LINE
  5
4D5
330
17
100
AcDbEntity
  8
MIDDLE
100
AcDbLine
 10
254336.71976705603
 20
94030.15260545882
 30
3311.8698651375107
 11
254124.66187359844
 21
94632.91531632538
 31
3302.045528849336
  0
LINE
  5
4D6
330
17
100
AcDbEntity
  8
MIDDLE
100
AcDbLine
 10
254124.66187359844
 20
94632.91531632538
 30
3302.045528849336
 11
253912.60398014082
 21
95235.67802719194
 31
3292.2192415386135
  0
LINE
  5
4D7
330
17
100
AcDbEntity
  8
MIDDLE
100
AcDbLine
 10
253912.60398014082
 20
95235.67802719194
 30
3292.2192415386135
 11
253700.54608668323
 21
95838.44073805847
 31
3282.400376193058
  0
LINE
  5
4D8
330
17
100
AcDbEntity
  8
MIDDLE
100
AcDbLine
 10
253700.54608668323
 20
95838.44073805847
 30
3282.400376193058
 11
253488.48819322564
 21
96441.20344892504
 31
3272.5983058003862
  0
LINE
  5
4D9
330
17
100
AcDbEntity
  8
MIDDLE
100
AcDbLine
 10
253488.48819322564
 20
96441.20344892504
 30
3272.5983058003862
 11
253276.43029976805
 21
97043.96615979158
 31
3262.8224033483075
  0
LINE
  5
4DA
330
17
100
AcDbEntity
  8
MIDDLE
100
AcDbLine
 10
253276.43029976805
 20
97043.96615979158
 30
3262.8224033483075
 11
253064.37240631043
 21
97646.72887065813
 31
3253.0820418245403
  0
LINE
  5
4DB
330
17
100
AcDbEntity
  8
MIDDLE
100
AcDbLine
 10
253064.37240631043
 20
97646.72887065813
 30
3253.0820418245403
 11
252852.31451285284
 21
98249.4915815247
 31
3243.3865942167936
  0
LINE
  5
4DC
330
17
100
AcDbEntity
  8
MIDDLE
100
AcDbLine
 10
252852.31451285284
 20
98249.4915815247
 30
3243.3865942167936
 11
252640.25661939525
 21
98852.25429239124
 31
3233.745433512786
  0
LINE
  5
4DD
330
17
100
AcDbEntity
  8
MIDDLE
100
AcDbLine
 10
252640.25661939525
 20
98852.25429239124
 30
3233.745433512786
 11
252428.19872593766
 21
99455.01700325779
 31
3224.167932700226
  0
LINE
  5
4DE
330
17
100
AcDbEntity
  8
MIDDLE
100
AcDbLine
 10
252428.19872593766
 20
99455.01700325779
 30
3224.167932700226
 11
252216.14083248004
 21
100057.77971412434
 31
3214.6634647668334
  0
LINE
  5
4DF
330
17
100
AcDbEntity
  8
MIDDLE
100
AcDbLine
 10
252216.14083248004
 20
100057.77971412434
 30
3214.6634647668334
 11
252004.08293902242
 21
100660.5424249909
 31
3205.241402700316
  0
LINE
  5
4E0
330
17
100
AcDbEntity
  8
MIDDLE
100
AcDbLine
 10
252004.08293902242
 20
100660.5424249909
 30
3205.241402700316
 11
251792.02504556483
 21
101263.30513585744
 31
3195.911119488391
  0
LINE
  5
4E1
330
17
100
AcDbEntity
  8
MIDDLE
100
AcDbLine
 10
251792.02504556483
 20
101263.30513585744
 30
3195.911119488391
 11
251579.96715210722
 21
101866.06784672399
 31
3186.6819881187726
  0
LINE
  5
4E2
330
17
100
AcDbEntity
  8
MIDDLE
100
AcDbLine
 10
251579.96715210722
 20
101866.06784672399
 30
3186.6819881187726
 11
251367.90925864963
 21
102468.83055759055
 31
3177.5633815791725
  0
LINE
  5
4E3
330
17
100
AcDbEntity
  8
MIDDLE
100
AcDbLine
 10
251367.90925864963
 20
102468.83055759055
 30
3177.5633815791725
 11
251155.851365192
 21
103071.59326845709
 31
3168.564672857307
  0
LINE
  5
4E4
330
17
100
AcDbEntity
  8
MIDDLE
100
AcDbLine
 10
251155.851365192
 20
103071.59326845709
 30
3168.564672857307
 11
250943.79347173442
 21
103674.35597932365
 31
3159.695234940887
  0
LINE
  5
4E5
330
17
100
AcDbEntity
  8
MIDDLE
100
AcDbLine
 10
250943.79347173442
 20
103674.35597932365
 30
3159.695234940887
 11
250731.7355782768
 21
104277.11869019021
 31
3150.964440817629
  0
LINE
  5
4E6
330
17
100
AcDbEntity
  8
MIDDLE
100
AcDbLine
 10
250731.7355782768
 20
104277.11869019021
 30
3150.964440817629
 11
250519.6776848192
 21
104879.88140105674
 31
3142.3816634752443
  0
LINE
  5
4E7
330
17
100
AcDbEntity
  8
MIDDLE
100
AcDbLine
 10
250519.6776848192
 20
104879.88140105674
 30
3142.3816634752443
 11
250307.61979136162
 21
105482.6441119233
 31
3133.9562759014493
  0
LINE
  5
4E8
330
17
100
AcDbEntity
  8
MIDDLE
100
AcDbLine
 10
250307.61979136162
 20
105482.6441119233
 30
3133.9562759014493
 11
250095.56189790403
 21
106085.40682278985
 31
3125.697651083955
  0
LINE
  5
4E9
330
17
100
AcDbEntity
  8
MIDDLE
100
AcDbLine
 10
250095.56189790403
 20
106085.40682278985
 30
3125.697651083955
 11
249883.5040044464
 21
106688.1695336564
 31
3117.6151620104765
  0
LINE
  5
4EA
330
17
100
AcDbEntity
  8
MIDDLE
100
AcDbLine
 10
249883.5040044464
 20
106688.1695336564
 30
3117.6151620104765
 11
249671.44611098882
 21
107290.93224452296
 31
3109.718181668729
  0
LINE
  5
4EB
330
17
100
AcDbEntity
  8
MIDDLE
100
AcDbLine
 10
249671.44611098882
 20
107290.93224452296
 30
3109.718181668729
 11
249459.38821753123
 21
107893.69495538951
 31
3102.016083046424
  0
LINE
  5
4EC
330
17
100
AcDbEntity
  8
MIDDLE
100
AcDbLine
 10
249459.38821753123
 20
107893.69495538951
 30
3102.016083046424
 11
249247.33032407364
 21
108496.45766625606
 31
3094.518239131277
  0
LINE
  5
4ED
330
17
100
AcDbEntity
  8
MIDDLE
100
AcDbLine
 10
249247.33032407364
 20
108496.45766625606
 30
3094.518239131277
 11
249035.27243061602
 21
109099.2203771226
 31
3087.234022911
  0
LINE
  5
4EE
330
17
100
AcDbEntity
  8
MIDDLE
100
AcDbLine
 10
249035.27243061602
 20
109099.2203771226
 30
3087.234022911
 11
248823.2145371584
 21
109701.98308798917
 31
3080.1728073733093
  0
LINE
  5
4EF
330
17
100
AcDbEntity
  8
MIDDLE
100
AcDbLine
 10
248823.2145371584
 20
109701.98308798917
 30
3080.1728073733093
 11
248611.15664370082
 21
110304.74579885571
 31
3073.3439655059155
  0
LINE
  5
4F0
330
17
100
AcDbEntity
  8
MIDDLE
100
AcDbLine
 10
248611.15664370082
 20
110304.74579885571
 30
3073.3439655059155
 11
248399.09875024323
 21
110907.50850972228
 31
3066.7568702965355
  0
LINE
  5
4F1
330
17
100
AcDbEntity
  8
MIDDLE
100
AcDbLine
 10
248399.09875024323
 20
110907.50850972228
 30
3066.7568702965355
 11
248187.0408567856
 21
111510.27122058882
 31
3060.4208947328807
  0
LINE
  5
4F2
330
17
100
AcDbEntity
  8
MIDDLE
100
AcDbLine
 10
248187.0408567856
 20
111510.27122058882
 30
3060.4208947328807
 11
247974.982963328
 21
112113.03393145537
 31
3054.3454118026657
  0
LINE
  5
4F3
330
17
100
AcDbEntity
  8
MIDDLE
100
AcDbLine
 10
247974.982963328
 20
112113.03393145537
 30
3054.3454118026657
 11
247762.9250698704
 21
112715.79664232192
 31
3048.5397944936058
  0
LINE
  5
4F4
330
17
100
AcDbEntity
  8
MIDDLE
100
AcDbLine
 10
247762.9250698704
 20
112715.79664232192
 30
3048.5397944936058
 11
247550.86717641278
 21
113318.55935318848
 31
3043.013415793412
  0
LINE
  5
4F5
330
17
100
AcDbEntity
  8
MIDDLE
100
AcDbLine
 10
247550.86717641278
 20
113318.55935318848
 30
3043.013415793412
 11
247338.8092829552
 21
113921.32206405503
 31
3037.7756486898015
  0
LINE
  5
4F6
330
17
100
AcDbEntity
  8
MIDDLE
100
AcDbLine
 10
247338.8092829552
 20
113921.32206405503
 30
3037.7756486898015
 11
247126.7513894976
 21
114524.08477492158
 31
3032.835866170484
  0
LINE
  5
4F7
330
17
100
AcDbEntity
  8
MIDDLE
100
AcDbLine
 10
247126.7513894976
 20
114524.08477492158
 30
3032.835866170484
 11
246914.69349604
 21
115126.84748578814
 31
3028.203441223177
  0
LINE
  5
4F8
330
17
100
AcDbEntity
  8
MIDDLE
100
AcDbLine
 10
246914.69349604
 20
115126.84748578814
 30
3028.203441223177
 11
246702.6356025824
 21
115729.61019665467
 31
3023.8877468355918
  0
LINE
  5
4F9
330
17
100
AcDbEntity
  8
MIDDLE
100
AcDbLine
 10
246702.6356025824
 20
115729.61019665467
 30
3023.8877468355918
 11
246490.5777091248
 21
116332.37290752123
 31
3019.8981559954436
  0
LINE
  5
4FA
330
17
100
AcDbEntity
  8
MIDDLE
100
AcDbLine
 10
246490.5777091248
 20
116332.37290752123
 30
3019.8981559954436
 11
246278.5198156672
 21
116935.13561838778
 31
3016.244041690445
  0
LINE
  5
4FB
330
17
100
AcDbEntity
  8
MIDDLE
100
AcDbLine
 10
246278.5198156672
 20
116935.13561838778
 30
3016.244041690445
 11
246066.46192220962
 21
117537.89832925433
 31
3012.934776908311
  0
LINE
  5
4FC
330
17
100
AcDbEntity
  8
MIDDLE
100
AcDbLine
 10
246066.46192220962
 20
117537.89832925433
 30
3012.934776908311
 11
245854.404028752
 21
118140.66104012089
 31
3009.9797346367554
  0
LINE
  5
4FD
330
17
100
AcDbEntity
  8
MIDDLE
100
AcDbLine
 10
245854.404028752
 20
118140.66104012089
 30
3009.9797346367554
 11
245642.34613529439
 21
118743.42375098744
 31
3007.3882878634904
  0
LINE
  5
4FE
330
17
100
AcDbEntity
  8
MIDDLE
100
AcDbLine
 10
245642.34613529439
 20
118743.42375098744
 30
3007.3882878634904
 11
245430.2882418368
 21
119346.18646185398
 31
3005.1698095762313
  0
LINE
  5
4FF
330
17
100
AcDbEntity
  8
MIDDLE
100
AcDbLine
 10
245430.2882418368
 20
119346.18646185398
 30
3005.1698095762313
 11
245218.2303483792
 21
119948.94917272055
 31
3003.3336727626915
  0
LINE
  5
500
330
17
100
AcDbEntity
  8
MIDDLE
100
AcDbLine
 10
245218.2303483792
 20
119948.94917272055
 30
3003.3336727626915
 11
245006.1724549216
 21
120551.7118835871
 31
3001.889250410585
  0
LINE
  5
501
330
17
100
AcDbEntity
  8
MIDDLE
100
AcDbLine
 10
245006.1724549216
 20
120551.7118835871
 30
3001.889250410585
 11
244794.114561464
 21
121154.47459445364
 31
3000.8459155076243
  0
LINE
  5
502
330
17
100
AcDbEntity
  8
MIDDLE
100
AcDbLine
 10
244794.114561464
 20
121154.47459445364
 30
3000.8459155076243
 11
244582.05666800638
 21
121757.23730532019
 31
3000.2130410415252
  0
LINE
  5
503
330
17
100
AcDbEntity
  8
MIDDLE
100
AcDbLine
 10
244582.05666800638
 20
121757.23730532019
 30
3000.2130410415252
 11
244369.9987745488
 21
122360.00001618675
 31
3000.0
  0
LINE
  5
504
330
17
100
AcDbEntity
  8
MIDDLE
100
AcDbLine
 10
244369.9987745488
 20
122360.00001618675
 30
3000.0
 11
244147.80414112093
 21
122934.42495382667
 31
3000.0
  0
LINE
  5
505
330
17
100
AcDbEntity
  8
MIDDLE
100
AcDbLine
 10
244147.80414112093
 20
122934.42495382667
 30
3000.0
 11
243890.66880858748
 21
123494.08188880533
 31
3000.0
  0
LINE
  5
506
330
17
100
AcDbEntity
  8
MIDDLE
100
AcDbLine
 10
243890.66880858748
 20
123494.08188880533
 30
3000.0
 11
243599.5681798841
 21
124036.84784948755
 31
3000.0
  0
LINE
  5
507
330
17
100
AcDbEntity
  8
MIDDLE
100
AcDbLine
 10
243599.5681798841
 20
124036.84784948755
 30
3000.0
 11
243275.60650002072
 21
124560.66393752502
 31
3000.0
  0
LINE
  5
508
330
17
100
AcDbEntity
  8
MIDDLE
100
AcDbLine
 10
243275.60650002072
 20
124560.66393752502
 30
3000.0
 11
242920.01266729957
 21
125063.54313796731
 31
3000.0
  0
LINE
  5
509
330
17
100
AcDbEntity
  8
MIDDLE
100
AcDbLine
 10
242920.01266729957
 20
125063.54313796731
 30
3000.0
 11
242534.13557168038
 21
125543.5778566943
 31
3000.0
  0
LINE
  5
50A
330
17
100
AcDbEntity
  8
MIDDLE
100
AcDbLine
 10
242534.13557168038
 20
125543.5778566943
 30
3000.0
 11
242119.43897797595
 21
125998.94715657817
 31
3000.0
  0
LINE
  5
50B
330
17
100
AcDbEntity
  8
MIDDLE
100
AcDbLine
 10
242119.43897797595
 20
125998.94715657817
 30
3000.0
 11
241677.49597328767
 21
126427.92366492552
 31
3000.0
  0
LINE
  5
50C
330
17
100
AcDbEntity
  8
MIDDLE
100
AcDbLine
 10
241677.49597328767
 20
126427.92366492552
 30
3000.0
 11
241209.98299974404
 21
126828.88012599724
 31
3000.0
  0
LINE
  5
50D
330
17
100
AcDbEntity
  8
MIDDLE
100
AcDbLine
 10
241209.98299974404
 20
126828.88012599724
 30
3000.0
 11
240718.67349517785
 21
127200.29557375045
 31
3000.0
  0
LINE
  5
50E
330
17
100
AcDbEntity
  8
MIDDLE
100
AcDbLine
 10
240718.67349517785
 20
127200.29557375045
 30
3000.0
 11
240205.4311658654
 21
127540.7611013868
 31
3000.0
  0
LINE
  5
50F
330
17
100
AcDbEntity
  8
MIDDLE
100
AcDbLine
 10
240205.4311658654
 20
127540.7611013868
 30
3000.0
 11
239672.20291684606
 21
127848.98520582155
 31
3000.0
  0
LINE
  5
510
330
17
100
AcDbEntity
  8
MIDDLE
100
AcDbLine
 10
239672.20291684606
 20
127848.98520582155
 30
3000.0
 11
239121.01146664083
 21
128123.79868679988
 31
3000.0
  0
LINE
  5
511
330
17
100
AcDbEntity
  8
MIDDLE
100
AcDbLine
 10
239121.01146664083
 20
128123.79868679988
 30
3000.0
 11
238553.9476743835
 21
128364.15908207647
 31
3000.0
  0
LINE
  5
512
330
17
100
AcDbEntity
  8
MIDDLE
100
AcDbLine
 10
238553.9476743835
 20
128364.15908207647
 30
3000.0
 11
237973.16260847158
 21
128569.15462183395
 31
3000.0
  0
LINE
  5
513
330
17
100
AcDbEntity
  8
MIDDLE
100
AcDbLine
 10
237973.16260847158
 20
128569.15462183395
 30
3000.0
 11
237380.8593868224
 21
128738.00768734014
 31
3000.0
  0
LINE
  5
514
330
17
100
AcDbEntity
  8
MIDDLE
100
AcDbLine
 10
237380.8593868224
 20
128738.00768734014
 30
3000.0
 11
236779.2848196878
 21
128870.07776072389
 31
3000.0
  0
LINE
  5
515
330
17
100
AcDbEntity
  8
MIDDLE
100
AcDbLine
 10
236779.2848196878
 20
128870.07776072389
 30
3000.0
 11
236287.8465992964
 21
128962.20423315134
 31
3000.0
  0
LINE
  5
516
330
17
100
AcDbEntity
  8
MIDDLE
100
AcDbLine
 10
236287.8465992964
 20
128962.20423315134
 30
3000.0
 11
235796.408378905
 21
129054.33070557876
 31
3000.0
  0
LINE
  5
517
330
17
100
AcDbEntity
  8
MIDDLE
100
AcDbLine
 10
235796.408378905
 20
129054.33070557876
 30
3000.0
 11
235304.9701585136
 21
129146.45717800621
 31
3000.0
  0
LINE
  5
518
330
17
100
AcDbEntity
  8
MIDDLE
100
AcDbLine
 10
235304.9701585136
 20
129146.45717800621
 30
3000.0
 11
234675.1870334131
 21
129230.29428930681
 31
3000.0
  0
LINE
  5
519
330
17
100
AcDbEntity
  8
MIDDLE
100
AcDbLine
 10
234675.1870334131
 20
129230.29428930681
 30
3000.0
 11
234040.06963330324
 21
129247.06730246177
 31
3000.0
  0
LINE
  5
51A
330
17
100
AcDbEntity
  8
MIDDLE
100
AcDbLine
 10
234040.06963330324
 20
129247.06730246177
 30
3000.0
 11
233406.73930811006
 21
129196.58814752375
 31
3000.0
  0
LINE
  5
51B
330
17
100
AcDbEntity
  8
MIDDLE
100
AcDbLine
 10
233406.73930811006
 20
129196.58814752375
 30
3000.0
 11
232782.2973699116
 21
129079.4228296537
 31
3000.0
  0
LINE
  5
51C
330
17
100
AcDbEntity
  8
MIDDLE
100
AcDbLine
 10
232782.2973699116
 20
129079.4228296537
 30
3000.0
 11
232173.74546840234
 21
128896.8850827024
 31
3000.0
  0
LINE
  5
51D
330
17
100
AcDbEntity
  8
MIDDLE
100
AcDbLine
 10
232173.74546840234
 20
128896.8850827024
 30
3000.0
 11
231587.90708383644
 21
128651.02163877091
 31
3000.0
  0
LINE
  5
51E
330
17
100
AcDbEntity
  8
MIDDLE
100
AcDbLine
 10
231587.90708383644
 20
128651.02163877091
 30
3000.0
 11
231031.35101772353
 21
128344.58927891725
 31
3000.0
  0
LINE
  5
51F
330
17
100
AcDbEntity
  8
MIDDLE
100
AcDbLine
 10
231031.35101772353
 20
128344.58927891725
 30
3000.0
 11
230510.3177391477
 21
127981.02392233178
 31
3000.0
  0
LINE
  5
520
330
17
100
AcDbEntity
  8
MIDDLE
100
AcDbLine
 10
230510.3177391477
 20
127981.02392233178
 30
3000.0
 11
230030.64941256423
 21
127564.40210057345
 31
3000.0
  0
LINE
  5
521
330
17
100
AcDbEntity
  8
MIDDLE
100
AcDbLine
 10
230030.64941256423
 20
127564.40210057345
 30
3000.0
 11
229597.72260814675
 21
127099.39311722553
 31
3000.0
  0
LINE
  5
522
330
17
100
AcDbEntity
  8
MIDDLE
100
AcDbLine
 10
229597.72260814675
 20
127099.39311722553
 30
3000.0
 11
229216.3942252367
 21
126591.21384589495
 31
3000.0
  0
LINE
  5
523
330
17
100
AcDbEntity
  8
MIDDLE
100
AcDbLine
 10
229216.3942252367
 20
126591.21384589495
 30
3000.0
 11
228890.93937281222
 21
126045.5613498352
 31
3000.0
  0
LINE
  5
524
330
17
100
AcDbEntity
  8
MIDDLE
100
AcDbLine
 10
228890.93937281222
 20
126045.5613498352
 30
3000.0
 11
228625.00728127634
 21
125468.55387144846
 31
3000.0
  0
LINE
  5
525
330
17
100
AcDbEntity
  8
MIDDLE
100
AcDbLine
 10
228625.00728127634
 20
125468.55387144846
 30
3000.0
 11
228421.57976966273
 21
124866.66122741502
 31
3000.0
  0
LINE
  5
526
330
17
100
AcDbEntity
  8
MIDDLE
100
AcDbLine
 10
228421.57976966273
 20
124866.66122741502
 30
3000.0
 11
228282.937811368
 21
124246.63226452452
 31
3000.0
  0
LINE
  5
527
330
17
100
AcDbEntity
  8
MIDDLE
100
AcDbLine
 10
228282.937811368
 20
124246.63226452452
 30
3000.0
 11
228210.63595826188
 21
123615.41918682388
 31
3000.0
  0
LINE
  5
528
330
17
100
AcDbEntity
  8
MIDDLE
100
AcDbLine
 10
228210.63595826188
 20
123615.41918682388
 30
3000.0
 11
228205.4849099502
 21
122980.09960257974
 31
3000.0
  0
LINE
  5
529
330
17
100
AcDbEntity
  8
MIDDLE
100
AcDbLine
 10
228205.4849099502
 20
122980.09960257974
 30
3000.0
 11
228267.54242363622
 21
122347.79716511964
 31
3000.0
  0
LINE
  5
52A
330
17
100
AcDbEntity
  8
MIDDLE
100
AcDbLine
 10
228267.54242363622
 20
122347.79716511964
 30
3000.0
 11
228396.11266650638
 21
121725.60169738368
 31
3000.0
  0
LINE
  5
52B
330
17
100
AcDbEntity
  8
MIDDLE
100
AcDbLine
 10
228396.11266650638
 20
121725.60169738368
 30
3000.0
 11
228589.7540179005
 21
121120.48969580617
 31
3000.0
  0
LINE
  5
52C
330
17
100
AcDbEntity
  8
MIDDLE
100
AcDbLine
 10
228589.7540179005
 20
121120.48969580617
 30
3000.0
 11
228817.80888976416
 21
120519.50202481337
 31
2998.9466200432375
  0
LINE
  5
52D
330
17
100
AcDbEntity
  8
MIDDLE
100
AcDbLine
 10
228817.80888976416
 20
120519.50202481337
 30
2998.9466200432375
 11
229045.8637616278
 21
119918.51435382057
 31
2995.856125128771
  0
LINE
  5
52E
330
17
100
AcDbEntity
  8
MIDDLE
100
AcDbLine
 10
229045.8637616278
 20
119918.51435382057
 30
2995.856125128771
 11
229273.9186334915
 21
119317.52668282777
 31
2990.832982690327
  0
LINE
  5
52F
330
17
100
AcDbEntity
  8
MIDDLE
100
AcDbLine
 10
229273.9186334915
 20
119317.52668282777
 30
2990.832982690327
 11
229501.97350535516
 21
118716.53901183496
 31
2983.9816601616344
  0
LINE
  5
530
330
17
100
AcDbEntity
  8
MIDDLE
100
AcDbLine
 10
229501.97350535516
 20
118716.53901183496
 30
2983.9816601616344
 11
229730.0283772188
 21
118115.55134084215
 31
2975.406624976422
  0
LINE
  5
531
330
17
100
AcDbEntity
  8
MIDDLE
100
AcDbLine
 10
229730.0283772188
 20
118115.55134084215
 30
2975.406624976422
 11
229958.08324908247
 21
117514.56366984936
 31
2965.212344568418
  0
LINE
  5
532
330
17
100
AcDbEntity
  8
MIDDLE
100
AcDbLine
 10
229958.08324908247
 20
117514.56366984936
 30
2965.212344568418
 11
230186.13812094615
 21
116913.57599885656
 31
2953.503286371353
  0
LINE
  5
533
330
17
100
AcDbEntity
  8
MIDDLE
100
AcDbLine
 10
230186.13812094615
 20
116913.57599885656
 30
2953.503286371353
 11
230414.1929928098
 21
116312.58832786376
 31
2940.3839178189523
  0
LINE
  5
534
330
17
100
AcDbEntity
  8
MIDDLE
100
AcDbLine
 10
230414.1929928098
 20
116312.58832786376
 30
2940.3839178189523
 11
230642.24786467347
 21
115711.60065687096
 31
2925.9587063449453
  0
LINE
  5
535
330
17
100
AcDbEntity
  8
MIDDLE
100
AcDbLine
 10
230642.24786467347
 20
115711.60065687096
 30
2925.9587063449453
 11
230870.30273653712
 21
115110.61298587816
 31
2910.3321193830634
  0
LINE
  5
536
330
17
100
AcDbEntity
  8
MIDDLE
100
AcDbLine
 10
230870.30273653712
 20
115110.61298587816
 30
2910.3321193830634
 11
231098.35760840078
 21
114509.62531488536
 31
2893.60862436703
  0
LINE
  5
537
330
17
100
AcDbEntity
  8
MIDDLE
100
AcDbLine
 10
231098.35760840078
 20
114509.62531488536
 30
2893.60862436703
 11
231326.41248026447
 21
113908.63764389257
 31
2875.892688730576
  0
LINE
  5
538
330
17
100
AcDbEntity
  8
MIDDLE
100
AcDbLine
 10
231326.41248026447
 20
113908.63764389257
 30
2875.892688730576
 11
231554.46735212812
 21
113307.64997289976
 31
2857.2887799074297
  0
LINE
  5
539
330
17
100
AcDbEntity
  8
MIDDLE
100
AcDbLine
 10
231554.46735212812
 20
113307.64997289976
 30
2857.2887799074297
 11
231782.52222399178
 21
112706.66230190697
 31
2837.90136533132
  0
LINE
  5
53A
330
17
100
AcDbEntity
  8
MIDDLE
100
AcDbLine
 10
231782.52222399178
 20
112706.66230190697
 30
2837.90136533132
 11
232010.57709585543
 21
112105.67463091415
 31
2817.834912435979
  0
LINE
  5
53B
330
17
100
AcDbEntity
  8
MIDDLE
100
AcDbLine
 10
232010.57709585543
 20
112105.67463091415
 30
2817.834912435979
 11
232238.6319677191
 21
111504.68695992134
 31
2797.1938886551275
  0
LINE
  5
53C
330
17
100
AcDbEntity
  8
MIDDLE
100
AcDbLine
 10
232238.6319677191
 20
111504.68695992134
 30
2797.1938886551275
 11
232466.68683958278
 21
110903.69928892855
 31
2776.0827614224977
  0
LINE
  5
53D
330
17
100
AcDbEntity
  8
MIDDLE
100
AcDbLine
 10
232466.68683958278
 20
110903.69928892855
 30
2776.0827614224977
 11
232694.74171144643
 21
110302.71161793574
 31
2754.605998171822
  0
LINE
  5
53E
330
17
100
AcDbEntity
  8
MIDDLE
100
AcDbLine
 10
232694.74171144643
 20
110302.71161793574
 30
2754.605998171822
 11
232922.7965833101
 21
109701.72394694295
 31
2732.868066336822
  0
LINE
  5
53F
330
17
100
AcDbEntity
  8
MIDDLE
100
AcDbLine
 10
232922.7965833101
 20
109701.72394694295
 30
2732.868066336822
 11
233150.85145517375
 21
109100.73627595014
 31
2710.973433351229
  0
LINE
  5
540
330
17
100
AcDbEntity
  8
MIDDLE
100
AcDbLine
 10
233150.85145517375
 20
109100.73627595014
 30
2710.973433351229
 11
233378.9063270374
 21
108499.74860495735
 31
2689.026566648771
  0
LINE
  5
541
330
17
100
AcDbEntity
  8
MIDDLE
100
AcDbLine
 10
233378.9063270374
 20
108499.74860495735
 30
2689.026566648771
 11
233606.9611989011
 21
107898.76093396454
 31
2667.131933663182
  0
LINE
  5
542
330
17
100
AcDbEntity
  8
MIDDLE
100
AcDbLine
 10
233606.9611989011
 20
107898.76093396454
 30
2667.131933663182
 11
233835.01607076474
 21
107297.77326297175
 31
2645.3940018281814
  0
LINE
  5
543
330
17
100
AcDbEntity
  8
MIDDLE
100
AcDbLine
 10
233835.01607076474
 20
107297.77326297175
 30
2645.3940018281814
 11
234063.0709426284
 21
106696.78559197894
 31
2623.9172385775023
  0
LINE
  5
544
330
17
100
AcDbEntity
  8
MIDDLE
100
AcDbLine
 10
234063.0709426284
 20
106696.78559197894
 30
2623.9172385775023
 11
234291.12581449206
 21
106095.79792098614
 31
2602.8061113448725
  0
LINE
  5
545
330
17
100
AcDbEntity
  8
MIDDLE
100
AcDbLine
 10
234291.12581449206
 20
106095.79792098614
 30
2602.8061113448725
 11
234519.1806863557
 21
105494.81024999333
 31
2582.165087564025
  0
LINE
  5
546
330
17
100
AcDbEntity
  8
MIDDLE
100
AcDbLine
 10
234519.1806863557
 20
105494.81024999333
 30
2582.165087564025
 11
234747.2355582194
 21
104893.82257900052
 31
2562.09863466868
  0
LINE
  5
547
330
17
100
AcDbEntity
  8
MIDDLE
100
AcDbLine
 10
234747.2355582194
 20
104893.82257900052
 30
2562.09863466868
 11
234975.29043008306
 21
104292.83490800773
 31
2542.7112200925703
  0
LINE
  5
548
330
17
100
AcDbEntity
  8
MIDDLE
100
AcDbLine
 10
234975.29043008306
 20
104292.83490800773
 30
2542.7112200925703
 11
235203.3453019467
 21
103691.84723701492
 31
2524.1073112694244
  0
LINE
  5
549
330
17
100
AcDbEntity
  8
MIDDLE
100
AcDbLine
 10
235203.3453019467
 20
103691.84723701492
 30
2524.1073112694244
 11
235431.40017381037
 21
103090.85956602213
 31
2506.3913756329703
  0
LINE
  5
54A
330
17
100
AcDbEntity
  8
MIDDLE
100
AcDbLine
 10
235431.40017381037
 20
103090.85956602213
 30
2506.3913756329703
 11
235659.45504567403
 21
102489.87189502933
 31
2489.6678806169393
  0
LINE
  5
54B
330
17
100
AcDbEntity
  8
MIDDLE
100
AcDbLine
 10
235659.45504567403
 20
102489.87189502933
 30
2489.6678806169393
 11
235887.5099175377
 21
101888.88422403653
 31
2474.0412936550547
  0
LINE
  5
54C
330
17
100
AcDbEntity
  8
MIDDLE
100
AcDbLine
 10
235887.5099175377
 20
101888.88422403653
 30
2474.0412936550547
 11
236115.56478940137
 21
101287.89655304373
 31
2459.6160821810477
  0
LINE
  5
54D
330
17
100
AcDbEntity
  8
MIDDLE
100
AcDbLine
 10
236115.56478940137
 20
101287.89655304373
 30
2459.6160821810477
 11
236343.61966126502
 21
100686.90888205094
 31
2446.4967136286486
  0
LINE
  5
54E
330
17
100
AcDbEntity
  8
LOWER
100
AcDbLine
 10
236343.61966126502
 20
100686.90888205094
 30
2446.4967136286486
 11
236571.67453312868
 21
100085.92121105813
 31
2434.787655431582
  0
LINE
  5
54F
330
17
100
AcDbEntity
  8
LOWER
100
AcDbLine
 10
236571.67453312868
 20
100085.92121105813
 30
2434.787655431582
 11
236799.72940499234
 21
99484.93354006532
 31
2424.593375023578
  0
LINE
  5
550
330
17
100
AcDbEntity
  8
LOWER
100
AcDbLine
 10
236799.72940499234
 20
99484.93354006532
 30
2424.593375023578
 11
237027.78427685602
 21
98883.94586907252
 31
2416.0183398383656
  0
LINE
  5
551
330
17
100
AcDbEntity
  8
LOWER
100
AcDbLine
 10
237027.78427685602
 20
98883.94586907252
 30
2416.0183398383656
 11
237255.83914871968
 21
98282.95819807971
 31
2409.1670173096727
  0
LINE
  5
552
330
17
100
AcDbEntity
  8
LOWER
100
AcDbLine
 10
237255.83914871968
 20
98282.95819807971
 30
2409.1670173096727
 11
237483.89402058334
 21
97681.97052708692
 31
2404.1438748712294
  0
LINE
  5
553
330
17
100
AcDbEntity
  8
LOWER
100
AcDbLine
 10
237483.89402058334
 20
97681.97052708692
 30
2404.1438748712294
 11
237711.948892447
 21
97080.98285609412
 31
2401.053379956762
  0
LINE
  5
554
330
17
100
AcDbEntity
  8
LOWER
100
AcDbLine
 10
237711.948892447
 20
97080.98285609412
 30
2401.053379956762
 11
237940.00376431065
 21
96479.99518510132
 31
2400.0
  0
LINE
  5
555
330
17
100
AcDbEntity
  8
LOWER
100
AcDbLine
 10
237940.00376431065
 20
96479.99518510132
 30
2400.0
 11
238165.99487148877
 21
95944.04509323995
 31
2400.0
  0
LINE
  5
556
330
17
100
AcDbEntity
  8
LOWER
100
AcDbLine
 10
238165.99487148877
 20
95944.04509323995
 30
2400.0
 11
238430.32970135452
 21
95425.93161222478
 31
2400.0
  0
LINE
  5
557
330
17
100
AcDbEntity
  8
LOWER
100
AcDbLine
 10
238430.32970135452
 20
95425.93161222478
 30
2400.0
 11
238731.6109367063
 21
94928.39357476964
 31
2400.0
  0
LINE
  5
558
330
17
100
AcDbEntity
  8
LOWER
100
AcDbLine
 10
238731.6109367063
 20
94928.39357476964
 30
2400.0
 11
239068.2459555922
 21
94454.06104842393
 31
2400.0
  0
LINE
  5
559
330
17
100
AcDbEntity
  8
LOWER
100
AcDbLine
 10
239068.2459555922
 20
94454.06104842393
 30
2400.0
 11
239438.45525017055
 21
94005.4414326049
 31
2400.0
  0
LINE
  5
55A
330
17
100
AcDbEntity
  8
LOWER
100
AcDbLine
 10
239438.45525017055
 20
94005.4414326049
 30
2400.0
 11
239840.2818334798
 21
93584.90620407368
 31
2400.0
  0
LINE
  5
55B
330
17
100
AcDbEntity
  8
LOWER
100
AcDbLine
 10
239840.2818334798
 20
93584.90620407368
 30
2400.0
 11
240198.61477419332
 21
93236.20022458534
 31
2400.0
  0
LINE
  5
55C
330
17
100
AcDbEntity
  8
LOWER
100
AcDbLine
 10
240198.61477419332
 20
93236.20022458534
 30
2400.0
 11
240556.94771490686
 21
92887.494245097
 31
2400.0
  0
LINE
  5
55D
330
17
100
AcDbEntity
  8
LOWER
100
AcDbLine
 10
240556.94771490686
 20
92887.494245097
 30
2400.0
 11
240915.2806556204
 21
92538.78826560867
 31
2400.0
  0
LINE
  5
55E
330
17
100
AcDbEntity
  8
LOWER
100
AcDbLine
 10
240915.2806556204
 20
92538.78826560867
 30
2400.0
 11
241273.61359633395
 21
92190.08228612033
 31
2400.0
  0
LINE
  5
55F
330
17
100
AcDbEntity
  8
LOWER
100
AcDbLine
 10
241273.61359633395
 20
92190.08228612033
 30
2400.0
 11
241709.30699588906
 21
91722.22458672893
 31
2400.0
  0
LINE
  5
560
330
17
100
AcDbEntity
  8
LOWER
100
AcDbLine
 10
241709.30699588906
 20
91722.22458672893
 30
2400.0
 11
242096.93220752673
 21
91213.82881511141
 31
2400.0
  0
LINE
  5
561
330
17
100
AcDbEntity
  8
LOWER
100
AcDbLine
 10
242096.93220752673
 20
91213.82881511141
 30
2400.0
 11
242432.73940857238
 21
90669.81310851684
 31
2400.0
  0
LINE
  5
562
330
17
100
AcDbEntity
  8
LOWER
100
AcDbLine
 10
242432.73940857238
 20
90669.81310851684
 30
2400.0
 11
242713.48005528084
 21
90095.44018559883
 31
2400.0
  0
LINE
  5
563
330
17
100
AcDbEntity
  8
LOWER
100
AcDbLine
 10
242713.48005528084
 20
90095.44018559883
 30
2400.0
 11
242936.43830871527
 21
89496.26643573891
 31
2400.0
  0
LINE
  5
564
330
17
100
AcDbEntity
  8
LOWER
100
AcDbLine
 10
242936.43830871527
 20
89496.26643573891
 30
2400.0
 11
243099.45730732716
 21
88878.0881674479
 31
2400.0
  0
LINE
  5
565
330
17
100
AcDbEntity
  8
LOWER
100
AcDbLine
 10
243099.45730732716
 20
88878.0881674479
 30
2400.0
 11
243200.96003208106
 21
88246.8855358285
 31
2400.0
  0
LINE
  5
566
330
17
100
AcDbEntity
  8
LOWER
100
AcDbLine
 10
243200.96003208106
 20
88246.8855358285
 30
2400.0
 11
243239.96456227786
 21
87608.76469153659
 31
2400.0
  0
LINE
  5
567
330
17
100
AcDbEntity
  8
LOWER
100
AcDbLine
 10
243239.96456227786
 20
87608.76469153659
 30
2400.0
 11
243216.09357449444
 21
86969.89871088185
 31
2400.0
  0
LINE
  5
568
330
17
100
AcDbEntity
  8
LOWER
100
AcDbLine
 10
243216.09357449444
 20
86969.89871088185
 30
2400.0
 11
243129.5779927486
 21
86336.46787850086
 31
2400.0
  0
LINE
  5
569
330
17
100
AcDbEntity
  8
LOWER
100
AcDbLine
 10
243129.5779927486
 20
86336.46787850086
 30
2400.0
 11
242981.2547545778
 21
85714.59990029788
 31
2400.0
  0
LINE
  5
56A
330
17
100
AcDbEntity
  8
LOWER
100
AcDbLine
 10
242981.2547545778
 20
85714.59990029788
 30
2400.0
 11
242772.5587146432
 21
85110.31062502378
 31
2400.0
  0
LINE
  5
56B
330
17
100
AcDbEntity
  8
LOWER
100
AcDbLine
 10
242772.5587146432
 20
85110.31062502378
 30
2400.0
 11
242505.50876418067
 21
84529.4458479425
 31
2400.0
  0
LINE
  5
56C
330
17
100
AcDbEntity
  8
LOWER
100
AcDbLine
 10
242505.50876418067
 20
84529.4458479425
 30
2400.0
 11
242182.68830057885
 21
83977.62475956728
 31
2400.0
  0
LINE
  5
56D
330
17
100
AcDbEntity
  8
LOWER
100
AcDbLine
 10
242182.68830057885
 20
83977.62475956728
 30
2400.0
 11
241807.22023601647
 21
83460.18558653392
 31
2400.0
  0
LINE
  5
56E
330
17
100
AcDbEntity
  8
LOWER
100
AcDbLine
 10
241807.22023601647
 20
83460.18558653392
 30
2400.0
 11
241382.7367869226
 21
82982.13395047243
 31
2400.0
  0
LINE
  5
56F
330
17
100
AcDbEntity
  8
LOWER
100
AcDbLine
 10
241382.7367869226
 20
82982.13395047243
 30
2400.0
 11
240913.34378835832
 21
82548.09398546374
 31
2400.0
  0
LINE
  5
570
330
17
100
AcDbEntity
  8
LOWER
100
AcDbLine
 10
240913.34378835832
 20
82548.09398546374
 30
2400.0
 11
240403.5832689003
 21
82162.26550923733
 31
2400.0
  0
LINE
  5
571
330
17
100
AcDbEntity
  8
LOWER
100
AcDbLine
 10
240403.5832689003
 20
82162.26550923733
 30
2400.0
 11
239858.38592755044
 21
81828.38041036294
 31
2400.0
  0
LINE
  5
572
330
17
100
AcDbEntity
  8
LOWER
100
AcDbLine
 10
239858.38592755044
 20
81828.38041036294
 30
2400.0
 11
239283.02591177344
 21
81549.66863718066
 31
2400.0
  0
LINE
  5
573
330
17
100
AcDbEntity
  8
LOWER
100
AcDbLine
 10
239283.02591177344
 20
81549.66863718066
 30
2400.0
 11
238683.06915767785
 21
81328.82640054925
 31
2400.0
  0
LINE
  5
574
330
17
100
AcDbEntity
  8
LOWER
100
AcDbLine
 10
238683.06915767785
 20
81328.82640054925
 30
2400.0
 11
238064.31954608535
 21
81167.99009115528
 31
2400.0
  0
LINE
  5
575
330
17
100
AcDbEntity
  8
LOWER
100
AcDbLine
 10
238064.31954608535
 20
81167.99009115528
 30
2400.0
 11
237432.76275676323
 21
81068.71561242879
 31
2400.0
  0
LINE
  5
576
330
17
100
AcDbEntity
  8
LOWER
100
AcDbLine
 10
237432.76275676323
 20
81068.71561242879
 30
2400.0
 11
236794.50836396386
 21
81031.96332899475
 31
2400.0
  0
LINE
  5
577
330
17
100
AcDbEntity
  8
LOWER
100
AcDbLine
 10
236794.50836396386
 20
81031.96332899475
 30
2400.0
 11
236155.73073343027
 21
81058.0887762672
 31
2400.0
  0
LINE
  5
578
330
17
100
AcDbEntity
  8
LOWER
100
AcDbLine
 10
236155.73073343027
 20
81058.0887762672
 30
2400.0
 11
235522.60929261934
 21
81146.8392210594
 31
2400.0
  0
LINE
  5
579
330
17
100
AcDbEntity
  8
LOWER
100
AcDbLine
 10
235522.60929261934
 20
81146.8392210594
 30
2400.0
 11
234901.2687519591
 21
81297.35610648214
 31
2400.0
  0
LINE
  5
57A
330
17
100
AcDbEntity
  8
LOWER
100
AcDbLine
 10
234901.2687519591
 20
81297.35610648214
 30
2400.0
 11
234297.7198554292
 21
81508.18335747886
 31
2400.0
  0
LINE
  5
57B
330
17
100
AcDbEntity
  8
LOWER
100
AcDbLine
 10
234297.7198554292
 20
81508.18335747886
 30
2400.0
 11
233717.80123363363
 21
81777.28146665104
 31
2400.0
  0
LINE
  5
57C
330
17
100
AcDbEntity
  8
LOWER
100
AcDbLine
 10
233717.80123363363
 20
81777.28146665104
 30
2400.0
 11
233167.1229218695
 21
82102.04722411007
 31
2400.0
  0
LINE
  5
57D
330
17
100
AcDbEntity
  8
LOWER
100
AcDbLine
 10
233167.1229218695
 20
82102.04722411007
 30
2400.0
 11
232651.01208958833
 21
82479.3389004923
 31
2400.0
  0
LINE
  5
57E
330
17
100
AcDbEntity
  8
LOWER
100
AcDbLine
 10
232651.01208958833
 20
82479.3389004923
 30
2400.0
 11
232174.4615062537
 21
82905.5066395209
 31
2400.0
  0
LINE
  5
57F
330
17
100
AcDbEntity
  8
LOWER
100
AcDbLine
 10
232174.4615062537
 20
82905.5066395209
 30
2400.0
 11
231742.0812421288
 21
83376.42776610215
 31
2400.0
  0
LINE
  5
580
330
17
100
AcDbEntity
  8
LOWER
100
AcDbLine
 10
231742.0812421288
 20
83376.42776610215
 30
2400.0
 11
231358.05407123108
 21
83887.54666839162
 31
2400.0
  0
LINE
  5
581
330
17
100
AcDbEntity
  8
LOWER
100
AcDbLine
 10
231358.05407123108
 20
83887.54666839162
 30
2400.0
 11
230998.3454074357
 21
84418.82603250437
 31
2399.122183369365
  0
LINE
  5
582
330
17
100
AcDbEntity
  8
LOWER
100
AcDbLine
 10
230998.3454074357
 20
84418.82603250437
 30
2399.122183369365
 11
230638.63674364035
 21
84950.1053966171
 31
2396.546770940642
  0
LINE
  5
583
330
17
100
AcDbEntity
  8
LOWER
100
AcDbLine
 10
230638.63674364035
 20
84950.1053966171
 30
2396.546770940642
 11
230278.928079845
 21
85481.38476072985
 31
2392.360818908605
  0
LINE
  5
584
330
17
100
AcDbEntity
  8
LOWER
100
AcDbLine
 10
230278.928079845
 20
85481.38476072985
 30
2392.360818908605
 11
229919.21941604966
 21
86012.6641248426
 31
2386.6513834680286
  0
LINE
  5
585
330
17
100
AcDbEntity
  8
LOWER
100
AcDbLine
 10
229919.21941604966
 20
86012.6641248426
 30
2386.6513834680286
 11
229559.5107522543
 21
86543.94348895535
 31
2379.5055208136846
  0
LINE
  5
586
330
17
100
AcDbEntity
  8
LOWER
100
AcDbLine
 10
229559.5107522543
 20
86543.94348895535
 30
2379.5055208136846
 11
229199.80208845896
 21
87075.22285306809
 31
2371.010287140349
  0
LINE
  5
587
330
17
100
AcDbEntity
  8
LOWER
100
AcDbLine
 10
229199.80208845896
 20
87075.22285306809
 30
2371.010287140349
 11
228840.09342466362
 21
87606.50221718084
 31
2361.2527386427937
  0
LINE
  5
588
330
17
100
AcDbEntity
  8
LOWER
100
AcDbLine
 10
228840.09342466362
 20
87606.50221718084
 30
2361.2527386427937
 11
228480.38476086824
 21
88137.78158129359
 31
2350.319931515794
  0
LINE
  5
589
330
17
100
AcDbEntity
  8
LOWER
100
AcDbLine
 10
228480.38476086824
 20
88137.78158129359
 30
2350.319931515794
 11
228120.6760970729
 21
88669.06094540632
 31
2338.298921954121
  0
LINE
  5
58A
330
17
100
AcDbEntity
  8
LOWER
100
AcDbLine
 10
228120.6760970729
 20
88669.06094540632
 30
2338.298921954121
 11
227760.96743327755
 21
89200.34030951906
 31
2325.276766152552
  0
LINE
  5
58B
330
17
100
AcDbEntity
  8
LOWER
100
AcDbLine
 10
227760.96743327755
 20
89200.34030951906
 30
2325.276766152552
 11
227401.2587694822
 21
89731.61967363181
 31
2311.340520305857
  0
LINE
  5
58C
330
17
100
AcDbEntity
  8
LOWER
100
AcDbLine
 10
227401.2587694822
 20
89731.61967363181
 30
2311.340520305857
 11
227041.55010568682
 21
90262.89903774456
 31
2296.5772406088113
  0
LINE
  5
58D
330
17
100
AcDbEntity
  8
LOWER
100
AcDbLine
 10
227041.55010568682
 20
90262.89903774456
 30
2296.5772406088113
 11
226681.8414418915
 21
90794.17840185731
 31
2281.0739832561917
  0
LINE
  5
58E
330
17
100
AcDbEntity
  8
LOWER
100
AcDbLine
 10
226681.8414418915
 20
90794.17840185731
 30
2281.0739832561917
 11
226322.13277809616
 21
91325.45776597004
 31
2264.9178044427663
  0
LINE
  5
58F
330
17
100
AcDbEntity
  8
LOWER
100
AcDbLine
 10
226322.13277809616
 20
91325.45776597004
 30
2264.9178044427663
 11
225962.4241143008
 21
91856.7371300828
 31
2248.1957603633145
  0
LINE
  5
590
330
17
100
AcDbEntity
  8
LOWER
100
AcDbLine
 10
225962.4241143008
 20
91856.7371300828
 30
2248.1957603633145
 11
225602.71545050546
 21
92388.01649419554
 31
2230.9949072126046
  0
LINE
  5
591
330
17
100
AcDbEntity
  8
LOWER
100
AcDbLine
 10
225602.71545050546
 20
92388.01649419554
 30
2230.9949072126046
 11
225243.00678671012
 21
92919.2958583083
 31
2213.4023011854156
  0
LINE
  5
592
330
17
100
AcDbEntity
  8
LOWER
100
AcDbLine
 10
225243.00678671012
 20
92919.2958583083
 30
2213.4023011854156
 11
224883.29812291477
 21
93450.57522242102
 31
2195.5049984765155
  0
LINE
  5
593
330
17
100
AcDbEntity
  8
LOWER
100
AcDbLine
 10
224883.29812291477
 20
93450.57522242102
 30
2195.5049984765155
 11
224523.5894591194
 21
93981.85458653377
 31
2177.3900552806845
  0
LINE
  5
594
330
17
100
AcDbEntity
  8
LOWER
100
AcDbLine
 10
224523.5894591194
 20
93981.85458653377
 30
2177.3900552806845
 11
224163.88079532405
 21
94513.13395064652
 31
2159.144527792689
  0
LINE
  5
595
330
17
100
AcDbEntity
  8
LOWER
100
AcDbLine
 10
224163.88079532405
 20
94513.13395064652
 30
2159.144527792689
 11
223804.1721315287
 21
95044.41331475925
 31
2140.855472207311
  0
LINE
  5
596
330
17
100
AcDbEntity
  8
LOWER
100
AcDbLine
 10
223804.1721315287
 20
95044.41331475925
 30
2140.855472207311
 11
223444.46346773335
 21
95575.692678872
 31
2122.609944719316
  0
LINE
  5
597
330
17
100
AcDbEntity
  8
LOWER
100
AcDbLine
 10
223444.46346773335
 20
95575.692678872
 30
2122.609944719316
 11
223084.75480393798
 21
96106.97204298475
 31
2104.4950015234813
  0
LINE
  5
598
330
17
100
AcDbEntity
  8
LOWER
100
AcDbLine
 10
223084.75480393798
 20
96106.97204298475
 30
2104.4950015234813
 11
222725.04614014263
 21
96638.2514070975
 31
2086.5976988145844
  0
LINE
  5
599
330
17
100
AcDbEntity
  8
LOWER
100
AcDbLine
 10
222725.04614014263
 20
96638.2514070975
 30
2086.5976988145844
 11
222365.33747634728
 21
97169.53077121024
 31
2069.005092787392
  0
LINE
  5
59A
330
17
100
AcDbEntity
  8
LOWER
100
AcDbLine
 10
222365.33747634728
 20
97169.53077121024
 30
2069.005092787392
 11
222005.62881255193
 21
97700.81013532299
 31
2051.8042396366855
  0
LINE
  5
59B
330
17
100
AcDbEntity
  8
LOWER
100
AcDbLine
 10
222005.62881255193
 20
97700.81013532299
 30
2051.8042396366855
 11
221645.9201487566
 21
98232.08949943574
 31
2035.0821955572305
  0
LINE
  5
59C
330
17
100
AcDbEntity
  8
LOWER
100
AcDbLine
 10
221645.9201487566
 20
98232.08949943574
 30
2035.0821955572305
 11
221286.21148496127
 21
98763.36886354846
 31
2018.926016743808
  0
LINE
  5
59D
330
17
100
AcDbEntity
  8
LOWER
100
AcDbLine
 10
221286.21148496127
 20
98763.36886354846
 30
2018.926016743808
 11
220926.50282116592
 21
99294.64822766121
 31
2003.422759391186
  0
LINE
  5
59E
330
17
100
AcDbEntity
  8
LOWER
100
AcDbLine
 10
220926.50282116592
 20
99294.64822766121
 30
2003.422759391186
 11
220566.79415737055
 21
99825.92759177396
 31
1988.6594796941429
  0
LINE
  5
59F
330
17
100
AcDbEntity
  8
LOWER
100
AcDbLine
 10
220566.79415737055
 20
99825.92759177396
 30
1988.6594796941429
 11
220207.0854935752
 21
100357.20695588671
 31
1974.7232338474475
  0
LINE
  5
5A0
330
17
100
AcDbEntity
  8
LOWER
100
AcDbLine
 10
220207.0854935752
 20
100357.20695588671
 30
1974.7232338474475
 11
219847.37682977985
 21
100888.48631999946
 31
1961.701078045879
  0
LINE
  5
5A1
330
17
100
AcDbEntity
  8
LOWER
100
AcDbLine
 10
219847.37682977985
 20
100888.48631999946
 30
1961.701078045879
 11
219487.6681659845
 21
101419.7656841122
 31
1949.680068484206
  0
LINE
  5
5A2
330
17
100
AcDbEntity
  8
LOWER
100
AcDbLine
 10
219487.6681659845
 20
101419.7656841122
 30
1949.680068484206
 11
219127.95950218913
 21
101951.04504822494
 31
1938.7472613572045
  0
LINE
  5
5A3
330
17
100
AcDbEntity
  8
LOWER
100
AcDbLine
 10
219127.95950218913
 20
101951.04504822494
 30
1938.7472613572045
 11
218768.25083839378
 21
102482.3244123377
 31
1928.9897128596506
  0
LINE
  5
5A4
330
17
100
AcDbEntity
  8
LOWER
100
AcDbLine
 10
218768.25083839378
 20
102482.3244123377
 30
1928.9897128596506
 11
218408.54217459843
 21
103013.60377645043
 31
1920.4944791863136
  0
LINE
  5
5A5
330
17
100
AcDbEntity
  8
LOWER
100
AcDbLine
 10
218408.54217459843
 20
103013.60377645043
 30
1920.4944791863136
 11
218048.8335108031
 21
103544.88314056318
 31
1913.3486165319712
  0
LINE
  5
5A6
330
17
100
AcDbEntity
  8
LOWER
100
AcDbLine
 10
218048.8335108031
 20
103544.88314056318
 30
1913.3486165319712
 11
217689.12484700774
 21
104076.16250467591
 31
1907.639181091394
  0
LINE
  5
5A7
330
17
100
AcDbEntity
  8
LOWER
100
AcDbLine
 10
217689.12484700774
 20
104076.16250467591
 30
1907.639181091394
 11
217329.4161832124
 21
104607.44186878866
 31
1903.4532290593577
  0
LINE
  5
5A8
330
17
100
AcDbEntity
  8
LOWER
100
AcDbLine
 10
217329.4161832124
 20
104607.44186878866
 30
1903.4532290593577
 11
216969.70751941705
 21
105138.7212329014
 31
1900.877816630635
  0
LINE
  5
5A9
330
17
100
AcDbEntity
  8
LOWER
100
AcDbLine
 10
216969.70751941705
 20
105138.7212329014
 30
1900.877816630635
 11
216609.99885562167
 21
105670.00059701415
 31
1900.0
  0
LINE
  5
5AA
330
17
100
AcDbEntity
  8
LOWER
100
AcDbLine
 10
216609.99885562167
 20
105670.00059701415
 30
1900.0
 11
216235.37479810056
 21
106165.89704119707
 31
1900.0
  0
LINE
  5
5AB
330
17
100
AcDbEntity
  8
LOWER
100
AcDbLine
 10
216235.37479810056
 20
106165.89704119707
 30
1900.0
 11
215811.46319100747
 21
106620.38072319081
 31
1900.0
  0
LINE
  5
5AC
330
17
100
AcDbEntity
  8
LOWER
100
AcDbLine
 10
215811.46319100747
 20
106620.38072319081
 30
1900.0
 11
215342.8123287876
 21
107028.57533017064
 31
1900.0
  0
LINE
  5
5AD
330
17
100
AcDbEntity
  8
LOWER
100
AcDbLine
 10
215342.8123287876
 20
107028.57533017064
 30
1900.0
 11
214834.45052884886
 21
107386.1012008288
 31
1900.0
  0
LINE
  5
5AE
330
17
100
AcDbEntity
  8
LOWER
100
AcDbLine
 10
214834.45052884886
 20
107386.1012008288
 30
1900.0
 11
214291.83218100297
 21
107689.12231627759
 31
1900.0
  0
LINE
  5
5AF
330
17
100
AcDbEntity
  8
LOWER
100
AcDbLine
 10
214291.83218100297
 20
107689.12231627759
 30
1900.0
 11
213720.77922542818
 21
107934.38745802452
 31
1900.0
  0
LINE
  5
5B0
330
17
100
AcDbEntity
  8
LOWER
100
AcDbLine
 10
213720.77922542818
 20
107934.38745802452
 30
1900.0
 11
213127.41868705678
 21
108119.26509142146
 31
1900.0
  0
LINE
  5
5B1
330
17
100
AcDbEntity
  8
LOWER
100
AcDbLine
 10
213127.41868705678
 20
108119.26509142146
 30
1900.0
 11
212518.11693660266
 21
108241.77160031133
 31
1900.0
  0
LINE
  5
5B2
330
17
100
AcDbEntity
  8
LOWER
100
AcDbLine
 10
212518.11693660266
 20
108241.77160031133
 30
1900.0
 11
211899.411383565
 21
108300.5925699327
 31
1900.0
  0
LINE
  5
5B3
330
17
100
AcDbEntity
  8
LOWER
100
AcDbLine
 10
211899.411383565
 20
108300.5925699327
 30
1900.0
 11
211277.94033409772
 21
108295.09688973117
 31
1900.0
  0
LINE
  5
5B4
330
17
100
AcDbEntity
  8
LOWER
100
AcDbLine
 10
211277.94033409772
 20
108295.09688973117
 30
1900.0
 11
210660.3717663237
 21
108225.34352476291
 31
1900.0
  0
LINE
  5
5B5
330
17
100
AcDbEntity
  8
LOWER
100
AcDbLine
 10
210660.3717663237
 20
108225.34352476291
 30
1900.0
 11
210053.3317872882
 21
108092.08088303823
 31
1900.0
  0
LINE
  5
5B6
330
17
100
AcDbEntity
  8
LOWER
100
AcDbLine
 10
210053.3317872882
 20
108092.08088303823
 30
1900.0
 11
209463.33353916157
 21
107896.73878559288
 31
1900.0
  0
LINE
  5
5B7
330
17
100
AcDbEntity
  8
LOWER
100
AcDbLine
 10
209463.33353916157
 20
107896.73878559288
 30
1900.0
 11
208896.70731748117
 21
107641.41312544288
 31
1900.0
  0
LINE
  5
5B8
330
17
100
AcDbEntity
  8
LOWER
100
AcDbLine
 10
208896.70731748117
 20
107641.41312544288
 30
1900.0
 11
208359.5326512182
 21
107328.84338002252
 31
1900.0
  0
LINE
  5
5B9
330
17
100
AcDbEntity
  8
LOWER
100
AcDbLine
 10
208359.5326512182
 20
107328.84338002252
 30
1900.0
 11
207857.573073406
 21
106962.38321838225
 31
1900.0
  0
LINE
  5
5BA
330
17
100
AcDbEntity
  8
LOWER
100
AcDbLine
 10
207857.573073406
 20
106962.38321838225
 30
1900.0
 11
207372.54661523702
 21
106568.20723919901
 31
1900.0
  0
LINE
  5
5BB
330
17
100
AcDbEntity
  8
LOWER
100
AcDbLine
 10
207372.54661523702
 20
106568.20723919901
 30
1900.0
 11
206887.520157068
 21
106174.03126001576
 31
1900.0
  0
LINE
  5
5BC
330
17
100
AcDbEntity
  8
LOWER
100
AcDbLine
 10
206887.520157068
 20
106174.03126001576
 30
1900.0
 11
206402.493698899
 21
105779.85528083252
 31
1900.0
  0
LINE
  5
5BD
330
17
100
AcDbEntity
  8
LOWER
100
AcDbLine
 10
206402.493698899
 20
105779.85528083252
 30
1900.0
 11
205917.46724073
 21
105385.67930164927
 31
1900.0
  0
LINE
  5
5BE
330
17
100
AcDbEntity
  8
LOWER
100
AcDbLine
 10
205917.46724073
 20
105385.67930164927
 30
1900.0
 11
205432.44078256103
 21
104991.50332246604
 31
1900.0
  0
LINE
  5
5BF
330
17
100
AcDbEntity
  8
LOWER
100
AcDbLine
 10
205432.44078256103
 20
104991.50332246604
 30
1900.0
 11
204947.41432439204
 21
104597.3273432828
 31
1900.0
  0
LINE
  5
5C0
330
17
100
AcDbEntity
  8
LOWER
100
AcDbLine
 10
204947.41432439204
 20
104597.3273432828
 30
1900.0
 11
204462.38786622303
 21
104203.15136409955
 31
1900.0
  0
LINE
  5
5C1
330
17
100
AcDbEntity
  8
LOWER
100
AcDbLine
 10
204462.38786622303
 20
104203.15136409955
 30
1900.0
 11
203977.36140805404
 21
103808.97538491631
 31
1900.0
  0
LINE
  5
5C2
330
17
100
AcDbEntity
  8
LOWER
100
AcDbLine
 10
203977.36140805404
 20
103808.97538491631
 30
1900.0
 11
203512.36589282885
 21
103395.43637182972
 31
1900.0
  0
LINE
  5
5C3
330
17
100
AcDbEntity
  8
LOWER
100
AcDbLine
 10
203512.36589282885
 20
103395.43637182972
 30
1900.0
 11
203085.93399495666
 21
102942.2353336565
 31
1900.0
  0
LINE
  5
5C4
330
17
100
AcDbEntity
  8
LOWER
100
AcDbLine
 10
203085.93399495666
 20
102942.2353336565
 30
1900.0
 11
202701.43570429232
 21
102452.95381039982
 31
1900.0
  0
LINE
  5
5C5
330
17
100
AcDbEntity
  8
LOWER
100
AcDbLine
 10
202701.43570429232
 20
102452.95381039982
 30
1900.0
 11
202361.9096193676
 21
101931.45847755412
 31
1900.0
  0
LINE
  5
5C6
330
17
100
AcDbEntity
  8
LOWER
100
AcDbLine
 10
202361.9096193676
 20
101931.45847755412
 30
1900.0
 11
202070.0389340696
 21
101381.87058868843
 31
1900.0
  0
LINE
  5
5C7
330
17
100
AcDbEntity
  8
LOWER
100
AcDbLine
 10
202070.0389340696
 20
101381.87058868843
 30
1900.0
 11
201828.1302329979
 21
100808.5334061597
 31
1900.0
  0
LINE
  5
5C8
330
17
100
AcDbEntity
  8
LOWER
100
AcDbLine
 10
201828.1302329979
 20
100808.5334061597
 30
1900.0
 11
201638.095263075
 21
100215.97787734357
 31
1900.0
  0
LINE
  5
5C9
330
17
100
AcDbEntity
  8
LOWER
100
AcDbLine
 10
201638.095263075
 20
100215.97787734357
 30
1900.0
 11
201501.43582546522
 21
99608.88682763492
 31
1900.0
  0
LINE
  5
5CA
330
17
100
AcDbEntity
  8
LOWER
100
AcDbLine
 10
201501.43582546522
 20
99608.88682763492
 30
1900.0
 11
201419.23190719716
 21
98992.05795319278
 31
1900.0
  0
LINE
  5
5CB
330
17
100
AcDbEntity
  8
LOWER
100
AcDbLine
 10
201419.23190719716
 20
98992.05795319278
 30
1900.0
 11
201392.1331462834
 21
98370.36590588873
 31
1900.0
  0
LINE
  5
5CC
330
17
100
AcDbEntity
  8
LOWER
100
AcDbLine
 10
201392.1331462834
 20
98370.36590588873
 30
1900.0
 11
201420.35369778544
 21
97748.72377009266
 31
1900.0
  0
LINE
  5
5CD
330
17
100
AcDbEntity
  8
LOWER
100
AcDbLine
 10
201420.35369778544
 20
97748.72377009266
 30
1900.0
 11
201503.6705413976
 21
97132.04423573574
 31
1900.0
  0
LINE
  5
5CE
330
17
100
AcDbEntity
  8
LOWER
100
AcDbLine
 10
201503.6705413976
 20
97132.04423573574
 30
1900.0
 11
201641.425243923
 21
96525.20077449032
 31
1900.0
  0
LINE
  5
5CF
330
17
100
AcDbEntity
  8
LOWER
100
AcDbLine
 10
201641.425243923
 20
96525.20077449032
 30
1900.0
 11
201832.52916271499
 21
95932.98912588274
 31
1900.0
  0
LINE
  5
5D0
330
17
100
AcDbEntity
  8
LOWER
100
AcDbLine
 10
201832.52916271499
 20
95932.98912588274
 30
1900.0
 11
202075.4720489606
 21
95360.08939770439
 31
1900.0
  0
LINE
  5
5D1
330
17
100
AcDbEntity
  8
LOWER
100
AcDbLine
 10
202075.4720489606
 20
95360.08939770439
 30
1900.0
 11
202368.33398281783
 21
94811.02908023322
 31
1900.0
  0
LINE
  5
5D2
330
17
100
AcDbEntity
  8
LOWER
100
AcDbLine
 10
202368.33398281783
 20
94811.02908023322
 30
1900.0
 11
202708.80054608564
 21
94290.14726655492
 31
1900.0
  0
LINE
  5
5D3
330
17
100
AcDbEntity
  8
LOWER
100
AcDbLine
 10
202708.80054608564
 20
94290.14726655492
 30
1900.0
 11
203094.1811125002
 21
93801.56036174252
 31
1900.0
  0
LINE
  5
5D4
330
17
100
AcDbEntity
  8
LOWER
100
AcDbLine
 10
203094.1811125002
 20
93801.56036174252
 30
1900.0
 11
203521.43011111437
 21
93349.12955188609
 31
1900.0
  0
LINE
  5
5D5
330
17
100
AcDbEntity
  8
LOWER
100
AcDbLine
 10
203521.43011111437
 20
93349.12955188609
 30
1900.0
 11
203983.5378130532
 21
92901.43889771945
 31
1899.521545856261
  0
LINE
  5
5D6
330
17
100
AcDbEntity
  8
LOWER
100
AcDbLine
 10
203983.5378130532
 20
92901.43889771945
 30
1899.521545856261
 11
204445.64551499207
 21
92453.7482435528
 31
1898.1073305695188
  0
LINE
  5
5D7
330
17
100
AcDbEntity
  8
LOWER
100
AcDbLine
 10
204445.64551499207
 20
92453.7482435528
 30
1898.1073305695188
 11
204907.7532169309
 21
92006.05758938617
 31
1895.7890748564857
  0
LINE
  5
5D8
330
17
100
AcDbEntity
  8
LOWER
100
AcDbLine
 10
204907.7532169309
 20
92006.05758938617
 30
1895.7890748564857
 11
205369.86091886973
 21
91558.36693521953
 31
1892.5984994338733
  0
LINE
  5
5D9
330
17
100
AcDbEntity
  8
LOWER
100
AcDbLine
 10
205369.86091886973
 20
91558.36693521953
 30
1892.5984994338733
 11
205831.96862080856
 21
91110.67628105289
 31
1888.5673250183936
  0
LINE
  5
5DA
330
17
100
AcDbEntity
  8
LOWER
100
AcDbLine
 10
205831.96862080856
 20
91110.67628105289
 30
1888.5673250183936
 11
206294.0763227474
 21
90662.98562688625
 31
1883.7272723267583
  0
LINE
  5
5DB
330
17
100
AcDbEntity
  8
LOWER
100
AcDbLine
 10
206294.0763227474
 20
90662.98562688625
 30
1883.7272723267583
 11
206756.18402468623
 21
90215.29497271962
 31
1878.11006207568
  0
LINE
  5
5DC
330
17
100
AcDbEntity
  8
LOWER
100
AcDbLine
 10
206756.18402468623
 20
90215.29497271962
 30
1878.11006207568
 11
207218.29172662506
 21
89767.60431855299
 31
1871.74741498187
  0
LINE
  5
5DD
330
17
100
AcDbEntity
  8
LOWER
100
AcDbLine
 10
207218.29172662506
 20
89767.60431855299
 30
1871.74741498187
 11
207680.39942856392
 21
89319.91366438635
 31
1864.6710517620422
  0
LINE
  5
5DE
330
17
100
AcDbEntity
  8
LOWER
100
AcDbLine
 10
207680.39942856392
 20
89319.91366438635
 30
1864.6710517620422
 11
208142.50713050275
 21
88872.22301021969
 31
1856.9126931329056
  0
LINE
  5
5DF
330
17
100
AcDbEntity
  8
LOWER
100
AcDbLine
 10
208142.50713050275
 20
88872.22301021969
 30
1856.9126931329056
 11
208604.61483244158
 21
88424.53235605307
 31
1848.5040598111734
  0
LINE
  5
5E0
330
17
100
AcDbEntity
  8
LOWER
100
AcDbLine
 10
208604.61483244158
 20
88424.53235605307
 30
1848.5040598111734
 11
209066.72253438045
 21
87976.84170188643
 31
1839.476872513558
  0
LINE
  5
5E1
330
17
100
AcDbEntity
  8
LOWER
100
AcDbLine
 10
209066.72253438045
 20
87976.84170188643
 30
1839.476872513558
 11
209528.83023631928
 21
87529.15104771979
 31
1829.862851956771
  0
LINE
  5
5E2
330
17
100
AcDbEntity
  8
LOWER
100
AcDbLine
 10
209528.83023631928
 20
87529.15104771979
 30
1829.862851956771
 11
209990.9379382581
 21
87081.46039355316
 31
1819.6937188575243
  0
LINE
  5
5E3
330
17
100
AcDbEntity
  8
LOWER
100
AcDbLine
 10
209990.9379382581
 20
87081.46039355316
 30
1819.6937188575243
 11
210453.04564019694
 21
86633.76973938651
 31
1809.0011939325323
  0
LINE
  5
5E4
330
17
100
AcDbEntity
  8
LOWER
100
AcDbLine
 10
210453.04564019694
 20
86633.76973938651
 30
1809.0011939325323
 11
210915.1533421358
 21
86186.07908521987
 31
1797.8169978985027
  0
LINE
  5
5E5
330
17
100
AcDbEntity
  8
LOWER
100
AcDbLine
 10
210915.1533421358
 20
86186.07908521987
 30
1797.8169978985027
 11
211377.26104407464
 21
85738.38843105324
 31
1786.1728514721494
  0
LINE
  5
5E6
330
17
100
AcDbEntity
  8
LOWER
100
AcDbLine
 10
211377.26104407464
 20
85738.38843105324
 30
1786.1728514721494
 11
211839.36874601347
 21
85290.6977768866
 31
1774.1004753701845
  0
LINE
  5
5E7
330
17
100
AcDbEntity
  8
LOWER
100
AcDbLine
 10
211839.36874601347
 20
85290.6977768866
 30
1774.1004753701845
 11
212301.4764479523
 21
84843.00712271997
 31
1761.63159030932
  0
LINE
  5
5E8
330
17
100
AcDbEntity
  8
LOWER
100
AcDbLine
 10
212301.4764479523
 20
84843.00712271997
 30
1761.63159030932
 11
212763.58414989113
 21
84395.31646855333
 31
1748.7979170062702
  0
LINE
  5
5E9
330
17
100
AcDbEntity
  8
LOWER
100
AcDbLine
 10
212763.58414989113
 20
84395.31646855333
 30
1748.7979170062702
 11
213225.69185182996
 21
83947.6258143867
 31
1735.6311761777424
  0
LINE
  5
5EA
330
17
100
AcDbEntity
  8
LOWER
100
AcDbLine
 10
213225.69185182996
 20
83947.6258143867
 30
1735.6311761777424
 11
213687.7995537688
 21
83499.93516022005
 31
1722.1630885404506
  0
LINE
  5
5EB
330
17
100
AcDbEntity
  8
LOWER
100
AcDbLine
 10
213687.7995537688
 20
83499.93516022005
 30
1722.1630885404506
 11
214149.90725570766
 21
83052.24450605341
 31
1708.425374811107
  0
LINE
  5
5EC
330
17
100
AcDbEntity
  8
LOWER
100
AcDbLine
 10
214149.90725570766
 20
83052.24450605341
 30
1708.425374811107
 11
214612.01495764646
 21
82604.55385188678
 31
1694.449755706424
  0
LINE
  5
5ED
330
17
100
AcDbEntity
  8
LOWER
100
AcDbLine
 10
214612.01495764646
 20
82604.55385188678
 30
1694.449755706424
 11
215074.12265958532
 21
82156.86319772014
 31
1680.2679519431128
  0
LINE
  5
5EE
330
17
100
AcDbEntity
  8
LOWER
100
AcDbLine
 10
215074.12265958532
 20
82156.86319772014
 30
1680.2679519431128
 11
215536.23036152415
 21
81709.1725435535
 31
1665.9116842378885
  0
LINE
  5
5EF
330
17
100
AcDbEntity
  8
LOWER
100
AcDbLine
 10
215536.23036152415
 20
81709.1725435535
 30
1665.9116842378885
 11
215998.338063463
 21
81261.48188938685
 31
1651.412673307458
  0
LINE
  5
5F0
330
17
100
AcDbEntity
  8
LOWER
100
AcDbLine
 10
215998.338063463
 20
81261.48188938685
 30
1651.412673307458
 11
216460.44576540182
 21
80813.79123522023
 31
1636.8026398685352
  0
LINE
  5
5F1
330
17
100
AcDbEntity
  8
LOWER
100
AcDbLine
 10
216460.44576540182
 20
80813.79123522023
 30
1636.8026398685352
 11
216922.55346734065
 21
80366.10058105359
 31
1622.1133046378325
  0
LINE
  5
5F2
330
17
100
AcDbEntity
  8
LOWER
100
AcDbLine
 10
216922.55346734065
 20
80366.10058105359
 30
1622.1133046378325
 11
217384.66116927948
 21
79918.40992688695
 31
1607.3763883320619
  0
LINE
  5
5F3
330
17
100
AcDbEntity
  8
LOWER
100
AcDbLine
 10
217384.66116927948
 20
79918.40992688695
 30
1607.3763883320619
 11
217846.76887121834
 21
79470.71927272032
 31
1592.623611667938
  0
LINE
  5
5F4
330
17
100
AcDbEntity
  8
LOWER
100
AcDbLine
 10
217846.76887121834
 20
79470.71927272032
 30
1592.623611667938
 11
218308.8765731572
 21
79023.02861855368
 31
1577.8866953621673
  0
LINE
  5
5F5
330
17
100
AcDbEntity
  8
LOWER
100
AcDbLine
 10
218308.8765731572
 20
79023.02861855368
 30
1577.8866953621673
 11
218770.98427509604
 21
78575.33796438704
 31
1563.1973601314648
  0
LINE
  5
5F6
330
17
100
AcDbEntity
  8
LOWER
100
AcDbLine
 10
218770.98427509604
 20
78575.33796438704
 30
1563.1973601314648
 11
219233.09197703487
 21
78127.6473102204
 31
1548.5873266925423
  0
LINE
  5
5F7
330
17
100
AcDbEntity
  8
LOWER
100
AcDbLine
 10
219233.09197703487
 20
78127.6473102204
 30
1548.5873266925423
 11
219695.1996789737
 21
77679.95665605376
 31
1534.0883157621115
  0
LINE
  5
5F8
330
17
100
AcDbEntity
  8
LOWER
100
AcDbLine
 10
219695.1996789737
 20
77679.95665605376
 30
1534.0883157621115
 11
220157.30738091253
 21
77232.26600188712
 31
1519.7320480568847
  0
LINE
  5
5F9
330
17
100
AcDbEntity
  8
LOWER
100
AcDbLine
 10
220157.30738091253
 20
77232.26600188712
 30
1519.7320480568847
 11
220619.41508285137
 21
76784.57534772049
 31
1505.550244293576
  0
LINE
  5
5FA
330
17
100
AcDbEntity
  8
LOWER
100
AcDbLine
 10
220619.41508285137
 20
76784.57534772049
 30
1505.550244293576
 11
221081.5227847902
 21
76336.88469355386
 31
1491.574625188893
  0
LINE
  5
5FB
330
17
100
AcDbEntity
  8
LOWER
100
AcDbLine
 10
221081.5227847902
 20
76336.88469355386
 30
1491.574625188893
 11
221543.63048672906
 21
75889.19403938722
 31
1477.8369114595496
  0
LINE
  5
5FC
330
17
100
AcDbEntity
  8
LOWER
100
AcDbLine
 10
221543.63048672906
 20
75889.19403938722
 30
1477.8369114595496
 11
222005.7381886679
 21
75441.50338522058
 31
1464.3688238222578
  0
LINE
  5
5FD
330
17
100
AcDbEntity
  8
LOWER
100
AcDbLine
 10
222005.7381886679
 20
75441.50338522058
 30
1464.3688238222578
 11
222467.84589060672
 21
74993.81273105394
 31
1451.2020829937298
  0
LINE
  5
5FE
330
17
100
AcDbEntity
  8
LOWER
100
AcDbLine
 10
222467.84589060672
 20
74993.81273105394
 30
1451.2020829937298
 11
222929.95359254556
 21
74546.1220768873
 31
1438.3684096906777
  0
LINE
  5
5FF
330
17
100
AcDbEntity
  8
LOWER
100
AcDbLine
 10
222929.95359254556
 20
74546.1220768873
 30
1438.3684096906777
 11
223392.0612944844
 21
74098.43142272066
 31
1425.8995246298155
  0
LINE
  5
600
330
17
100
AcDbEntity
  8
LOWER
100
AcDbLine
 10
223392.0612944844
 20
74098.43142272066
 30
1425.8995246298155
 11
223854.16899642322
 21
73650.74076855402
 31
1413.8271485278503
  0
LINE
  5
601
330
17
100
AcDbEntity
  8
LOWER
100
AcDbLine
 10
223854.16899642322
 20
73650.74076855402
 30
1413.8271485278503
 11
224316.27669836205
 21
73203.0501143874
 31
1402.183002101497
  0
LINE
  5
602
330
17
100
AcDbEntity
  8
LOWER
100
AcDbLine
 10
224316.27669836205
 20
73203.0501143874
 30
1402.183002101497
 11
224778.3844003009
 21
72755.35946022074
 31
1390.9988060674675
  0
LINE
  5
603
330
17
100
AcDbEntity
  8
LOWER
100
AcDbLine
 10
224778.3844003009
 20
72755.35946022074
 30
1390.9988060674675
 11
225240.49210223972
 21
72307.6688060541
 31
1380.3062811424738
  0
LINE
  5
604
330
17
100
AcDbEntity
  8
LOWER
100
AcDbLine
 10
225240.49210223972
 20
72307.6688060541
 30
1380.3062811424738
 11
225702.59980417858
 21
71859.97815188748
 31
1370.137148043229
  0
LINE
  5
605
330
17
100
AcDbEntity
  8
LOWER
100
AcDbLine
 10
225702.59980417858
 20
71859.97815188748
 30
1370.137148043229
 11
226164.7075061174
 21
71412.28749772084
 31
1360.523127486442
  0
LINE
  5
606
330
17
100
AcDbEntity
  8
LOWER
100
AcDbLine
 10
226164.7075061174
 20
71412.28749772084
 30
1360.523127486442
 11
226626.81520805624
 21
70964.5968435542
 31
1351.4959401888264
  0
LINE
  5
607
330
17
100
AcDbEntity
  8
LOWER
100
AcDbLine
 10
226626.81520805624
 20
70964.5968435542
 30
1351.4959401888264
 11
227088.9229099951
 21
70516.90618938755
 31
1343.0873068670944
  0
LINE
  5
608
330
17
100
AcDbEntity
  8
LOWER
100
AcDbLine
 10
227088.9229099951
 20
70516.90618938755
 30
1343.0873068670944
 11
227551.03061193394
 21
70069.21553522094
 31
1335.3289482379578
  0
LINE
  5
609
330
17
100
AcDbEntity
  8
LOWER
100
AcDbLine
 10
227551.03061193394
 20
70069.21553522094
 30
1335.3289482379578
 11
228013.1383138728
 21
69621.52488105428
 31
1328.2525850181287
  0
LINE
  5
60A
330
17
100
AcDbEntity
  8
LOWER
100
AcDbLine
 10
228013.1383138728
 20
69621.52488105428
 30
1328.2525850181287
 11
228475.2460158116
 21
69173.83422688764
 31
1321.88993792432
  0
LINE
  5
60B
330
17
100
AcDbEntity
  8
LOWER
100
AcDbLine
 10
228475.2460158116
 20
69173.83422688764
 30
1321.88993792432
 11
228937.35371775046
 21
68726.14357272102
 31
1316.2727276732414
  0
LINE
  5
60C
330
17
100
AcDbEntity
  8
LOWER
100
AcDbLine
 10
228937.35371775046
 20
68726.14357272102
 30
1316.2727276732414
 11
229399.4614196893
 21
68278.45291855438
 31
1311.4326749816064
  0
LINE
  5
60D
330
17
100
AcDbEntity
  8
LOWER
100
AcDbLine
 10
229399.4614196893
 20
68278.45291855438
 30
1311.4326749816064
 11
229861.56912162813
 21
67830.76226438774
 31
1307.4015005661265
  0
LINE
  5
60E
330
17
100
AcDbEntity
  8
LOWER
100
AcDbLine
 10
229861.56912162813
 20
67830.76226438774
 30
1307.4015005661265
 11
230323.67682356696
 21
67383.0716102211
 31
1304.210925143514
  0
LINE
  5
60F
330
17
100
AcDbEntity
  8
LOWER
100
AcDbLine
 10
230323.67682356696
 20
67383.0716102211
 30
1304.210925143514
 11
230785.7845255058
 21
66935.38095605448
 31
1301.892669430481
  0
LINE
  5
610
330
17
100
AcDbEntity
  8
LOWER
100
AcDbLine
 10
230785.7845255058
 20
66935.38095605448
 30
1301.892669430481
 11
231247.89222744462
 21
66487.69030188782
 31
1300.478454143739
  0
LINE
  5
611
330
17
100
AcDbEntity
  8
LOWER
100
AcDbLine
 10
231247.89222744462
 20
66487.69030188782
 30
1300.478454143739
 11
231709.99992938346
 21
66039.99964772118
 31
1300.0
  0
LINE
  5
612
330
17
100
AcDbEntity
  8
LOWER
100
AcDbLine
 10
231709.99992938346
 20
66039.99964772118
 30
1300.0
 11
232133.375504825
 21
65585.01642221108
 31
1300.0
  0
LINE
  5
613
330
17
100
AcDbEntity
  8
LOWER
100
AcDbLine
 10
232133.375504825
 20
65585.01642221108
 30
1300.0
 11
232507.4147220784
 21
65088.67855610318
 31
1300.0
  0
LINE
  5
614
330
17
100
AcDbEntity
  8
LOWER
100
AcDbLine
 10
232507.4147220784
 20
65088.67855610318
 30
1300.0
 11
232828.104383329
 21
64556.31143226566
 31
1300.0
  0
LINE
  5
615
330
17
100
AcDbEntity
  8
LOWER
100
AcDbLine
 10
232828.104383329
 20
64556.31143226566
 30
1300.0
 11
233092.00369684066
 21
63993.62700409646
 31
1300.0
  0
LINE
  5
616
330
17
100
AcDbEntity
  8
LOWER
100
AcDbLine
 10
233092.00369684066
 20
63993.62700409646
 30
1300.0
 11
233296.28119441602
 21
63406.66250997403
 31
1300.0
  0
LINE
  5
617
330
17
100
AcDbEntity
  8
LOWER
100
AcDbLine
 10
233296.28119441602
 20
63406.66250997403
 30
1300.0
 11
233438.7451112105
 21
62801.71569761147
 31
1300.0
  0
LINE
  5
618
330
17
100
AcDbEntity
  8
LOWER
100
AcDbLine
 10
233438.7451112105
 20
62801.71569761147
 30
1300.0
 11
233517.8669019455
 21
62185.277253314765
 31
1300.0
  0
LINE
  5
619
330
17
100
AcDbEntity
  8
LOWER
100
AcDbLine
 10
233517.8669019455
 20
62185.277253314765
 30
1300.0
 11
233532.79764120624
 21
61563.96116113529
 31
1300.0
  0
LINE
  5
61A
330
17
100
AcDbEntity
  8
LOWER
100
AcDbLine
 10
233532.79764120624
 20
61563.96116113529
 30
1300.0
 11
233483.37713185983
 21
60944.433739117514
 31
1300.0
  0
LINE
  5
61B
330
17
100
AcDbEntity
  8
LOWER
100
AcDbLine
 10
233483.37713185983
 20
60944.433739117514
 30
1300.0
 11
233370.13562386663
 21
60333.342114037056
 31
1300.0
  0
LINE
  5
61C
330
17
100
AcDbEntity
  8
LOWER
100
AcDbLine
 10
233370.13562386663
 20
60333.342114037056
 30
1300.0
 11
233194.2881250425
 21
59737.24290204853
 31
1300.0
  0
LINE
  5
61D
330
17
100
AcDbEntity
  8
LOWER
100
AcDbLine
 10
233194.2881250425
 20
59737.24290204853
 30
1300.0
 11
232957.7213648143
 21
59162.531860453564
 31
1300.0
  0
LINE
  5
61E
330
17
100
AcDbEntity
  8
LOWER
100
AcDbLine
 10
232957.7213648143
 20
59162.531860453564
 30
1300.0
 11
232662.97355083874
 21
58615.37526537984
 31
1300.0
  0
LINE
  5
61F
330
17
100
AcDbEntity
  8
LOWER
100
AcDbLine
 10
232662.97355083874
 20
58615.37526537984
 30
1300.0
 11
232313.2071356832
 21
58101.643751644006
 31
1300.0
  0
LINE
  5
620
330
17
100
AcDbEntity
  8
LOWER
100
AcDbLine
 10
232313.2071356832
 20
58101.643751644006
 30
1300.0
 11
231912.17488576417
 21
57626.84932465385
 31
1300.0
  0
LINE
  5
621
330
17
100
AcDbEntity
  8
LOWER
100
AcDbLine
 10
231912.17488576417
 20
57626.84932465385
 30
1300.0
 11
231464.17961660126
 21
57196.086220171
 31
1300.0
  0
LINE
  5
622
330
17
100
AcDbEntity
  8
LOWER
100
AcDbLine
 10
231464.17961660126
 20
57196.086220171
 30
1300.0
 11
231086.2982444954
 21
56868.664568575165
 31
1300.0
  0
LINE
  5
623
330
17
100
AcDbEntity
  8
LOWER
100
AcDbLine
 10
231086.2982444954
 20
56868.664568575165
 30
1300.0
 11
230708.4168723896
 21
56541.242916979325
 31
1300.0
  0
LINE
  5
624
330
17
100
AcDbEntity
  8
LOWER
100
AcDbLine
 10
230708.4168723896
 20
56541.242916979325
 30
1300.0
 11
230330.5355002838
 21
56213.8212653835
 31
1300.0
  0
LINE
  5
625
330
17
100
AcDbEntity
  8
LOWER
100
AcDbLine
 10
230330.5355002838
 20
56213.8212653835
 30
1300.0
 11
229952.654128178
 21
55886.39961378767
 31
1300.0
  0
LINE
  5
626
330
17
100
AcDbEntity
  8
LOWER
100
AcDbLine
 10
229952.654128178
 20
55886.39961378767
 30
1300.0
 11
229454.60905571998
 21
55477.74255893849
 31
1300.0
  0
LINE
  5
627
330
17
100
AcDbEntity
  8
LOWER
100
AcDbLine
 10
229454.60905571998
 20
55477.74255893849
 30
1300.0
 11
228935.35009501697
 21
55096.40332097925
 31
1300.0
  0
LINE
  5
628
330
17
100
AcDbEntity
  8
LOWER
100
AcDbLine
 10
228935.35009501697
 20
55096.40332097925
 30
1300.0
 11
228396.3738999788
 21
54743.48102944773
 31
1300.0
  0
LINE
  5
629
330
17
100
AcDbEntity
  8
LOWER
100
AcDbLine
 10
228396.3738999788
 20
54743.48102944773
 30
1300.0
 11
227839.23395526462
 21
54419.992908055916
 31
1300.0
  0
LINE
  5
62A
330
17
100
AcDbEntity
  8
LOWER
100
AcDbLine
 10
227839.23395526462
 20
54419.992908055916
 30
1300.0
 11
227265.5360986928
 21
54126.871342758226
 31
1300.0
  0
LINE
  5
62B
330
17
100
AcDbEntity
  8
LOWER
100
AcDbLine
 10
227265.5360986928
 20
54126.871342758226
 30
1300.0
 11
226676.9338927534
 21
53864.96119434659
 31
1300.0
  0
LINE
  5
62C
330
17
100
AcDbEntity
  8
LOWER
100
AcDbLine
 10
226676.9338927534
 20
53864.96119434659
 30
1300.0
 11
226075.12385856512
 21
53635.01736331828
 31
1300.0
  0
LINE
  5
62D
330
17
100
AcDbEntity
  8
LOWER
100
AcDbLine
 10
226075.12385856512
 20
53635.01736331828
 30
1300.0
 11
225461.84058601232
 21
53437.70261403517
 31
1300.0
  0
LINE
  5
62E
330
17
100
AcDbEntity
  8
LOWER
100
AcDbLine
 10
225461.84058601232
 20
53437.70261403517
 30
1300.0
 11
224838.85173415762
 21
53273.585664446
 31
1300.0
  0
LINE
  5
62F
330
17
100
AcDbEntity
  8
LOWER
100
AcDbLine
 10
224838.85173415762
 20
53273.585664446
 30
1300.0
 11
224207.95293633902
 21
53143.13954687733
 31
1300.0
  0
LINE
  5
630
330
17
100
AcDbEntity
  8
LOWER
100
AcDbLine
 10
224207.95293633902
 20
53143.13954687733
 30
1300.0
 11
223570.96262463747
 21
53046.74024461815
 31
1300.0
  0
LINE
  5
631
330
17
100
AcDbEntity
  8
LOWER
100
AcDbLine
 10
223570.96262463747
 20
53046.74024461815
 30
1300.0
 11
222929.71678863175
 21
52984.66560822771
 31
1300.0
  0
LINE
  5
632
330
17
100
AcDbEntity
  8
LOWER
100
AcDbLine
 10
222929.71678863175
 20
52984.66560822771
 30
1300.0
 11
222286.06368354752
 21
52957.094554690186
 31
1300.0
  0
LINE
  5
633
330
17
100
AcDbEntity
  8
LOWER
100
AcDbLine
 10
222286.06368354752
 20
52957.094554690186
 30
1300.0
 11
221641.85850305355
 21
52964.106551724384
 31
1300.0
  0
LINE
  5
634
330
17
100
AcDbEntity
  8
LOWER
100
AcDbLine
 10
221641.85850305355
 20
52964.106551724384
 30
1300.0
 11
220998.9580320588
 21
53005.68138873487
 31
1300.0
  0
LINE
  5
635
330
17
100
AcDbEntity
  8
LOWER
100
AcDbLine
 10
220998.9580320588
 20
53005.68138873487
 30
1300.0
 11
220359.21529492375
 21
53081.69923506476
 31
1300.0
  0
LINE
  5
636
330
17
100
AcDbEntity
  8
LOWER
100
AcDbLine
 10
220359.21529492375
 20
53081.69923506476
 30
1300.0
 11
219724.47421451012
 21
53191.94098538214
 31
1300.0
  0
LINE
  5
637
330
17
100
AcDbEntity
  8
LOWER
100
AcDbLine
 10
219724.47421451012
 20
53191.94098538214
 30
1300.0
 11
219096.5632617216
 21
53336.08915843829
 31
1300.0
  0
LINE
  5
638
330
17
100
AcDbEntity
  8
LOWER
100
AcDbLine
 10
219096.5632617216
 20
53336.08915843829
 30
1300.0
 11
218477.2936768048
 21
53513.72794899474
 31
1300.0
  0
LINE
  5
639
330
17
100
AcDbEntity
  8
LOWER
100
AcDbLine
 10
218477.2936768048
 20
53513.72794899474
 30
1300.0
 11
217868.45000786625
 21
53724.34548270644
 31
1300.0
  0
LINE
  5
63A
330
17
100
AcDbEntity
  8
LOWER
100
AcDbLine
 10
217868.45000786625
 20
53724.34548270644
 30
1300.0
 11
217271.78712145585
 21
53967.334697886436
 31
1300.0
  0
LINE
  5
63B
330
17
100
AcDbEntity
  8
LOWER
100
AcDbLine
 10
217271.78712145585
 20
53967.334697886436
 30
1300.0
 11
216689.02477552523
 21
54241.99522813943
 31
1300.0
  0
LINE
  5
63C
330
17
100
AcDbEntity
  8
LOWER
100
AcDbLine
 10
216689.02477552523
 20
54241.99522813943
 30
1300.0
 11
216121.8426625795
 21
54547.53542102373
 31
1300.0
  0
LINE
  5
63D
330
17
100
AcDbEntity
  8
LOWER
100
AcDbLine
 10
216121.8426625795
 20
54547.53542102373
 30
1300.0
 11
215571.87556830907
 21
54883.0746198264
 31
1300.0
  0
LINE
  5
63E
330
17
100
AcDbEntity
  8
LOWER
100
AcDbLine
 10
215571.87556830907
 20
54883.0746198264
 30
1300.0
 11
215040.70865965678
 21
55247.645701875066
 31
1300.0
  0
LINE
  5
63F
330
17
100
AcDbEntity
  8
LOWER
100
AcDbLine
 10
215040.70865965678
 20
55247.645701875066
 30
1300.0
 11
214529.87291590017
 21
55640.19786606985
 31
1300.0
  0
LINE
  5
640
330
17
100
AcDbEntity
  8
LOWER
100
AcDbLine
 10
214529.87291590017
 20
55640.19786606985
 30
1300.0
 11
214040.84071591904
 21
56059.599661601314
 31
1300.0
  0
LINE
  5
641
330
17
100
AcDbEntity
  8
LOWER
100
AcDbLine
 10
214040.84071591904
 20
56059.599661601314
 30
1300.0
 11
213575.02159436635
 21
56504.642249124416
 31
1300.0
  0
LINE
  5
642
330
17
100
AcDbEntity
  8
LOWER
100
AcDbLine
 10
213575.02159436635
 20
56504.642249124416
 30
1300.0
 11
213133.7581789747
 21
56974.04288498923
 31
1300.0
  0
LINE
  5
643
330
17
100
AcDbEntity
  8
LOWER
100
AcDbLine
 10
213133.7581789747
 20
56974.04288498923
 30
1300.0
 11
212718.32232070834
 21
57466.448618485345
 31
1300.0
  0
LINE
  5
644
330
17
100
AcDbEntity
  8
LOWER
100
AcDbLine
 10
212718.32232070834
 20
57466.448618485345
 30
1300.0
 11
212329.91142791437
 21
57980.44019144388
 31
1300.0
  0
LINE
  5
645
330
17
100
AcDbEntity
  8
LOWER
100
AcDbLine
 10
212329.91142791437
 20
57980.44019144388
 30
1300.0
 11
211969.64501503995
 21
58514.53612895697
 31
1300.0
  0
LINE
  5
646
330
17
100
AcDbEntity
  8
LOWER
100
AcDbLine
 10
211969.64501503995
 20
58514.53612895697
 30
1300.0
 11
211638.56147586217
 21
59067.197009424264
 31
1300.0
  0
LINE
  5
647
330
17
100
AcDbEntity
  8
LOWER
100
AcDbLine
 10
211638.56147586217
 20
59067.197009424264
 30
1300.0
 11
211337.61509053165
 21
59636.82990161876
 31
1300.0
  0
LINE
  5
648
330
17
100
AcDbEntity
  8
LOWER
100
AcDbLine
 10
211337.61509053165
 20
59636.82990161876
 30
1300.0
 11
211067.67327505662
 21
60221.79295598326
 31
1300.0
  0
LINE
  5
649
330
17
100
AcDbEntity
  8
LOWER
100
AcDbLine
 10
211067.67327505662
 20
60221.79295598326
 30
1300.0
 11
210829.51408115483
 21
60820.40013692367
 31
1300.0
  0
LINE
  5
64A
330
17
100
AcDbEntity
  8
LOWER
100
AcDbLine
 10
210829.51408115483
 20
60820.40013692367
 30
1300.0
 11
210612.1713750304
 21
61412.48455187245
 31
1295.9906691937597
  0
LINE
  5
64B
330
17
100
AcDbEntity
  8
LOWER
100
AcDbLine
 10
210612.1713750304
 20
61412.48455187245
 30
1295.9906691937597
 11
210394.82866890598
 21
62004.56896682122
 31
1284.5458521650376
  0
LINE
  5
64C
330
17
100
AcDbEntity
  8
LOWER
100
AcDbLine
 10
210394.82866890598
 20
62004.56896682122
 30
1284.5458521650376
 11
210177.48596278153
 21
62596.65338177
 31
1266.540311998835
  0
LINE
  5
64D
330
17
100
AcDbEntity
  8
LOWER
100
AcDbLine
 10
210177.48596278153
 20
62596.65338177
 30
1266.540311998835
 11
209960.14325665712
 21
63188.73779671878
 31
1242.8488117801437
  0
LINE
  5
64E
330
17
100
AcDbEntity
  8
LOWER
100
AcDbLine
 10
209960.14325665712
 20
63188.73779671878
 30
1242.8488117801437
 11
209742.8005505327
 21
63780.822211667546
 31
1214.3461145939639
  0
LINE
  5
64F
330
17
100
AcDbEntity
  8
LOWER
100
AcDbLine
 10
209742.8005505327
 20
63780.822211667546
 30
1214.3461145939639
 11
209525.45784440826
 21
64372.90662661633
 31
1181.9069835252938
  0
LINE
  5
650
330
17
100
AcDbEntity
  8
LOWER
100
AcDbLine
 10
209525.45784440826
 20
64372.90662661633
 30
1181.9069835252938
 11
209308.1151382838
 21
64964.991041565096
 31
1146.4061816591309
  0
LINE
  5
651
330
17
100
AcDbEntity
  8
LOWER
100
AcDbLine
 10
209308.1151382838
 20
64964.991041565096
 30
1146.4061816591309
 11
209090.7724321594
 21
65557.07545651388
 31
1108.7184720804803
  0
LINE
  5
652
330
17
100
AcDbEntity
  8
LOWER
100
AcDbLine
 10
209090.7724321594
 20
65557.07545651388
 30
1108.7184720804803
 11
208873.42972603498
 21
66149.15987146266
 31
1069.7186178743266
  0
LINE
  5
653
330
17
100
AcDbEntity
  8
LOWER
100
AcDbLine
 10
208873.42972603498
 20
66149.15987146266
 30
1069.7186178743266
 11
208656.08701991057
 21
66741.24428641143
 31
1030.2813821256736
  0
LINE
  5
654
330
17
100
AcDbEntity
  8
LOWER
100
AcDbLine
 10
208656.08701991057
 20
66741.24428641143
 30
1030.2813821256736
 11
208438.74431378616
 21
67333.3287013602
 31
991.2815279195196
  0
LINE
  5
655
330
17
100
AcDbEntity
  8
LOWER
100
AcDbLine
 10
208438.74431378616
 20
67333.3287013602
 30
991.2815279195196
 11
208221.4016076617
 21
67925.41311630898
 31
953.5938183408625
  0
LINE
  5
656
330
17
100
AcDbEntity
  8
LOWER
100
AcDbLine
 10
208221.4016076617
 20
67925.41311630898
 30
953.5938183408625
 11
208004.0589015373
 21
68517.49753125776
 31
918.0930164747066
  0
LINE
  5
657
330
17
100
AcDbEntity
  8
LOWER
100
AcDbLine
 10
208004.0589015373
 20
68517.49753125776
 30
918.0930164747066
 11
207786.71619541285
 21
69109.58194620653
 31
885.6538854060362
  0
LINE
  5
658
330
17
100
AcDbEntity
  8
LOWER
100
AcDbLine
 10
207786.71619541285
 20
69109.58194620653
 30
885.6538854060362
 11
207569.37348928844
 21
69701.66636115531
 31
857.1511882198565
  0
LINE
  5
659
330
17
100
AcDbEntity
  8
LOWER
100
AcDbLine
 10
207569.37348928844
 20
69701.66636115531
 30
857.1511882198565
 11
207352.030783164
 21
70293.75077610408
 31
833.459688001165
  0
LINE
  5
65A
330
17
100
AcDbEntity
  8
LOWER
100
AcDbLine
 10
207352.030783164
 20
70293.75077610408
 30
833.459688001165
 11
207134.68807703958
 21
70885.83519105284
 31
815.4541478349598
  0
LINE
  5
65B
330
17
100
AcDbEntity
  8
LOWER
100
AcDbLine
 10
207134.68807703958
 20
70885.83519105284
 30
815.4541478349598
 11
206917.34537091514
 21
71477.91960600164
 31
804.0093308062404
  0
LINE
  5
65C
330
17
100
AcDbEntity
  8
LOWER
100
AcDbLine
 10
206917.34537091514
 20
71477.91960600164
 30
804.0093308062404
 11
206700.00266479072
 21
72070.00402095041
 31
800.0
  0
LINE
  5
65D
330
17
100
AcDbEntity
  8
LOWER
100
AcDbLine
 10
206700.00266479072
 20
72070.00402095041
 30
800.0
 11
206450.26058663643
 21
72664.23029081535
 31
800.0
  0
LINE
  5
65E
330
17
100
AcDbEntity
  8
LOWER
100
AcDbLine
 10
206450.26058663643
 20
72664.23029081535
 30
800.0
 11
206146.9177632029
 21
73232.96493620792
 31
800.0
  0
LINE
  5
65F
330
17
100
AcDbEntity
  8
LOWER
100
AcDbLine
 10
206146.9177632029
 20
73232.96493620792
 30
800.0
 11
205792.54626902912
 21
73771.3855984373
 31
800.0
  0
LINE
  5
660
330
17
100
AcDbEntity
  8
LOWER
100
AcDbLine
 10
205792.54626902912
 20
73771.3855984373
 30
800.0
 11
205390.1508559244
 21
74274.92695414774
 31
800.0
  0
LINE
  5
661
330
17
100
AcDbEntity
  8
LOWER
100
AcDbLine
 10
205390.1508559244
 20
74274.92695414774
 30
800.0
 11
204943.14347537304
 21
74739.31942515801
 31
800.0
  0
LINE
  5
662
330
17
100
AcDbEntity
  8
LOWER
100
AcDbLine
 10
204943.14347537304
 20
74739.31942515801
 30
800.0
 11
204455.31434825202
 21
75160.62538064737
 31
800.0
  0
LINE
  5
663
330
17
100
AcDbEntity
  8
LOWER
100
AcDbLine
 10
204455.31434825202
 20
75160.62538064737
 30
800.0
 11
203930.79982716424
 21
75535.2725247263
 31
800.0
  0
LINE
  5
664
330
17
100
AcDbEntity
  8
LOWER
100
AcDbLine
 10
203930.79982716424
 20
75535.2725247263
 30
800.0
 11
203374.0473238855
 21
75860.08418629543
 31
800.0
  0
LINE
  5
665
330
17
100
AcDbEntity
  8
LOWER
100
AcDbLine
 10
203374.0473238855
 20
75860.08418629543
 30
800.0
 11
202789.77759930943
 21
76132.30625436163
 31
800.0
  0
LINE
  5
666
330
17
100
AcDbEntity
  8
LOWER
100
AcDbLine
 10
202789.77759930943
 20
76132.30625436163
 30
800.0
 11
202182.94473563746
 21
76349.63053042423
 31
800.0
  0
LINE
  5
667
330
17
100
AcDbEntity
  8
LOWER
100
AcDbLine
 10
202182.94473563746
 20
76349.63053042423
 30
800.0
 11
201558.6941302139
 21
76510.21429992402
 31
800.0
  0
LINE
  5
668
330
17
100
AcDbEntity
  8
LOWER
100
AcDbLine
 10
201558.6941302139
 20
76510.21429992402
 30
800.0
 11
200922.31886718035
 21
76612.6959568067
 31
800.0
  0
LINE
  5
669
330
17
100
AcDbEntity
  8
LOWER
100
AcDbLine
 10
200922.31886718035
 20
76612.6959568067
 30
800.0
 11
200279.21483687893
 21
76656.20654871863
 31
800.0
  0
LINE
  5
66A
330
17
100
AcDbEntity
  8
LOWER
100
AcDbLine
 10
200279.21483687893
 20
76656.20654871863
 30
800.0
 11
199634.83498355132
 21
76640.37714494186
 31
800.0
  0
LINE
  5
66B
330
17
100
AcDbEntity
  8
LOWER
100
AcDbLine
 10
199634.83498355132
 20
76640.37714494186
 30
800.0
 11
198994.6430692719
 21
76565.34196459506
 31
800.0
  0
LINE
  5
66C
330
17
100
AcDbEntity
  8
LOWER
100
AcDbLine
 10
198994.6430692719
 20
76565.34196459506
 30
800.0
 11
198364.0673461554
 21
76431.73723857608
 31
800.0
  0
LINE
  5
66D
330
17
100
AcDbEntity
  8
LOWER
100
AcDbLine
 10
198364.0673461554
 20
76431.73723857608
 30
800.0
 11
197748.45452965744
 21
76240.69581489562
 31
800.0
  0
LINE
  5
66E
330
17
100
AcDbEntity
  8
LOWER
100
AcDbLine
 10
197748.45452965744
 20
76240.69581489562
 30
800.0
 11
197153.02446323194
 21
75993.83755314416
 31
800.0
  0
LINE
  5
66F
330
17
100
AcDbEntity
  8
LOWER
100
AcDbLine
 10
197153.02446323194
 20
75993.83755314416
 30
800.0
 11
196635.79833110783
 21
75750.92109321342
 31
800.0
  0
LINE
  5
670
330
17
100
AcDbEntity
  8
LOWER
100
AcDbLine
 10
196635.79833110783
 20
75750.92109321342
 30
800.0
 11
196118.5721989837
 21
75508.00463328268
 31
800.0
  0
LINE
  5
671
330
17
100
AcDbEntity
  8
LOWER
100
AcDbLine
 10
196118.5721989837
 20
75508.00463328268
 30
800.0
 11
195601.34606685958
 21
75265.08817335193
 31
800.0
  0
LINE
  5
672
330
17
100
AcDbEntity
  8
LOWER
100
AcDbLine
 10
195601.34606685958
 20
75265.08817335193
 30
800.0
 11
195084.11993473547
 21
75022.17171342121
 31
800.0
  0
LINE
  5
673
330
17
100
AcDbEntity
  8
LOWER
100
AcDbLine
 10
195084.11993473547
 20
75022.17171342121
 30
800.0
 11
194566.89380261133
 21
74779.25525349047
 31
800.0
  0
LINE
  5
674
330
17
100
AcDbEntity
  8
LOWER
100
AcDbLine
 10
194566.89380261133
 20
74779.25525349047
 30
800.0
 11
194049.66767048722
 21
74536.33879355973
 31
800.0
  0
LINE
  5
675
330
17
100
AcDbEntity
  8
LOWER
100
AcDbLine
 10
194049.66767048722
 20
74536.33879355973
 30
800.0
 11
193532.4415383631
 21
74293.42233362899
 31
800.0
  0
LINE
  5
676
330
17
100
AcDbEntity
  8
LOWER
100
AcDbLine
 10
193532.4415383631
 20
74293.42233362899
 30
800.0
 11
192961.39055832467
 21
73992.339503429
 31
800.0
  0
LINE
  5
677
330
17
100
AcDbEntity
  8
LOWER
100
AcDbLine
 10
192961.39055832467
 20
73992.339503429
 30
800.0
 11
192420.50526469166
 21
73639.92895935343
 31
800.0
  0
LINE
  5
678
330
17
100
AcDbEntity
  8
LOWER
100
AcDbLine
 10
192420.50526469166
 20
73639.92895935343
 30
800.0
 11
191914.38594309925
 21
73239.1879897048
 31
800.0
  0
LINE
  5
679
330
17
100
AcDbEntity
  8
LOWER
100
AcDbLine
 10
191914.38594309925
 20
73239.1879897048
 30
800.0
 11
191447.33719097724
 21
72793.52493807793
 31
800.0
  0
LINE
  5
67A
330
17
100
AcDbEntity
  8
LOWER
100
AcDbLine
 10
191447.33719097724
 20
72793.52493807793
 30
800.0
 11
191023.33130650164
 21
72306.73021504348
 31
800.0
  0
LINE
  5
67B
330
17
100
AcDbEntity
  8
LOWER
100
AcDbLine
 10
191023.33130650164
 20
72306.73021504348
 30
800.0
 11
190645.97450378575
 21
71782.94406031225
 31
800.0
  0
LINE
  5
67C
330
17
100
AcDbEntity
  8
LOWER
100
AcDbLine
 10
190645.97450378575
 20
71782.94406031225
 30
800.0
 11
190318.47624165437
 21
71226.62132956594
 31
800.0
  0
LINE
  5
67D
330
17
100
AcDbEntity
  8
LOWER
100
AcDbLine
 10
190318.47624165437
 20
71226.62132956594
 30
800.0
 11
190043.621926863
 21
70642.49360544674
 31
800.0
  0
LINE
  5
67E
330
17
100
AcDbEntity
  8
LOWER
100
AcDbLine
 10
190043.621926863
 20
70642.49360544674
 30
800.0
 11
189823.74922392386
 21
70035.5289549552
 31
800.0
  0
LINE
  5
67F
330
17
100
AcDbEntity
  8
LOWER
100
AcDbLine
 10
189823.74922392386
 20
70035.5289549552
 30
800.0
 11
189660.72817302623
 21
69410.88967552398
 31
800.0
  0
LINE
  5
680
330
17
100
AcDbEntity
  8
LOWER
100
AcDbLine
 10
189660.72817302623
 20
69410.88967552398
 30
800.0
 11
189555.94528515032
 21
68773.88838914187
 31
800.0
  0
LINE
  5
681
330
17
100
AcDbEntity
  8
LOWER
100
AcDbLine
 10
189555.94528515032
 20
68773.88838914187
 30
800.0
 11
189510.2917496474
 21
68129.94285795139
 31
800.0
  0
LINE
  5
682
330
17
100
AcDbEntity
  8
LOWER
100
AcDbLine
 10
189510.2917496474
 20
68129.94285795139
 30
800.0
 11
189524.15585458156
 21
67484.52990561894
 31
800.0
  0
LINE
  5
683
330
17
100
AcDbEntity
  8
LOWER
100
AcDbLine
 10
189524.15585458156
 20
67484.52990561894
 30
800.0
 11
189597.4196842994
 21
66843.13883638025
 31
800.0
  0
LINE
  5
684
330
17
100
AcDbEntity
  8
LOWER
100
AcDbLine
 10
189597.4196842994
 20
66843.13883638025
 30
800.0
 11
189729.46012231515
 21
66211.22474793727
 31
800.0
  0
LINE
  5
685
330
17
100
AcDbEntity
  8
LOWER
100
AcDbLine
 10
189729.46012231515
 20
66211.22474793727
 30
800.0
 11
189919.15415098082
 21
65594.16213528544
 31
800.0
  0
LINE
  5
686
330
17
100
AcDbEntity
  8
LOWER
100
AcDbLine
 10
189919.15415098082
 20
65594.16213528544
 30
800.0
 11
190164.88840286818
 21
64997.19918007511
 31
800.0
  0
LINE
  5
687
330
17
100
AcDbEntity
  8
LOWER
100
AcDbLine
 10
190164.88840286818
 20
64997.19918007511
 30
800.0
 11
190464.57288262638
 21
64425.41311428114
 31
800.0
  0
LINE
  5
688
330
17
100
AcDbEntity
  8
LOWER
100
AcDbLine
 10
190464.57288262638
 20
64425.41311428114
 30
800.0
 11
190815.65874260972
 21
63883.667037817395
 31
800.0
  0
LINE
  5
689
330
17
100
AcDbEntity
  8
LOWER
100
AcDbLine
 10
190815.65874260972
 20
63883.667037817395
 30
800.0
 11
191215.1599610915
 21
63376.568557366445
 31
800.0
  0
LINE
  5
68A
330
17
100
AcDbEntity
  8
LOWER
100
AcDbLine
 10
191215.1599610915
 20
63376.568557366445
 30
800.0
 11
191639.8933244389
 21
62885.803581442895
 31
799.4672000000003
  0
LINE
  5
68B
330
17
100
AcDbEntity
  8
LOWER
100
AcDbLine
 10
191639.8933244389
 20
62885.803581442895
 30
799.4672000000003
 11
192064.62668778628
 21
62395.03860551934
 31
797.8976000000001
  0
LINE
  5
68C
330
17
100
AcDbEntity
  8
LOWER
100
AcDbLine
 10
192064.62668778628
 20
62395.03860551934
 30
797.8976000000001
 11
192489.36005113367
 21
61904.27362959579
 31
795.3344000000005
  0
LINE
  5
68D
330
17
100
AcDbEntity
  8
LOWER
100
AcDbLine
 10
192489.36005113367
 20
61904.27362959579
 30
795.3344000000005
 11
192914.09341448106
 21
61413.50865367223
 31
791.8208
  0
LINE
  5
68E
330
17
100
AcDbEntity
  8
LOWER
100
AcDbLine
 10
192914.09341448106
 20
61413.50865367223
 30
791.8208
 11
193338.82677782845
 21
60922.74367774868
 31
787.4000000000009
  0
LINE
  5
68F
330
17
100
AcDbEntity
  8
LOWER
100
AcDbLine
 10
193338.82677782845
 20
60922.74367774868
 30
787.4000000000009
 11
193763.56014117584
 21
60431.97870182512
 31
782.1152
  0
LINE
  5
690
330
17
100
AcDbEntity
  8
LOWER
100
AcDbLine
 10
193763.56014117584
 20
60431.97870182512
 30
782.1152
 11
194188.29350452323
 21
59941.21372590157
 31
776.0096000000012
  0
LINE
  5
691
330
17
100
AcDbEntity
  8
LOWER
100
AcDbLine
 10
194188.29350452323
 20
59941.21372590157
 30
776.0096000000012
 11
194613.02686787062
 21
59450.44874997802
 31
769.1264
  0
LINE
  5
692
330
17
100
AcDbEntity
  8
LOWER
100
AcDbLine
 10
194613.02686787062
 20
59450.44874997802
 30
769.1264
 11
195037.76023121798
 21
58959.683774054465
 31
761.5088000000014
  0
LINE
  5
693
330
17
100
AcDbEntity
  8
LOWER
100
AcDbLine
 10
195037.76023121798
 20
58959.683774054465
 30
761.5088000000014
 11
195462.4935945654
 21
58468.918798130915
 31
753.1999999999999
  0
LINE
  5
694
330
17
100
AcDbEntity
  8
LOWER
100
AcDbLine
 10
195462.4935945654
 20
58468.918798130915
 30
753.1999999999999
 11
195887.22695791276
 21
57978.15382220736
 31
744.2432000000017
  0
LINE
  5
695
330
17
100
AcDbEntity
  8
LOWER
100
AcDbLine
 10
195887.22695791276
 20
57978.15382220736
 30
744.2432000000017
 11
196311.96032126015
 21
57487.38884628381
 31
734.6816
  0
LINE
  5
696
330
17
100
AcDbEntity
  8
LOWER
100
AcDbLine
 10
196311.96032126015
 20
57487.38884628381
 30
734.6816
 11
196736.69368460754
 21
56996.62387036025
 31
724.5584000000018
  0
LINE
  5
697
330
17
100
AcDbEntity
  8
LOWER
100
AcDbLine
 10
196736.69368460754
 20
56996.62387036025
 30
724.5584000000018
 11
197161.42704795493
 21
56505.8588944367
 31
713.9168
  0
LINE
  5
698
330
17
100
AcDbEntity
  8
LOWER
100
AcDbLine
 10
197161.42704795493
 20
56505.8588944367
 30
713.9168
 11
197586.16041130232
 21
56015.09391851314
 31
702.800000000002
  0
LINE
  5
699
330
17
100
AcDbEntity
  8
LOWER
100
AcDbLine
 10
197586.16041130232
 20
56015.09391851314
 30
702.800000000002
 11
198010.8937746497
 21
55524.32894258959
 31
691.2512
  0
LINE
  5
69A
330
17
100
AcDbEntity
  8
LOWER
100
AcDbLine
 10
198010.8937746497
 20
55524.32894258959
 30
691.2512
 11
198435.6271379971
 21
55033.563966666035
 31
679.3136000000022
  0
LINE
  5
69B
330
17
100
AcDbEntity
  8
LOWER
100
AcDbLine
 10
198435.6271379971
 20
55033.563966666035
 30
679.3136000000022
 11
198860.36050134446
 21
54542.798990742485
 31
667.0304
  0
LINE
  5
69C
330
17
100
AcDbEntity
  8
LOWER
100
AcDbLine
 10
198860.36050134446
 20
54542.798990742485
 30
667.0304
 11
199285.09386469188
 21
54052.03401481893
 31
654.4448000000023
  0
LINE
  5
69D
330
17
100
AcDbEntity
  8
LOWER
100
AcDbLine
 10
199285.09386469188
 20
54052.03401481893
 30
654.4448000000023
 11
199709.82722803924
 21
53561.26903889538
 31
641.5999999999999
  0
LINE
  5
69E
330
17
100
AcDbEntity
  8
LOWER
100
AcDbLine
 10
199709.82722803924
 20
53561.26903889538
 30
641.5999999999999
 11
200134.56059138663
 21
53070.50406297182
 31
628.5392000000023
  0
LINE
  5
69F
330
17
100
AcDbEntity
  8
LOWER
100
AcDbLine
 10
200134.56059138663
 20
53070.50406297182
 30
628.5392000000023
 11
200559.29395473402
 21
52579.73908704827
 31
615.3056
  0
LINE
  5
6A0
330
17
100
AcDbEntity
  8
LOWER
100
AcDbLine
 10
200559.29395473402
 20
52579.73908704827
 30
615.3056
 11
200984.0273180814
 21
52088.97411112471
 31
601.9424000000023
  0
LINE
  5
6A1
330
17
100
AcDbEntity
  8
LOWER
100
AcDbLine
 10
200984.0273180814
 20
52088.97411112471
 30
601.9424000000023
 11
201408.76068142883
 21
51598.20913520116
 31
588.4928
  0
LINE
  5
6A2
330
17
100
AcDbEntity
  8
LOWER
100
AcDbLine
 10
201408.76068142883
 20
51598.20913520116
 30
588.4928
 11
201833.4940447762
 21
51107.444159277606
 31
575.0000000000024
  0
LINE
  5
6A3
330
17
100
AcDbEntity
  8
LOWER
100
AcDbLine
 10
201833.4940447762
 20
51107.444159277606
 30
575.0000000000024
 11
202258.22740812355
 21
50616.67918335405
 31
561.5072
  0
LINE
  5
6A4
330
17
100
AcDbEntity
  8
LOWER
100
AcDbLine
 10
202258.22740812355
 20
50616.67918335405
 30
561.5072
 11
202682.96077147097
 21
50125.914207430505
 31
548.0576000000024
  0
LINE
  5
6A5
330
17
100
AcDbEntity
  8
LOWER
100
AcDbLine
 10
202682.96077147097
 20
50125.914207430505
 30
548.0576000000024
 11
203107.69413481836
 21
49635.14923150694
 31
534.6944
  0
LINE
  5
6A6
330
17
100
AcDbEntity
  8
LOWER
100
AcDbLine
 10
203107.69413481836
 20
49635.14923150694
 30
534.6944
 11
203532.42749816572
 21
49144.3842555834
 31
521.4608000000022
  0
LINE
  5
6A7
330
17
100
AcDbEntity
  8
LOWER
100
AcDbLine
 10
203532.42749816572
 20
49144.3842555834
 30
521.4608000000022
 11
203957.16086151314
 21
48653.61927965984
 31
508.4
  0
LINE
  5
6A8
330
17
100
AcDbEntity
  8
LOWER
100
AcDbLine
 10
203957.16086151314
 20
48653.61927965984
 30
508.4
 11
204381.8942248605
 21
48162.85430373629
 31
495.5552000000023
  0
LINE
  5
6A9
330
17
100
AcDbEntity
  8
LOWER
100
AcDbLine
 10
204381.8942248605
 20
48162.85430373629
 30
495.5552000000023
 11
204806.6275882079
 21
47672.08932781273
 31
482.9696
  0
LINE
  5
6AA
330
17
100
AcDbEntity
  8
LOWER
100
AcDbLine
 10
204806.6275882079
 20
47672.08932781273
 30
482.9696
 11
205231.36095155528
 21
47181.32435188918
 31
470.6864000000021
  0
LINE
  5
6AB
330
17
100
AcDbEntity
  8
LOWER
100
AcDbLine
 10
205231.36095155528
 20
47181.32435188918
 30
470.6864000000021
 11
205656.09431490267
 21
46690.559375965626
 31
458.74879999999996
  0
LINE
  5
6AC
330
17
100
AcDbEntity
  8
LOWER
100
AcDbLine
 10
205656.09431490267
 20
46690.559375965626
 30
458.74879999999996
 11
206080.82767825003
 21
46199.794400042076
 31
447.200000000002
  0
LINE
  5
6AD
330
17
100
AcDbEntity
  8
LOWER
100
AcDbLine
 10
206080.82767825003
 20
46199.794400042076
 30
447.200000000002
 11
206505.56104159745
 21
45709.02942411852
 31
436.0832
  0
LINE
  5
6AE
330
17
100
AcDbEntity
  8
LOWER
100
AcDbLine
 10
206505.56104159745
 20
45709.02942411852
 30
436.0832
 11
206930.29440494484
 21
45218.26444819497
 31
425.4416000000018
  0
LINE
  5
6AF
330
17
100
AcDbEntity
  8
LOWER
100
AcDbLine
 10
206930.29440494484
 20
45218.26444819497
 30
425.4416000000018
 11
207355.02776829223
 21
44727.49947227141
 31
415.31840000000005
  0
LINE
  5
6B0
330
17
100
AcDbEntity
  8
LOWER
100
AcDbLine
 10
207355.02776829223
 20
44727.49947227141
 30
415.31840000000005
 11
207779.7611316396
 21
44236.73449634786
 31
405.75680000000165
  0
LINE
  5
6B1
330
17
100
AcDbEntity
  8
LOWER
100
AcDbLine
 10
207779.7611316396
 20
44236.73449634786
 30
405.75680000000165
 11
208204.49449498698
 21
43745.96952042431
 31
396.79999999999995
  0
LINE
  5
6B2
330
17
100
AcDbEntity
  8
LOWER
100
AcDbLine
 10
208204.49449498698
 20
43745.96952042431
 30
396.79999999999995
 11
208629.2278583344
 21
43255.20454450075
 31
388.4912000000014
  0
LINE
  5
6B3
330
17
100
AcDbEntity
  8
LOWER
100
AcDbLine
 10
208629.2278583344
 20
43255.20454450075
 30
388.4912000000014
 11
209053.96122168176
 21
42764.439568577196
 31
380.8736
  0
LINE
  5
6B4
330
17
100
AcDbEntity
  8
LOWER
100
AcDbLine
 10
209053.96122168176
 20
42764.439568577196
 30
380.8736
 11
209478.69458502915
 21
42273.674592653646
 31
373.9904000000011
  0
LINE
  5
6B5
330
17
100
AcDbEntity
  8
LOWER
100
AcDbLine
 10
209478.69458502915
 20
42273.674592653646
 30
373.9904000000011
 11
209903.42794837654
 21
41782.909616730096
 31
367.8848
  0
LINE
  5
6B6
330
17
100
AcDbEntity
  8
LOWER
100
AcDbLine
 10
209903.42794837654
 20
41782.909616730096
 30
367.8848
 11
210328.16131172393
 21
41292.14464080654
 31
362.6000000000009
  0
LINE
  5
6B7
330
17
100
AcDbEntity
  8
LOWER
100
AcDbLine
 10
210328.16131172393
 20
41292.14464080654
 30
362.6000000000009
 11
210752.8946750713
 21
40801.37966488299
 31
358.1792
  0
LINE
  5
6B8
330
17
100
AcDbEntity
  8
LOWER
100
AcDbLine
 10
210752.8946750713
 20
40801.37966488299
 30
358.1792
 11
211177.6280384187
 21
40310.61468895943
 31
354.66560000000055
  0
LINE
  5
6B9
330
17
100
AcDbEntity
  8
LOWER
100
AcDbLine
 10
211177.6280384187
 20
40310.61468895943
 30
354.66560000000055
 11
211602.36140176607
 21
39819.84971303588
 31
352.1024
  0
LINE
  5
6BA
330
17
100
AcDbEntity
  8
LOWER
100
AcDbLine
 10
211602.36140176607
 20
39819.84971303588
 30
352.1024
 11
212027.09476511346
 21
39329.08473711232
 31
350.5328000000001
  0
LINE
  5
6BB
330
17
100
AcDbEntity
  8
LOWER
100
AcDbLine
 10
212027.09476511346
 20
39329.08473711232
 30
350.5328000000001
 11
212451.82812846088
 21
38838.31976118877
 31
350.0
  0
LINE
  5
6BC
330
17
100
AcDbEntity
  8
LOWER
100
AcDbLine
 10
212451.82812846088
 20
38838.31976118877
 30
350.0
 11
212875.89741077772
 21
38370.10105617253
 31
350.0
  0
LINE
  5
6BD
330
17
100
AcDbEntity
  8
LOWER
100
AcDbLine
 10
212875.89741077772
 20
38370.10105617253
 30
350.0
 11
213320.6567945837
 21
37921.48919448318
 31
350.0
  0
LINE
  5
6BE
330
17
100
AcDbEntity
  8
LOWER
100
AcDbLine
 10
213320.6567945837
 20
37921.48919448318
 30
350.0
 11
213785.2007327274
 21
37493.39756706473
 31
350.0
  0
LINE
  5
6BF
330
17
100
AcDbEntity
  8
LOWER
100
AcDbLine
 10
213785.2007327274
 20
37493.39756706473
 30
350.0
 11
214268.58339594657
 21
37086.69778487769
 31
350.0
  0
LINE
  5
6C0
330
17
100
AcDbEntity
  8
LOWER
100
AcDbLine
 10
214268.58339594657
 20
37086.69778487769
 30
350.0
 11
214769.82059861266
 21
36702.21790426586
 31
350.0
  0
LINE
  5
6C1
330
17
100
AcDbEntity
  8
LOWER
100
AcDbLine
 10
214769.82059861266
 20
36702.21790426586
 30
350.0
 11
215287.89180257055
 21
36340.740741001806
 31
350.0
  0
LINE
  5
6C2
330
17
100
AcDbEntity
  8
LOWER
100
AcDbLine
 10
215287.89180257055
 20
36340.740741001806
 30
350.0
 11
215821.74219499333
 21
36003.00227644396
 31
350.0
  0
LINE
  5
6C3
330
17
100
AcDbEntity
  8
LOWER
100
AcDbLine
 10
215821.74219499333
 20
36003.00227644396
 30
350.0
 11
216370.28483602154
 21
35689.69015905042
 31
350.0
  0
LINE
  5
6C4
330
17
100
AcDbEntity
  8
LOWER
100
AcDbLine
 10
216370.28483602154
 20
35689.69015905042
 30
350.0
 11
216932.40287181453
 21
35401.44230430023
 31
350.0
  0
LINE
  5
6C5
330
17
100
AcDbEntity
  8
LOWER
100
AcDbLine
 10
216932.40287181453
 20
35401.44230430023
 30
350.0
 11
217506.95180850755
 21
35138.845595873114
 31
350.0
  0
LINE
  5
6C6
330
17
100
AcDbEntity
  8
LOWER
100
AcDbLine
 10
217506.95180850755
 20
35138.845595873114
 30
350.0
 11
218092.7618424452
 21
34902.43469073176
 31
350.0
  0
LINE
  5
6C7
330
17
100
AcDbEntity
  8
LOWER
100
AcDbLine
 10
218092.7618424452
 20
34902.43469073176
 30
350.0
 11
218688.64024194665
 21
34692.69093053976
 31
350.0
  0
LINE
  5
6C8
330
17
100
AcDbEntity
  8
LOWER
100
AcDbLine
 10
218688.64024194665
 20
34692.69093053976
 30
350.0
 11
219293.37377575264
 21
34510.04136163152
 31
350.0
  0
LINE
  5
6C9
330
17
100
AcDbEntity
  8
LOWER
100
AcDbLine
 10
219293.37377575264
 20
34510.04136163152
 30
350.0
 11
219905.73118321123
 21
34354.85786552964
 31
350.0
  0
LINE
  5
6CA
330
17
100
AcDbEntity
  8
LOWER
100
AcDbLine
 10
219905.73118321123
 20
34354.85786552964
 30
350.0
 11
220524.46568117154
 21
34227.456401779746
 31
350.0
  0
LINE
  5
6CB
330
17
100
AcDbEntity
  8
LOWER
100
AcDbLine
 10
220524.46568117154
 20
34227.456401779746
 30
350.0
 11
221148.31750248204
 21
34128.09636464485
 31
350.0
  0
LINE
  5
6CC
330
17
100
AcDbEntity
  8
LOWER
100
AcDbLine
 10
221148.31750248204
 20
34128.09636464485
 30
350.0
 11
221776.01646092458
 21
34056.98005496866
 31
350.0
  0
LINE
  5
6CD
330
17
100
AcDbEntity
  8
LOWER
100
AcDbLine
 10
221776.01646092458
 20
34056.98005496866
 30
350.0
 11
222406.28453736252
 21
34014.25226828328
 31
350.0
  0
LINE
  5
6CE
330
17
100
AcDbEntity
  8
LOWER
100
AcDbLine
 10
222406.28453736252
 20
34014.25226828328
 30
350.0
 11
223037.8384818365
 21
34000.0
 31
350.0
  0
LINE
  5
6CF
330
17
100
AcDbEntity
  8
LOWER
100
AcDbLine
 10
223037.8384818365
 20
34000.0
 30
350.0
 11
223682.60728327572
 21
34000.0
 31
350.0
  0
LINE
  5
6D0
330
17
100
AcDbEntity
  8
LOWER
100
AcDbLine
 10
223682.60728327572
 20
34000.0
 30
350.0
 11
224327.37608471498
 21
34000.0
 31
350.0
  0
LINE
  5
6D1
330
17
100
AcDbEntity
  8
LOWER
100
AcDbLine
 10
224327.37608471498
 20
34000.0
 30
350.0
 11
224972.14488615424
 21
34000.0
 31
350.0
  0
LINE
  5
6D2
330
17
100
AcDbEntity
  8
LOWER
100
AcDbLine
 10
224972.14488615424
 20
34000.0
 30
350.0
 11
225616.91368759348
 21
34000.0
 31
350.0
  0
LINE
  5
6D3
330
17
100
AcDbEntity
  8
LOWER
100
AcDbLine
 10
225616.91368759348
 20
34000.0
 30
350.0
 11
226261.6824890327
 21
34000.0
 31
350.0
  0
LINE
  5
6D4
330
17
100
AcDbEntity
  8
LOWER
100
AcDbLine
 10
226261.6824890327
 20
34000.0
 30
350.0
 11
226906.45129047197
 21
34000.0
 31
350.0
  0
LINE
  5
6D5
330
17
100
AcDbEntity
  8
LOWER
100
AcDbLine
 10
226906.45129047197
 20
34000.0
 30
350.0
 11
227551.22009191124
 21
34000.0
 31
350.0
  0
LINE
  5
6D6
330
17
100
AcDbEntity
  8
LOWER
100
AcDbLine
 10
227551.22009191124
 20
34000.0
 30
350.0
 11
228195.9888933505
 21
34000.0
 31
350.0
  0
LINE
  5
6D7
330
17
100
AcDbEntity
  8
LOWER
100
AcDbLine
 10
228195.9888933505
 20
34000.0
 30
350.0
 11
228840.7576947897
 21
34000.0
 31
350.0
  0
LINE
  5
6D8
330
17
100
AcDbEntity
  8
LOWER
100
AcDbLine
 10
228840.7576947897
 20
34000.0
 30
350.0
 11
229485.52649622897
 21
34000.0
 31
350.0
  0
LINE
  5
6D9
330
17
100
AcDbEntity
  8
LOWER
100
AcDbLine
 10
229485.52649622897
 20
34000.0
 30
350.0
 11
230130.29529766823
 21
34000.0
 31
350.0
  0
LINE
  5
6DA
330
17
100
AcDbEntity
  8
LOWER
100
AcDbLine
 10
230130.29529766823
 20
34000.0
 30
350.0
 11
230775.0640991075
 21
34000.0
 31
350.0
  0
LINE
  5
6DB
330
17
100
AcDbEntity
  8
LOWER
100
AcDbLine
 10
230775.0640991075
 20
34000.0
 30
350.0
 11
231419.83290054672
 21
34000.0
 31
350.0
  0
LINE
  5
6DC
330
17
100
AcDbEntity
  8
LOWER
100
AcDbLine
 10
231419.83290054672
 20
34000.0
 30
350.0
 11
232064.60170198596
 21
34000.0
 31
350.0
  0
LINE
  5
6DD
330
17
100
AcDbEntity
  8
LOWER
100
AcDbLine
 10
232064.60170198596
 20
34000.0
 30
350.0
 11
232709.37050342522
 21
34000.0
 31
350.0
  0
LINE
  5
6DE
330
17
100
AcDbEntity
  8
LOWER
100
AcDbLine
 10
232709.37050342522
 20
34000.0
 30
350.0
 11
233354.13930486448
 21
34000.0
 31
350.0
  0
LINE
  5
6DF
330
17
100
AcDbEntity
  8
LOWER
100
AcDbLine
 10
233354.13930486448
 20
34000.0
 30
350.0
 11
233998.90810630374
 21
34000.0
 31
350.0
  0
LINE
  5
6E0
330
17
100
AcDbEntity
  8
LOWER
100
AcDbLine
 10
233998.90810630374
 20
34000.0
 30
350.0
 11
234643.67690774298
 21
34000.0
 31
350.0
  0
LINE
  5
6E1
330
17
100
AcDbEntity
  8
LOWER
100
AcDbLine
 10
234643.67690774298
 20
34000.0
 30
350.0
 11
235288.4457091822
 21
34000.0
 31
350.0
  0
LINE
  5
6E2
330
17
100
AcDbEntity
  8
LOWER
100
AcDbLine
 10
235288.4457091822
 20
34000.0
 30
350.0
 11
235933.21451062147
 21
34000.0
 31
350.0
  0
LINE
  5
6E3
330
17
100
AcDbEntity
  8
LOWER
100
AcDbLine
 10
235933.21451062147
 20
34000.0
 30
350.0
 11
236577.98331206074
 21
34000.0
 31
350.0
  0
LINE
  5
6E4
330
17
100
AcDbEntity
  8
LOWER
100
AcDbLine
 10
236577.98331206074
 20
34000.0
 30
350.0
 11
237222.75211349994
 21
34000.0
 31
350.0
  0
LINE
  5
6E5
330
17
100
AcDbEntity
  8
LOWER
100
AcDbLine
 10
237222.75211349994
 20
34000.0
 30
350.0
 11
237867.52091493923
 21
34000.0
 31
350.0
  0
LINE
  5
6E6
330
17
100
AcDbEntity
  8
LOWER
100
AcDbLine
 10
237867.52091493923
 20
34000.0
 30
350.0
 11
238512.28971637847
 21
34000.0
 31
350.0
  0
LINE
  5
6E7
330
17
100
AcDbEntity
  8
LOWER
100
AcDbLine
 10
238512.28971637847
 20
34000.0
 30
350.0
 11
239157.05851781773
 21
34000.0
 31
350.0
  0
LINE
  5
6E8
330
17
100
AcDbEntity
  8
LOWER
100
AcDbLine
 10
239157.05851781773
 20
34000.0
 30
350.0
 11
239801.82731925696
 21
34000.0
 31
350.0
  0
LINE
  5
6E9
330
17
100
AcDbEntity
  8
LOWER
100
AcDbLine
 10
239801.82731925696
 20
34000.0
 30
350.0
 11
240446.5961206962
 21
34000.0
 31
350.0
  0
LINE
  5
6EA
330
17
100
AcDbEntity
  8
LOWER
100
AcDbLine
 10
240446.5961206962
 20
34000.0
 30
350.0
 11
241091.3649221355
 21
34000.0
 31
350.0
  0
LINE
  5
6EB
330
17
100
AcDbEntity
  8
LOWER
100
AcDbLine
 10
241091.3649221355
 20
34000.0
 30
350.0
 11
241736.13372357472
 21
34000.0
 31
350.0
  0
LINE
  5
6EC
330
17
100
AcDbEntity
  8
LOWER
100
AcDbLine
 10
241736.13372357472
 20
34000.0
 30
350.0
 11
242380.90252501395
 21
34000.0
 31
350.0
  0
LINE
  5
6ED
330
17
100
AcDbEntity
  8
LOWER
100
AcDbLine
 10
242380.90252501395
 20
34000.0
 30
350.0
 11
243025.67132645322
 21
34000.0
 31
350.0
  0
LINE
  5
6EE
330
17
100
AcDbEntity
  8
LOWER
100
AcDbLine
 10
243025.67132645322
 20
34000.0
 30
350.0
 11
243670.44012789245
 21
34000.0
 31
350.0
  0
LINE
  5
6EF
330
17
100
AcDbEntity
  8
LOWER
100
AcDbLine
 10
243670.44012789245
 20
34000.0
 30
350.0
 11
244315.20892933174
 21
34000.0
 31
350.0
  0
LINE
  5
6F0
330
17
100
AcDbEntity
  8
LOWER
100
AcDbLine
 10
244315.20892933174
 20
34000.0
 30
350.0
 11
244959.97773077094
 21
34000.0
 31
350.0
  0
LINE
  5
6F1
330
17
100
AcDbEntity
  8
LOWER
100
AcDbLine
 10
244959.97773077094
 20
34000.0
 30
350.0
 11
245604.7465322102
 21
34000.0
 31
350.0
  0
LINE
  5
6F2
330
17
100
AcDbEntity
  8
LOWER
100
AcDbLine
 10
245604.7465322102
 20
34000.0
 30
350.0
 11
246249.51533364947
 21
34000.0
 31
350.0
  0
LINE
  5
6F3
330
17
100
AcDbEntity
  8
LOWER
100
AcDbLine
 10
246249.51533364947
 20
34000.0
 30
350.0
 11
246894.2841350887
 21
34000.0
 31
350.0
  0
LINE
  5
6F4
330
17
100
AcDbEntity
  8
LOWER
100
AcDbLine
 10
246894.2841350887
 20
34000.0
 30
350.0
 11
247539.052936528
 21
34000.0
 31
350.0
  0
LINE
  5
6F5
330
17
100
AcDbEntity
  8
LOWER
100
AcDbLine
 10
247539.052936528
 20
34000.0
 30
350.0
 11
248183.8217379672
 21
34000.0
 31
350.0
  0
LINE
  5
6F6
330
17
100
AcDbEntity
  8
LOWER
100
AcDbLine
 10
248183.8217379672
 20
34000.0
 30
350.0
 11
248828.59053940646
 21
34000.0
 31
350.0
  0
LINE
  5
6F7
330
17
100
AcDbEntity
  8
LOWER
100
AcDbLine
 10
248828.59053940646
 20
34000.0
 30
350.0
 11
249473.35934084572
 21
34000.0
 31
350.0
  0
LINE
  5
6F8
330
17
100
AcDbEntity
  8
LOWER
100
AcDbLine
 10
249473.35934084572
 20
34000.0
 30
350.0
 11
250118.12814228496
 21
34000.0
 31
350.0
  0
LINE
  5
6F9
330
17
100
AcDbEntity
  8
LOWER
100
AcDbLine
 10
250118.12814228496
 20
34000.0
 30
350.0
 11
250762.8969437242
 21
34000.0
 31
350.0
  0
LINE
  5
6FA
330
17
100
AcDbEntity
  8
LOWER
100
AcDbLine
 10
250762.8969437242
 20
34000.0
 30
350.0
 11
251407.66574516345
 21
34000.0
 31
350.0
  0
LINE
  5
6FB
330
17
100
AcDbEntity
  8
LOWER
100
AcDbLine
 10
251407.66574516345
 20
34000.0
 30
350.0
 11
252052.43454660272
 21
34000.0
 31
350.0
  0
LINE
  5
6FC
330
17
100
AcDbEntity
  8
LOWER
100
AcDbLine
 10
252052.43454660272
 20
34000.0
 30
350.0
 11
252697.20334804198
 21
34000.0
 31
350.0
  0
LINE
  5
6FD
330
17
100
AcDbEntity
  8
LOWER
100
AcDbLine
 10
252697.20334804198
 20
34000.0
 30
350.0
 11
253341.97214948118
 21
34000.0
 31
350.0
  0
LINE
  5
6FE
330
17
100
AcDbEntity
  8
LOWER
100
AcDbLine
 10
253341.97214948118
 20
34000.0
 30
350.0
 11
253986.74095092044
 21
34000.0
 31
350.0
  0
LINE
  5
6FF
330
17
100
AcDbEntity
  8
LOWER
100
AcDbLine
 10
253986.74095092044
 20
34000.0
 30
350.0
 11
254631.5097523597
 21
34000.0
 31
350.0
  0
LINE
  5
700
330
17
100
AcDbEntity
  8
LOWER
100
AcDbLine
 10
254631.5097523597
 20
34000.0
 30
350.0
 11
255276.27855379897
 21
34000.0
 31
350.0
  0
LINE
  5
701
330
17
100
AcDbEntity
  8
LOWER
100
AcDbLine
 10
255276.27855379897
 20
34000.0
 30
350.0
 11
255921.0473552382
 21
34000.0
 31
350.0
  0
LINE
  5
702
330
17
100
AcDbEntity
  8
LOWER
100
AcDbLine
 10
255921.0473552382
 20
34000.0
 30
350.0
 11
256565.81615667744
 21
34000.0
 31
350.0
  0
LINE
  5
703
330
17
100
AcDbEntity
  8
LOWER
100
AcDbLine
 10
256565.81615667744
 20
34000.0
 30
350.0
 11
257210.58495811667
 21
34000.0
 31
350.0
  0
LINE
  5
704
330
17
100
AcDbEntity
  8
LOWER
100
AcDbLine
 10
257210.58495811667
 20
34000.0
 30
350.0
 11
257855.35375955596
 21
34000.0
 31
350.0
  0
LINE
  5
705
330
17
100
AcDbEntity
  8
LOWER
100
AcDbLine
 10
257855.35375955596
 20
34000.0
 30
350.0
 11
258500.12256099522
 21
34000.0
 31
350.0
  0
LINE
  5
706
330
17
100
AcDbEntity
  8
LOWER
100
AcDbLine
 10
258500.12256099522
 20
34000.0
 30
350.0
 11
259144.89136243446
 21
34000.0
 31
350.0
  0
LINE
  5
707
330
17
100
AcDbEntity
  8
LOWER
100
AcDbLine
 10
259144.89136243446
 20
34000.0
 30
350.0
 11
259789.6601638737
 21
34000.0
 31
350.0
  0
LINE
  5
708
330
17
100
AcDbEntity
  8
LOWER
100
AcDbLine
 10
259789.6601638737
 20
34000.0
 30
350.0
 11
260434.42896531292
 21
34000.0
 31
350.0
  0
LINE
  5
709
330
17
100
AcDbEntity
  8
LOWER
100
AcDbLine
 10
260434.42896531292
 20
34000.0
 30
350.0
 11
261079.19776675222
 21
34000.0
 31
350.0
  0
LINE
  5
70A
330
17
100
AcDbEntity
  8
LOWER
100
AcDbLine
 10
261079.19776675222
 20
34000.0
 30
350.0
 11
261723.96656819142
 21
34000.0
 31
350.0
  0
LINE
  5
70B
330
17
100
AcDbEntity
  8
LOWER
100
AcDbLine
 10
261723.96656819142
 20
34000.0
 30
350.0
 11
262368.73536963074
 21
34000.0
 31
350.0
  0
LINE
  5
70C
330
17
100
AcDbEntity
  8
LOWER
100
AcDbLine
 10
262368.73536963074
 20
34000.0
 30
350.0
 11
263013.50417106994
 21
34000.0
 31
350.0
  0
LINE
  5
70D
330
17
100
AcDbEntity
  8
LOWER
100
AcDbLine
 10
263013.50417106994
 20
34000.0
 30
350.0
 11
263658.27297250915
 21
34000.0
 31
350.0
  0
LINE
  5
70E
330
17
100
AcDbEntity
  8
LOWER
100
AcDbLine
 10
263658.27297250915
 20
34000.0
 30
350.0
 11
264303.04177394847
 21
34000.0
 31
350.0
  0
LINE
  5
70F
330
17
100
AcDbEntity
  8
LOWER
100
AcDbLine
 10
264303.04177394847
 20
34000.0
 30
350.0
 11
264947.8105753877
 21
34000.0
 31
350.0
  0
LINE
  5
710
330
17
100
AcDbEntity
  8
LOWER
100
AcDbLine
 10
264947.8105753877
 20
34000.0
 30
350.0
 11
265592.57937682694
 21
34000.0
 31
350.0
  0
LINE
  5
711
330
17
100
AcDbEntity
  8
LOWER
100
AcDbLine
 10
265592.57937682694
 20
34000.0
 30
350.0
 11
266237.3481782662
 21
34000.0
 31
350.0
  0
LINE
  5
712
330
17
100
AcDbEntity
  8
LOWER
100
AcDbLine
 10
266237.3481782662
 20
34000.0
 30
350.0
 11
266882.1169797054
 21
34000.0
 31
350.0
  0
LINE
  5
713
330
17
100
AcDbEntity
  8
LOWER
100
AcDbLine
 10
266882.1169797054
 20
34000.0
 30
350.0
 11
267526.8857811447
 21
34000.0
 31
350.0
  0
LINE
  5
714
330
17
100
AcDbEntity
  8
LOWER
100
AcDbLine
 10
267526.8857811447
 20
34000.0
 30
350.0
 11
268171.6545825839
 21
34000.0
 31
350.0
  0
LINE
  5
715
330
17
100
AcDbEntity
  8
LOWER
100
AcDbLine
 10
268171.6545825839
 20
34000.0
 30
350.0
 11
268816.4233840232
 21
34000.0
 31
350.0
  0
LINE
  5
716
330
17
100
AcDbEntity
  8
LOWER
100
AcDbLine
 10
268816.4233840232
 20
34000.0
 30
350.0
 11
269461.19218546245
 21
34000.0
 31
350.0
  0
LINE
  5
717
330
17
100
AcDbEntity
  8
LOWER
100
AcDbLine
 10
269461.19218546245
 20
34000.0
 30
350.0
 11
270105.96098690166
 21
34000.0
 31
350.0
  0
LINE
  5
718
330
17
100
AcDbEntity
  8
LOWER
100
AcDbLine
 10
270105.96098690166
 20
34000.0
 30
350.0
 11
270750.7297883409
 21
34000.0
 31
350.0
  0
LINE
  5
719
330
17
100
AcDbEntity
  8
LOWER
100
AcDbLine
 10
270750.7297883409
 20
34000.0
 30
350.0
 11
271395.4985897802
 21
34000.0
 31
350.0
  0
LINE
  5
71A
330
17
100
AcDbEntity
  8
LOWER
100
AcDbLine
 10
271395.4985897802
 20
34000.0
 30
350.0
 11
272040.26739121944
 21
34000.0
 31
350.0
  0
LINE
  5
71B
330
17
100
AcDbEntity
  8
LOWER
100
AcDbLine
 10
272040.26739121944
 20
34000.0
 30
350.0
 11
272685.0361926587
 21
34000.0
 31
350.0
  0
LINE
  5
71C
330
17
100
AcDbEntity
  8
LOWER
100
AcDbLine
 10
272685.0361926587
 20
34000.0
 30
350.0
 11
273329.8049940979
 21
34000.0
 31
350.0
  0
LINE
  5
71D
330
17
100
AcDbEntity
  8
LOWER
100
AcDbLine
 10
273329.8049940979
 20
34000.0
 30
350.0
 11
273974.5737955372
 21
34000.0
 31
350.0
  0
LINE
  5
71E
330
17
100
AcDbEntity
  8
LOWER
100
AcDbLine
 10
273974.5737955372
 20
34000.0
 30
350.0
 11
274619.34259697644
 21
34000.0
 31
350.0
  0
LINE
  5
71F
330
17
100
AcDbEntity
  8
LOWER
100
AcDbLine
 10
274619.34259697644
 20
34000.0
 30
350.0
 11
275264.1113984157
 21
34000.0
 31
350.0
  0
LINE
  5
720
330
17
100
AcDbEntity
  8
LOWER
100
AcDbLine
 10
275264.1113984157
 20
34000.0
 30
350.0
 11
275908.88019985496
 21
34000.0
 31
350.0
  0
LINE
  5
721
330
17
100
AcDbEntity
  8
LOWER
100
AcDbLine
 10
275908.88019985496
 20
34000.0
 30
350.0
 11
276553.64900129416
 21
34000.0
 31
350.0
  0
LINE
  5
722
330
17
100
AcDbEntity
  8
LOWER
100
AcDbLine
 10
276553.64900129416
 20
34000.0
 30
350.0
 11
277198.4178027334
 21
34000.0
 31
350.0
  0
LINE
  5
723
330
17
100
AcDbEntity
  8
LOWER
100
AcDbLine
 10
277198.4178027334
 20
34000.0
 30
350.0
 11
277843.1866041727
 21
34000.0
 31
350.0
  0
LINE
  5
724
330
17
100
AcDbEntity
  8
LOWER
100
AcDbLine
 10
277843.1866041727
 20
34000.0
 30
350.0
 11
278487.95540561195
 21
34000.0
 31
350.0
  0
LINE
  5
725
330
17
100
AcDbEntity
  8
LOWER
100
AcDbLine
 10
278487.95540561195
 20
34000.0
 30
350.0
 11
279132.72420705116
 21
34000.0
 31
350.0
  0
LINE
  5
726
330
17
100
AcDbEntity
  8
LOWER
100
AcDbLine
 10
279132.72420705116
 20
34000.0
 30
350.0
 11
279777.4930084904
 21
34000.0
 31
350.0
  0
LINE
  5
727
330
17
100
AcDbEntity
  8
LOWER
100
AcDbLine
 10
279777.4930084904
 20
34000.0
 30
350.0
 11
280422.2618099297
 21
34000.0
 31
350.0
  0
LINE
  5
728
330
17
100
AcDbEntity
  8
LOWER
100
AcDbLine
 10
280422.2618099297
 20
34000.0
 30
350.0
 11
281067.03061136894
 21
34000.0
 31
350.0
  0
LINE
  5
729
330
17
100
AcDbEntity
  8
LOWER
100
AcDbLine
 10
281067.03061136894
 20
34000.0
 30
350.0
 11
281711.7994128082
 21
34000.0
 31
350.0
  0
LINE
  5
72A
330
17
100
AcDbEntity
  8
LOWER
100
AcDbLine
 10
281711.7994128082
 20
34000.0
 30
350.0
 11
282356.5682142474
 21
34000.0
 31
350.0
  0
LINE
  5
72B
330
17
100
AcDbEntity
  8
LOWER
100
AcDbLine
 10
282356.5682142474
 20
34000.0
 30
350.0
 11
283001.3370156867
 21
34000.0
 31
350.0
  0
LINE
  5
72C
330
17
100
AcDbEntity
  8
LOWER
100
AcDbLine
 10
283001.3370156867
 20
34000.0
 30
350.0
 11
283646.10581712594
 21
34000.0
 31
350.0
  0
LINE
  5
72D
330
17
100
AcDbEntity
  8
LOWER
100
AcDbLine
 10
283646.10581712594
 20
34000.0
 30
350.0
 11
284290.8746185652
 21
34000.0
 31
350.0
  0
LINE
  5
72E
330
17
100
AcDbEntity
  8
LOWER
100
AcDbLine
 10
284290.8746185652
 20
34000.0
 30
350.0
 11
284935.64342000446
 21
34000.0
 31
350.0
  0
LINE
  5
72F
330
17
100
AcDbEntity
  8
LOWER
100
AcDbLine
 10
284935.64342000446
 20
34000.0
 30
350.0
 11
285580.41222144366
 21
34000.0
 31
350.0
  0
LINE
  5
730
330
17
100
AcDbEntity
  8
LOWER
100
AcDbLine
 10
285580.41222144366
 20
34000.0
 30
350.0
 11
286225.1810228829
 21
34000.0
 31
350.0
  0
LINE
  5
731
330
17
100
AcDbEntity
  8
LOWER
100
AcDbLine
 10
286225.1810228829
 20
34000.0
 30
350.0
 11
286869.9498243222
 21
34000.0
 31
350.0
  0
LINE
  5
732
330
17
100
AcDbEntity
  8
LOWER
100
AcDbLine
 10
286869.9498243222
 20
34000.0
 30
350.0
 11
287514.7186257614
 21
34000.0
 31
350.0
  0
LWPOLYLINE
  5
733
330
17
100
AcDbEntity
  8
FLOOR
100
AcDbPolyline
 90
4
 70
1
 10
180000.0
 20
0.0
 10
328000.0
 20
0.0
 10
328000.0
 20
160000.0
 10
180000.0
 20
160000.0
  0
POINT
  5
734
330
17
100
AcDbEntity
  8
CVS2_GUIDES
100
AcDbPoint
 10
230775.0640991075
 20
25600.0
 30
470.0
  0
POINT
  5
735
330
17
100
AcDbEntity
  8
CVS2_GUIDES
100
AcDbPoint
 10
238512.28971637847
 20
25600.0
 30
470.0
  0
POINT
  5
736
330
17
100
AcDbEntity
  8
CVS2_GUIDES
100
AcDbPoint
 10
246894.2841350887
 20
25600.0
 30
470.0
  0
POINT
  5
737
330
17
100
AcDbEntity
  8
CVS2_GUIDES
100
AcDbPoint
 10
254631.5097523597
 20
25600.0
 30
470.0
  0
POINT
  5
738
330
17
100
AcDbEntity
  8
CVS2_GUIDES
100
AcDbPoint
 10
263013.50417106994
 20
25600.0
 30
470.0
  0
POINT
  5
739
330
17
100
AcDbEntity
  8
CVS2_GUIDES
100
AcDbPoint
 10
271395.4985897802
 20
25600.0
 30
470.0
  0
ENDSEC
  0
SECTION
  2
OBJECTS
  0
DICTIONARY
  5
A
330
0
100
AcDbDictionary
281
1
  3
ACAD_COLOR
350
B
  3
ACAD_GROUP
350
C
  3
ACAD_LAYOUT
350
D
  3
ACAD_MATERIAL
350
E
  3
ACAD_MLEADERSTYLE
350
F
  3
ACAD_MLINESTYLE
350
10
  3
ACAD_PLOTSETTINGS
350
11
  3
ACAD_PLOTSTYLENAME
350
12
  3
ACAD_SCALELIST
350
14
  3
ACAD_TABLESTYLE
350
15
  3
ACAD_VISUALSTYLE
350
16
  3
EZDXF_META
350
2D
  0
DICTIONARY
  5
B
330
A
100
AcDbDictionary
281
1
  0
DICTIONARY
  5
C
330
A
100
AcDbDictionary
281
1
  0
DICTIONARY
  5
D
330
A
100
AcDbDictionary
281
1
  3
Model
350
1A
  3
Layout1
350
1E
  0
DICTIONARY
  5
E
330
A
100
AcDbDictionary
281
1
  3
ByBlock
350
1F
  3
ByLayer
350
20
  3
Global
350
21
  0
DICTIONARY
  5
F
330
A
100
AcDbDictionary
281
1
  3
Standard
350
2C
  0
DICTIONARY
  5
10
330
A
100
AcDbDictionary
281
1
  3
Standard
350
22
  0
DICTIONARY
  5
11
330
A
100
AcDbDictionary
281
1
  0
ACDBDICTIONARYWDFLT
  5
12
330
A
100
AcDbDictionary
281
1
  3
Normal
350
13
100
AcDbDictionaryWithDefault
340
13
  0
ACDBPLACEHOLDER
  5
13
330
12
  0
DICTIONARY
  5
14
330
A
100
AcDbDictionary
281
1
  0
DICTIONARY
  5
15
330
A
100
AcDbDictionary
281
1
  0
DICTIONARY
  5
16
330
A
100
AcDbDictionary
281
1
  0
LAYOUT
  5
1A
330
D
100
AcDbPlotSettings
  1

  4
A3
  6

 40
7.5
 41
20.0
 42
7.5
 43
20.0
 44
420.0
 45
297.0
 46
0.0
 47
0.0
 48
0.0
 49
0.0
140
0.0
141
0.0
142
1.0
143
1.0
 70
1024
 72
1
 73
0
 74
5
  7

 75
16
 76
0
 77
2
 78
300
147
1.0
148
0.0
149
0.0
100
AcDbLayout
  1
Model
 70
1
 71
0
 10
0.0
 20
0.0
 11
420.0
 21
297.0
 12
0.0
 22
0.0
 32
0.0
 14
1e+20
 24
1e+20
 34
1e+20
 15
-1e+20
 25
-1e+20
 35
-1e+20
146
0.0
 13
0.0
 23
0.0
 33
0.0
 16
1.0
 26
0.0
 36
0.0
 17
0.0
 27
1.0
 37
0.0
 76
1
330
17
  0
LAYOUT
  5
1E
330
D
100
AcDbPlotSettings
  1

  4
A3
  6

 40
7.5
 41
20.0
 42
7.5
 43
20.0
 44
420.0
 45
297.0
 46
0.0
 47
0.0
 48
0.0
 49
0.0
140
0.0
141
0.0
142
1.0
143
1.0
 70
0
 72
1
 73
0
 74
5
  7

 75
16
 76
0
 77
2
 78
300
147
1.0
148
0.0
149
0.0
100
AcDbLayout
  1
Layout1
 70
1
 71
1
 10
0.0
 20
0.0
 11
420.0
 21
297.0
 12
0.0
 22
0.0
 32
0.0
 14
1e+20
 24
1e+20
 34
1e+20
 15
-1e+20
 25
-1e+20
 35
-1e+20
146
0.0
 13
0.0
 23
0.0
 33
0.0
 16
1.0
 26
0.0
 36
0.0
 17
0.0
 27
1.0
 37
0.0
 76
1
330
1B
  0
MATERIAL
  5
1F
102
{ACAD_REACTORS
330
E
102
}
330
E
100
AcDbMaterial
  1
ByBlock
  2

 70
0
 40
1.0
 71
1
 41
1.0
 91
-1023410177
 42
1.0
 72
1
  3

 73
1
 74
1
 75
1
 44
0.5
 73
0
 45
1.0
 46
1.0
 77
1
  4

 78
1
 79
1
170
1
 48
1.0
171
1
  6

172
1
173
1
174
1
140
1.0
141
1.0
175
1
  7

176
1
177
1
178
1
143
1.0
179
1
  8

270
1
271
1
272
1
145
1.0
146
1.0
273
1
  9

274
1
275
1
276
1
 42
1.0
 72
1
  3

 73
1
 74
1
 75
1
 94
63
  0
MATERIAL
  5
20
102
{ACAD_REACTORS
330
E
102
}
330
E
100
AcDbMaterial
  1
ByLayer
  2

 70
0
 40
1.0
 71
1
 41
1.0
 91
-1023410177
 42
1.0
 72
1
  3

 73
1
 74
1
 75
1
 44
0.5
 73
0
 45
1.0
 46
1.0
 77
1
  4

 78
1
 79
1
170
1
 48
1.0
171
1
  6

172
1
173
1
174
1
140
1.0
141
1.0
175
1
  7

176
1
177
1
178
1
143
1.0
179
1
  8

270
1
271
1
272
1
145
1.0
146
1.0
273
1
  9

274
1
275
1
276
1
 42
1.0
 72
1
  3

 73
1
 74
1
 75
1
 94
63
  0
MATERIAL
  5
21
102
{ACAD_REACTORS
330
E
102
}
330
E
100
AcDbMaterial
  1
Global
  2

 70
0
 40
1.0
 71
1
 41
1.0
 91
-1023410177
 42
1.0
 72
1
  3

 73
1
 74
1
 75
1
 44
0.5
 73
0
 45
1.0
 46
1.0
 77
1
  4

 78
1
 79
1
170
1
 48
1.0
171
1
  6

172
1
173
1
174
1
140
1.0
141
1.0
175
1
  7

176
1
177
1
178
1
143
1.0
179
1
  8

270
1
271
1
272
1
145
1.0
146
1.0
273
1
  9

274
1
275
1
276
1
 42
1.0
 72
1
  3

 73
1
 74
1
 75
1
 94
63
  0
MLINESTYLE
  5
22
102
{ACAD_REACTORS
330
10
102
}
330
10
100
AcDbMlineStyle
  2
Standard
 70
0
  3

 62
256
 51
90.0
 52
90.0
 71
2
 49
0.5
 62
256
  6
BYLAYER
 49
-0.5
 62
256
  6
BYLAYER
  0
MLEADERSTYLE
  5
2C
102
{ACAD_REACTORS
330
F
102
}
330
F
100
AcDbMLeaderStyle
179
2
170
2
171
1
172
0
 90
2
 40
0.0
 41
0.0
173
1
 91
-1056964608
 92
-2
290
1
 42
2.0
291
1
 43
8.0
  3
Standard
 44
4.0
300

342
29
174
1
175
1
176
0
178
1
 93
-1056964608
 45
4.0
292
0
297
0
 46
4.0
 94
-1056964608
 47
1.0
 49
1.0
140
1.0
294
1
141
0.0
177
0
142
1.0
295
0
296
0
143
3.75
271
0
272
9
273
9
  0
DICTIONARY
  5
2D
330
A
100
AcDbDictionary
280
1
281
1
  3
CREATED_BY_EZDXF
350
2E
  3
WRITTEN_BY_EZDXF
350
73C
  0
DICTIONARYVAR
  5
2E
330
2D
100
DictionaryVariables
280
0
  1
1.4.4 @ 2026-10-08T12:36:48.215731+00:00
  0
DICTIONARYVAR
  5
73C
330
2D
100
DictionaryVariables
280
0
  1
1.4.4 @ 2026-10-08T12:36:48.270841+00:00
  0
ENDSEC
  0
EOF
